Dataset,size_bucket,Method,hop_distance,support,recovered,recall,kind
CellOntology_SUB,0-150,Density_m1,1,135,109,0.8074074074074075,direct
CellOntology_SUB,0-150,Density_m1,2,141,125,0.8865248226950354,indirect
CellOntology_SUB,0-150,Density_m1,3,121,109,0.9008264462809917,indirect
CellOntology_SUB,0-150,Density_m1,4,92,83,0.9021739130434783,indirect
CellOntology_SUB,0-150,Density_m1,5,69,62,0.8985507246376812,indirect
CellOntology_SUB,0-150,Density_m1,6,33,30,0.9090909090909091,indirect
CellOntology_SUB,0-150,Density_m1,7,12,10,0.8333333333333334,indirect
CellOntology_SUB,0-150,Density_m1,8,2,1,0.5,indirect
CellOntology_SUB,0-150,Density_m10,1,135,89,0.6592592592592592,direct
CellOntology_SUB,0-150,Density_m10,2,141,91,0.6453900709219859,indirect
CellOntology_SUB,0-150,Density_m10,3,121,80,0.6611570247933884,indirect
CellOntology_SUB,0-150,Density_m10,4,92,62,0.6739130434782609,indirect
CellOntology_SUB,0-150,Density_m10,5,69,51,0.7391304347826086,indirect
CellOntology_SUB,0-150,Density_m10,6,33,29,0.8787878787878788,indirect
CellOntology_SUB,0-150,Density_m10,7,12,9,0.75,indirect
CellOntology_SUB,0-150,Density_m10,8,2,1,0.5,indirect
CellOntology_SUB,0-150,Density_m100,1,135,79,0.5851851851851851,direct
CellOntology_SUB,0-150,Density_m100,2,141,71,0.5035460992907801,indirect
CellOntology_SUB,0-150,Density_m100,3,121,56,0.4628099173553719,indirect
CellOntology_SUB,0-150,Density_m100,4,92,38,0.41304347826086957,indirect
CellOntology_SUB,0-150,Density_m100,5,69,29,0.42028985507246375,indirect
CellOntology_SUB,0-150,Density_m100,6,33,15,0.45454545454545453,indirect
CellOntology_SUB,0-150,Density_m100,7,12,6,0.5,indirect
CellOntology_SUB,0-150,Density_m100,8,2,1,0.5,indirect
CellOntology_SUB,0-150,Density_m2,1,135,103,0.762962962962963,direct
CellOntology_SUB,0-150,Density_m2,2,141,111,0.7872340425531915,indirect
CellOntology_SUB,0-150,Density_m2,3,121,100,0.8264462809917356,indirect
CellOntology_SUB,0-150,Density_m2,4,92,79,0.8586956521739131,indirect
CellOntology_SUB,0-150,Density_m2,5,69,59,0.855072463768116,indirect
CellOntology_SUB,0-150,Density_m2,6,33,28,0.8484848484848485,indirect
CellOntology_SUB,0-150,Density_m2,7,12,10,0.8333333333333334,indirect
CellOntology_SUB,0-150,Density_m2,8,2,2,1.0,indirect
CellOntology_SUB,0-150,Density_m25,1,135,79,0.5851851851851851,direct
CellOntology_SUB,0-150,Density_m25,2,141,92,0.6524822695035462,indirect
CellOntology_SUB,0-150,Density_m25,3,121,81,0.6694214876033058,indirect
CellOntology_SUB,0-150,Density_m25,4,92,60,0.6521739130434783,indirect
CellOntology_SUB,0-150,Density_m25,5,69,44,0.6376811594202898,indirect
CellOntology_SUB,0-150,Density_m25,6,33,19,0.5757575757575758,indirect
CellOntology_SUB,0-150,Density_m25,7,12,6,0.5,indirect
CellOntology_SUB,0-150,Density_m25,8,2,0,0.0,indirect
CellOntology_SUB,0-150,Density_m5,1,135,82,0.6074074074074074,direct
CellOntology_SUB,0-150,Density_m5,2,141,78,0.5531914893617021,indirect
CellOntology_SUB,0-150,Density_m5,3,121,70,0.5785123966942148,indirect
CellOntology_SUB,0-150,Density_m5,4,92,52,0.5652173913043478,indirect
CellOntology_SUB,0-150,Density_m5,5,69,41,0.5942028985507246,indirect
CellOntology_SUB,0-150,Density_m5,6,33,24,0.7272727272727273,indirect
CellOntology_SUB,0-150,Density_m5,7,12,7,0.5833333333333334,indirect
CellOntology_SUB,0-150,Density_m5,8,2,1,0.5,indirect
CellOntology_SUB,0-150,Density_m50,1,135,71,0.5259259259259259,direct
CellOntology_SUB,0-150,Density_m50,2,141,76,0.5390070921985816,indirect
CellOntology_SUB,0-150,Density_m50,3,121,63,0.5206611570247934,indirect
CellOntology_SUB,0-150,Density_m50,4,92,50,0.5434782608695652,indirect
CellOntology_SUB,0-150,Density_m50,5,69,35,0.5072463768115942,indirect
CellOntology_SUB,0-150,Density_m50,6,33,10,0.30303030303030304,indirect
CellOntology_SUB,0-150,Density_m50,7,12,1,0.08333333333333333,indirect
CellOntology_SUB,0-150,Density_m50,8,2,0,0.0,indirect
CellOntology_SUB,0-150,LLMZero,1,135,7,0.05185185185185185,direct
CellOntology_SUB,0-150,LLMZero,2,141,9,0.06382978723404255,indirect
CellOntology_SUB,0-150,LLMZero,3,121,4,0.03305785123966942,indirect
CellOntology_SUB,0-150,LLMZero,4,92,3,0.03260869565217391,indirect
CellOntology_SUB,0-150,LLMZero,5,69,3,0.043478260869565216,indirect
CellOntology_SUB,0-150,LLMZero,6,33,3,0.09090909090909091,indirect
CellOntology_SUB,0-150,LLMZero,7,12,2,0.16666666666666666,indirect
CellOntology_SUB,0-150,LLMZero,8,2,0,0.0,indirect
CellOntology_SUB,0-150,Lexical,1,135,44,0.32592592592592595,direct
CellOntology_SUB,0-150,Lexical,2,141,37,0.2624113475177305,indirect
CellOntology_SUB,0-150,Lexical,3,121,26,0.21487603305785125,indirect
CellOntology_SUB,0-150,Lexical,4,92,15,0.16304347826086957,indirect
CellOntology_SUB,0-150,Lexical,5,69,11,0.15942028985507245,indirect
CellOntology_SUB,0-150,Lexical,6,33,7,0.21212121212121213,indirect
CellOntology_SUB,0-150,Lexical,7,12,2,0.16666666666666666,indirect
CellOntology_SUB,0-150,Lexical,8,2,1,0.5,indirect
CellOntology_SUB,0-150,OurMethod,1,135,109,0.8074074074074075,direct
CellOntology_SUB,0-150,OurMethod,2,141,132,0.9361702127659575,indirect
CellOntology_SUB,0-150,OurMethod,3,121,115,0.9504132231404959,indirect
CellOntology_SUB,0-150,OurMethod,4,92,88,0.9565217391304348,indirect
CellOntology_SUB,0-150,OurMethod,5,69,64,0.927536231884058,indirect
CellOntology_SUB,0-150,OurMethod,6,33,31,0.9393939393939394,indirect
CellOntology_SUB,0-150,OurMethod,7,12,11,0.9166666666666666,indirect
CellOntology_SUB,0-150,OurMethod,8,2,2,1.0,indirect
CellOntology_SUB,0-150,Our_Method_+restructure_k1000_clawback0,1,135,100,0.7407407407407407,direct
CellOntology_SUB,0-150,Our_Method_+restructure_k1000_clawback0,2,141,120,0.851063829787234,indirect
CellOntology_SUB,0-150,Our_Method_+restructure_k1000_clawback0,3,121,106,0.8760330578512396,indirect
CellOntology_SUB,0-150,Our_Method_+restructure_k1000_clawback0,4,92,79,0.8586956521739131,indirect
CellOntology_SUB,0-150,Our_Method_+restructure_k1000_clawback0,5,69,59,0.855072463768116,indirect
CellOntology_SUB,0-150,Our_Method_+restructure_k1000_clawback0,6,33,28,0.8484848484848485,indirect
CellOntology_SUB,0-150,Our_Method_+restructure_k1000_clawback0,7,12,10,0.8333333333333334,indirect
CellOntology_SUB,0-150,Our_Method_+restructure_k1000_clawback0,8,2,1,0.5,indirect
CellOntology_SUB,0-150,Our_Method_+restructure_prune_only_top10_+rank_leverage_k1000_clawback0,1,135,109,0.8074074074074075,direct
CellOntology_SUB,0-150,Our_Method_+restructure_prune_only_top10_+rank_leverage_k1000_clawback0,2,141,127,0.900709219858156,indirect
CellOntology_SUB,0-150,Our_Method_+restructure_prune_only_top10_+rank_leverage_k1000_clawback0,3,121,111,0.9173553719008265,indirect
CellOntology_SUB,0-150,Our_Method_+restructure_prune_only_top10_+rank_leverage_k1000_clawback0,4,92,83,0.9021739130434783,indirect
CellOntology_SUB,0-150,Our_Method_+restructure_prune_only_top10_+rank_leverage_k1000_clawback0,5,69,60,0.8695652173913043,indirect
CellOntology_SUB,0-150,Our_Method_+restructure_prune_only_top10_+rank_leverage_k1000_clawback0,6,33,29,0.8787878787878788,indirect
CellOntology_SUB,0-150,Our_Method_+restructure_prune_only_top10_+rank_leverage_k1000_clawback0,7,12,10,0.8333333333333334,indirect
CellOntology_SUB,0-150,Our_Method_+restructure_prune_only_top10_+rank_leverage_k1000_clawback0,8,2,1,0.5,indirect
CellOntology_SUB,0-150,Our_Method_+restructure_prune_only_top10_+rank_neighborhood_k1000_clawback0,1,135,109,0.8074074074074075,direct
CellOntology_SUB,0-150,Our_Method_+restructure_prune_only_top10_+rank_neighborhood_k1000_clawback0,2,141,127,0.900709219858156,indirect
CellOntology_SUB,0-150,Our_Method_+restructure_prune_only_top10_+rank_neighborhood_k1000_clawback0,3,121,110,0.9090909090909091,indirect
CellOntology_SUB,0-150,Our_Method_+restructure_prune_only_top10_+rank_neighborhood_k1000_clawback0,4,92,82,0.8913043478260869,indirect
CellOntology_SUB,0-150,Our_Method_+restructure_prune_only_top10_+rank_neighborhood_k1000_clawback0,5,69,59,0.855072463768116,indirect
CellOntology_SUB,0-150,Our_Method_+restructure_prune_only_top10_+rank_neighborhood_k1000_clawback0,6,33,28,0.8484848484848485,indirect
CellOntology_SUB,0-150,Our_Method_+restructure_prune_only_top10_+rank_neighborhood_k1000_clawback0,7,12,9,0.75,indirect
CellOntology_SUB,0-150,Our_Method_+restructure_prune_only_top10_+rank_neighborhood_k1000_clawback0,8,2,1,0.5,indirect
CellOntology_SUB,0-150,Our_Method_+restructure_prune_only_top10_+rank_salience_k1000_clawback0,1,135,109,0.8074074074074075,direct
CellOntology_SUB,0-150,Our_Method_+restructure_prune_only_top10_+rank_salience_k1000_clawback0,2,141,127,0.900709219858156,indirect
CellOntology_SUB,0-150,Our_Method_+restructure_prune_only_top10_+rank_salience_k1000_clawback0,3,121,111,0.9173553719008265,indirect
CellOntology_SUB,0-150,Our_Method_+restructure_prune_only_top10_+rank_salience_k1000_clawback0,4,92,83,0.9021739130434783,indirect
CellOntology_SUB,0-150,Our_Method_+restructure_prune_only_top10_+rank_salience_k1000_clawback0,5,69,60,0.8695652173913043,indirect
CellOntology_SUB,0-150,Our_Method_+restructure_prune_only_top10_+rank_salience_k1000_clawback0,6,33,29,0.8787878787878788,indirect
CellOntology_SUB,0-150,Our_Method_+restructure_prune_only_top10_+rank_salience_k1000_clawback0,7,12,10,0.8333333333333334,indirect
CellOntology_SUB,0-150,Our_Method_+restructure_prune_only_top10_+rank_salience_k1000_clawback0,8,2,1,0.5,indirect
CellOntology_SUB,0-150,Our_Method_+restructure_prune_only_top10_+rank_self_agreement_k1000_clawback0,1,135,109,0.8074074074074075,direct
CellOntology_SUB,0-150,Our_Method_+restructure_prune_only_top10_+rank_self_agreement_k1000_clawback0,2,141,127,0.900709219858156,indirect
CellOntology_SUB,0-150,Our_Method_+restructure_prune_only_top10_+rank_self_agreement_k1000_clawback0,3,121,111,0.9173553719008265,indirect
CellOntology_SUB,0-150,Our_Method_+restructure_prune_only_top10_+rank_self_agreement_k1000_clawback0,4,92,83,0.9021739130434783,indirect
CellOntology_SUB,0-150,Our_Method_+restructure_prune_only_top10_+rank_self_agreement_k1000_clawback0,5,69,60,0.8695652173913043,indirect
CellOntology_SUB,0-150,Our_Method_+restructure_prune_only_top10_+rank_self_agreement_k1000_clawback0,6,33,29,0.8787878787878788,indirect
CellOntology_SUB,0-150,Our_Method_+restructure_prune_only_top10_+rank_self_agreement_k1000_clawback0,7,12,10,0.8333333333333334,indirect
CellOntology_SUB,0-150,Our_Method_+restructure_prune_only_top10_+rank_self_agreement_k1000_clawback0,8,2,1,0.5,indirect
CellOntology_SUB,0-150,Our_Method_+restructure_prune_only_top10_k1000_clawback0,1,135,109,0.8074074074074075,direct
CellOntology_SUB,0-150,Our_Method_+restructure_prune_only_top10_k1000_clawback0,2,141,127,0.900709219858156,indirect
CellOntology_SUB,0-150,Our_Method_+restructure_prune_only_top10_k1000_clawback0,3,121,111,0.9173553719008265,indirect
CellOntology_SUB,0-150,Our_Method_+restructure_prune_only_top10_k1000_clawback0,4,92,83,0.9021739130434783,indirect
CellOntology_SUB,0-150,Our_Method_+restructure_prune_only_top10_k1000_clawback0,5,69,59,0.855072463768116,indirect
CellOntology_SUB,0-150,Our_Method_+restructure_prune_only_top10_k1000_clawback0,6,33,28,0.8484848484848485,indirect
CellOntology_SUB,0-150,Our_Method_+restructure_prune_only_top10_k1000_clawback0,7,12,9,0.75,indirect
CellOntology_SUB,0-150,Our_Method_+restructure_prune_only_top10_k1000_clawback0,8,2,1,0.5,indirect
CellOntology_SUB,0-150,Our_Method_+restructure_prune_only_top25_k1000_clawback0,1,135,109,0.8074074074074075,direct
CellOntology_SUB,0-150,Our_Method_+restructure_prune_only_top25_k1000_clawback0,2,141,127,0.900709219858156,indirect
CellOntology_SUB,0-150,Our_Method_+restructure_prune_only_top25_k1000_clawback0,3,121,111,0.9173553719008265,indirect
CellOntology_SUB,0-150,Our_Method_+restructure_prune_only_top25_k1000_clawback0,4,92,83,0.9021739130434783,indirect
CellOntology_SUB,0-150,Our_Method_+restructure_prune_only_top25_k1000_clawback0,5,69,59,0.855072463768116,indirect
CellOntology_SUB,0-150,Our_Method_+restructure_prune_only_top25_k1000_clawback0,6,33,28,0.8484848484848485,indirect
CellOntology_SUB,0-150,Our_Method_+restructure_prune_only_top25_k1000_clawback0,7,12,9,0.75,indirect
CellOntology_SUB,0-150,Our_Method_+restructure_prune_only_top25_k1000_clawback0,8,2,1,0.5,indirect
CellOntology_SUB,0-150,Our_Method_+restructure_ranked_k1000_clawback0,1,135,19,0.14074074074074075,direct
CellOntology_SUB,0-150,Our_Method_+restructure_ranked_k1000_clawback0,2,141,33,0.23404255319148937,indirect
CellOntology_SUB,0-150,Our_Method_+restructure_ranked_k1000_clawback0,3,121,37,0.30578512396694213,indirect
CellOntology_SUB,0-150,Our_Method_+restructure_ranked_k1000_clawback0,4,92,34,0.3695652173913043,indirect
CellOntology_SUB,0-150,Our_Method_+restructure_ranked_k1000_clawback0,5,69,28,0.4057971014492754,indirect
CellOntology_SUB,0-150,Our_Method_+restructure_ranked_k1000_clawback0,6,33,14,0.42424242424242425,indirect
CellOntology_SUB,0-150,Our_Method_+restructure_ranked_k1000_clawback0,7,12,6,0.5,indirect
CellOntology_SUB,0-150,Our_Method_+restructure_ranked_k1000_clawback0,8,2,0,0.0,indirect
CellOntology_SUB,0-150,Our_Method_+restructure_ranked_top25_k1000_clawback0,1,135,109,0.8074074074074075,direct
CellOntology_SUB,0-150,Our_Method_+restructure_ranked_top25_k1000_clawback0,2,141,127,0.900709219858156,indirect
CellOntology_SUB,0-150,Our_Method_+restructure_ranked_top25_k1000_clawback0,3,121,111,0.9173553719008265,indirect
CellOntology_SUB,0-150,Our_Method_+restructure_ranked_top25_k1000_clawback0,4,92,83,0.9021739130434783,indirect
CellOntology_SUB,0-150,Our_Method_+restructure_ranked_top25_k1000_clawback0,5,69,59,0.855072463768116,indirect
CellOntology_SUB,0-150,Our_Method_+restructure_ranked_top25_k1000_clawback0,6,33,28,0.8484848484848485,indirect
CellOntology_SUB,0-150,Our_Method_+restructure_ranked_top25_k1000_clawback0,7,12,9,0.75,indirect
CellOntology_SUB,0-150,Our_Method_+restructure_ranked_top25_k1000_clawback0,8,2,1,0.5,indirect
CellOntology_SUB,0-150,Our_Method_alt_Prompt_k1000_clawback0,1,135,112,0.8296296296296296,direct
CellOntology_SUB,0-150,Our_Method_alt_Prompt_k1000_clawback0,2,141,131,0.9290780141843972,indirect
CellOntology_SUB,0-150,Our_Method_alt_Prompt_k1000_clawback0,3,121,116,0.9586776859504132,indirect
CellOntology_SUB,0-150,Our_Method_alt_Prompt_k1000_clawback0,4,92,89,0.967391304347826,indirect
CellOntology_SUB,0-150,Our_Method_alt_Prompt_k1000_clawback0,5,69,64,0.927536231884058,indirect
CellOntology_SUB,0-150,Our_Method_alt_Prompt_k1000_clawback0,6,33,31,0.9393939393939394,indirect
CellOntology_SUB,0-150,Our_Method_alt_Prompt_k1000_clawback0,7,12,11,0.9166666666666666,indirect
CellOntology_SUB,0-150,Our_Method_alt_Prompt_k1000_clawback0,8,2,2,1.0,indirect
CellOntology_SUB,0-150,Our_Method_alt_Prompt_k=1000,1,135,82,0.6074074074074074,direct
CellOntology_SUB,0-150,Our_Method_alt_Prompt_k=1000,2,141,88,0.624113475177305,indirect
CellOntology_SUB,0-150,Our_Method_alt_Prompt_k=1000,3,121,81,0.6694214876033058,indirect
CellOntology_SUB,0-150,Our_Method_alt_Prompt_k=1000,4,92,61,0.6630434782608695,indirect
CellOntology_SUB,0-150,Our_Method_alt_Prompt_k=1000,5,69,49,0.7101449275362319,indirect
CellOntology_SUB,0-150,Our_Method_alt_Prompt_k=1000,6,33,25,0.7575757575757576,indirect
CellOntology_SUB,0-150,Our_Method_alt_Prompt_k=1000,7,12,7,0.5833333333333334,indirect
CellOntology_SUB,0-150,Our_Method_alt_Prompt_k=1000,8,2,1,0.5,indirect
CellOntology_SUB,0-150,Our_Method_direct_k1000_clawback0,1,135,114,0.8444444444444444,direct
CellOntology_SUB,0-150,Our_Method_direct_k1000_clawback0,2,141,127,0.900709219858156,indirect
CellOntology_SUB,0-150,Our_Method_direct_k1000_clawback0,3,121,113,0.9338842975206612,indirect
CellOntology_SUB,0-150,Our_Method_direct_k1000_clawback0,4,92,88,0.9565217391304348,indirect
CellOntology_SUB,0-150,Our_Method_direct_k1000_clawback0,5,69,64,0.927536231884058,indirect
CellOntology_SUB,0-150,Our_Method_direct_k1000_clawback0,6,33,31,0.9393939393939394,indirect
CellOntology_SUB,0-150,Our_Method_direct_k1000_clawback0,7,12,11,0.9166666666666666,indirect
CellOntology_SUB,0-150,Our_Method_direct_k1000_clawback0,8,2,2,1.0,indirect
CellOntology_SUB,0-150,Our_Method_full_json_k1000_clawback0,1,135,108,0.8,direct
CellOntology_SUB,0-150,Our_Method_full_json_k1000_clawback0,2,141,124,0.8794326241134752,indirect
CellOntology_SUB,0-150,Our_Method_full_json_k1000_clawback0,3,121,108,0.8925619834710744,indirect
CellOntology_SUB,0-150,Our_Method_full_json_k1000_clawback0,4,92,82,0.8913043478260869,indirect
CellOntology_SUB,0-150,Our_Method_full_json_k1000_clawback0,5,69,59,0.855072463768116,indirect
CellOntology_SUB,0-150,Our_Method_full_json_k1000_clawback0,6,33,28,0.8484848484848485,indirect
CellOntology_SUB,0-150,Our_Method_full_json_k1000_clawback0,7,12,9,0.75,indirect
CellOntology_SUB,0-150,Our_Method_full_json_k1000_clawback0,8,2,1,0.5,indirect
CellOntology_SUB,0-150,Our_Method_full_k1000_clawback0,1,135,104,0.7703703703703704,direct
CellOntology_SUB,0-150,Our_Method_full_k1000_clawback0,2,141,125,0.8865248226950354,indirect
CellOntology_SUB,0-150,Our_Method_full_k1000_clawback0,3,121,114,0.9421487603305785,indirect
CellOntology_SUB,0-150,Our_Method_full_k1000_clawback0,4,92,89,0.967391304347826,indirect
CellOntology_SUB,0-150,Our_Method_full_k1000_clawback0,5,69,68,0.9855072463768116,indirect
CellOntology_SUB,0-150,Our_Method_full_k1000_clawback0,6,33,32,0.9696969696969697,indirect
CellOntology_SUB,0-150,Our_Method_full_k1000_clawback0,7,12,11,0.9166666666666666,indirect
CellOntology_SUB,0-150,Our_Method_full_k1000_clawback0,8,2,2,1.0,indirect
CellOntology_SUB,0-150,Our_Method_isa_k1000_clawback0,1,135,113,0.837037037037037,direct
CellOntology_SUB,0-150,Our_Method_isa_k1000_clawback0,2,141,130,0.9219858156028369,indirect
CellOntology_SUB,0-150,Our_Method_isa_k1000_clawback0,3,121,116,0.9586776859504132,indirect
CellOntology_SUB,0-150,Our_Method_isa_k1000_clawback0,4,92,92,1.0,indirect
CellOntology_SUB,0-150,Our_Method_isa_k1000_clawback0,5,69,69,1.0,indirect
CellOntology_SUB,0-150,Our_Method_isa_k1000_clawback0,6,33,33,1.0,indirect
CellOntology_SUB,0-150,Our_Method_isa_k1000_clawback0,7,12,12,1.0,indirect
CellOntology_SUB,0-150,Our_Method_isa_k1000_clawback0,8,2,2,1.0,indirect
CellOntology_SUB,0-150,Our_Method_k1000_clawback0,1,135,124,0.9185185185185185,direct
CellOntology_SUB,0-150,Our_Method_k1000_clawback0,2,141,136,0.9645390070921985,indirect
CellOntology_SUB,0-150,Our_Method_k1000_clawback0,3,121,120,0.9917355371900827,indirect
CellOntology_SUB,0-150,Our_Method_k1000_clawback0,4,92,92,1.0,indirect
CellOntology_SUB,0-150,Our_Method_k1000_clawback0,5,69,69,1.0,indirect
CellOntology_SUB,0-150,Our_Method_k1000_clawback0,6,33,33,1.0,indirect
CellOntology_SUB,0-150,Our_Method_k1000_clawback0,7,12,12,1.0,indirect
CellOntology_SUB,0-150,Our_Method_k1000_clawback0,8,2,2,1.0,indirect
CellOntology_SUB,0-150,Our_Method_k1000_clawback0_gemini31b,1,135,124,0.9185185185185185,direct
CellOntology_SUB,0-150,Our_Method_k1000_clawback0_gemini31b,2,141,136,0.9645390070921985,indirect
CellOntology_SUB,0-150,Our_Method_k1000_clawback0_gemini31b,3,121,120,0.9917355371900827,indirect
CellOntology_SUB,0-150,Our_Method_k1000_clawback0_gemini31b,4,92,92,1.0,indirect
CellOntology_SUB,0-150,Our_Method_k1000_clawback0_gemini31b,5,69,69,1.0,indirect
CellOntology_SUB,0-150,Our_Method_k1000_clawback0_gemini31b,6,33,33,1.0,indirect
CellOntology_SUB,0-150,Our_Method_k1000_clawback0_gemini31b,7,12,12,1.0,indirect
CellOntology_SUB,0-150,Our_Method_k1000_clawback0_gemini31b,8,2,2,1.0,indirect
CellOntology_SUB,0-150,Our_Method_k1000_clawback0_gemma4b,1,135,109,0.8074074074074075,direct
CellOntology_SUB,0-150,Our_Method_k1000_clawback0_gemma4b,2,141,127,0.900709219858156,indirect
CellOntology_SUB,0-150,Our_Method_k1000_clawback0_gemma4b,3,121,111,0.9173553719008265,indirect
CellOntology_SUB,0-150,Our_Method_k1000_clawback0_gemma4b,4,92,83,0.9021739130434783,indirect
CellOntology_SUB,0-150,Our_Method_k1000_clawback0_gemma4b,5,69,60,0.8695652173913043,indirect
CellOntology_SUB,0-150,Our_Method_k1000_clawback0_gemma4b,6,33,29,0.8787878787878788,indirect
CellOntology_SUB,0-150,Our_Method_k1000_clawback0_gemma4b,7,12,10,0.8333333333333334,indirect
CellOntology_SUB,0-150,Our_Method_k1000_clawback0_gemma4b,8,2,1,0.5,indirect
CellOntology_SUB,0-150,Our_Method_k1000_clawback10,1,135,104,0.7703703703703704,direct
CellOntology_SUB,0-150,Our_Method_k1000_clawback10,2,141,123,0.8723404255319149,indirect
CellOntology_SUB,0-150,Our_Method_k1000_clawback10,3,121,111,0.9173553719008265,indirect
CellOntology_SUB,0-150,Our_Method_k1000_clawback10,4,92,88,0.9565217391304348,indirect
CellOntology_SUB,0-150,Our_Method_k1000_clawback10,5,69,63,0.9130434782608695,indirect
CellOntology_SUB,0-150,Our_Method_k1000_clawback10,6,33,30,0.9090909090909091,indirect
CellOntology_SUB,0-150,Our_Method_k1000_clawback10,7,12,10,0.8333333333333334,indirect
CellOntology_SUB,0-150,Our_Method_k1000_clawback10,8,2,2,1.0,indirect
CellOntology_SUB,0-150,Our_Method_k1000_clawback100,1,135,100,0.7407407407407407,direct
CellOntology_SUB,0-150,Our_Method_k1000_clawback100,2,141,121,0.8581560283687943,indirect
CellOntology_SUB,0-150,Our_Method_k1000_clawback100,3,121,108,0.8925619834710744,indirect
CellOntology_SUB,0-150,Our_Method_k1000_clawback100,4,92,86,0.9347826086956522,indirect
CellOntology_SUB,0-150,Our_Method_k1000_clawback100,5,69,62,0.8985507246376812,indirect
CellOntology_SUB,0-150,Our_Method_k1000_clawback100,6,33,30,0.9090909090909091,indirect
CellOntology_SUB,0-150,Our_Method_k1000_clawback100,7,12,10,0.8333333333333334,indirect
CellOntology_SUB,0-150,Our_Method_k1000_clawback100,8,2,2,1.0,indirect
CellOntology_SUB,0-150,Our_Method_k1000_clawback15,1,135,107,0.7925925925925926,direct
CellOntology_SUB,0-150,Our_Method_k1000_clawback15,2,141,125,0.8865248226950354,indirect
CellOntology_SUB,0-150,Our_Method_k1000_clawback15,3,121,109,0.9008264462809917,indirect
CellOntology_SUB,0-150,Our_Method_k1000_clawback15,4,92,85,0.9239130434782609,indirect
CellOntology_SUB,0-150,Our_Method_k1000_clawback15,5,69,63,0.9130434782608695,indirect
CellOntology_SUB,0-150,Our_Method_k1000_clawback15,6,33,31,0.9393939393939394,indirect
CellOntology_SUB,0-150,Our_Method_k1000_clawback15,7,12,11,0.9166666666666666,indirect
CellOntology_SUB,0-150,Our_Method_k1000_clawback15,8,2,2,1.0,indirect
CellOntology_SUB,0-150,Our_Method_k1000_clawback2,1,135,107,0.7925925925925926,direct
CellOntology_SUB,0-150,Our_Method_k1000_clawback2,2,141,125,0.8865248226950354,indirect
CellOntology_SUB,0-150,Our_Method_k1000_clawback2,3,121,109,0.9008264462809917,indirect
CellOntology_SUB,0-150,Our_Method_k1000_clawback2,4,92,85,0.9239130434782609,indirect
CellOntology_SUB,0-150,Our_Method_k1000_clawback2,5,69,63,0.9130434782608695,indirect
CellOntology_SUB,0-150,Our_Method_k1000_clawback2,6,33,31,0.9393939393939394,indirect
CellOntology_SUB,0-150,Our_Method_k1000_clawback2,7,12,11,0.9166666666666666,indirect
CellOntology_SUB,0-150,Our_Method_k1000_clawback2,8,2,2,1.0,indirect
CellOntology_SUB,0-150,Our_Method_k1000_clawback20,1,135,103,0.762962962962963,direct
CellOntology_SUB,0-150,Our_Method_k1000_clawback20,2,141,123,0.8723404255319149,indirect
CellOntology_SUB,0-150,Our_Method_k1000_clawback20,3,121,111,0.9173553719008265,indirect
CellOntology_SUB,0-150,Our_Method_k1000_clawback20,4,92,88,0.9565217391304348,indirect
CellOntology_SUB,0-150,Our_Method_k1000_clawback20,5,69,63,0.9130434782608695,indirect
CellOntology_SUB,0-150,Our_Method_k1000_clawback20,6,33,30,0.9090909090909091,indirect
CellOntology_SUB,0-150,Our_Method_k1000_clawback20,7,12,10,0.8333333333333334,indirect
CellOntology_SUB,0-150,Our_Method_k1000_clawback20,8,2,2,1.0,indirect
CellOntology_SUB,0-150,Our_Method_k1000_clawback25,1,135,109,0.8074074074074075,direct
CellOntology_SUB,0-150,Our_Method_k1000_clawback25,2,141,126,0.8936170212765957,indirect
CellOntology_SUB,0-150,Our_Method_k1000_clawback25,3,121,110,0.9090909090909091,indirect
CellOntology_SUB,0-150,Our_Method_k1000_clawback25,4,92,82,0.8913043478260869,indirect
CellOntology_SUB,0-150,Our_Method_k1000_clawback25,5,69,59,0.855072463768116,indirect
CellOntology_SUB,0-150,Our_Method_k1000_clawback25,6,33,28,0.8484848484848485,indirect
CellOntology_SUB,0-150,Our_Method_k1000_clawback25,7,12,9,0.75,indirect
CellOntology_SUB,0-150,Our_Method_k1000_clawback25,8,2,1,0.5,indirect
CellOntology_SUB,0-150,Our_Method_k1000_clawback30,1,135,107,0.7925925925925926,direct
CellOntology_SUB,0-150,Our_Method_k1000_clawback30,2,141,125,0.8865248226950354,indirect
CellOntology_SUB,0-150,Our_Method_k1000_clawback30,3,121,109,0.9008264462809917,indirect
CellOntology_SUB,0-150,Our_Method_k1000_clawback30,4,92,85,0.9239130434782609,indirect
CellOntology_SUB,0-150,Our_Method_k1000_clawback30,5,69,63,0.9130434782608695,indirect
CellOntology_SUB,0-150,Our_Method_k1000_clawback30,6,33,31,0.9393939393939394,indirect
CellOntology_SUB,0-150,Our_Method_k1000_clawback30,7,12,11,0.9166666666666666,indirect
CellOntology_SUB,0-150,Our_Method_k1000_clawback30,8,2,2,1.0,indirect
CellOntology_SUB,0-150,Our_Method_k1000_clawback4,1,135,107,0.7925925925925926,direct
CellOntology_SUB,0-150,Our_Method_k1000_clawback4,2,141,125,0.8865248226950354,indirect
CellOntology_SUB,0-150,Our_Method_k1000_clawback4,3,121,109,0.9008264462809917,indirect
CellOntology_SUB,0-150,Our_Method_k1000_clawback4,4,92,85,0.9239130434782609,indirect
CellOntology_SUB,0-150,Our_Method_k1000_clawback4,5,69,63,0.9130434782608695,indirect
CellOntology_SUB,0-150,Our_Method_k1000_clawback4,6,33,31,0.9393939393939394,indirect
CellOntology_SUB,0-150,Our_Method_k1000_clawback4,7,12,11,0.9166666666666666,indirect
CellOntology_SUB,0-150,Our_Method_k1000_clawback4,8,2,2,1.0,indirect
CellOntology_SUB,0-150,Our_Method_k1000_clawback40,1,135,107,0.7925925925925926,direct
CellOntology_SUB,0-150,Our_Method_k1000_clawback40,2,141,125,0.8865248226950354,indirect
CellOntology_SUB,0-150,Our_Method_k1000_clawback40,3,121,109,0.9008264462809917,indirect
CellOntology_SUB,0-150,Our_Method_k1000_clawback40,4,92,85,0.9239130434782609,indirect
CellOntology_SUB,0-150,Our_Method_k1000_clawback40,5,69,63,0.9130434782608695,indirect
CellOntology_SUB,0-150,Our_Method_k1000_clawback40,6,33,31,0.9393939393939394,indirect
CellOntology_SUB,0-150,Our_Method_k1000_clawback40,7,12,11,0.9166666666666666,indirect
CellOntology_SUB,0-150,Our_Method_k1000_clawback40,8,2,2,1.0,indirect
CellOntology_SUB,0-150,Our_Method_k1000_clawback5,1,135,104,0.7703703703703704,direct
CellOntology_SUB,0-150,Our_Method_k1000_clawback5,2,141,123,0.8723404255319149,indirect
CellOntology_SUB,0-150,Our_Method_k1000_clawback5,3,121,111,0.9173553719008265,indirect
CellOntology_SUB,0-150,Our_Method_k1000_clawback5,4,92,88,0.9565217391304348,indirect
CellOntology_SUB,0-150,Our_Method_k1000_clawback5,5,69,63,0.9130434782608695,indirect
CellOntology_SUB,0-150,Our_Method_k1000_clawback5,6,33,30,0.9090909090909091,indirect
CellOntology_SUB,0-150,Our_Method_k1000_clawback5,7,12,10,0.8333333333333334,indirect
CellOntology_SUB,0-150,Our_Method_k1000_clawback5,8,2,2,1.0,indirect
CellOntology_SUB,0-150,Our_Method_k1000_clawback50,1,135,102,0.7555555555555555,direct
CellOntology_SUB,0-150,Our_Method_k1000_clawback50,2,141,122,0.8652482269503546,indirect
CellOntology_SUB,0-150,Our_Method_k1000_clawback50,3,121,111,0.9173553719008265,indirect
CellOntology_SUB,0-150,Our_Method_k1000_clawback50,4,92,88,0.9565217391304348,indirect
CellOntology_SUB,0-150,Our_Method_k1000_clawback50,5,69,63,0.9130434782608695,indirect
CellOntology_SUB,0-150,Our_Method_k1000_clawback50,6,33,30,0.9090909090909091,indirect
CellOntology_SUB,0-150,Our_Method_k1000_clawback50,7,12,10,0.8333333333333334,indirect
CellOntology_SUB,0-150,Our_Method_k1000_clawback50,8,2,2,1.0,indirect
CellOntology_SUB,0-150,Our_Method_k1000_clawback6,1,135,107,0.7925925925925926,direct
CellOntology_SUB,0-150,Our_Method_k1000_clawback6,2,141,125,0.8865248226950354,indirect
CellOntology_SUB,0-150,Our_Method_k1000_clawback6,3,121,109,0.9008264462809917,indirect
CellOntology_SUB,0-150,Our_Method_k1000_clawback6,4,92,85,0.9239130434782609,indirect
CellOntology_SUB,0-150,Our_Method_k1000_clawback6,5,69,63,0.9130434782608695,indirect
CellOntology_SUB,0-150,Our_Method_k1000_clawback6,6,33,31,0.9393939393939394,indirect
CellOntology_SUB,0-150,Our_Method_k1000_clawback6,7,12,11,0.9166666666666666,indirect
CellOntology_SUB,0-150,Our_Method_k1000_clawback6,8,2,2,1.0,indirect
CellOntology_SUB,0-150,Our_Method_k1000_clawback75,1,135,101,0.7481481481481481,direct
CellOntology_SUB,0-150,Our_Method_k1000_clawback75,2,141,121,0.8581560283687943,indirect
CellOntology_SUB,0-150,Our_Method_k1000_clawback75,3,121,109,0.9008264462809917,indirect
CellOntology_SUB,0-150,Our_Method_k1000_clawback75,4,92,86,0.9347826086956522,indirect
CellOntology_SUB,0-150,Our_Method_k1000_clawback75,5,69,62,0.8985507246376812,indirect
CellOntology_SUB,0-150,Our_Method_k1000_clawback75,6,33,30,0.9090909090909091,indirect
CellOntology_SUB,0-150,Our_Method_k1000_clawback75,7,12,10,0.8333333333333334,indirect
CellOntology_SUB,0-150,Our_Method_k1000_clawback75,8,2,2,1.0,indirect
CellOntology_SUB,0-150,Our_Method_k1000_clawback8,1,135,107,0.7925925925925926,direct
CellOntology_SUB,0-150,Our_Method_k1000_clawback8,2,141,125,0.8865248226950354,indirect
CellOntology_SUB,0-150,Our_Method_k1000_clawback8,3,121,109,0.9008264462809917,indirect
CellOntology_SUB,0-150,Our_Method_k1000_clawback8,4,92,85,0.9239130434782609,indirect
CellOntology_SUB,0-150,Our_Method_k1000_clawback8,5,69,63,0.9130434782608695,indirect
CellOntology_SUB,0-150,Our_Method_k1000_clawback8,6,33,31,0.9393939393939394,indirect
CellOntology_SUB,0-150,Our_Method_k1000_clawback8,7,12,11,0.9166666666666666,indirect
CellOntology_SUB,0-150,Our_Method_k1000_clawback8,8,2,2,1.0,indirect
CellOntology_SUB,0-150,Our_Method_k25_clawback0,1,135,111,0.8222222222222222,direct
CellOntology_SUB,0-150,Our_Method_k25_clawback0,2,141,129,0.9148936170212766,indirect
CellOntology_SUB,0-150,Our_Method_k25_clawback0,3,121,112,0.9256198347107438,indirect
CellOntology_SUB,0-150,Our_Method_k25_clawback0,4,92,85,0.9239130434782609,indirect
CellOntology_SUB,0-150,Our_Method_k25_clawback0,5,69,65,0.9420289855072463,indirect
CellOntology_SUB,0-150,Our_Method_k25_clawback0,6,33,31,0.9393939393939394,indirect
CellOntology_SUB,0-150,Our_Method_k25_clawback0,7,12,11,0.9166666666666666,indirect
CellOntology_SUB,0-150,Our_Method_k25_clawback0,8,2,2,1.0,indirect
CellOntology_SUB,0-150,Our_Method_legacy_json_k1000_clawback0,1,135,60,0.4444444444444444,direct
CellOntology_SUB,0-150,Our_Method_legacy_json_k1000_clawback0,2,141,75,0.5319148936170213,indirect
CellOntology_SUB,0-150,Our_Method_legacy_json_k1000_clawback0,3,121,70,0.5785123966942148,indirect
CellOntology_SUB,0-150,Our_Method_legacy_json_k1000_clawback0,4,92,52,0.5652173913043478,indirect
CellOntology_SUB,0-150,Our_Method_legacy_json_k1000_clawback0,5,69,35,0.5072463768115942,indirect
CellOntology_SUB,0-150,Our_Method_legacy_json_k1000_clawback0,6,33,17,0.5151515151515151,indirect
CellOntology_SUB,0-150,Our_Method_legacy_json_k1000_clawback0,7,12,4,0.3333333333333333,indirect
CellOntology_SUB,0-150,Our_Method_legacy_json_k1000_clawback0,8,2,0,0.0,indirect
CellOntology_SUB,0-150,Our_Method_legacy_vocab_fix_k1000_clawback0,1,135,95,0.7037037037037037,direct
CellOntology_SUB,0-150,Our_Method_legacy_vocab_fix_k1000_clawback0,2,141,110,0.7801418439716312,indirect
CellOntology_SUB,0-150,Our_Method_legacy_vocab_fix_k1000_clawback0,3,121,99,0.8181818181818182,indirect
CellOntology_SUB,0-150,Our_Method_legacy_vocab_fix_k1000_clawback0,4,92,77,0.8369565217391305,indirect
CellOntology_SUB,0-150,Our_Method_legacy_vocab_fix_k1000_clawback0,5,69,56,0.8115942028985508,indirect
CellOntology_SUB,0-150,Our_Method_legacy_vocab_fix_k1000_clawback0,6,33,27,0.8181818181818182,indirect
CellOntology_SUB,0-150,Our_Method_legacy_vocab_fix_k1000_clawback0,7,12,9,0.75,indirect
CellOntology_SUB,0-150,Our_Method_legacy_vocab_fix_k1000_clawback0,8,2,1,0.5,indirect
CellOntology_SUB,0-150,Our_Method_no_conversational_k1000_clawback0,1,135,110,0.8148148148148148,direct
CellOntology_SUB,0-150,Our_Method_no_conversational_k1000_clawback0,2,141,125,0.8865248226950354,indirect
CellOntology_SUB,0-150,Our_Method_no_conversational_k1000_clawback0,3,121,109,0.9008264462809917,indirect
CellOntology_SUB,0-150,Our_Method_no_conversational_k1000_clawback0,4,92,85,0.9239130434782609,indirect
CellOntology_SUB,0-150,Our_Method_no_conversational_k1000_clawback0,5,69,63,0.9130434782608695,indirect
CellOntology_SUB,0-150,Our_Method_no_conversational_k1000_clawback0,6,33,30,0.9090909090909091,indirect
CellOntology_SUB,0-150,Our_Method_no_conversational_k1000_clawback0,7,12,10,0.8333333333333334,indirect
CellOntology_SUB,0-150,Our_Method_no_conversational_k1000_clawback0,8,2,2,1.0,indirect
CellOntology_SUB,0-150,Our_Method_no_example_k1000_clawback0,1,135,107,0.7925925925925926,direct
CellOntology_SUB,0-150,Our_Method_no_example_k1000_clawback0,2,141,126,0.8936170212765957,indirect
CellOntology_SUB,0-150,Our_Method_no_example_k1000_clawback0,3,121,113,0.9338842975206612,indirect
CellOntology_SUB,0-150,Our_Method_no_example_k1000_clawback0,4,92,88,0.9565217391304348,indirect
CellOntology_SUB,0-150,Our_Method_no_example_k1000_clawback0,5,69,64,0.927536231884058,indirect
CellOntology_SUB,0-150,Our_Method_no_example_k1000_clawback0,6,33,31,0.9393939393939394,indirect
CellOntology_SUB,0-150,Our_Method_no_example_k1000_clawback0,7,12,11,0.9166666666666666,indirect
CellOntology_SUB,0-150,Our_Method_no_example_k1000_clawback0,8,2,2,1.0,indirect
CellOntology_SUB,0-150,Our_Method_no_quantifier_k1000_clawback0,1,135,116,0.8592592592592593,direct
CellOntology_SUB,0-150,Our_Method_no_quantifier_k1000_clawback0,2,141,134,0.950354609929078,indirect
CellOntology_SUB,0-150,Our_Method_no_quantifier_k1000_clawback0,3,121,116,0.9586776859504132,indirect
CellOntology_SUB,0-150,Our_Method_no_quantifier_k1000_clawback0,4,92,91,0.9891304347826086,indirect
CellOntology_SUB,0-150,Our_Method_no_quantifier_k1000_clawback0,5,69,69,1.0,indirect
CellOntology_SUB,0-150,Our_Method_no_quantifier_k1000_clawback0,6,33,33,1.0,indirect
CellOntology_SUB,0-150,Our_Method_no_quantifier_k1000_clawback0,7,12,12,1.0,indirect
CellOntology_SUB,0-150,Our_Method_no_quantifier_k1000_clawback0,8,2,2,1.0,indirect
CellOntology_SUB,0-150,Our_Method_no_restriction_k1000_clawback0,1,135,110,0.8148148148148148,direct
CellOntology_SUB,0-150,Our_Method_no_restriction_k1000_clawback0,2,141,125,0.8865248226950354,indirect
CellOntology_SUB,0-150,Our_Method_no_restriction_k1000_clawback0,3,121,108,0.8925619834710744,indirect
CellOntology_SUB,0-150,Our_Method_no_restriction_k1000_clawback0,4,92,84,0.9130434782608695,indirect
CellOntology_SUB,0-150,Our_Method_no_restriction_k1000_clawback0,5,69,64,0.927536231884058,indirect
CellOntology_SUB,0-150,Our_Method_no_restriction_k1000_clawback0,6,33,31,0.9393939393939394,indirect
CellOntology_SUB,0-150,Our_Method_no_restriction_k1000_clawback0,7,12,12,1.0,indirect
CellOntology_SUB,0-150,Our_Method_no_restriction_k1000_clawback0,8,2,2,1.0,indirect
CellOntology_SUB,0-150,Our_Method_oneway_k1000_clawback0,1,135,107,0.7925925925925926,direct
CellOntology_SUB,0-150,Our_Method_oneway_k1000_clawback0,2,141,122,0.8652482269503546,indirect
CellOntology_SUB,0-150,Our_Method_oneway_k1000_clawback0,3,121,106,0.8760330578512396,indirect
CellOntology_SUB,0-150,Our_Method_oneway_k1000_clawback0,4,92,81,0.8804347826086957,indirect
CellOntology_SUB,0-150,Our_Method_oneway_k1000_clawback0,5,69,61,0.8840579710144928,indirect
CellOntology_SUB,0-150,Our_Method_oneway_k1000_clawback0,6,33,30,0.9090909090909091,indirect
CellOntology_SUB,0-150,Our_Method_oneway_k1000_clawback0,7,12,9,0.75,indirect
CellOntology_SUB,0-150,Our_Method_oneway_k1000_clawback0,8,2,1,0.5,indirect
CellOntology_SUB,0-150,SBU_Batch,1,135,72,0.5333333333333333,direct
CellOntology_SUB,0-150,SBU_Batch,2,141,78,0.5531914893617021,indirect
CellOntology_SUB,0-150,SBU_Batch,3,121,69,0.5702479338842975,indirect
CellOntology_SUB,0-150,SBU_Batch,4,92,52,0.5652173913043478,indirect
CellOntology_SUB,0-150,SBU_Batch,5,69,38,0.5507246376811594,indirect
CellOntology_SUB,0-150,SBU_Batch,6,33,18,0.5454545454545454,indirect
CellOntology_SUB,0-150,SBU_Batch,7,12,7,0.5833333333333334,indirect
CellOntology_SUB,0-150,SBU_Batch,8,2,1,0.5,indirect
CellOntology_SUB,0-150,SBU_Embedding,1,135,48,0.35555555555555557,direct
CellOntology_SUB,0-150,SBU_Embedding,2,141,22,0.15602836879432624,indirect
CellOntology_SUB,0-150,SBU_Embedding,3,121,7,0.05785123966942149,indirect
CellOntology_SUB,0-150,SBU_Embedding,4,92,1,0.010869565217391304,indirect
CellOntology_SUB,0-150,SBU_Embedding,5,69,1,0.014492753623188406,indirect
CellOntology_SUB,0-150,SBU_Embedding,6,33,1,0.030303030303030304,indirect
CellOntology_SUB,0-150,SBU_Embedding,7,12,0,0.0,indirect
CellOntology_SUB,0-150,SBU_Embedding,8,2,0,0.0,indirect
CellOntology_SUB,0-150,SingleCall,1,135,45,0.3333333333333333,direct
CellOntology_SUB,0-150,SingleCall,2,141,47,0.3333333333333333,indirect
CellOntology_SUB,0-150,SingleCall,3,121,36,0.2975206611570248,indirect
CellOntology_SUB,0-150,SingleCall,4,92,25,0.2717391304347826,indirect
CellOntology_SUB,0-150,SingleCall,5,69,20,0.2898550724637681,indirect
CellOntology_SUB,0-150,SingleCall,6,33,12,0.36363636363636365,indirect
CellOntology_SUB,0-150,SingleCall,7,12,5,0.4166666666666667,indirect
CellOntology_SUB,0-150,SingleCall,8,2,1,0.5,indirect
CellOntology_SUB,0-150,SingleCall_gemini31b,1,135,37,0.2740740740740741,direct
CellOntology_SUB,0-150,SingleCall_gemini31b,2,141,24,0.1702127659574468,indirect
CellOntology_SUB,0-150,SingleCall_gemini31b,3,121,14,0.11570247933884298,indirect
CellOntology_SUB,0-150,SingleCall_gemini31b,4,92,7,0.07608695652173914,indirect
CellOntology_SUB,0-150,SingleCall_gemini31b,5,69,3,0.043478260869565216,indirect
CellOntology_SUB,0-150,SingleCall_gemini31b,6,33,0,0.0,indirect
CellOntology_SUB,0-150,SingleCall_gemini31b,7,12,0,0.0,indirect
CellOntology_SUB,0-150,SingleCall_gemini31b,8,2,0,0.0,indirect
CellOntology_SUB,0-150,SingleCall_gemma4b,1,135,73,0.5407407407407407,direct
CellOntology_SUB,0-150,SingleCall_gemma4b,2,141,80,0.5673758865248227,indirect
CellOntology_SUB,0-150,SingleCall_gemma4b,3,121,68,0.5619834710743802,indirect
CellOntology_SUB,0-150,SingleCall_gemma4b,4,92,49,0.532608695652174,indirect
CellOntology_SUB,0-150,SingleCall_gemma4b,5,69,36,0.5217391304347826,indirect
CellOntology_SUB,0-150,SingleCall_gemma4b,6,33,18,0.5454545454545454,indirect
CellOntology_SUB,0-150,SingleCall_gemma4b,7,12,7,0.5833333333333334,indirect
CellOntology_SUB,0-150,SingleCall_gemma4b,8,2,1,0.5,indirect
CellOntology_SUB,0-150,SingleCall_matched,1,135,81,0.6,direct
CellOntology_SUB,0-150,SingleCall_matched,2,141,90,0.6382978723404256,indirect
CellOntology_SUB,0-150,SingleCall_matched,3,121,77,0.6363636363636364,indirect
CellOntology_SUB,0-150,SingleCall_matched,4,92,60,0.6521739130434783,indirect
CellOntology_SUB,0-150,SingleCall_matched,5,69,46,0.6666666666666666,indirect
CellOntology_SUB,0-150,SingleCall_matched,6,33,22,0.6666666666666666,indirect
CellOntology_SUB,0-150,SingleCall_matched,7,12,8,0.6666666666666666,indirect
CellOntology_SUB,0-150,SingleCall_matched,8,2,1,0.5,indirect
CellOntology_SUB,0-150,SingleCall_nomerge,1,135,7,0.05185185185185185,direct
CellOntology_SUB,0-150,SingleCall_nomerge,2,141,15,0.10638297872340426,indirect
CellOntology_SUB,0-150,SingleCall_nomerge,3,121,16,0.1322314049586777,indirect
CellOntology_SUB,0-150,SingleCall_nomerge,4,92,10,0.10869565217391304,indirect
CellOntology_SUB,0-150,SingleCall_nomerge,5,69,10,0.14492753623188406,indirect
CellOntology_SUB,0-150,SingleCall_nomerge,6,33,3,0.09090909090909091,indirect
CellOntology_SUB,0-150,SingleCall_nomerge,7,12,0,0.0,indirect
CellOntology_SUB,0-150,SingleCall_nomerge,8,2,0,0.0,indirect
CellOntology_SUB,0-150,TaxoLLaMA_PPL15.0,1,135,40,0.2962962962962963,direct
CellOntology_SUB,0-150,TaxoLLaMA_PPL15.0,2,141,50,0.3546099290780142,indirect
CellOntology_SUB,0-150,TaxoLLaMA_PPL15.0,3,121,42,0.34710743801652894,indirect
CellOntology_SUB,0-150,TaxoLLaMA_PPL15.0,4,92,32,0.34782608695652173,indirect
CellOntology_SUB,0-150,TaxoLLaMA_PPL15.0,5,69,22,0.3188405797101449,indirect
CellOntology_SUB,0-150,TaxoLLaMA_PPL15.0,6,33,10,0.30303030303030304,indirect
CellOntology_SUB,0-150,TaxoLLaMA_PPL15.0,7,12,3,0.25,indirect
CellOntology_SUB,0-150,TaxoLLaMA_PPL15.0,8,2,0,0.0,indirect
CellOntology_SUB,0-150,Vector,1,135,52,0.3851851851851852,direct
CellOntology_SUB,0-150,Vector,2,141,34,0.24113475177304963,indirect
CellOntology_SUB,0-150,Vector,3,121,13,0.10743801652892562,indirect
CellOntology_SUB,0-150,Vector,4,92,8,0.08695652173913043,indirect
CellOntology_SUB,0-150,Vector,5,69,4,0.057971014492753624,indirect
CellOntology_SUB,0-150,Vector,6,33,5,0.15151515151515152,indirect
CellOntology_SUB,0-150,Vector,7,12,1,0.08333333333333333,indirect
CellOntology_SUB,0-150,Vector,8,2,1,0.5,indirect
LLMs4OL_MatOnto_FULL,151-1000,LLMZero,1,521,161,0.30902111324376197,direct
LLMs4OL_MatOnto_FULL,151-1000,LLMZero,2,358,29,0.08100558659217877,indirect
LLMs4OL_MatOnto_FULL,151-1000,LLMZero,3,293,3,0.010238907849829351,indirect
LLMs4OL_MatOnto_FULL,151-1000,LLMZero,4,258,2,0.007751937984496124,indirect
LLMs4OL_MatOnto_FULL,151-1000,LLMZero,5,75,0,0.0,indirect
LLMs4OL_MatOnto_FULL,151-1000,LLMZero,6,17,0,0.0,indirect
LLMs4OL_MatOnto_FULL,151-1000,LLMZero,7,1,0,0.0,indirect
LLMs4OL_MatOnto_FULL,151-1000,Lexical,1,521,198,0.3800383877159309,direct
LLMs4OL_MatOnto_FULL,151-1000,Lexical,2,358,26,0.07262569832402235,indirect
LLMs4OL_MatOnto_FULL,151-1000,Lexical,3,293,18,0.06143344709897611,indirect
LLMs4OL_MatOnto_FULL,151-1000,Lexical,4,258,0,0.0,indirect
LLMs4OL_MatOnto_FULL,151-1000,Lexical,5,75,0,0.0,indirect
LLMs4OL_MatOnto_FULL,151-1000,Lexical,6,17,0,0.0,indirect
LLMs4OL_MatOnto_FULL,151-1000,Lexical,7,1,0,0.0,indirect
LLMs4OL_MatOnto_FULL,151-1000,OurMethod,1,521,460,0.8829174664107485,direct
LLMs4OL_MatOnto_FULL,151-1000,OurMethod,2,358,313,0.8743016759776536,indirect
LLMs4OL_MatOnto_FULL,151-1000,OurMethod,3,293,271,0.9249146757679181,indirect
LLMs4OL_MatOnto_FULL,151-1000,OurMethod,4,258,252,0.9767441860465116,indirect
LLMs4OL_MatOnto_FULL,151-1000,OurMethod,5,75,74,0.9866666666666667,indirect
LLMs4OL_MatOnto_FULL,151-1000,OurMethod,6,17,17,1.0,indirect
LLMs4OL_MatOnto_FULL,151-1000,OurMethod,7,1,1,1.0,indirect
LLMs4OL_MatOnto_FULL,151-1000,Our_Method_k=1000,1,521,453,0.8694817658349329,direct
LLMs4OL_MatOnto_FULL,151-1000,Our_Method_k=1000,2,358,259,0.723463687150838,indirect
LLMs4OL_MatOnto_FULL,151-1000,Our_Method_k=1000,3,293,198,0.6757679180887372,indirect
LLMs4OL_MatOnto_FULL,151-1000,Our_Method_k=1000,4,258,217,0.8410852713178295,indirect
LLMs4OL_MatOnto_FULL,151-1000,Our_Method_k=1000,5,75,67,0.8933333333333333,indirect
LLMs4OL_MatOnto_FULL,151-1000,Our_Method_k=1000,6,17,14,0.8235294117647058,indirect
LLMs4OL_MatOnto_FULL,151-1000,Our_Method_k=1000,7,1,1,1.0,indirect
LLMs4OL_MatOnto_FULL,151-1000,SBU_Batch,1,521,138,0.2648752399232246,direct
LLMs4OL_MatOnto_FULL,151-1000,SBU_Batch,2,358,20,0.055865921787709494,indirect
LLMs4OL_MatOnto_FULL,151-1000,SBU_Batch,3,293,9,0.030716723549488054,indirect
LLMs4OL_MatOnto_FULL,151-1000,SBU_Batch,4,258,0,0.0,indirect
LLMs4OL_MatOnto_FULL,151-1000,SBU_Batch,5,75,0,0.0,indirect
LLMs4OL_MatOnto_FULL,151-1000,SBU_Batch,6,17,0,0.0,indirect
LLMs4OL_MatOnto_FULL,151-1000,SBU_Batch,7,1,0,0.0,indirect
LLMs4OL_MatOnto_FULL,151-1000,SBU_Embedding,1,521,79,0.15163147792706333,direct
LLMs4OL_MatOnto_FULL,151-1000,SBU_Embedding,2,358,7,0.019553072625698324,indirect
LLMs4OL_MatOnto_FULL,151-1000,SBU_Embedding,3,293,1,0.0034129692832764505,indirect
LLMs4OL_MatOnto_FULL,151-1000,SBU_Embedding,4,258,0,0.0,indirect
LLMs4OL_MatOnto_FULL,151-1000,SBU_Embedding,5,75,0,0.0,indirect
LLMs4OL_MatOnto_FULL,151-1000,SBU_Embedding,6,17,0,0.0,indirect
LLMs4OL_MatOnto_FULL,151-1000,SBU_Embedding,7,1,0,0.0,indirect
LLMs4OL_MatOnto_SUB,0-150,Density_m1,1,90,71,0.7888888888888889,direct
LLMs4OL_MatOnto_SUB,0-150,Density_m1,2,62,45,0.7258064516129032,indirect
LLMs4OL_MatOnto_SUB,0-150,Density_m1,3,53,40,0.7547169811320755,indirect
LLMs4OL_MatOnto_SUB,0-150,Density_m1,4,45,36,0.8,indirect
LLMs4OL_MatOnto_SUB,0-150,Density_m1,5,16,13,0.8125,indirect
LLMs4OL_MatOnto_SUB,0-150,Density_m1,6,3,2,0.6666666666666666,indirect
LLMs4OL_MatOnto_SUB,0-150,Density_m10,1,90,60,0.6666666666666666,direct
LLMs4OL_MatOnto_SUB,0-150,Density_m10,2,62,31,0.5,indirect
LLMs4OL_MatOnto_SUB,0-150,Density_m10,3,53,15,0.2830188679245283,indirect
LLMs4OL_MatOnto_SUB,0-150,Density_m10,4,45,3,0.06666666666666667,indirect
LLMs4OL_MatOnto_SUB,0-150,Density_m10,5,16,1,0.0625,indirect
LLMs4OL_MatOnto_SUB,0-150,Density_m10,6,3,0,0.0,indirect
LLMs4OL_MatOnto_SUB,0-150,Density_m100,1,90,60,0.6666666666666666,direct
LLMs4OL_MatOnto_SUB,0-150,Density_m100,2,62,36,0.5806451612903226,indirect
LLMs4OL_MatOnto_SUB,0-150,Density_m100,3,53,40,0.7547169811320755,indirect
LLMs4OL_MatOnto_SUB,0-150,Density_m100,4,45,22,0.4888888888888889,indirect
LLMs4OL_MatOnto_SUB,0-150,Density_m100,5,16,5,0.3125,indirect
LLMs4OL_MatOnto_SUB,0-150,Density_m100,6,3,0,0.0,indirect
LLMs4OL_MatOnto_SUB,0-150,Density_m2,1,90,71,0.7888888888888889,direct
LLMs4OL_MatOnto_SUB,0-150,Density_m2,2,62,33,0.532258064516129,indirect
LLMs4OL_MatOnto_SUB,0-150,Density_m2,3,53,23,0.4339622641509434,indirect
LLMs4OL_MatOnto_SUB,0-150,Density_m2,4,45,13,0.28888888888888886,indirect
LLMs4OL_MatOnto_SUB,0-150,Density_m2,5,16,2,0.125,indirect
LLMs4OL_MatOnto_SUB,0-150,Density_m2,6,3,0,0.0,indirect
LLMs4OL_MatOnto_SUB,0-150,Density_m25,1,90,61,0.6777777777777778,direct
LLMs4OL_MatOnto_SUB,0-150,Density_m25,2,62,32,0.5161290322580645,indirect
LLMs4OL_MatOnto_SUB,0-150,Density_m25,3,53,16,0.3018867924528302,indirect
LLMs4OL_MatOnto_SUB,0-150,Density_m25,4,45,8,0.17777777777777778,indirect
LLMs4OL_MatOnto_SUB,0-150,Density_m25,5,16,2,0.125,indirect
LLMs4OL_MatOnto_SUB,0-150,Density_m25,6,3,0,0.0,indirect
LLMs4OL_MatOnto_SUB,0-150,Density_m5,1,90,64,0.7111111111111111,direct
LLMs4OL_MatOnto_SUB,0-150,Density_m5,2,62,28,0.45161290322580644,indirect
LLMs4OL_MatOnto_SUB,0-150,Density_m5,3,53,19,0.3584905660377358,indirect
LLMs4OL_MatOnto_SUB,0-150,Density_m5,4,45,10,0.2222222222222222,indirect
LLMs4OL_MatOnto_SUB,0-150,Density_m5,5,16,2,0.125,indirect
LLMs4OL_MatOnto_SUB,0-150,Density_m5,6,3,0,0.0,indirect
LLMs4OL_MatOnto_SUB,0-150,Density_m50,1,90,59,0.6555555555555556,direct
LLMs4OL_MatOnto_SUB,0-150,Density_m50,2,62,37,0.5967741935483871,indirect
LLMs4OL_MatOnto_SUB,0-150,Density_m50,3,53,24,0.4528301886792453,indirect
LLMs4OL_MatOnto_SUB,0-150,Density_m50,4,45,13,0.28888888888888886,indirect
LLMs4OL_MatOnto_SUB,0-150,Density_m50,5,16,2,0.125,indirect
LLMs4OL_MatOnto_SUB,0-150,Density_m50,6,3,0,0.0,indirect
LLMs4OL_MatOnto_SUB,0-150,LLMZero,1,90,58,0.6444444444444445,direct
LLMs4OL_MatOnto_SUB,0-150,LLMZero,2,62,13,0.20967741935483872,indirect
LLMs4OL_MatOnto_SUB,0-150,LLMZero,3,53,2,0.03773584905660377,indirect
LLMs4OL_MatOnto_SUB,0-150,LLMZero,4,45,0,0.0,indirect
LLMs4OL_MatOnto_SUB,0-150,LLMZero,5,16,0,0.0,indirect
LLMs4OL_MatOnto_SUB,0-150,LLMZero,6,3,0,0.0,indirect
LLMs4OL_MatOnto_SUB,0-150,Lexical,1,90,33,0.36666666666666664,direct
LLMs4OL_MatOnto_SUB,0-150,Lexical,2,62,6,0.0967741935483871,indirect
LLMs4OL_MatOnto_SUB,0-150,Lexical,3,53,2,0.03773584905660377,indirect
LLMs4OL_MatOnto_SUB,0-150,Lexical,4,45,0,0.0,indirect
LLMs4OL_MatOnto_SUB,0-150,Lexical,5,16,0,0.0,indirect
LLMs4OL_MatOnto_SUB,0-150,Lexical,6,3,0,0.0,indirect
LLMs4OL_MatOnto_SUB,0-150,OurMethod,1,90,80,0.8888888888888888,direct
LLMs4OL_MatOnto_SUB,0-150,OurMethod,2,62,54,0.8709677419354839,indirect
LLMs4OL_MatOnto_SUB,0-150,OurMethod,3,53,48,0.9056603773584906,indirect
LLMs4OL_MatOnto_SUB,0-150,OurMethod,4,45,42,0.9333333333333333,indirect
LLMs4OL_MatOnto_SUB,0-150,OurMethod,5,16,15,0.9375,indirect
LLMs4OL_MatOnto_SUB,0-150,OurMethod,6,3,3,1.0,indirect
LLMs4OL_MatOnto_SUB,0-150,Our_Method_+restructure_k1000_clawback0,1,90,76,0.8444444444444444,direct
LLMs4OL_MatOnto_SUB,0-150,Our_Method_+restructure_k1000_clawback0,2,62,54,0.8709677419354839,indirect
LLMs4OL_MatOnto_SUB,0-150,Our_Method_+restructure_k1000_clawback0,3,53,45,0.8490566037735849,indirect
LLMs4OL_MatOnto_SUB,0-150,Our_Method_+restructure_k1000_clawback0,4,45,41,0.9111111111111111,indirect
LLMs4OL_MatOnto_SUB,0-150,Our_Method_+restructure_k1000_clawback0,5,16,15,0.9375,indirect
LLMs4OL_MatOnto_SUB,0-150,Our_Method_+restructure_k1000_clawback0,6,3,2,0.6666666666666666,indirect
LLMs4OL_MatOnto_SUB,0-150,Our_Method_+restructure_prune_only_top10_+rank_leverage_k1000_clawback0,1,90,71,0.7888888888888889,direct
LLMs4OL_MatOnto_SUB,0-150,Our_Method_+restructure_prune_only_top10_+rank_leverage_k1000_clawback0,2,62,48,0.7741935483870968,indirect
LLMs4OL_MatOnto_SUB,0-150,Our_Method_+restructure_prune_only_top10_+rank_leverage_k1000_clawback0,3,53,31,0.5849056603773585,indirect
LLMs4OL_MatOnto_SUB,0-150,Our_Method_+restructure_prune_only_top10_+rank_leverage_k1000_clawback0,4,45,34,0.7555555555555555,indirect
LLMs4OL_MatOnto_SUB,0-150,Our_Method_+restructure_prune_only_top10_+rank_leverage_k1000_clawback0,5,16,13,0.8125,indirect
LLMs4OL_MatOnto_SUB,0-150,Our_Method_+restructure_prune_only_top10_+rank_leverage_k1000_clawback0,6,3,2,0.6666666666666666,indirect
LLMs4OL_MatOnto_SUB,0-150,Our_Method_+restructure_prune_only_top10_+rank_neighborhood_k1000_clawback0,1,90,75,0.8333333333333334,direct
LLMs4OL_MatOnto_SUB,0-150,Our_Method_+restructure_prune_only_top10_+rank_neighborhood_k1000_clawback0,2,62,51,0.8225806451612904,indirect
LLMs4OL_MatOnto_SUB,0-150,Our_Method_+restructure_prune_only_top10_+rank_neighborhood_k1000_clawback0,3,53,26,0.49056603773584906,indirect
LLMs4OL_MatOnto_SUB,0-150,Our_Method_+restructure_prune_only_top10_+rank_neighborhood_k1000_clawback0,4,45,14,0.3111111111111111,indirect
LLMs4OL_MatOnto_SUB,0-150,Our_Method_+restructure_prune_only_top10_+rank_neighborhood_k1000_clawback0,5,16,4,0.25,indirect
LLMs4OL_MatOnto_SUB,0-150,Our_Method_+restructure_prune_only_top10_+rank_neighborhood_k1000_clawback0,6,3,0,0.0,indirect
LLMs4OL_MatOnto_SUB,0-150,Our_Method_+restructure_prune_only_top10_+rank_salience_k1000_clawback0,1,90,77,0.8555555555555555,direct
LLMs4OL_MatOnto_SUB,0-150,Our_Method_+restructure_prune_only_top10_+rank_salience_k1000_clawback0,2,62,54,0.8709677419354839,indirect
LLMs4OL_MatOnto_SUB,0-150,Our_Method_+restructure_prune_only_top10_+rank_salience_k1000_clawback0,3,53,46,0.8679245283018868,indirect
LLMs4OL_MatOnto_SUB,0-150,Our_Method_+restructure_prune_only_top10_+rank_salience_k1000_clawback0,4,45,40,0.8888888888888888,indirect
LLMs4OL_MatOnto_SUB,0-150,Our_Method_+restructure_prune_only_top10_+rank_salience_k1000_clawback0,5,16,14,0.875,indirect
LLMs4OL_MatOnto_SUB,0-150,Our_Method_+restructure_prune_only_top10_+rank_salience_k1000_clawback0,6,3,2,0.6666666666666666,indirect
LLMs4OL_MatOnto_SUB,0-150,Our_Method_+restructure_prune_only_top10_+rank_self_agreement_k1000_clawback0,1,90,76,0.8444444444444444,direct
LLMs4OL_MatOnto_SUB,0-150,Our_Method_+restructure_prune_only_top10_+rank_self_agreement_k1000_clawback0,2,62,52,0.8387096774193549,indirect
LLMs4OL_MatOnto_SUB,0-150,Our_Method_+restructure_prune_only_top10_+rank_self_agreement_k1000_clawback0,3,53,46,0.8679245283018868,indirect
LLMs4OL_MatOnto_SUB,0-150,Our_Method_+restructure_prune_only_top10_+rank_self_agreement_k1000_clawback0,4,45,40,0.8888888888888888,indirect
LLMs4OL_MatOnto_SUB,0-150,Our_Method_+restructure_prune_only_top10_+rank_self_agreement_k1000_clawback0,5,16,14,0.875,indirect
LLMs4OL_MatOnto_SUB,0-150,Our_Method_+restructure_prune_only_top10_+rank_self_agreement_k1000_clawback0,6,3,2,0.6666666666666666,indirect
LLMs4OL_MatOnto_SUB,0-150,Our_Method_+restructure_prune_only_top10_k1000_clawback0,1,90,77,0.8555555555555555,direct
LLMs4OL_MatOnto_SUB,0-150,Our_Method_+restructure_prune_only_top10_k1000_clawback0,2,62,54,0.8709677419354839,indirect
LLMs4OL_MatOnto_SUB,0-150,Our_Method_+restructure_prune_only_top10_k1000_clawback0,3,53,45,0.8490566037735849,indirect
LLMs4OL_MatOnto_SUB,0-150,Our_Method_+restructure_prune_only_top10_k1000_clawback0,4,45,39,0.8666666666666667,indirect
LLMs4OL_MatOnto_SUB,0-150,Our_Method_+restructure_prune_only_top10_k1000_clawback0,5,16,14,0.875,indirect
LLMs4OL_MatOnto_SUB,0-150,Our_Method_+restructure_prune_only_top10_k1000_clawback0,6,3,2,0.6666666666666666,indirect
LLMs4OL_MatOnto_SUB,0-150,Our_Method_+restructure_prune_only_top25_k1000_clawback0,1,90,76,0.8444444444444444,direct
LLMs4OL_MatOnto_SUB,0-150,Our_Method_+restructure_prune_only_top25_k1000_clawback0,2,62,53,0.8548387096774194,indirect
LLMs4OL_MatOnto_SUB,0-150,Our_Method_+restructure_prune_only_top25_k1000_clawback0,3,53,44,0.8301886792452831,indirect
LLMs4OL_MatOnto_SUB,0-150,Our_Method_+restructure_prune_only_top25_k1000_clawback0,4,45,38,0.8444444444444444,indirect
LLMs4OL_MatOnto_SUB,0-150,Our_Method_+restructure_prune_only_top25_k1000_clawback0,5,16,14,0.875,indirect
LLMs4OL_MatOnto_SUB,0-150,Our_Method_+restructure_prune_only_top25_k1000_clawback0,6,3,2,0.6666666666666666,indirect
LLMs4OL_MatOnto_SUB,0-150,Our_Method_+restructure_ranked_k1000_clawback0,1,90,81,0.9,direct
LLMs4OL_MatOnto_SUB,0-150,Our_Method_+restructure_ranked_k1000_clawback0,2,62,53,0.8548387096774194,indirect
LLMs4OL_MatOnto_SUB,0-150,Our_Method_+restructure_ranked_k1000_clawback0,3,53,47,0.8867924528301887,indirect
LLMs4OL_MatOnto_SUB,0-150,Our_Method_+restructure_ranked_k1000_clawback0,4,45,43,0.9555555555555556,indirect
LLMs4OL_MatOnto_SUB,0-150,Our_Method_+restructure_ranked_k1000_clawback0,5,16,16,1.0,indirect
LLMs4OL_MatOnto_SUB,0-150,Our_Method_+restructure_ranked_k1000_clawback0,6,3,3,1.0,indirect
LLMs4OL_MatOnto_SUB,0-150,Our_Method_+restructure_ranked_top25_k1000_clawback0,1,90,77,0.8555555555555555,direct
LLMs4OL_MatOnto_SUB,0-150,Our_Method_+restructure_ranked_top25_k1000_clawback0,2,62,54,0.8709677419354839,indirect
LLMs4OL_MatOnto_SUB,0-150,Our_Method_+restructure_ranked_top25_k1000_clawback0,3,53,45,0.8490566037735849,indirect
LLMs4OL_MatOnto_SUB,0-150,Our_Method_+restructure_ranked_top25_k1000_clawback0,4,45,39,0.8666666666666667,indirect
LLMs4OL_MatOnto_SUB,0-150,Our_Method_+restructure_ranked_top25_k1000_clawback0,5,16,14,0.875,indirect
LLMs4OL_MatOnto_SUB,0-150,Our_Method_+restructure_ranked_top25_k1000_clawback0,6,3,2,0.6666666666666666,indirect
LLMs4OL_MatOnto_SUB,0-150,Our_Method_alt_Prompt_k1000_clawback0,1,90,84,0.9333333333333333,direct
LLMs4OL_MatOnto_SUB,0-150,Our_Method_alt_Prompt_k1000_clawback0,2,62,55,0.8870967741935484,indirect
LLMs4OL_MatOnto_SUB,0-150,Our_Method_alt_Prompt_k1000_clawback0,3,53,49,0.9245283018867925,indirect
LLMs4OL_MatOnto_SUB,0-150,Our_Method_alt_Prompt_k1000_clawback0,4,45,45,1.0,indirect
LLMs4OL_MatOnto_SUB,0-150,Our_Method_alt_Prompt_k1000_clawback0,5,16,16,1.0,indirect
LLMs4OL_MatOnto_SUB,0-150,Our_Method_alt_Prompt_k1000_clawback0,6,3,3,1.0,indirect
LLMs4OL_MatOnto_SUB,0-150,Our_Method_alt_Prompt_k=1000,1,90,23,0.25555555555555554,direct
LLMs4OL_MatOnto_SUB,0-150,Our_Method_alt_Prompt_k=1000,2,62,15,0.24193548387096775,indirect
LLMs4OL_MatOnto_SUB,0-150,Our_Method_alt_Prompt_k=1000,3,53,3,0.05660377358490566,indirect
LLMs4OL_MatOnto_SUB,0-150,Our_Method_alt_Prompt_k=1000,4,45,0,0.0,indirect
LLMs4OL_MatOnto_SUB,0-150,Our_Method_alt_Prompt_k=1000,5,16,0,0.0,indirect
LLMs4OL_MatOnto_SUB,0-150,Our_Method_alt_Prompt_k=1000,6,3,0,0.0,indirect
LLMs4OL_MatOnto_SUB,0-150,Our_Method_direct_k1000_clawback0,1,90,81,0.9,direct
LLMs4OL_MatOnto_SUB,0-150,Our_Method_direct_k1000_clawback0,2,62,55,0.8870967741935484,indirect
LLMs4OL_MatOnto_SUB,0-150,Our_Method_direct_k1000_clawback0,3,53,49,0.9245283018867925,indirect
LLMs4OL_MatOnto_SUB,0-150,Our_Method_direct_k1000_clawback0,4,45,42,0.9333333333333333,indirect
LLMs4OL_MatOnto_SUB,0-150,Our_Method_direct_k1000_clawback0,5,16,14,0.875,indirect
LLMs4OL_MatOnto_SUB,0-150,Our_Method_direct_k1000_clawback0,6,3,3,1.0,indirect
LLMs4OL_MatOnto_SUB,0-150,Our_Method_full_json_k1000_clawback0,1,90,76,0.8444444444444444,direct
LLMs4OL_MatOnto_SUB,0-150,Our_Method_full_json_k1000_clawback0,2,62,49,0.7903225806451613,indirect
LLMs4OL_MatOnto_SUB,0-150,Our_Method_full_json_k1000_clawback0,3,53,44,0.8301886792452831,indirect
LLMs4OL_MatOnto_SUB,0-150,Our_Method_full_json_k1000_clawback0,4,45,45,1.0,indirect
LLMs4OL_MatOnto_SUB,0-150,Our_Method_full_json_k1000_clawback0,5,16,16,1.0,indirect
LLMs4OL_MatOnto_SUB,0-150,Our_Method_full_json_k1000_clawback0,6,3,3,1.0,indirect
LLMs4OL_MatOnto_SUB,0-150,Our_Method_full_k1000_clawback0,1,90,79,0.8777777777777778,direct
LLMs4OL_MatOnto_SUB,0-150,Our_Method_full_k1000_clawback0,2,62,55,0.8870967741935484,indirect
LLMs4OL_MatOnto_SUB,0-150,Our_Method_full_k1000_clawback0,3,53,49,0.9245283018867925,indirect
LLMs4OL_MatOnto_SUB,0-150,Our_Method_full_k1000_clawback0,4,45,42,0.9333333333333333,indirect
LLMs4OL_MatOnto_SUB,0-150,Our_Method_full_k1000_clawback0,5,16,16,1.0,indirect
LLMs4OL_MatOnto_SUB,0-150,Our_Method_full_k1000_clawback0,6,3,3,1.0,indirect
LLMs4OL_MatOnto_SUB,0-150,Our_Method_isa_k1000_clawback0,1,90,78,0.8666666666666667,direct
LLMs4OL_MatOnto_SUB,0-150,Our_Method_isa_k1000_clawback0,2,62,52,0.8387096774193549,indirect
LLMs4OL_MatOnto_SUB,0-150,Our_Method_isa_k1000_clawback0,3,53,46,0.8679245283018868,indirect
LLMs4OL_MatOnto_SUB,0-150,Our_Method_isa_k1000_clawback0,4,45,43,0.9555555555555556,indirect
LLMs4OL_MatOnto_SUB,0-150,Our_Method_isa_k1000_clawback0,5,16,16,1.0,indirect
LLMs4OL_MatOnto_SUB,0-150,Our_Method_isa_k1000_clawback0,6,3,3,1.0,indirect
LLMs4OL_MatOnto_SUB,0-150,Our_Method_k1000_clawback0,1,90,75,0.8333333333333334,direct
LLMs4OL_MatOnto_SUB,0-150,Our_Method_k1000_clawback0,2,62,49,0.7903225806451613,indirect
LLMs4OL_MatOnto_SUB,0-150,Our_Method_k1000_clawback0,3,53,45,0.8490566037735849,indirect
LLMs4OL_MatOnto_SUB,0-150,Our_Method_k1000_clawback0,4,45,42,0.9333333333333333,indirect
LLMs4OL_MatOnto_SUB,0-150,Our_Method_k1000_clawback0,5,16,16,1.0,indirect
LLMs4OL_MatOnto_SUB,0-150,Our_Method_k1000_clawback0,6,3,3,1.0,indirect
LLMs4OL_MatOnto_SUB,0-150,Our_Method_k1000_clawback0_gemini31b,1,90,75,0.8333333333333334,direct
LLMs4OL_MatOnto_SUB,0-150,Our_Method_k1000_clawback0_gemini31b,2,62,49,0.7903225806451613,indirect
LLMs4OL_MatOnto_SUB,0-150,Our_Method_k1000_clawback0_gemini31b,3,53,45,0.8490566037735849,indirect
LLMs4OL_MatOnto_SUB,0-150,Our_Method_k1000_clawback0_gemini31b,4,45,42,0.9333333333333333,indirect
LLMs4OL_MatOnto_SUB,0-150,Our_Method_k1000_clawback0_gemini31b,5,16,16,1.0,indirect
LLMs4OL_MatOnto_SUB,0-150,Our_Method_k1000_clawback0_gemini31b,6,3,3,1.0,indirect
LLMs4OL_MatOnto_SUB,0-150,Our_Method_k1000_clawback0_gemma4b,1,90,77,0.8555555555555555,direct
LLMs4OL_MatOnto_SUB,0-150,Our_Method_k1000_clawback0_gemma4b,2,62,54,0.8709677419354839,indirect
LLMs4OL_MatOnto_SUB,0-150,Our_Method_k1000_clawback0_gemma4b,3,53,46,0.8679245283018868,indirect
LLMs4OL_MatOnto_SUB,0-150,Our_Method_k1000_clawback0_gemma4b,4,45,40,0.8888888888888888,indirect
LLMs4OL_MatOnto_SUB,0-150,Our_Method_k1000_clawback0_gemma4b,5,16,14,0.875,indirect
LLMs4OL_MatOnto_SUB,0-150,Our_Method_k1000_clawback0_gemma4b,6,3,2,0.6666666666666666,indirect
LLMs4OL_MatOnto_SUB,0-150,Our_Method_k1000_clawback10,1,90,75,0.8333333333333334,direct
LLMs4OL_MatOnto_SUB,0-150,Our_Method_k1000_clawback10,2,62,48,0.7741935483870968,indirect
LLMs4OL_MatOnto_SUB,0-150,Our_Method_k1000_clawback10,3,53,44,0.8301886792452831,indirect
LLMs4OL_MatOnto_SUB,0-150,Our_Method_k1000_clawback10,4,45,43,0.9555555555555556,indirect
LLMs4OL_MatOnto_SUB,0-150,Our_Method_k1000_clawback10,5,16,16,1.0,indirect
LLMs4OL_MatOnto_SUB,0-150,Our_Method_k1000_clawback10,6,3,3,1.0,indirect
LLMs4OL_MatOnto_SUB,0-150,Our_Method_k1000_clawback100,1,90,70,0.7777777777777778,direct
LLMs4OL_MatOnto_SUB,0-150,Our_Method_k1000_clawback100,2,62,42,0.6774193548387096,indirect
LLMs4OL_MatOnto_SUB,0-150,Our_Method_k1000_clawback100,3,53,42,0.7924528301886793,indirect
LLMs4OL_MatOnto_SUB,0-150,Our_Method_k1000_clawback100,4,45,41,0.9111111111111111,indirect
LLMs4OL_MatOnto_SUB,0-150,Our_Method_k1000_clawback100,5,16,16,1.0,indirect
LLMs4OL_MatOnto_SUB,0-150,Our_Method_k1000_clawback100,6,3,3,1.0,indirect
LLMs4OL_MatOnto_SUB,0-150,Our_Method_k1000_clawback25,1,90,76,0.8444444444444444,direct
LLMs4OL_MatOnto_SUB,0-150,Our_Method_k1000_clawback25,2,62,54,0.8709677419354839,indirect
LLMs4OL_MatOnto_SUB,0-150,Our_Method_k1000_clawback25,3,53,45,0.8490566037735849,indirect
LLMs4OL_MatOnto_SUB,0-150,Our_Method_k1000_clawback25,4,45,39,0.8666666666666667,indirect
LLMs4OL_MatOnto_SUB,0-150,Our_Method_k1000_clawback25,5,16,14,0.875,indirect
LLMs4OL_MatOnto_SUB,0-150,Our_Method_k1000_clawback25,6,3,2,0.6666666666666666,indirect
LLMs4OL_MatOnto_SUB,0-150,Our_Method_k1000_clawback5,1,90,75,0.8333333333333334,direct
LLMs4OL_MatOnto_SUB,0-150,Our_Method_k1000_clawback5,2,62,48,0.7741935483870968,indirect
LLMs4OL_MatOnto_SUB,0-150,Our_Method_k1000_clawback5,3,53,44,0.8301886792452831,indirect
LLMs4OL_MatOnto_SUB,0-150,Our_Method_k1000_clawback5,4,45,43,0.9555555555555556,indirect
LLMs4OL_MatOnto_SUB,0-150,Our_Method_k1000_clawback5,5,16,16,1.0,indirect
LLMs4OL_MatOnto_SUB,0-150,Our_Method_k1000_clawback5,6,3,3,1.0,indirect
LLMs4OL_MatOnto_SUB,0-150,Our_Method_k1000_clawback50,1,90,72,0.8,direct
LLMs4OL_MatOnto_SUB,0-150,Our_Method_k1000_clawback50,2,62,48,0.7741935483870968,indirect
LLMs4OL_MatOnto_SUB,0-150,Our_Method_k1000_clawback50,3,53,43,0.8113207547169812,indirect
LLMs4OL_MatOnto_SUB,0-150,Our_Method_k1000_clawback50,4,45,41,0.9111111111111111,indirect
LLMs4OL_MatOnto_SUB,0-150,Our_Method_k1000_clawback50,5,16,16,1.0,indirect
LLMs4OL_MatOnto_SUB,0-150,Our_Method_k1000_clawback50,6,3,3,1.0,indirect
LLMs4OL_MatOnto_SUB,0-150,Our_Method_k1000_clawback75,1,90,71,0.7888888888888889,direct
LLMs4OL_MatOnto_SUB,0-150,Our_Method_k1000_clawback75,2,62,48,0.7741935483870968,indirect
LLMs4OL_MatOnto_SUB,0-150,Our_Method_k1000_clawback75,3,53,43,0.8113207547169812,indirect
LLMs4OL_MatOnto_SUB,0-150,Our_Method_k1000_clawback75,4,45,41,0.9111111111111111,indirect
LLMs4OL_MatOnto_SUB,0-150,Our_Method_k1000_clawback75,5,16,16,1.0,indirect
LLMs4OL_MatOnto_SUB,0-150,Our_Method_k1000_clawback75,6,3,3,1.0,indirect
LLMs4OL_MatOnto_SUB,0-150,Our_Method_legacy_json_k1000_clawback0,1,90,19,0.2111111111111111,direct
LLMs4OL_MatOnto_SUB,0-150,Our_Method_legacy_json_k1000_clawback0,2,62,6,0.0967741935483871,indirect
LLMs4OL_MatOnto_SUB,0-150,Our_Method_legacy_json_k1000_clawback0,3,53,5,0.09433962264150944,indirect
LLMs4OL_MatOnto_SUB,0-150,Our_Method_legacy_json_k1000_clawback0,4,45,0,0.0,indirect
LLMs4OL_MatOnto_SUB,0-150,Our_Method_legacy_json_k1000_clawback0,5,16,0,0.0,indirect
LLMs4OL_MatOnto_SUB,0-150,Our_Method_legacy_json_k1000_clawback0,6,3,0,0.0,indirect
LLMs4OL_MatOnto_SUB,0-150,Our_Method_no_conversational_k1000_clawback0,1,90,78,0.8666666666666667,direct
LLMs4OL_MatOnto_SUB,0-150,Our_Method_no_conversational_k1000_clawback0,2,62,51,0.8225806451612904,indirect
LLMs4OL_MatOnto_SUB,0-150,Our_Method_no_conversational_k1000_clawback0,3,53,50,0.9433962264150944,indirect
LLMs4OL_MatOnto_SUB,0-150,Our_Method_no_conversational_k1000_clawback0,4,45,44,0.9777777777777777,indirect
LLMs4OL_MatOnto_SUB,0-150,Our_Method_no_conversational_k1000_clawback0,5,16,16,1.0,indirect
LLMs4OL_MatOnto_SUB,0-150,Our_Method_no_conversational_k1000_clawback0,6,3,3,1.0,indirect
LLMs4OL_MatOnto_SUB,0-150,Our_Method_no_example_k1000_clawback0,1,90,81,0.9,direct
LLMs4OL_MatOnto_SUB,0-150,Our_Method_no_example_k1000_clawback0,2,62,52,0.8387096774193549,indirect
LLMs4OL_MatOnto_SUB,0-150,Our_Method_no_example_k1000_clawback0,3,53,51,0.9622641509433962,indirect
LLMs4OL_MatOnto_SUB,0-150,Our_Method_no_example_k1000_clawback0,4,45,44,0.9777777777777777,indirect
LLMs4OL_MatOnto_SUB,0-150,Our_Method_no_example_k1000_clawback0,5,16,16,1.0,indirect
LLMs4OL_MatOnto_SUB,0-150,Our_Method_no_example_k1000_clawback0,6,3,3,1.0,indirect
LLMs4OL_MatOnto_SUB,0-150,Our_Method_no_quantifier_k1000_clawback0,1,90,85,0.9444444444444444,direct
LLMs4OL_MatOnto_SUB,0-150,Our_Method_no_quantifier_k1000_clawback0,2,62,56,0.9032258064516129,indirect
LLMs4OL_MatOnto_SUB,0-150,Our_Method_no_quantifier_k1000_clawback0,3,53,52,0.9811320754716981,indirect
LLMs4OL_MatOnto_SUB,0-150,Our_Method_no_quantifier_k1000_clawback0,4,45,45,1.0,indirect
LLMs4OL_MatOnto_SUB,0-150,Our_Method_no_quantifier_k1000_clawback0,5,16,16,1.0,indirect
LLMs4OL_MatOnto_SUB,0-150,Our_Method_no_quantifier_k1000_clawback0,6,3,3,1.0,indirect
LLMs4OL_MatOnto_SUB,0-150,Our_Method_no_restriction_k1000_clawback0,1,90,79,0.8777777777777778,direct
LLMs4OL_MatOnto_SUB,0-150,Our_Method_no_restriction_k1000_clawback0,2,62,51,0.8225806451612904,indirect
LLMs4OL_MatOnto_SUB,0-150,Our_Method_no_restriction_k1000_clawback0,3,53,45,0.8490566037735849,indirect
LLMs4OL_MatOnto_SUB,0-150,Our_Method_no_restriction_k1000_clawback0,4,45,42,0.9333333333333333,indirect
LLMs4OL_MatOnto_SUB,0-150,Our_Method_no_restriction_k1000_clawback0,5,16,16,1.0,indirect
LLMs4OL_MatOnto_SUB,0-150,Our_Method_no_restriction_k1000_clawback0,6,3,3,1.0,indirect
LLMs4OL_MatOnto_SUB,0-150,Our_Method_oneway_k1000_clawback0,1,90,75,0.8333333333333334,direct
LLMs4OL_MatOnto_SUB,0-150,Our_Method_oneway_k1000_clawback0,2,62,49,0.7903225806451613,indirect
LLMs4OL_MatOnto_SUB,0-150,Our_Method_oneway_k1000_clawback0,3,53,46,0.8679245283018868,indirect
LLMs4OL_MatOnto_SUB,0-150,Our_Method_oneway_k1000_clawback0,4,45,43,0.9555555555555556,indirect
LLMs4OL_MatOnto_SUB,0-150,Our_Method_oneway_k1000_clawback0,5,16,15,0.9375,indirect
LLMs4OL_MatOnto_SUB,0-150,Our_Method_oneway_k1000_clawback0,6,3,3,1.0,indirect
LLMs4OL_MatOnto_SUB,0-150,SBU_Batch,1,90,46,0.5111111111111111,direct
LLMs4OL_MatOnto_SUB,0-150,SBU_Batch,2,62,12,0.1935483870967742,indirect
LLMs4OL_MatOnto_SUB,0-150,SBU_Batch,3,53,4,0.07547169811320754,indirect
LLMs4OL_MatOnto_SUB,0-150,SBU_Batch,4,45,2,0.044444444444444446,indirect
LLMs4OL_MatOnto_SUB,0-150,SBU_Batch,5,16,2,0.125,indirect
LLMs4OL_MatOnto_SUB,0-150,SBU_Batch,6,3,1,0.3333333333333333,indirect
LLMs4OL_MatOnto_SUB,0-150,SBU_Embedding,1,90,34,0.37777777777777777,direct
LLMs4OL_MatOnto_SUB,0-150,SBU_Embedding,2,62,2,0.03225806451612903,indirect
LLMs4OL_MatOnto_SUB,0-150,SBU_Embedding,3,53,0,0.0,indirect
LLMs4OL_MatOnto_SUB,0-150,SBU_Embedding,4,45,0,0.0,indirect
LLMs4OL_MatOnto_SUB,0-150,SBU_Embedding,5,16,0,0.0,indirect
LLMs4OL_MatOnto_SUB,0-150,SBU_Embedding,6,3,0,0.0,indirect
LLMs4OL_MatOnto_SUB,0-150,SingleCall,1,90,56,0.6222222222222222,direct
LLMs4OL_MatOnto_SUB,0-150,SingleCall,2,62,12,0.1935483870967742,indirect
LLMs4OL_MatOnto_SUB,0-150,SingleCall,3,53,3,0.05660377358490566,indirect
LLMs4OL_MatOnto_SUB,0-150,SingleCall,4,45,1,0.022222222222222223,indirect
LLMs4OL_MatOnto_SUB,0-150,SingleCall,5,16,0,0.0,indirect
LLMs4OL_MatOnto_SUB,0-150,SingleCall,6,3,0,0.0,indirect
LLMs4OL_MatOnto_SUB,0-150,SingleCall_gemini31b,1,90,69,0.7666666666666667,direct
LLMs4OL_MatOnto_SUB,0-150,SingleCall_gemini31b,2,62,42,0.6774193548387096,indirect
LLMs4OL_MatOnto_SUB,0-150,SingleCall_gemini31b,3,53,39,0.7358490566037735,indirect
LLMs4OL_MatOnto_SUB,0-150,SingleCall_gemini31b,4,45,40,0.8888888888888888,indirect
LLMs4OL_MatOnto_SUB,0-150,SingleCall_gemini31b,5,16,16,1.0,indirect
LLMs4OL_MatOnto_SUB,0-150,SingleCall_gemini31b,6,3,3,1.0,indirect
LLMs4OL_MatOnto_SUB,0-150,SingleCall_gemma4b,1,90,57,0.6333333333333333,direct
LLMs4OL_MatOnto_SUB,0-150,SingleCall_gemma4b,2,62,28,0.45161290322580644,indirect
LLMs4OL_MatOnto_SUB,0-150,SingleCall_gemma4b,3,53,28,0.5283018867924528,indirect
LLMs4OL_MatOnto_SUB,0-150,SingleCall_gemma4b,4,45,26,0.5777777777777777,indirect
LLMs4OL_MatOnto_SUB,0-150,SingleCall_gemma4b,5,16,6,0.375,indirect
LLMs4OL_MatOnto_SUB,0-150,SingleCall_gemma4b,6,3,0,0.0,indirect
LLMs4OL_MatOnto_SUB,0-150,SingleCall_matched,1,90,55,0.6111111111111112,direct
LLMs4OL_MatOnto_SUB,0-150,SingleCall_matched,2,62,25,0.4032258064516129,indirect
LLMs4OL_MatOnto_SUB,0-150,SingleCall_matched,3,53,20,0.37735849056603776,indirect
LLMs4OL_MatOnto_SUB,0-150,SingleCall_matched,4,45,16,0.35555555555555557,indirect
LLMs4OL_MatOnto_SUB,0-150,SingleCall_matched,5,16,4,0.25,indirect
LLMs4OL_MatOnto_SUB,0-150,SingleCall_matched,6,3,0,0.0,indirect
LLMs4OL_MatOnto_SUB,0-150,SingleCall_nomerge,1,90,56,0.6222222222222222,direct
LLMs4OL_MatOnto_SUB,0-150,SingleCall_nomerge,2,62,12,0.1935483870967742,indirect
LLMs4OL_MatOnto_SUB,0-150,SingleCall_nomerge,3,53,3,0.05660377358490566,indirect
LLMs4OL_MatOnto_SUB,0-150,SingleCall_nomerge,4,45,1,0.022222222222222223,indirect
LLMs4OL_MatOnto_SUB,0-150,SingleCall_nomerge,5,16,0,0.0,indirect
LLMs4OL_MatOnto_SUB,0-150,SingleCall_nomerge,6,3,0,0.0,indirect
LLMs4OL_MatOnto_SUB,0-150,TaxoLLaMA_PPL15.0,1,90,41,0.45555555555555555,direct
LLMs4OL_MatOnto_SUB,0-150,TaxoLLaMA_PPL15.0,2,62,8,0.12903225806451613,indirect
LLMs4OL_MatOnto_SUB,0-150,TaxoLLaMA_PPL15.0,3,53,2,0.03773584905660377,indirect
LLMs4OL_MatOnto_SUB,0-150,TaxoLLaMA_PPL15.0,4,45,0,0.0,indirect
LLMs4OL_MatOnto_SUB,0-150,TaxoLLaMA_PPL15.0,5,16,0,0.0,indirect
LLMs4OL_MatOnto_SUB,0-150,TaxoLLaMA_PPL15.0,6,3,0,0.0,indirect
LLMs4OL_MatOnto_SUB,0-150,Vector,1,90,19,0.2111111111111111,direct
LLMs4OL_MatOnto_SUB,0-150,Vector,2,62,0,0.0,indirect
LLMs4OL_MatOnto_SUB,0-150,Vector,3,53,0,0.0,indirect
LLMs4OL_MatOnto_SUB,0-150,Vector,4,45,0,0.0,indirect
LLMs4OL_MatOnto_SUB,0-150,Vector,5,16,0,0.0,indirect
LLMs4OL_MatOnto_SUB,0-150,Vector,6,3,0,0.0,indirect
LLMs4OL_OBI_SUB,0-150,Density_m1,1,86,64,0.7441860465116279,direct
LLMs4OL_OBI_SUB,0-150,Density_m1,2,64,38,0.59375,indirect
LLMs4OL_OBI_SUB,0-150,Density_m1,3,42,21,0.5,indirect
LLMs4OL_OBI_SUB,0-150,Density_m1,4,27,16,0.5925925925925926,indirect
LLMs4OL_OBI_SUB,0-150,Density_m1,5,21,15,0.7142857142857143,indirect
LLMs4OL_OBI_SUB,0-150,Density_m1,6,15,12,0.8,indirect
LLMs4OL_OBI_SUB,0-150,Density_m1,7,8,7,0.875,indirect
LLMs4OL_OBI_SUB,0-150,Density_m1,8,4,4,1.0,indirect
LLMs4OL_OBI_SUB,0-150,Density_m1,9,1,1,1.0,indirect
LLMs4OL_OBI_SUB,0-150,Density_m10,1,86,59,0.686046511627907,direct
LLMs4OL_OBI_SUB,0-150,Density_m10,2,64,35,0.546875,indirect
LLMs4OL_OBI_SUB,0-150,Density_m10,3,42,18,0.42857142857142855,indirect
LLMs4OL_OBI_SUB,0-150,Density_m10,4,27,9,0.3333333333333333,indirect
LLMs4OL_OBI_SUB,0-150,Density_m10,5,21,5,0.23809523809523808,indirect
LLMs4OL_OBI_SUB,0-150,Density_m10,6,15,5,0.3333333333333333,indirect
LLMs4OL_OBI_SUB,0-150,Density_m10,7,8,4,0.5,indirect
LLMs4OL_OBI_SUB,0-150,Density_m10,8,4,2,0.5,indirect
LLMs4OL_OBI_SUB,0-150,Density_m10,9,1,0,0.0,indirect
LLMs4OL_OBI_SUB,0-150,Density_m100,1,86,54,0.627906976744186,direct
LLMs4OL_OBI_SUB,0-150,Density_m100,2,64,42,0.65625,indirect
LLMs4OL_OBI_SUB,0-150,Density_m100,3,42,26,0.6190476190476191,indirect
LLMs4OL_OBI_SUB,0-150,Density_m100,4,27,13,0.48148148148148145,indirect
LLMs4OL_OBI_SUB,0-150,Density_m100,5,21,7,0.3333333333333333,indirect
LLMs4OL_OBI_SUB,0-150,Density_m100,6,15,4,0.26666666666666666,indirect
LLMs4OL_OBI_SUB,0-150,Density_m100,7,8,2,0.25,indirect
LLMs4OL_OBI_SUB,0-150,Density_m100,8,4,0,0.0,indirect
LLMs4OL_OBI_SUB,0-150,Density_m100,9,1,0,0.0,indirect
LLMs4OL_OBI_SUB,0-150,Density_m2,1,86,64,0.7441860465116279,direct
LLMs4OL_OBI_SUB,0-150,Density_m2,2,64,38,0.59375,indirect
LLMs4OL_OBI_SUB,0-150,Density_m2,3,42,20,0.47619047619047616,indirect
LLMs4OL_OBI_SUB,0-150,Density_m2,4,27,11,0.4074074074074074,indirect
LLMs4OL_OBI_SUB,0-150,Density_m2,5,21,8,0.38095238095238093,indirect
LLMs4OL_OBI_SUB,0-150,Density_m2,6,15,10,0.6666666666666666,indirect
LLMs4OL_OBI_SUB,0-150,Density_m2,7,8,6,0.75,indirect
LLMs4OL_OBI_SUB,0-150,Density_m2,8,4,4,1.0,indirect
LLMs4OL_OBI_SUB,0-150,Density_m2,9,1,1,1.0,indirect
LLMs4OL_OBI_SUB,0-150,Density_m25,1,86,60,0.6976744186046512,direct
LLMs4OL_OBI_SUB,0-150,Density_m25,2,64,37,0.578125,indirect
LLMs4OL_OBI_SUB,0-150,Density_m25,3,42,19,0.4523809523809524,indirect
LLMs4OL_OBI_SUB,0-150,Density_m25,4,27,13,0.48148148148148145,indirect
LLMs4OL_OBI_SUB,0-150,Density_m25,5,21,12,0.5714285714285714,indirect
LLMs4OL_OBI_SUB,0-150,Density_m25,6,15,9,0.6,indirect
LLMs4OL_OBI_SUB,0-150,Density_m25,7,8,5,0.625,indirect
LLMs4OL_OBI_SUB,0-150,Density_m25,8,4,3,0.75,indirect
LLMs4OL_OBI_SUB,0-150,Density_m25,9,1,1,1.0,indirect
LLMs4OL_OBI_SUB,0-150,Density_m5,1,86,58,0.6744186046511628,direct
LLMs4OL_OBI_SUB,0-150,Density_m5,2,64,29,0.453125,indirect
LLMs4OL_OBI_SUB,0-150,Density_m5,3,42,14,0.3333333333333333,indirect
LLMs4OL_OBI_SUB,0-150,Density_m5,4,27,10,0.37037037037037035,indirect
LLMs4OL_OBI_SUB,0-150,Density_m5,5,21,10,0.47619047619047616,indirect
LLMs4OL_OBI_SUB,0-150,Density_m5,6,15,9,0.6,indirect
LLMs4OL_OBI_SUB,0-150,Density_m5,7,8,5,0.625,indirect
LLMs4OL_OBI_SUB,0-150,Density_m5,8,4,3,0.75,indirect
LLMs4OL_OBI_SUB,0-150,Density_m5,9,1,1,1.0,indirect
LLMs4OL_OBI_SUB,0-150,Density_m50,1,86,50,0.5813953488372093,direct
LLMs4OL_OBI_SUB,0-150,Density_m50,2,64,40,0.625,indirect
LLMs4OL_OBI_SUB,0-150,Density_m50,3,42,25,0.5952380952380952,indirect
LLMs4OL_OBI_SUB,0-150,Density_m50,4,27,12,0.4444444444444444,indirect
LLMs4OL_OBI_SUB,0-150,Density_m50,5,21,6,0.2857142857142857,indirect
LLMs4OL_OBI_SUB,0-150,Density_m50,6,15,7,0.4666666666666667,indirect
LLMs4OL_OBI_SUB,0-150,Density_m50,7,8,4,0.5,indirect
LLMs4OL_OBI_SUB,0-150,Density_m50,8,4,3,0.75,indirect
LLMs4OL_OBI_SUB,0-150,Density_m50,9,1,1,1.0,indirect
LLMs4OL_OBI_SUB,0-150,LLMZero,1,86,43,0.5,direct
LLMs4OL_OBI_SUB,0-150,LLMZero,2,64,27,0.421875,indirect
LLMs4OL_OBI_SUB,0-150,LLMZero,3,42,14,0.3333333333333333,indirect
LLMs4OL_OBI_SUB,0-150,LLMZero,4,27,13,0.48148148148148145,indirect
LLMs4OL_OBI_SUB,0-150,LLMZero,5,21,12,0.5714285714285714,indirect
LLMs4OL_OBI_SUB,0-150,LLMZero,6,15,9,0.6,indirect
LLMs4OL_OBI_SUB,0-150,LLMZero,7,8,5,0.625,indirect
LLMs4OL_OBI_SUB,0-150,LLMZero,8,4,3,0.75,indirect
LLMs4OL_OBI_SUB,0-150,LLMZero,9,1,1,1.0,indirect
LLMs4OL_OBI_SUB,0-150,Lexical,1,86,31,0.36046511627906974,direct
LLMs4OL_OBI_SUB,0-150,Lexical,2,64,13,0.203125,indirect
LLMs4OL_OBI_SUB,0-150,Lexical,3,42,3,0.07142857142857142,indirect
LLMs4OL_OBI_SUB,0-150,Lexical,4,27,0,0.0,indirect
LLMs4OL_OBI_SUB,0-150,Lexical,5,21,0,0.0,indirect
LLMs4OL_OBI_SUB,0-150,Lexical,6,15,0,0.0,indirect
LLMs4OL_OBI_SUB,0-150,Lexical,7,8,0,0.0,indirect
LLMs4OL_OBI_SUB,0-150,Lexical,8,4,0,0.0,indirect
LLMs4OL_OBI_SUB,0-150,Lexical,9,1,0,0.0,indirect
LLMs4OL_OBI_SUB,0-150,OurMethod,1,86,74,0.8604651162790697,direct
LLMs4OL_OBI_SUB,0-150,OurMethod,2,64,52,0.8125,indirect
LLMs4OL_OBI_SUB,0-150,OurMethod,3,42,35,0.8333333333333334,indirect
LLMs4OL_OBI_SUB,0-150,OurMethod,4,27,22,0.8148148148148148,indirect
LLMs4OL_OBI_SUB,0-150,OurMethod,5,21,18,0.8571428571428571,indirect
LLMs4OL_OBI_SUB,0-150,OurMethod,6,15,14,0.9333333333333333,indirect
LLMs4OL_OBI_SUB,0-150,OurMethod,7,8,8,1.0,indirect
LLMs4OL_OBI_SUB,0-150,OurMethod,8,4,4,1.0,indirect
LLMs4OL_OBI_SUB,0-150,OurMethod,9,1,1,1.0,indirect
LLMs4OL_OBI_SUB,0-150,OurMethod_k50,1,86,74,0.8604651162790697,direct
LLMs4OL_OBI_SUB,0-150,OurMethod_k50,2,64,55,0.859375,indirect
LLMs4OL_OBI_SUB,0-150,OurMethod_k50,3,42,36,0.8571428571428571,indirect
LLMs4OL_OBI_SUB,0-150,OurMethod_k50,4,27,24,0.8888888888888888,indirect
LLMs4OL_OBI_SUB,0-150,OurMethod_k50,5,21,20,0.9523809523809523,indirect
LLMs4OL_OBI_SUB,0-150,OurMethod_k50,6,15,14,0.9333333333333333,indirect
LLMs4OL_OBI_SUB,0-150,OurMethod_k50,7,8,8,1.0,indirect
LLMs4OL_OBI_SUB,0-150,OurMethod_k50,8,4,4,1.0,indirect
LLMs4OL_OBI_SUB,0-150,OurMethod_k50,9,1,1,1.0,indirect
LLMs4OL_OBI_SUB,0-150,Our_Method_+restructure_k1000_clawback0,1,86,69,0.8023255813953488,direct
LLMs4OL_OBI_SUB,0-150,Our_Method_+restructure_k1000_clawback0,2,64,54,0.84375,indirect
LLMs4OL_OBI_SUB,0-150,Our_Method_+restructure_k1000_clawback0,3,42,34,0.8095238095238095,indirect
LLMs4OL_OBI_SUB,0-150,Our_Method_+restructure_k1000_clawback0,4,27,23,0.8518518518518519,indirect
LLMs4OL_OBI_SUB,0-150,Our_Method_+restructure_k1000_clawback0,5,21,18,0.8571428571428571,indirect
LLMs4OL_OBI_SUB,0-150,Our_Method_+restructure_k1000_clawback0,6,15,14,0.9333333333333333,indirect
LLMs4OL_OBI_SUB,0-150,Our_Method_+restructure_k1000_clawback0,7,8,8,1.0,indirect
LLMs4OL_OBI_SUB,0-150,Our_Method_+restructure_k1000_clawback0,8,4,4,1.0,indirect
LLMs4OL_OBI_SUB,0-150,Our_Method_+restructure_k1000_clawback0,9,1,1,1.0,indirect
LLMs4OL_OBI_SUB,0-150,Our_Method_+restructure_prune_only_top10_+rank_leverage_k1000_clawback0,1,86,70,0.813953488372093,direct
LLMs4OL_OBI_SUB,0-150,Our_Method_+restructure_prune_only_top10_+rank_leverage_k1000_clawback0,2,64,48,0.75,indirect
LLMs4OL_OBI_SUB,0-150,Our_Method_+restructure_prune_only_top10_+rank_leverage_k1000_clawback0,3,42,30,0.7142857142857143,indirect
LLMs4OL_OBI_SUB,0-150,Our_Method_+restructure_prune_only_top10_+rank_leverage_k1000_clawback0,4,27,23,0.8518518518518519,indirect
LLMs4OL_OBI_SUB,0-150,Our_Method_+restructure_prune_only_top10_+rank_leverage_k1000_clawback0,5,21,18,0.8571428571428571,indirect
LLMs4OL_OBI_SUB,0-150,Our_Method_+restructure_prune_only_top10_+rank_leverage_k1000_clawback0,6,15,14,0.9333333333333333,indirect
LLMs4OL_OBI_SUB,0-150,Our_Method_+restructure_prune_only_top10_+rank_leverage_k1000_clawback0,7,8,8,1.0,indirect
LLMs4OL_OBI_SUB,0-150,Our_Method_+restructure_prune_only_top10_+rank_leverage_k1000_clawback0,8,4,4,1.0,indirect
LLMs4OL_OBI_SUB,0-150,Our_Method_+restructure_prune_only_top10_+rank_leverage_k1000_clawback0,9,1,1,1.0,indirect
LLMs4OL_OBI_SUB,0-150,Our_Method_+restructure_prune_only_top10_+rank_neighborhood_k1000_clawback0,1,86,71,0.8255813953488372,direct
LLMs4OL_OBI_SUB,0-150,Our_Method_+restructure_prune_only_top10_+rank_neighborhood_k1000_clawback0,2,64,56,0.875,indirect
LLMs4OL_OBI_SUB,0-150,Our_Method_+restructure_prune_only_top10_+rank_neighborhood_k1000_clawback0,3,42,35,0.8333333333333334,indirect
LLMs4OL_OBI_SUB,0-150,Our_Method_+restructure_prune_only_top10_+rank_neighborhood_k1000_clawback0,4,27,23,0.8518518518518519,indirect
LLMs4OL_OBI_SUB,0-150,Our_Method_+restructure_prune_only_top10_+rank_neighborhood_k1000_clawback0,5,21,18,0.8571428571428571,indirect
LLMs4OL_OBI_SUB,0-150,Our_Method_+restructure_prune_only_top10_+rank_neighborhood_k1000_clawback0,6,15,14,0.9333333333333333,indirect
LLMs4OL_OBI_SUB,0-150,Our_Method_+restructure_prune_only_top10_+rank_neighborhood_k1000_clawback0,7,8,8,1.0,indirect
LLMs4OL_OBI_SUB,0-150,Our_Method_+restructure_prune_only_top10_+rank_neighborhood_k1000_clawback0,8,4,4,1.0,indirect
LLMs4OL_OBI_SUB,0-150,Our_Method_+restructure_prune_only_top10_+rank_neighborhood_k1000_clawback0,9,1,1,1.0,indirect
LLMs4OL_OBI_SUB,0-150,Our_Method_+restructure_prune_only_top10_+rank_salience_k1000_clawback0,1,86,71,0.8255813953488372,direct
LLMs4OL_OBI_SUB,0-150,Our_Method_+restructure_prune_only_top10_+rank_salience_k1000_clawback0,2,64,56,0.875,indirect
LLMs4OL_OBI_SUB,0-150,Our_Method_+restructure_prune_only_top10_+rank_salience_k1000_clawback0,3,42,35,0.8333333333333334,indirect
LLMs4OL_OBI_SUB,0-150,Our_Method_+restructure_prune_only_top10_+rank_salience_k1000_clawback0,4,27,23,0.8518518518518519,indirect
LLMs4OL_OBI_SUB,0-150,Our_Method_+restructure_prune_only_top10_+rank_salience_k1000_clawback0,5,21,18,0.8571428571428571,indirect
LLMs4OL_OBI_SUB,0-150,Our_Method_+restructure_prune_only_top10_+rank_salience_k1000_clawback0,6,15,14,0.9333333333333333,indirect
LLMs4OL_OBI_SUB,0-150,Our_Method_+restructure_prune_only_top10_+rank_salience_k1000_clawback0,7,8,8,1.0,indirect
LLMs4OL_OBI_SUB,0-150,Our_Method_+restructure_prune_only_top10_+rank_salience_k1000_clawback0,8,4,4,1.0,indirect
LLMs4OL_OBI_SUB,0-150,Our_Method_+restructure_prune_only_top10_+rank_salience_k1000_clawback0,9,1,1,1.0,indirect
LLMs4OL_OBI_SUB,0-150,Our_Method_+restructure_prune_only_top10_+rank_self_agreement_k1000_clawback0,1,86,71,0.8255813953488372,direct
LLMs4OL_OBI_SUB,0-150,Our_Method_+restructure_prune_only_top10_+rank_self_agreement_k1000_clawback0,2,64,56,0.875,indirect
LLMs4OL_OBI_SUB,0-150,Our_Method_+restructure_prune_only_top10_+rank_self_agreement_k1000_clawback0,3,42,35,0.8333333333333334,indirect
LLMs4OL_OBI_SUB,0-150,Our_Method_+restructure_prune_only_top10_+rank_self_agreement_k1000_clawback0,4,27,23,0.8518518518518519,indirect
LLMs4OL_OBI_SUB,0-150,Our_Method_+restructure_prune_only_top10_+rank_self_agreement_k1000_clawback0,5,21,18,0.8571428571428571,indirect
LLMs4OL_OBI_SUB,0-150,Our_Method_+restructure_prune_only_top10_+rank_self_agreement_k1000_clawback0,6,15,14,0.9333333333333333,indirect
LLMs4OL_OBI_SUB,0-150,Our_Method_+restructure_prune_only_top10_+rank_self_agreement_k1000_clawback0,7,8,8,1.0,indirect
LLMs4OL_OBI_SUB,0-150,Our_Method_+restructure_prune_only_top10_+rank_self_agreement_k1000_clawback0,8,4,4,1.0,indirect
LLMs4OL_OBI_SUB,0-150,Our_Method_+restructure_prune_only_top10_+rank_self_agreement_k1000_clawback0,9,1,1,1.0,indirect
LLMs4OL_OBI_SUB,0-150,Our_Method_+restructure_prune_only_top10_k1000_clawback0,1,86,71,0.8255813953488372,direct
LLMs4OL_OBI_SUB,0-150,Our_Method_+restructure_prune_only_top10_k1000_clawback0,2,64,56,0.875,indirect
LLMs4OL_OBI_SUB,0-150,Our_Method_+restructure_prune_only_top10_k1000_clawback0,3,42,35,0.8333333333333334,indirect
LLMs4OL_OBI_SUB,0-150,Our_Method_+restructure_prune_only_top10_k1000_clawback0,4,27,23,0.8518518518518519,indirect
LLMs4OL_OBI_SUB,0-150,Our_Method_+restructure_prune_only_top10_k1000_clawback0,5,21,18,0.8571428571428571,indirect
LLMs4OL_OBI_SUB,0-150,Our_Method_+restructure_prune_only_top10_k1000_clawback0,6,15,14,0.9333333333333333,indirect
LLMs4OL_OBI_SUB,0-150,Our_Method_+restructure_prune_only_top10_k1000_clawback0,7,8,8,1.0,indirect
LLMs4OL_OBI_SUB,0-150,Our_Method_+restructure_prune_only_top10_k1000_clawback0,8,4,4,1.0,indirect
LLMs4OL_OBI_SUB,0-150,Our_Method_+restructure_prune_only_top10_k1000_clawback0,9,1,1,1.0,indirect
LLMs4OL_OBI_SUB,0-150,Our_Method_+restructure_prune_only_top25_k1000_clawback0,1,86,70,0.813953488372093,direct
LLMs4OL_OBI_SUB,0-150,Our_Method_+restructure_prune_only_top25_k1000_clawback0,2,64,48,0.75,indirect
LLMs4OL_OBI_SUB,0-150,Our_Method_+restructure_prune_only_top25_k1000_clawback0,3,42,29,0.6904761904761905,indirect
LLMs4OL_OBI_SUB,0-150,Our_Method_+restructure_prune_only_top25_k1000_clawback0,4,27,23,0.8518518518518519,indirect
LLMs4OL_OBI_SUB,0-150,Our_Method_+restructure_prune_only_top25_k1000_clawback0,5,21,18,0.8571428571428571,indirect
LLMs4OL_OBI_SUB,0-150,Our_Method_+restructure_prune_only_top25_k1000_clawback0,6,15,14,0.9333333333333333,indirect
LLMs4OL_OBI_SUB,0-150,Our_Method_+restructure_prune_only_top25_k1000_clawback0,7,8,8,1.0,indirect
LLMs4OL_OBI_SUB,0-150,Our_Method_+restructure_prune_only_top25_k1000_clawback0,8,4,4,1.0,indirect
LLMs4OL_OBI_SUB,0-150,Our_Method_+restructure_prune_only_top25_k1000_clawback0,9,1,1,1.0,indirect
LLMs4OL_OBI_SUB,0-150,Our_Method_+restructure_ranked_k1000_clawback0,1,86,72,0.8372093023255814,direct
LLMs4OL_OBI_SUB,0-150,Our_Method_+restructure_ranked_k1000_clawback0,2,64,51,0.796875,indirect
LLMs4OL_OBI_SUB,0-150,Our_Method_+restructure_ranked_k1000_clawback0,3,42,34,0.8095238095238095,indirect
LLMs4OL_OBI_SUB,0-150,Our_Method_+restructure_ranked_k1000_clawback0,4,27,21,0.7777777777777778,indirect
LLMs4OL_OBI_SUB,0-150,Our_Method_+restructure_ranked_k1000_clawback0,5,21,19,0.9047619047619048,indirect
LLMs4OL_OBI_SUB,0-150,Our_Method_+restructure_ranked_k1000_clawback0,6,15,14,0.9333333333333333,indirect
LLMs4OL_OBI_SUB,0-150,Our_Method_+restructure_ranked_k1000_clawback0,7,8,8,1.0,indirect
LLMs4OL_OBI_SUB,0-150,Our_Method_+restructure_ranked_k1000_clawback0,8,4,4,1.0,indirect
LLMs4OL_OBI_SUB,0-150,Our_Method_+restructure_ranked_k1000_clawback0,9,1,1,1.0,indirect
LLMs4OL_OBI_SUB,0-150,Our_Method_+restructure_ranked_top25_k1000_clawback0,1,86,71,0.8255813953488372,direct
LLMs4OL_OBI_SUB,0-150,Our_Method_+restructure_ranked_top25_k1000_clawback0,2,64,56,0.875,indirect
LLMs4OL_OBI_SUB,0-150,Our_Method_+restructure_ranked_top25_k1000_clawback0,3,42,35,0.8333333333333334,indirect
LLMs4OL_OBI_SUB,0-150,Our_Method_+restructure_ranked_top25_k1000_clawback0,4,27,23,0.8518518518518519,indirect
LLMs4OL_OBI_SUB,0-150,Our_Method_+restructure_ranked_top25_k1000_clawback0,5,21,18,0.8571428571428571,indirect
LLMs4OL_OBI_SUB,0-150,Our_Method_+restructure_ranked_top25_k1000_clawback0,6,15,14,0.9333333333333333,indirect
LLMs4OL_OBI_SUB,0-150,Our_Method_+restructure_ranked_top25_k1000_clawback0,7,8,8,1.0,indirect
LLMs4OL_OBI_SUB,0-150,Our_Method_+restructure_ranked_top25_k1000_clawback0,8,4,4,1.0,indirect
LLMs4OL_OBI_SUB,0-150,Our_Method_+restructure_ranked_top25_k1000_clawback0,9,1,1,1.0,indirect
LLMs4OL_OBI_SUB,0-150,Our_Method_alt_Prompt_k1000_clawback0,1,86,72,0.8372093023255814,direct
LLMs4OL_OBI_SUB,0-150,Our_Method_alt_Prompt_k1000_clawback0,2,64,55,0.859375,indirect
LLMs4OL_OBI_SUB,0-150,Our_Method_alt_Prompt_k1000_clawback0,3,42,35,0.8333333333333334,indirect
LLMs4OL_OBI_SUB,0-150,Our_Method_alt_Prompt_k1000_clawback0,4,27,22,0.8148148148148148,indirect
LLMs4OL_OBI_SUB,0-150,Our_Method_alt_Prompt_k1000_clawback0,5,21,17,0.8095238095238095,indirect
LLMs4OL_OBI_SUB,0-150,Our_Method_alt_Prompt_k1000_clawback0,6,15,14,0.9333333333333333,indirect
LLMs4OL_OBI_SUB,0-150,Our_Method_alt_Prompt_k1000_clawback0,7,8,8,1.0,indirect
LLMs4OL_OBI_SUB,0-150,Our_Method_alt_Prompt_k1000_clawback0,8,4,4,1.0,indirect
LLMs4OL_OBI_SUB,0-150,Our_Method_alt_Prompt_k1000_clawback0,9,1,1,1.0,indirect
LLMs4OL_OBI_SUB,0-150,Our_Method_alt_Prompt_k=1000,1,86,47,0.5465116279069767,direct
LLMs4OL_OBI_SUB,0-150,Our_Method_alt_Prompt_k=1000,2,64,30,0.46875,indirect
LLMs4OL_OBI_SUB,0-150,Our_Method_alt_Prompt_k=1000,3,42,16,0.38095238095238093,indirect
LLMs4OL_OBI_SUB,0-150,Our_Method_alt_Prompt_k=1000,4,27,16,0.5925925925925926,indirect
LLMs4OL_OBI_SUB,0-150,Our_Method_alt_Prompt_k=1000,5,21,14,0.6666666666666666,indirect
LLMs4OL_OBI_SUB,0-150,Our_Method_alt_Prompt_k=1000,6,15,10,0.6666666666666666,indirect
LLMs4OL_OBI_SUB,0-150,Our_Method_alt_Prompt_k=1000,7,8,5,0.625,indirect
LLMs4OL_OBI_SUB,0-150,Our_Method_alt_Prompt_k=1000,8,4,3,0.75,indirect
LLMs4OL_OBI_SUB,0-150,Our_Method_alt_Prompt_k=1000,9,1,1,1.0,indirect
LLMs4OL_OBI_SUB,0-150,Our_Method_direct_k1000_clawback0,1,86,71,0.8255813953488372,direct
LLMs4OL_OBI_SUB,0-150,Our_Method_direct_k1000_clawback0,2,64,54,0.84375,indirect
LLMs4OL_OBI_SUB,0-150,Our_Method_direct_k1000_clawback0,3,42,35,0.8333333333333334,indirect
LLMs4OL_OBI_SUB,0-150,Our_Method_direct_k1000_clawback0,4,27,22,0.8148148148148148,indirect
LLMs4OL_OBI_SUB,0-150,Our_Method_direct_k1000_clawback0,5,21,17,0.8095238095238095,indirect
LLMs4OL_OBI_SUB,0-150,Our_Method_direct_k1000_clawback0,6,15,14,0.9333333333333333,indirect
LLMs4OL_OBI_SUB,0-150,Our_Method_direct_k1000_clawback0,7,8,8,1.0,indirect
LLMs4OL_OBI_SUB,0-150,Our_Method_direct_k1000_clawback0,8,4,4,1.0,indirect
LLMs4OL_OBI_SUB,0-150,Our_Method_direct_k1000_clawback0,9,1,1,1.0,indirect
LLMs4OL_OBI_SUB,0-150,Our_Method_full_json_k1000_clawback0,1,86,70,0.813953488372093,direct
LLMs4OL_OBI_SUB,0-150,Our_Method_full_json_k1000_clawback0,2,64,52,0.8125,indirect
LLMs4OL_OBI_SUB,0-150,Our_Method_full_json_k1000_clawback0,3,42,35,0.8333333333333334,indirect
LLMs4OL_OBI_SUB,0-150,Our_Method_full_json_k1000_clawback0,4,27,23,0.8518518518518519,indirect
LLMs4OL_OBI_SUB,0-150,Our_Method_full_json_k1000_clawback0,5,21,18,0.8571428571428571,indirect
LLMs4OL_OBI_SUB,0-150,Our_Method_full_json_k1000_clawback0,6,15,14,0.9333333333333333,indirect
LLMs4OL_OBI_SUB,0-150,Our_Method_full_json_k1000_clawback0,7,8,8,1.0,indirect
LLMs4OL_OBI_SUB,0-150,Our_Method_full_json_k1000_clawback0,8,4,4,1.0,indirect
LLMs4OL_OBI_SUB,0-150,Our_Method_full_json_k1000_clawback0,9,1,1,1.0,indirect
LLMs4OL_OBI_SUB,0-150,Our_Method_full_k1000_clawback0,1,86,68,0.7906976744186046,direct
LLMs4OL_OBI_SUB,0-150,Our_Method_full_k1000_clawback0,2,64,52,0.8125,indirect
LLMs4OL_OBI_SUB,0-150,Our_Method_full_k1000_clawback0,3,42,35,0.8333333333333334,indirect
LLMs4OL_OBI_SUB,0-150,Our_Method_full_k1000_clawback0,4,27,23,0.8518518518518519,indirect
LLMs4OL_OBI_SUB,0-150,Our_Method_full_k1000_clawback0,5,21,18,0.8571428571428571,indirect
LLMs4OL_OBI_SUB,0-150,Our_Method_full_k1000_clawback0,6,15,14,0.9333333333333333,indirect
LLMs4OL_OBI_SUB,0-150,Our_Method_full_k1000_clawback0,7,8,8,1.0,indirect
LLMs4OL_OBI_SUB,0-150,Our_Method_full_k1000_clawback0,8,4,4,1.0,indirect
LLMs4OL_OBI_SUB,0-150,Our_Method_full_k1000_clawback0,9,1,1,1.0,indirect
LLMs4OL_OBI_SUB,0-150,Our_Method_isa_k1000_clawback0,1,86,73,0.8488372093023255,direct
LLMs4OL_OBI_SUB,0-150,Our_Method_isa_k1000_clawback0,2,64,53,0.828125,indirect
LLMs4OL_OBI_SUB,0-150,Our_Method_isa_k1000_clawback0,3,42,35,0.8333333333333334,indirect
LLMs4OL_OBI_SUB,0-150,Our_Method_isa_k1000_clawback0,4,27,22,0.8148148148148148,indirect
LLMs4OL_OBI_SUB,0-150,Our_Method_isa_k1000_clawback0,5,21,18,0.8571428571428571,indirect
LLMs4OL_OBI_SUB,0-150,Our_Method_isa_k1000_clawback0,6,15,14,0.9333333333333333,indirect
LLMs4OL_OBI_SUB,0-150,Our_Method_isa_k1000_clawback0,7,8,8,1.0,indirect
LLMs4OL_OBI_SUB,0-150,Our_Method_isa_k1000_clawback0,8,4,4,1.0,indirect
LLMs4OL_OBI_SUB,0-150,Our_Method_isa_k1000_clawback0,9,1,1,1.0,indirect
LLMs4OL_OBI_SUB,0-150,Our_Method_k1000_clawback0,1,86,79,0.9186046511627907,direct
LLMs4OL_OBI_SUB,0-150,Our_Method_k1000_clawback0,2,64,61,0.953125,indirect
LLMs4OL_OBI_SUB,0-150,Our_Method_k1000_clawback0,3,42,42,1.0,indirect
LLMs4OL_OBI_SUB,0-150,Our_Method_k1000_clawback0,4,27,27,1.0,indirect
LLMs4OL_OBI_SUB,0-150,Our_Method_k1000_clawback0,5,21,21,1.0,indirect
LLMs4OL_OBI_SUB,0-150,Our_Method_k1000_clawback0,6,15,15,1.0,indirect
LLMs4OL_OBI_SUB,0-150,Our_Method_k1000_clawback0,7,8,8,1.0,indirect
LLMs4OL_OBI_SUB,0-150,Our_Method_k1000_clawback0,8,4,4,1.0,indirect
LLMs4OL_OBI_SUB,0-150,Our_Method_k1000_clawback0,9,1,1,1.0,indirect
LLMs4OL_OBI_SUB,0-150,Our_Method_k1000_clawback0_gemini31b,1,86,78,0.9069767441860465,direct
LLMs4OL_OBI_SUB,0-150,Our_Method_k1000_clawback0_gemini31b,2,64,60,0.9375,indirect
LLMs4OL_OBI_SUB,0-150,Our_Method_k1000_clawback0_gemini31b,3,42,42,1.0,indirect
LLMs4OL_OBI_SUB,0-150,Our_Method_k1000_clawback0_gemini31b,4,27,27,1.0,indirect
LLMs4OL_OBI_SUB,0-150,Our_Method_k1000_clawback0_gemini31b,5,21,21,1.0,indirect
LLMs4OL_OBI_SUB,0-150,Our_Method_k1000_clawback0_gemini31b,6,15,15,1.0,indirect
LLMs4OL_OBI_SUB,0-150,Our_Method_k1000_clawback0_gemini31b,7,8,8,1.0,indirect
LLMs4OL_OBI_SUB,0-150,Our_Method_k1000_clawback0_gemini31b,8,4,4,1.0,indirect
LLMs4OL_OBI_SUB,0-150,Our_Method_k1000_clawback0_gemini31b,9,1,1,1.0,indirect
LLMs4OL_OBI_SUB,0-150,Our_Method_k1000_clawback0_gemma4b,1,86,71,0.8255813953488372,direct
LLMs4OL_OBI_SUB,0-150,Our_Method_k1000_clawback0_gemma4b,2,64,56,0.875,indirect
LLMs4OL_OBI_SUB,0-150,Our_Method_k1000_clawback0_gemma4b,3,42,35,0.8333333333333334,indirect
LLMs4OL_OBI_SUB,0-150,Our_Method_k1000_clawback0_gemma4b,4,27,23,0.8518518518518519,indirect
LLMs4OL_OBI_SUB,0-150,Our_Method_k1000_clawback0_gemma4b,5,21,18,0.8571428571428571,indirect
LLMs4OL_OBI_SUB,0-150,Our_Method_k1000_clawback0_gemma4b,6,15,14,0.9333333333333333,indirect
LLMs4OL_OBI_SUB,0-150,Our_Method_k1000_clawback0_gemma4b,7,8,8,1.0,indirect
LLMs4OL_OBI_SUB,0-150,Our_Method_k1000_clawback0_gemma4b,8,4,4,1.0,indirect
LLMs4OL_OBI_SUB,0-150,Our_Method_k1000_clawback0_gemma4b,9,1,1,1.0,indirect
LLMs4OL_OBI_SUB,0-150,Our_Method_k1000_clawback10,1,86,71,0.8255813953488372,direct
LLMs4OL_OBI_SUB,0-150,Our_Method_k1000_clawback10,2,64,51,0.796875,indirect
LLMs4OL_OBI_SUB,0-150,Our_Method_k1000_clawback10,3,42,33,0.7857142857142857,indirect
LLMs4OL_OBI_SUB,0-150,Our_Method_k1000_clawback10,4,27,22,0.8148148148148148,indirect
LLMs4OL_OBI_SUB,0-150,Our_Method_k1000_clawback10,5,21,19,0.9047619047619048,indirect
LLMs4OL_OBI_SUB,0-150,Our_Method_k1000_clawback10,6,15,14,0.9333333333333333,indirect
LLMs4OL_OBI_SUB,0-150,Our_Method_k1000_clawback10,7,8,8,1.0,indirect
LLMs4OL_OBI_SUB,0-150,Our_Method_k1000_clawback10,8,4,4,1.0,indirect
LLMs4OL_OBI_SUB,0-150,Our_Method_k1000_clawback10,9,1,1,1.0,indirect
LLMs4OL_OBI_SUB,0-150,Our_Method_k1000_clawback100,1,86,65,0.7558139534883721,direct
LLMs4OL_OBI_SUB,0-150,Our_Method_k1000_clawback100,2,64,48,0.75,indirect
LLMs4OL_OBI_SUB,0-150,Our_Method_k1000_clawback100,3,42,32,0.7619047619047619,indirect
LLMs4OL_OBI_SUB,0-150,Our_Method_k1000_clawback100,4,27,21,0.7777777777777778,indirect
LLMs4OL_OBI_SUB,0-150,Our_Method_k1000_clawback100,5,21,18,0.8571428571428571,indirect
LLMs4OL_OBI_SUB,0-150,Our_Method_k1000_clawback100,6,15,14,0.9333333333333333,indirect
LLMs4OL_OBI_SUB,0-150,Our_Method_k1000_clawback100,7,8,8,1.0,indirect
LLMs4OL_OBI_SUB,0-150,Our_Method_k1000_clawback100,8,4,4,1.0,indirect
LLMs4OL_OBI_SUB,0-150,Our_Method_k1000_clawback100,9,1,1,1.0,indirect
LLMs4OL_OBI_SUB,0-150,Our_Method_k1000_clawback25,1,86,71,0.8255813953488372,direct
LLMs4OL_OBI_SUB,0-150,Our_Method_k1000_clawback25,2,64,54,0.84375,indirect
LLMs4OL_OBI_SUB,0-150,Our_Method_k1000_clawback25,3,42,35,0.8333333333333334,indirect
LLMs4OL_OBI_SUB,0-150,Our_Method_k1000_clawback25,4,27,23,0.8518518518518519,indirect
LLMs4OL_OBI_SUB,0-150,Our_Method_k1000_clawback25,5,21,18,0.8571428571428571,indirect
LLMs4OL_OBI_SUB,0-150,Our_Method_k1000_clawback25,6,15,14,0.9333333333333333,indirect
LLMs4OL_OBI_SUB,0-150,Our_Method_k1000_clawback25,7,8,8,1.0,indirect
LLMs4OL_OBI_SUB,0-150,Our_Method_k1000_clawback25,8,4,4,1.0,indirect
LLMs4OL_OBI_SUB,0-150,Our_Method_k1000_clawback25,9,1,1,1.0,indirect
LLMs4OL_OBI_SUB,0-150,Our_Method_k1000_clawback5,1,86,71,0.8255813953488372,direct
LLMs4OL_OBI_SUB,0-150,Our_Method_k1000_clawback5,2,64,51,0.796875,indirect
LLMs4OL_OBI_SUB,0-150,Our_Method_k1000_clawback5,3,42,33,0.7857142857142857,indirect
LLMs4OL_OBI_SUB,0-150,Our_Method_k1000_clawback5,4,27,22,0.8148148148148148,indirect
LLMs4OL_OBI_SUB,0-150,Our_Method_k1000_clawback5,5,21,19,0.9047619047619048,indirect
LLMs4OL_OBI_SUB,0-150,Our_Method_k1000_clawback5,6,15,14,0.9333333333333333,indirect
LLMs4OL_OBI_SUB,0-150,Our_Method_k1000_clawback5,7,8,8,1.0,indirect
LLMs4OL_OBI_SUB,0-150,Our_Method_k1000_clawback5,8,4,4,1.0,indirect
LLMs4OL_OBI_SUB,0-150,Our_Method_k1000_clawback5,9,1,1,1.0,indirect
LLMs4OL_OBI_SUB,0-150,Our_Method_k1000_clawback50,1,86,68,0.7906976744186046,direct
LLMs4OL_OBI_SUB,0-150,Our_Method_k1000_clawback50,2,64,50,0.78125,indirect
LLMs4OL_OBI_SUB,0-150,Our_Method_k1000_clawback50,3,42,32,0.7619047619047619,indirect
LLMs4OL_OBI_SUB,0-150,Our_Method_k1000_clawback50,4,27,22,0.8148148148148148,indirect
LLMs4OL_OBI_SUB,0-150,Our_Method_k1000_clawback50,5,21,19,0.9047619047619048,indirect
LLMs4OL_OBI_SUB,0-150,Our_Method_k1000_clawback50,6,15,14,0.9333333333333333,indirect
LLMs4OL_OBI_SUB,0-150,Our_Method_k1000_clawback50,7,8,8,1.0,indirect
LLMs4OL_OBI_SUB,0-150,Our_Method_k1000_clawback50,8,4,4,1.0,indirect
LLMs4OL_OBI_SUB,0-150,Our_Method_k1000_clawback50,9,1,1,1.0,indirect
LLMs4OL_OBI_SUB,0-150,Our_Method_k1000_clawback75,1,86,67,0.7790697674418605,direct
LLMs4OL_OBI_SUB,0-150,Our_Method_k1000_clawback75,2,64,49,0.765625,indirect
LLMs4OL_OBI_SUB,0-150,Our_Method_k1000_clawback75,3,42,32,0.7619047619047619,indirect
LLMs4OL_OBI_SUB,0-150,Our_Method_k1000_clawback75,4,27,22,0.8148148148148148,indirect
LLMs4OL_OBI_SUB,0-150,Our_Method_k1000_clawback75,5,21,19,0.9047619047619048,indirect
LLMs4OL_OBI_SUB,0-150,Our_Method_k1000_clawback75,6,15,14,0.9333333333333333,indirect
LLMs4OL_OBI_SUB,0-150,Our_Method_k1000_clawback75,7,8,8,1.0,indirect
LLMs4OL_OBI_SUB,0-150,Our_Method_k1000_clawback75,8,4,4,1.0,indirect
LLMs4OL_OBI_SUB,0-150,Our_Method_k1000_clawback75,9,1,1,1.0,indirect
LLMs4OL_OBI_SUB,0-150,Our_Method_k25_clawback0,1,86,74,0.8604651162790697,direct
LLMs4OL_OBI_SUB,0-150,Our_Method_k25_clawback0,2,64,56,0.875,indirect
LLMs4OL_OBI_SUB,0-150,Our_Method_k25_clawback0,3,42,36,0.8571428571428571,indirect
LLMs4OL_OBI_SUB,0-150,Our_Method_k25_clawback0,4,27,23,0.8518518518518519,indirect
LLMs4OL_OBI_SUB,0-150,Our_Method_k25_clawback0,5,21,18,0.8571428571428571,indirect
LLMs4OL_OBI_SUB,0-150,Our_Method_k25_clawback0,6,15,14,0.9333333333333333,indirect
LLMs4OL_OBI_SUB,0-150,Our_Method_k25_clawback0,7,8,8,1.0,indirect
LLMs4OL_OBI_SUB,0-150,Our_Method_k25_clawback0,8,4,4,1.0,indirect
LLMs4OL_OBI_SUB,0-150,Our_Method_k25_clawback0,9,1,1,1.0,indirect
LLMs4OL_OBI_SUB,0-150,Our_Method_k=10,1,86,77,0.8953488372093024,direct
LLMs4OL_OBI_SUB,0-150,Our_Method_k=10,2,64,61,0.953125,indirect
LLMs4OL_OBI_SUB,0-150,Our_Method_k=10,3,42,42,1.0,indirect
LLMs4OL_OBI_SUB,0-150,Our_Method_k=10,4,27,27,1.0,indirect
LLMs4OL_OBI_SUB,0-150,Our_Method_k=10,5,21,21,1.0,indirect
LLMs4OL_OBI_SUB,0-150,Our_Method_k=10,6,15,15,1.0,indirect
LLMs4OL_OBI_SUB,0-150,Our_Method_k=10,7,8,8,1.0,indirect
LLMs4OL_OBI_SUB,0-150,Our_Method_k=10,8,4,4,1.0,indirect
LLMs4OL_OBI_SUB,0-150,Our_Method_k=10,9,1,1,1.0,indirect
LLMs4OL_OBI_SUB,0-150,Our_Method_k=100,1,86,71,0.8255813953488372,direct
LLMs4OL_OBI_SUB,0-150,Our_Method_k=100,2,64,52,0.8125,indirect
LLMs4OL_OBI_SUB,0-150,Our_Method_k=100,3,42,34,0.8095238095238095,indirect
LLMs4OL_OBI_SUB,0-150,Our_Method_k=100,4,27,22,0.8148148148148148,indirect
LLMs4OL_OBI_SUB,0-150,Our_Method_k=100,5,21,18,0.8571428571428571,indirect
LLMs4OL_OBI_SUB,0-150,Our_Method_k=100,6,15,14,0.9333333333333333,indirect
LLMs4OL_OBI_SUB,0-150,Our_Method_k=100,7,8,8,1.0,indirect
LLMs4OL_OBI_SUB,0-150,Our_Method_k=100,8,4,4,1.0,indirect
LLMs4OL_OBI_SUB,0-150,Our_Method_k=100,9,1,1,1.0,indirect
LLMs4OL_OBI_SUB,0-150,Our_Method_legacy_json_k1000_clawback0,1,86,34,0.3953488372093023,direct
LLMs4OL_OBI_SUB,0-150,Our_Method_legacy_json_k1000_clawback0,2,64,21,0.328125,indirect
LLMs4OL_OBI_SUB,0-150,Our_Method_legacy_json_k1000_clawback0,3,42,14,0.3333333333333333,indirect
LLMs4OL_OBI_SUB,0-150,Our_Method_legacy_json_k1000_clawback0,4,27,16,0.5925925925925926,indirect
LLMs4OL_OBI_SUB,0-150,Our_Method_legacy_json_k1000_clawback0,5,21,13,0.6190476190476191,indirect
LLMs4OL_OBI_SUB,0-150,Our_Method_legacy_json_k1000_clawback0,6,15,12,0.8,indirect
LLMs4OL_OBI_SUB,0-150,Our_Method_legacy_json_k1000_clawback0,7,8,6,0.75,indirect
LLMs4OL_OBI_SUB,0-150,Our_Method_legacy_json_k1000_clawback0,8,4,4,1.0,indirect
LLMs4OL_OBI_SUB,0-150,Our_Method_legacy_json_k1000_clawback0,9,1,1,1.0,indirect
LLMs4OL_OBI_SUB,0-150,Our_Method_no_conversational_k1000_clawback0,1,86,70,0.813953488372093,direct
LLMs4OL_OBI_SUB,0-150,Our_Method_no_conversational_k1000_clawback0,2,64,53,0.828125,indirect
LLMs4OL_OBI_SUB,0-150,Our_Method_no_conversational_k1000_clawback0,3,42,33,0.7857142857142857,indirect
LLMs4OL_OBI_SUB,0-150,Our_Method_no_conversational_k1000_clawback0,4,27,23,0.8518518518518519,indirect
LLMs4OL_OBI_SUB,0-150,Our_Method_no_conversational_k1000_clawback0,5,21,19,0.9047619047619048,indirect
LLMs4OL_OBI_SUB,0-150,Our_Method_no_conversational_k1000_clawback0,6,15,14,0.9333333333333333,indirect
LLMs4OL_OBI_SUB,0-150,Our_Method_no_conversational_k1000_clawback0,7,8,8,1.0,indirect
LLMs4OL_OBI_SUB,0-150,Our_Method_no_conversational_k1000_clawback0,8,4,4,1.0,indirect
LLMs4OL_OBI_SUB,0-150,Our_Method_no_conversational_k1000_clawback0,9,1,1,1.0,indirect
LLMs4OL_OBI_SUB,0-150,Our_Method_no_example_k1000_clawback0,1,86,69,0.8023255813953488,direct
LLMs4OL_OBI_SUB,0-150,Our_Method_no_example_k1000_clawback0,2,64,51,0.796875,indirect
LLMs4OL_OBI_SUB,0-150,Our_Method_no_example_k1000_clawback0,3,42,34,0.8095238095238095,indirect
LLMs4OL_OBI_SUB,0-150,Our_Method_no_example_k1000_clawback0,4,27,22,0.8148148148148148,indirect
LLMs4OL_OBI_SUB,0-150,Our_Method_no_example_k1000_clawback0,5,21,18,0.8571428571428571,indirect
LLMs4OL_OBI_SUB,0-150,Our_Method_no_example_k1000_clawback0,6,15,14,0.9333333333333333,indirect
LLMs4OL_OBI_SUB,0-150,Our_Method_no_example_k1000_clawback0,7,8,8,1.0,indirect
LLMs4OL_OBI_SUB,0-150,Our_Method_no_example_k1000_clawback0,8,4,4,1.0,indirect
LLMs4OL_OBI_SUB,0-150,Our_Method_no_example_k1000_clawback0,9,1,1,1.0,indirect
LLMs4OL_OBI_SUB,0-150,Our_Method_no_quantifier_k1000_clawback0,1,86,72,0.8372093023255814,direct
LLMs4OL_OBI_SUB,0-150,Our_Method_no_quantifier_k1000_clawback0,2,64,55,0.859375,indirect
LLMs4OL_OBI_SUB,0-150,Our_Method_no_quantifier_k1000_clawback0,3,42,35,0.8333333333333334,indirect
LLMs4OL_OBI_SUB,0-150,Our_Method_no_quantifier_k1000_clawback0,4,27,22,0.8148148148148148,indirect
LLMs4OL_OBI_SUB,0-150,Our_Method_no_quantifier_k1000_clawback0,5,21,19,0.9047619047619048,indirect
LLMs4OL_OBI_SUB,0-150,Our_Method_no_quantifier_k1000_clawback0,6,15,14,0.9333333333333333,indirect
LLMs4OL_OBI_SUB,0-150,Our_Method_no_quantifier_k1000_clawback0,7,8,8,1.0,indirect
LLMs4OL_OBI_SUB,0-150,Our_Method_no_quantifier_k1000_clawback0,8,4,4,1.0,indirect
LLMs4OL_OBI_SUB,0-150,Our_Method_no_quantifier_k1000_clawback0,9,1,1,1.0,indirect
LLMs4OL_OBI_SUB,0-150,Our_Method_no_restriction_k1000_clawback0,1,86,69,0.8023255813953488,direct
LLMs4OL_OBI_SUB,0-150,Our_Method_no_restriction_k1000_clawback0,2,64,49,0.765625,indirect
LLMs4OL_OBI_SUB,0-150,Our_Method_no_restriction_k1000_clawback0,3,42,33,0.7857142857142857,indirect
LLMs4OL_OBI_SUB,0-150,Our_Method_no_restriction_k1000_clawback0,4,27,23,0.8518518518518519,indirect
LLMs4OL_OBI_SUB,0-150,Our_Method_no_restriction_k1000_clawback0,5,21,19,0.9047619047619048,indirect
LLMs4OL_OBI_SUB,0-150,Our_Method_no_restriction_k1000_clawback0,6,15,14,0.9333333333333333,indirect
LLMs4OL_OBI_SUB,0-150,Our_Method_no_restriction_k1000_clawback0,7,8,8,1.0,indirect
LLMs4OL_OBI_SUB,0-150,Our_Method_no_restriction_k1000_clawback0,8,4,4,1.0,indirect
LLMs4OL_OBI_SUB,0-150,Our_Method_no_restriction_k1000_clawback0,9,1,1,1.0,indirect
LLMs4OL_OBI_SUB,0-150,Our_Method_oneway_k1000_clawback0,1,86,71,0.8255813953488372,direct
LLMs4OL_OBI_SUB,0-150,Our_Method_oneway_k1000_clawback0,2,64,52,0.8125,indirect
LLMs4OL_OBI_SUB,0-150,Our_Method_oneway_k1000_clawback0,3,42,34,0.8095238095238095,indirect
LLMs4OL_OBI_SUB,0-150,Our_Method_oneway_k1000_clawback0,4,27,22,0.8148148148148148,indirect
LLMs4OL_OBI_SUB,0-150,Our_Method_oneway_k1000_clawback0,5,21,17,0.8095238095238095,indirect
LLMs4OL_OBI_SUB,0-150,Our_Method_oneway_k1000_clawback0,6,15,14,0.9333333333333333,indirect
LLMs4OL_OBI_SUB,0-150,Our_Method_oneway_k1000_clawback0,7,8,8,1.0,indirect
LLMs4OL_OBI_SUB,0-150,Our_Method_oneway_k1000_clawback0,8,4,4,1.0,indirect
LLMs4OL_OBI_SUB,0-150,Our_Method_oneway_k1000_clawback0,9,1,1,1.0,indirect
LLMs4OL_OBI_SUB,0-150,SBU_Batch,1,86,24,0.27906976744186046,direct
LLMs4OL_OBI_SUB,0-150,SBU_Batch,2,64,23,0.359375,indirect
LLMs4OL_OBI_SUB,0-150,SBU_Batch,3,42,7,0.16666666666666666,indirect
LLMs4OL_OBI_SUB,0-150,SBU_Batch,4,27,5,0.18518518518518517,indirect
LLMs4OL_OBI_SUB,0-150,SBU_Batch,5,21,2,0.09523809523809523,indirect
LLMs4OL_OBI_SUB,0-150,SBU_Batch,6,15,0,0.0,indirect
LLMs4OL_OBI_SUB,0-150,SBU_Batch,7,8,0,0.0,indirect
LLMs4OL_OBI_SUB,0-150,SBU_Batch,8,4,0,0.0,indirect
LLMs4OL_OBI_SUB,0-150,SBU_Batch,9,1,0,0.0,indirect
LLMs4OL_OBI_SUB,0-150,SBU_Embedding,1,86,33,0.38372093023255816,direct
LLMs4OL_OBI_SUB,0-150,SBU_Embedding,2,64,6,0.09375,indirect
LLMs4OL_OBI_SUB,0-150,SBU_Embedding,3,42,2,0.047619047619047616,indirect
LLMs4OL_OBI_SUB,0-150,SBU_Embedding,4,27,0,0.0,indirect
LLMs4OL_OBI_SUB,0-150,SBU_Embedding,5,21,0,0.0,indirect
LLMs4OL_OBI_SUB,0-150,SBU_Embedding,6,15,0,0.0,indirect
LLMs4OL_OBI_SUB,0-150,SBU_Embedding,7,8,0,0.0,indirect
LLMs4OL_OBI_SUB,0-150,SBU_Embedding,8,4,0,0.0,indirect
LLMs4OL_OBI_SUB,0-150,SBU_Embedding,9,1,0,0.0,indirect
LLMs4OL_OBI_SUB,0-150,SingleCall,1,86,44,0.5116279069767442,direct
LLMs4OL_OBI_SUB,0-150,SingleCall,2,64,28,0.4375,indirect
LLMs4OL_OBI_SUB,0-150,SingleCall,3,42,16,0.38095238095238093,indirect
LLMs4OL_OBI_SUB,0-150,SingleCall,4,27,14,0.5185185185185185,indirect
LLMs4OL_OBI_SUB,0-150,SingleCall,5,21,14,0.6666666666666666,indirect
LLMs4OL_OBI_SUB,0-150,SingleCall,6,15,10,0.6666666666666666,indirect
LLMs4OL_OBI_SUB,0-150,SingleCall,7,8,6,0.75,indirect
LLMs4OL_OBI_SUB,0-150,SingleCall,8,4,3,0.75,indirect
LLMs4OL_OBI_SUB,0-150,SingleCall,9,1,1,1.0,indirect
LLMs4OL_OBI_SUB,0-150,SingleCall_gemini31b,1,86,69,0.8023255813953488,direct
LLMs4OL_OBI_SUB,0-150,SingleCall_gemini31b,2,64,52,0.8125,indirect
LLMs4OL_OBI_SUB,0-150,SingleCall_gemini31b,3,42,35,0.8333333333333334,indirect
LLMs4OL_OBI_SUB,0-150,SingleCall_gemini31b,4,27,23,0.8518518518518519,indirect
LLMs4OL_OBI_SUB,0-150,SingleCall_gemini31b,5,21,19,0.9047619047619048,indirect
LLMs4OL_OBI_SUB,0-150,SingleCall_gemini31b,6,15,14,0.9333333333333333,indirect
LLMs4OL_OBI_SUB,0-150,SingleCall_gemini31b,7,8,8,1.0,indirect
LLMs4OL_OBI_SUB,0-150,SingleCall_gemini31b,8,4,4,1.0,indirect
LLMs4OL_OBI_SUB,0-150,SingleCall_gemini31b,9,1,1,1.0,indirect
LLMs4OL_OBI_SUB,0-150,SingleCall_gemma4b,1,86,61,0.7093023255813954,direct
LLMs4OL_OBI_SUB,0-150,SingleCall_gemma4b,2,64,35,0.546875,indirect
LLMs4OL_OBI_SUB,0-150,SingleCall_gemma4b,3,42,17,0.40476190476190477,indirect
LLMs4OL_OBI_SUB,0-150,SingleCall_gemma4b,4,27,12,0.4444444444444444,indirect
LLMs4OL_OBI_SUB,0-150,SingleCall_gemma4b,5,21,12,0.5714285714285714,indirect
LLMs4OL_OBI_SUB,0-150,SingleCall_gemma4b,6,15,9,0.6,indirect
LLMs4OL_OBI_SUB,0-150,SingleCall_gemma4b,7,8,5,0.625,indirect
LLMs4OL_OBI_SUB,0-150,SingleCall_gemma4b,8,4,3,0.75,indirect
LLMs4OL_OBI_SUB,0-150,SingleCall_gemma4b,9,1,1,1.0,indirect
LLMs4OL_OBI_SUB,0-150,SingleCall_matched,1,86,54,0.627906976744186,direct
LLMs4OL_OBI_SUB,0-150,SingleCall_matched,2,64,32,0.5,indirect
LLMs4OL_OBI_SUB,0-150,SingleCall_matched,3,42,19,0.4523809523809524,indirect
LLMs4OL_OBI_SUB,0-150,SingleCall_matched,4,27,16,0.5925925925925926,indirect
LLMs4OL_OBI_SUB,0-150,SingleCall_matched,5,21,13,0.6190476190476191,indirect
LLMs4OL_OBI_SUB,0-150,SingleCall_matched,6,15,10,0.6666666666666666,indirect
LLMs4OL_OBI_SUB,0-150,SingleCall_matched,7,8,4,0.5,indirect
LLMs4OL_OBI_SUB,0-150,SingleCall_matched,8,4,2,0.5,indirect
LLMs4OL_OBI_SUB,0-150,SingleCall_matched,9,1,0,0.0,indirect
LLMs4OL_OBI_SUB,0-150,SingleCall_nomerge,1,86,44,0.5116279069767442,direct
LLMs4OL_OBI_SUB,0-150,SingleCall_nomerge,2,64,28,0.4375,indirect
LLMs4OL_OBI_SUB,0-150,SingleCall_nomerge,3,42,16,0.38095238095238093,indirect
LLMs4OL_OBI_SUB,0-150,SingleCall_nomerge,4,27,14,0.5185185185185185,indirect
LLMs4OL_OBI_SUB,0-150,SingleCall_nomerge,5,21,14,0.6666666666666666,indirect
LLMs4OL_OBI_SUB,0-150,SingleCall_nomerge,6,15,10,0.6666666666666666,indirect
LLMs4OL_OBI_SUB,0-150,SingleCall_nomerge,7,8,6,0.75,indirect
LLMs4OL_OBI_SUB,0-150,SingleCall_nomerge,8,4,3,0.75,indirect
LLMs4OL_OBI_SUB,0-150,SingleCall_nomerge,9,1,1,1.0,indirect
LLMs4OL_OBI_SUB,0-150,TaxoLLaMA_PPL15.0,1,86,35,0.4069767441860465,direct
LLMs4OL_OBI_SUB,0-150,TaxoLLaMA_PPL15.0,2,64,15,0.234375,indirect
LLMs4OL_OBI_SUB,0-150,TaxoLLaMA_PPL15.0,3,42,5,0.11904761904761904,indirect
LLMs4OL_OBI_SUB,0-150,TaxoLLaMA_PPL15.0,4,27,2,0.07407407407407407,indirect
LLMs4OL_OBI_SUB,0-150,TaxoLLaMA_PPL15.0,5,21,1,0.047619047619047616,indirect
LLMs4OL_OBI_SUB,0-150,TaxoLLaMA_PPL15.0,6,15,0,0.0,indirect
LLMs4OL_OBI_SUB,0-150,TaxoLLaMA_PPL15.0,7,8,0,0.0,indirect
LLMs4OL_OBI_SUB,0-150,TaxoLLaMA_PPL15.0,8,4,0,0.0,indirect
LLMs4OL_OBI_SUB,0-150,TaxoLLaMA_PPL15.0,9,1,0,0.0,indirect
LLMs4OL_OBI_SUB,0-150,Vector,1,86,25,0.29069767441860467,direct
LLMs4OL_OBI_SUB,0-150,Vector,2,64,10,0.15625,indirect
LLMs4OL_OBI_SUB,0-150,Vector,3,42,5,0.11904761904761904,indirect
LLMs4OL_OBI_SUB,0-150,Vector,4,27,3,0.1111111111111111,indirect
LLMs4OL_OBI_SUB,0-150,Vector,5,21,1,0.047619047619047616,indirect
LLMs4OL_OBI_SUB,0-150,Vector,6,15,0,0.0,indirect
LLMs4OL_OBI_SUB,0-150,Vector,7,8,0,0.0,indirect
LLMs4OL_OBI_SUB,0-150,Vector,8,4,0,0.0,indirect
LLMs4OL_OBI_SUB,0-150,Vector,9,1,0,0.0,indirect
LLMs4OL_PO_FULL,1001-10000,LLMZero,1,1124,0,0.0,direct
LLMs4OL_PO_FULL,1001-10000,LLMZero,2,921,0,0.0,indirect
LLMs4OL_PO_FULL,1001-10000,LLMZero,3,755,0,0.0,indirect
LLMs4OL_PO_FULL,1001-10000,LLMZero,4,580,0,0.0,indirect
LLMs4OL_PO_FULL,1001-10000,LLMZero,5,366,0,0.0,indirect
LLMs4OL_PO_FULL,1001-10000,LLMZero,6,199,0,0.0,indirect
LLMs4OL_PO_FULL,1001-10000,LLMZero,7,99,0,0.0,indirect
LLMs4OL_PO_FULL,1001-10000,LLMZero,8,32,0,0.0,indirect
LLMs4OL_PO_FULL,1001-10000,LLMZero,9,10,0,0.0,indirect
LLMs4OL_PO_FULL,1001-10000,LLMZero,10,4,0,0.0,indirect
LLMs4OL_PO_FULL,1001-10000,Lexical,1,1124,337,0.2998220640569395,direct
LLMs4OL_PO_FULL,1001-10000,Lexical,2,921,142,0.15418023887079263,indirect
LLMs4OL_PO_FULL,1001-10000,Lexical,3,755,31,0.04105960264900662,indirect
LLMs4OL_PO_FULL,1001-10000,Lexical,4,580,5,0.008620689655172414,indirect
LLMs4OL_PO_FULL,1001-10000,Lexical,5,366,4,0.01092896174863388,indirect
LLMs4OL_PO_FULL,1001-10000,Lexical,6,199,0,0.0,indirect
LLMs4OL_PO_FULL,1001-10000,Lexical,7,99,0,0.0,indirect
LLMs4OL_PO_FULL,1001-10000,Lexical,8,32,0,0.0,indirect
LLMs4OL_PO_FULL,1001-10000,Lexical,9,10,0,0.0,indirect
LLMs4OL_PO_FULL,1001-10000,Lexical,10,4,0,0.0,indirect
LLMs4OL_PO_FULL,1001-10000,OurMethod,1,1124,782,0.6957295373665481,direct
LLMs4OL_PO_FULL,1001-10000,OurMethod,2,921,607,0.6590662323561346,indirect
LLMs4OL_PO_FULL,1001-10000,OurMethod,3,755,558,0.7390728476821192,indirect
LLMs4OL_PO_FULL,1001-10000,OurMethod,4,580,482,0.8310344827586207,indirect
LLMs4OL_PO_FULL,1001-10000,OurMethod,5,366,333,0.9098360655737705,indirect
LLMs4OL_PO_FULL,1001-10000,OurMethod,6,199,194,0.9748743718592965,indirect
LLMs4OL_PO_FULL,1001-10000,OurMethod,7,99,99,1.0,indirect
LLMs4OL_PO_FULL,1001-10000,OurMethod,8,32,32,1.0,indirect
LLMs4OL_PO_FULL,1001-10000,OurMethod,9,10,10,1.0,indirect
LLMs4OL_PO_FULL,1001-10000,OurMethod,10,4,4,1.0,indirect
LLMs4OL_PO_FULL,1001-10000,Our_Method_k=1000,1,1124,792,0.7046263345195729,direct
LLMs4OL_PO_FULL,1001-10000,Our_Method_k=1000,2,921,609,0.6612377850162866,indirect
LLMs4OL_PO_FULL,1001-10000,Our_Method_k=1000,3,755,575,0.7615894039735099,indirect
LLMs4OL_PO_FULL,1001-10000,Our_Method_k=1000,4,580,489,0.843103448275862,indirect
LLMs4OL_PO_FULL,1001-10000,Our_Method_k=1000,5,366,323,0.8825136612021858,indirect
LLMs4OL_PO_FULL,1001-10000,Our_Method_k=1000,6,199,184,0.9246231155778895,indirect
LLMs4OL_PO_FULL,1001-10000,Our_Method_k=1000,7,99,98,0.98989898989899,indirect
LLMs4OL_PO_FULL,1001-10000,Our_Method_k=1000,8,32,32,1.0,indirect
LLMs4OL_PO_FULL,1001-10000,Our_Method_k=1000,9,10,10,1.0,indirect
LLMs4OL_PO_FULL,1001-10000,Our_Method_k=1000,10,4,4,1.0,indirect
LLMs4OL_PO_FULL,1001-10000,SBU_Batch,1,1124,146,0.1298932384341637,direct
LLMs4OL_PO_FULL,1001-10000,SBU_Batch,2,921,22,0.023887079261672096,indirect
LLMs4OL_PO_FULL,1001-10000,SBU_Batch,3,755,14,0.018543046357615896,indirect
LLMs4OL_PO_FULL,1001-10000,SBU_Batch,4,580,6,0.010344827586206896,indirect
LLMs4OL_PO_FULL,1001-10000,SBU_Batch,5,366,1,0.00273224043715847,indirect
LLMs4OL_PO_FULL,1001-10000,SBU_Batch,6,199,1,0.005025125628140704,indirect
LLMs4OL_PO_FULL,1001-10000,SBU_Batch,7,99,0,0.0,indirect
LLMs4OL_PO_FULL,1001-10000,SBU_Batch,8,32,0,0.0,indirect
LLMs4OL_PO_FULL,1001-10000,SBU_Batch,9,10,0,0.0,indirect
LLMs4OL_PO_FULL,1001-10000,SBU_Batch,10,4,0,0.0,indirect
LLMs4OL_PO_FULL,1001-10000,SBU_Embedding,1,1124,205,0.18238434163701067,direct
LLMs4OL_PO_FULL,1001-10000,SBU_Embedding,2,921,55,0.05971769815418024,indirect
LLMs4OL_PO_FULL,1001-10000,SBU_Embedding,3,755,10,0.013245033112582781,indirect
LLMs4OL_PO_FULL,1001-10000,SBU_Embedding,4,580,2,0.0034482758620689655,indirect
LLMs4OL_PO_FULL,1001-10000,SBU_Embedding,5,366,1,0.00273224043715847,indirect
LLMs4OL_PO_FULL,1001-10000,SBU_Embedding,6,199,1,0.005025125628140704,indirect
LLMs4OL_PO_FULL,1001-10000,SBU_Embedding,7,99,0,0.0,indirect
LLMs4OL_PO_FULL,1001-10000,SBU_Embedding,8,32,0,0.0,indirect
LLMs4OL_PO_FULL,1001-10000,SBU_Embedding,9,10,0,0.0,indirect
LLMs4OL_PO_FULL,1001-10000,SBU_Embedding,10,4,0,0.0,indirect
LLMs4OL_PO_FULL,1001-10000,Vector,1,1124,412,0.3665480427046263,direct
LLMs4OL_PO_FULL,1001-10000,Vector,2,921,192,0.20846905537459284,indirect
LLMs4OL_PO_FULL,1001-10000,Vector,3,755,39,0.051655629139072845,indirect
LLMs4OL_PO_FULL,1001-10000,Vector,4,580,30,0.05172413793103448,indirect
LLMs4OL_PO_FULL,1001-10000,Vector,5,366,10,0.0273224043715847,indirect
LLMs4OL_PO_FULL,1001-10000,Vector,6,199,1,0.005025125628140704,indirect
LLMs4OL_PO_FULL,1001-10000,Vector,7,99,0,0.0,indirect
LLMs4OL_PO_FULL,1001-10000,Vector,8,32,0,0.0,indirect
LLMs4OL_PO_FULL,1001-10000,Vector,9,10,0,0.0,indirect
LLMs4OL_PO_FULL,1001-10000,Vector,10,4,0,0.0,indirect
LLMs4OL_PO_SUB,0-150,Density_m1,1,88,64,0.7272727272727273,direct
LLMs4OL_PO_SUB,0-150,Density_m1,2,70,50,0.7142857142857143,indirect
LLMs4OL_PO_SUB,0-150,Density_m1,3,56,42,0.75,indirect
LLMs4OL_PO_SUB,0-150,Density_m1,4,41,34,0.8292682926829268,indirect
LLMs4OL_PO_SUB,0-150,Density_m1,5,30,27,0.9,indirect
LLMs4OL_PO_SUB,0-150,Density_m1,6,21,21,1.0,indirect
LLMs4OL_PO_SUB,0-150,Density_m1,7,11,11,1.0,indirect
LLMs4OL_PO_SUB,0-150,Density_m1,8,2,2,1.0,indirect
LLMs4OL_PO_SUB,0-150,Density_m10,1,88,52,0.5909090909090909,direct
LLMs4OL_PO_SUB,0-150,Density_m10,2,70,31,0.44285714285714284,indirect
LLMs4OL_PO_SUB,0-150,Density_m10,3,56,27,0.48214285714285715,indirect
LLMs4OL_PO_SUB,0-150,Density_m10,4,41,22,0.5365853658536586,indirect
LLMs4OL_PO_SUB,0-150,Density_m10,5,30,12,0.4,indirect
LLMs4OL_PO_SUB,0-150,Density_m10,6,21,11,0.5238095238095238,indirect
LLMs4OL_PO_SUB,0-150,Density_m10,7,11,8,0.7272727272727273,indirect
LLMs4OL_PO_SUB,0-150,Density_m10,8,2,2,1.0,indirect
LLMs4OL_PO_SUB,0-150,Density_m100,1,88,53,0.6022727272727273,direct
LLMs4OL_PO_SUB,0-150,Density_m100,2,70,39,0.5571428571428572,indirect
LLMs4OL_PO_SUB,0-150,Density_m100,3,56,33,0.5892857142857143,indirect
LLMs4OL_PO_SUB,0-150,Density_m100,4,41,27,0.6585365853658537,indirect
LLMs4OL_PO_SUB,0-150,Density_m100,5,30,21,0.7,indirect
LLMs4OL_PO_SUB,0-150,Density_m100,6,21,19,0.9047619047619048,indirect
LLMs4OL_PO_SUB,0-150,Density_m100,7,11,11,1.0,indirect
LLMs4OL_PO_SUB,0-150,Density_m100,8,2,2,1.0,indirect
LLMs4OL_PO_SUB,0-150,Density_m2,1,88,64,0.7272727272727273,direct
LLMs4OL_PO_SUB,0-150,Density_m2,2,70,44,0.6285714285714286,indirect
LLMs4OL_PO_SUB,0-150,Density_m2,3,56,38,0.6785714285714286,indirect
LLMs4OL_PO_SUB,0-150,Density_m2,4,41,32,0.7804878048780488,indirect
LLMs4OL_PO_SUB,0-150,Density_m2,5,30,25,0.8333333333333334,indirect
LLMs4OL_PO_SUB,0-150,Density_m2,6,21,21,1.0,indirect
LLMs4OL_PO_SUB,0-150,Density_m2,7,11,10,0.9090909090909091,indirect
LLMs4OL_PO_SUB,0-150,Density_m2,8,2,2,1.0,indirect
LLMs4OL_PO_SUB,0-150,Density_m25,1,88,48,0.5454545454545454,direct
LLMs4OL_PO_SUB,0-150,Density_m25,2,70,38,0.5428571428571428,indirect
LLMs4OL_PO_SUB,0-150,Density_m25,3,56,27,0.48214285714285715,indirect
LLMs4OL_PO_SUB,0-150,Density_m25,4,41,21,0.5121951219512195,indirect
LLMs4OL_PO_SUB,0-150,Density_m25,5,30,17,0.5666666666666667,indirect
LLMs4OL_PO_SUB,0-150,Density_m25,6,21,13,0.6190476190476191,indirect
LLMs4OL_PO_SUB,0-150,Density_m25,7,11,4,0.36363636363636365,indirect
LLMs4OL_PO_SUB,0-150,Density_m25,8,2,0,0.0,indirect
LLMs4OL_PO_SUB,0-150,Density_m5,1,88,52,0.5909090909090909,direct
LLMs4OL_PO_SUB,0-150,Density_m5,2,70,37,0.5285714285714286,indirect
LLMs4OL_PO_SUB,0-150,Density_m5,3,56,30,0.5357142857142857,indirect
LLMs4OL_PO_SUB,0-150,Density_m5,4,41,25,0.6097560975609756,indirect
LLMs4OL_PO_SUB,0-150,Density_m5,5,30,18,0.6,indirect
LLMs4OL_PO_SUB,0-150,Density_m5,6,21,16,0.7619047619047619,indirect
LLMs4OL_PO_SUB,0-150,Density_m5,7,11,8,0.7272727272727273,indirect
LLMs4OL_PO_SUB,0-150,Density_m5,8,2,2,1.0,indirect
LLMs4OL_PO_SUB,0-150,Density_m50,1,88,54,0.6136363636363636,direct
LLMs4OL_PO_SUB,0-150,Density_m50,2,70,40,0.5714285714285714,indirect
LLMs4OL_PO_SUB,0-150,Density_m50,3,56,34,0.6071428571428571,indirect
LLMs4OL_PO_SUB,0-150,Density_m50,4,41,30,0.7317073170731707,indirect
LLMs4OL_PO_SUB,0-150,Density_m50,5,30,26,0.8666666666666667,indirect
LLMs4OL_PO_SUB,0-150,Density_m50,6,21,21,1.0,indirect
LLMs4OL_PO_SUB,0-150,Density_m50,7,11,11,1.0,indirect
LLMs4OL_PO_SUB,0-150,Density_m50,8,2,2,1.0,indirect
LLMs4OL_PO_SUB,0-150,LLMZero,1,88,42,0.4772727272727273,direct
LLMs4OL_PO_SUB,0-150,LLMZero,2,70,31,0.44285714285714284,indirect
LLMs4OL_PO_SUB,0-150,LLMZero,3,56,28,0.5,indirect
LLMs4OL_PO_SUB,0-150,LLMZero,4,41,19,0.4634146341463415,indirect
LLMs4OL_PO_SUB,0-150,LLMZero,5,30,18,0.6,indirect
LLMs4OL_PO_SUB,0-150,LLMZero,6,21,17,0.8095238095238095,indirect
LLMs4OL_PO_SUB,0-150,LLMZero,7,11,10,0.9090909090909091,indirect
LLMs4OL_PO_SUB,0-150,LLMZero,8,2,2,1.0,indirect
LLMs4OL_PO_SUB,0-150,Lexical,1,88,21,0.23863636363636365,direct
LLMs4OL_PO_SUB,0-150,Lexical,2,70,4,0.05714285714285714,indirect
LLMs4OL_PO_SUB,0-150,Lexical,3,56,1,0.017857142857142856,indirect
LLMs4OL_PO_SUB,0-150,Lexical,4,41,0,0.0,indirect
LLMs4OL_PO_SUB,0-150,Lexical,5,30,0,0.0,indirect
LLMs4OL_PO_SUB,0-150,Lexical,6,21,0,0.0,indirect
LLMs4OL_PO_SUB,0-150,Lexical,7,11,0,0.0,indirect
LLMs4OL_PO_SUB,0-150,Lexical,8,2,0,0.0,indirect
LLMs4OL_PO_SUB,0-150,OurMethod,1,88,70,0.7954545454545454,direct
LLMs4OL_PO_SUB,0-150,OurMethod,2,70,54,0.7714285714285715,indirect
LLMs4OL_PO_SUB,0-150,OurMethod,3,56,45,0.8035714285714286,indirect
LLMs4OL_PO_SUB,0-150,OurMethod,4,41,35,0.8536585365853658,indirect
LLMs4OL_PO_SUB,0-150,OurMethod,5,30,28,0.9333333333333333,indirect
LLMs4OL_PO_SUB,0-150,OurMethod,6,21,21,1.0,indirect
LLMs4OL_PO_SUB,0-150,OurMethod,7,11,11,1.0,indirect
LLMs4OL_PO_SUB,0-150,OurMethod,8,2,2,1.0,indirect
LLMs4OL_PO_SUB,0-150,Our_Method_+restructure_k1000_clawback0,1,88,68,0.7727272727272727,direct
LLMs4OL_PO_SUB,0-150,Our_Method_+restructure_k1000_clawback0,2,70,54,0.7714285714285715,indirect
LLMs4OL_PO_SUB,0-150,Our_Method_+restructure_k1000_clawback0,3,56,42,0.75,indirect
LLMs4OL_PO_SUB,0-150,Our_Method_+restructure_k1000_clawback0,4,41,37,0.9024390243902439,indirect
LLMs4OL_PO_SUB,0-150,Our_Method_+restructure_k1000_clawback0,5,30,30,1.0,indirect
LLMs4OL_PO_SUB,0-150,Our_Method_+restructure_k1000_clawback0,6,21,21,1.0,indirect
LLMs4OL_PO_SUB,0-150,Our_Method_+restructure_k1000_clawback0,7,11,11,1.0,indirect
LLMs4OL_PO_SUB,0-150,Our_Method_+restructure_k1000_clawback0,8,2,2,1.0,indirect
LLMs4OL_PO_SUB,0-150,Our_Method_+restructure_prune_only_top10_+rank_leverage_k1000_clawback0,1,88,68,0.7727272727272727,direct
LLMs4OL_PO_SUB,0-150,Our_Method_+restructure_prune_only_top10_+rank_leverage_k1000_clawback0,2,70,57,0.8142857142857143,indirect
LLMs4OL_PO_SUB,0-150,Our_Method_+restructure_prune_only_top10_+rank_leverage_k1000_clawback0,3,56,48,0.8571428571428571,indirect
LLMs4OL_PO_SUB,0-150,Our_Method_+restructure_prune_only_top10_+rank_leverage_k1000_clawback0,4,41,38,0.926829268292683,indirect
LLMs4OL_PO_SUB,0-150,Our_Method_+restructure_prune_only_top10_+rank_leverage_k1000_clawback0,5,30,30,1.0,indirect
LLMs4OL_PO_SUB,0-150,Our_Method_+restructure_prune_only_top10_+rank_leverage_k1000_clawback0,6,21,21,1.0,indirect
LLMs4OL_PO_SUB,0-150,Our_Method_+restructure_prune_only_top10_+rank_leverage_k1000_clawback0,7,11,11,1.0,indirect
LLMs4OL_PO_SUB,0-150,Our_Method_+restructure_prune_only_top10_+rank_leverage_k1000_clawback0,8,2,2,1.0,indirect
LLMs4OL_PO_SUB,0-150,Our_Method_+restructure_prune_only_top10_+rank_neighborhood_k1000_clawback0,1,88,68,0.7727272727272727,direct
LLMs4OL_PO_SUB,0-150,Our_Method_+restructure_prune_only_top10_+rank_neighborhood_k1000_clawback0,2,70,54,0.7714285714285715,indirect
LLMs4OL_PO_SUB,0-150,Our_Method_+restructure_prune_only_top10_+rank_neighborhood_k1000_clawback0,3,56,45,0.8035714285714286,indirect
LLMs4OL_PO_SUB,0-150,Our_Method_+restructure_prune_only_top10_+rank_neighborhood_k1000_clawback0,4,41,37,0.9024390243902439,indirect
LLMs4OL_PO_SUB,0-150,Our_Method_+restructure_prune_only_top10_+rank_neighborhood_k1000_clawback0,5,30,30,1.0,indirect
LLMs4OL_PO_SUB,0-150,Our_Method_+restructure_prune_only_top10_+rank_neighborhood_k1000_clawback0,6,21,21,1.0,indirect
LLMs4OL_PO_SUB,0-150,Our_Method_+restructure_prune_only_top10_+rank_neighborhood_k1000_clawback0,7,11,11,1.0,indirect
LLMs4OL_PO_SUB,0-150,Our_Method_+restructure_prune_only_top10_+rank_neighborhood_k1000_clawback0,8,2,2,1.0,indirect
LLMs4OL_PO_SUB,0-150,Our_Method_+restructure_prune_only_top10_+rank_salience_k1000_clawback0,1,88,69,0.7840909090909091,direct
LLMs4OL_PO_SUB,0-150,Our_Method_+restructure_prune_only_top10_+rank_salience_k1000_clawback0,2,70,56,0.8,indirect
LLMs4OL_PO_SUB,0-150,Our_Method_+restructure_prune_only_top10_+rank_salience_k1000_clawback0,3,56,46,0.8214285714285714,indirect
LLMs4OL_PO_SUB,0-150,Our_Method_+restructure_prune_only_top10_+rank_salience_k1000_clawback0,4,41,37,0.9024390243902439,indirect
LLMs4OL_PO_SUB,0-150,Our_Method_+restructure_prune_only_top10_+rank_salience_k1000_clawback0,5,30,30,1.0,indirect
LLMs4OL_PO_SUB,0-150,Our_Method_+restructure_prune_only_top10_+rank_salience_k1000_clawback0,6,21,21,1.0,indirect
LLMs4OL_PO_SUB,0-150,Our_Method_+restructure_prune_only_top10_+rank_salience_k1000_clawback0,7,11,11,1.0,indirect
LLMs4OL_PO_SUB,0-150,Our_Method_+restructure_prune_only_top10_+rank_salience_k1000_clawback0,8,2,2,1.0,indirect
LLMs4OL_PO_SUB,0-150,Our_Method_+restructure_prune_only_top10_+rank_self_agreement_k1000_clawback0,1,88,71,0.8068181818181818,direct
LLMs4OL_PO_SUB,0-150,Our_Method_+restructure_prune_only_top10_+rank_self_agreement_k1000_clawback0,2,70,58,0.8285714285714286,indirect
LLMs4OL_PO_SUB,0-150,Our_Method_+restructure_prune_only_top10_+rank_self_agreement_k1000_clawback0,3,56,48,0.8571428571428571,indirect
LLMs4OL_PO_SUB,0-150,Our_Method_+restructure_prune_only_top10_+rank_self_agreement_k1000_clawback0,4,41,38,0.926829268292683,indirect
LLMs4OL_PO_SUB,0-150,Our_Method_+restructure_prune_only_top10_+rank_self_agreement_k1000_clawback0,5,30,30,1.0,indirect
LLMs4OL_PO_SUB,0-150,Our_Method_+restructure_prune_only_top10_+rank_self_agreement_k1000_clawback0,6,21,21,1.0,indirect
LLMs4OL_PO_SUB,0-150,Our_Method_+restructure_prune_only_top10_+rank_self_agreement_k1000_clawback0,7,11,11,1.0,indirect
LLMs4OL_PO_SUB,0-150,Our_Method_+restructure_prune_only_top10_+rank_self_agreement_k1000_clawback0,8,2,2,1.0,indirect
LLMs4OL_PO_SUB,0-150,Our_Method_+restructure_prune_only_top10_k1000_clawback0,1,88,68,0.7727272727272727,direct
LLMs4OL_PO_SUB,0-150,Our_Method_+restructure_prune_only_top10_k1000_clawback0,2,70,54,0.7714285714285715,indirect
LLMs4OL_PO_SUB,0-150,Our_Method_+restructure_prune_only_top10_k1000_clawback0,3,56,47,0.8392857142857143,indirect
LLMs4OL_PO_SUB,0-150,Our_Method_+restructure_prune_only_top10_k1000_clawback0,4,41,38,0.926829268292683,indirect
LLMs4OL_PO_SUB,0-150,Our_Method_+restructure_prune_only_top10_k1000_clawback0,5,30,30,1.0,indirect
LLMs4OL_PO_SUB,0-150,Our_Method_+restructure_prune_only_top10_k1000_clawback0,6,21,21,1.0,indirect
LLMs4OL_PO_SUB,0-150,Our_Method_+restructure_prune_only_top10_k1000_clawback0,7,11,11,1.0,indirect
LLMs4OL_PO_SUB,0-150,Our_Method_+restructure_prune_only_top10_k1000_clawback0,8,2,2,1.0,indirect
LLMs4OL_PO_SUB,0-150,Our_Method_+restructure_prune_only_top25_k1000_clawback0,1,88,70,0.7954545454545454,direct
LLMs4OL_PO_SUB,0-150,Our_Method_+restructure_prune_only_top25_k1000_clawback0,2,70,57,0.8142857142857143,indirect
LLMs4OL_PO_SUB,0-150,Our_Method_+restructure_prune_only_top25_k1000_clawback0,3,56,48,0.8571428571428571,indirect
LLMs4OL_PO_SUB,0-150,Our_Method_+restructure_prune_only_top25_k1000_clawback0,4,41,38,0.926829268292683,indirect
LLMs4OL_PO_SUB,0-150,Our_Method_+restructure_prune_only_top25_k1000_clawback0,5,30,30,1.0,indirect
LLMs4OL_PO_SUB,0-150,Our_Method_+restructure_prune_only_top25_k1000_clawback0,6,21,21,1.0,indirect
LLMs4OL_PO_SUB,0-150,Our_Method_+restructure_prune_only_top25_k1000_clawback0,7,11,11,1.0,indirect
LLMs4OL_PO_SUB,0-150,Our_Method_+restructure_prune_only_top25_k1000_clawback0,8,2,2,1.0,indirect
LLMs4OL_PO_SUB,0-150,Our_Method_+restructure_ranked_k1000_clawback0,1,88,68,0.7727272727272727,direct
LLMs4OL_PO_SUB,0-150,Our_Method_+restructure_ranked_k1000_clawback0,2,70,51,0.7285714285714285,indirect
LLMs4OL_PO_SUB,0-150,Our_Method_+restructure_ranked_k1000_clawback0,3,56,43,0.7678571428571429,indirect
LLMs4OL_PO_SUB,0-150,Our_Method_+restructure_ranked_k1000_clawback0,4,41,35,0.8536585365853658,indirect
LLMs4OL_PO_SUB,0-150,Our_Method_+restructure_ranked_k1000_clawback0,5,30,29,0.9666666666666667,indirect
LLMs4OL_PO_SUB,0-150,Our_Method_+restructure_ranked_k1000_clawback0,6,21,21,1.0,indirect
LLMs4OL_PO_SUB,0-150,Our_Method_+restructure_ranked_k1000_clawback0,7,11,11,1.0,indirect
LLMs4OL_PO_SUB,0-150,Our_Method_+restructure_ranked_k1000_clawback0,8,2,2,1.0,indirect
LLMs4OL_PO_SUB,0-150,Our_Method_+restructure_ranked_top25_k1000_clawback0,1,88,67,0.7613636363636364,direct
LLMs4OL_PO_SUB,0-150,Our_Method_+restructure_ranked_top25_k1000_clawback0,2,70,50,0.7142857142857143,indirect
LLMs4OL_PO_SUB,0-150,Our_Method_+restructure_ranked_top25_k1000_clawback0,3,56,43,0.7678571428571429,indirect
LLMs4OL_PO_SUB,0-150,Our_Method_+restructure_ranked_top25_k1000_clawback0,4,41,37,0.9024390243902439,indirect
LLMs4OL_PO_SUB,0-150,Our_Method_+restructure_ranked_top25_k1000_clawback0,5,30,30,1.0,indirect
LLMs4OL_PO_SUB,0-150,Our_Method_+restructure_ranked_top25_k1000_clawback0,6,21,21,1.0,indirect
LLMs4OL_PO_SUB,0-150,Our_Method_+restructure_ranked_top25_k1000_clawback0,7,11,11,1.0,indirect
LLMs4OL_PO_SUB,0-150,Our_Method_+restructure_ranked_top25_k1000_clawback0,8,2,2,1.0,indirect
LLMs4OL_PO_SUB,0-150,Our_Method_alt_Prompt_k1000_clawback0,1,88,70,0.7954545454545454,direct
LLMs4OL_PO_SUB,0-150,Our_Method_alt_Prompt_k1000_clawback0,2,70,55,0.7857142857142857,indirect
LLMs4OL_PO_SUB,0-150,Our_Method_alt_Prompt_k1000_clawback0,3,56,47,0.8392857142857143,indirect
LLMs4OL_PO_SUB,0-150,Our_Method_alt_Prompt_k1000_clawback0,4,41,36,0.8780487804878049,indirect
LLMs4OL_PO_SUB,0-150,Our_Method_alt_Prompt_k1000_clawback0,5,30,30,1.0,indirect
LLMs4OL_PO_SUB,0-150,Our_Method_alt_Prompt_k1000_clawback0,6,21,21,1.0,indirect
LLMs4OL_PO_SUB,0-150,Our_Method_alt_Prompt_k1000_clawback0,7,11,11,1.0,indirect
LLMs4OL_PO_SUB,0-150,Our_Method_alt_Prompt_k1000_clawback0,8,2,2,1.0,indirect
LLMs4OL_PO_SUB,0-150,Our_Method_alt_Prompt_k=1000,1,88,23,0.26136363636363635,direct
LLMs4OL_PO_SUB,0-150,Our_Method_alt_Prompt_k=1000,2,70,25,0.35714285714285715,indirect
LLMs4OL_PO_SUB,0-150,Our_Method_alt_Prompt_k=1000,3,56,21,0.375,indirect
LLMs4OL_PO_SUB,0-150,Our_Method_alt_Prompt_k=1000,4,41,23,0.5609756097560976,indirect
LLMs4OL_PO_SUB,0-150,Our_Method_alt_Prompt_k=1000,5,30,21,0.7,indirect
LLMs4OL_PO_SUB,0-150,Our_Method_alt_Prompt_k=1000,6,21,18,0.8571428571428571,indirect
LLMs4OL_PO_SUB,0-150,Our_Method_alt_Prompt_k=1000,7,11,11,1.0,indirect
LLMs4OL_PO_SUB,0-150,Our_Method_alt_Prompt_k=1000,8,2,2,1.0,indirect
LLMs4OL_PO_SUB,0-150,Our_Method_direct_k1000_clawback0,1,88,74,0.8409090909090909,direct
LLMs4OL_PO_SUB,0-150,Our_Method_direct_k1000_clawback0,2,70,59,0.8428571428571429,indirect
LLMs4OL_PO_SUB,0-150,Our_Method_direct_k1000_clawback0,3,56,46,0.8214285714285714,indirect
LLMs4OL_PO_SUB,0-150,Our_Method_direct_k1000_clawback0,4,41,36,0.8780487804878049,indirect
LLMs4OL_PO_SUB,0-150,Our_Method_direct_k1000_clawback0,5,30,29,0.9666666666666667,indirect
LLMs4OL_PO_SUB,0-150,Our_Method_direct_k1000_clawback0,6,21,21,1.0,indirect
LLMs4OL_PO_SUB,0-150,Our_Method_direct_k1000_clawback0,7,11,11,1.0,indirect
LLMs4OL_PO_SUB,0-150,Our_Method_direct_k1000_clawback0,8,2,2,1.0,indirect
LLMs4OL_PO_SUB,0-150,Our_Method_full_json_k1000_clawback0,1,88,63,0.7159090909090909,direct
LLMs4OL_PO_SUB,0-150,Our_Method_full_json_k1000_clawback0,2,70,48,0.6857142857142857,indirect
LLMs4OL_PO_SUB,0-150,Our_Method_full_json_k1000_clawback0,3,56,41,0.7321428571428571,indirect
LLMs4OL_PO_SUB,0-150,Our_Method_full_json_k1000_clawback0,4,41,35,0.8536585365853658,indirect
LLMs4OL_PO_SUB,0-150,Our_Method_full_json_k1000_clawback0,5,30,29,0.9666666666666667,indirect
LLMs4OL_PO_SUB,0-150,Our_Method_full_json_k1000_clawback0,6,21,21,1.0,indirect
LLMs4OL_PO_SUB,0-150,Our_Method_full_json_k1000_clawback0,7,11,11,1.0,indirect
LLMs4OL_PO_SUB,0-150,Our_Method_full_json_k1000_clawback0,8,2,2,1.0,indirect
LLMs4OL_PO_SUB,0-150,Our_Method_full_k1000_clawback0,1,88,66,0.75,direct
LLMs4OL_PO_SUB,0-150,Our_Method_full_k1000_clawback0,2,70,49,0.7,indirect
LLMs4OL_PO_SUB,0-150,Our_Method_full_k1000_clawback0,3,56,42,0.75,indirect
LLMs4OL_PO_SUB,0-150,Our_Method_full_k1000_clawback0,4,41,36,0.8780487804878049,indirect
LLMs4OL_PO_SUB,0-150,Our_Method_full_k1000_clawback0,5,30,30,1.0,indirect
LLMs4OL_PO_SUB,0-150,Our_Method_full_k1000_clawback0,6,21,21,1.0,indirect
LLMs4OL_PO_SUB,0-150,Our_Method_full_k1000_clawback0,7,11,11,1.0,indirect
LLMs4OL_PO_SUB,0-150,Our_Method_full_k1000_clawback0,8,2,2,1.0,indirect
LLMs4OL_PO_SUB,0-150,Our_Method_isa_k1000_clawback0,1,88,67,0.7613636363636364,direct
LLMs4OL_PO_SUB,0-150,Our_Method_isa_k1000_clawback0,2,70,50,0.7142857142857143,indirect
LLMs4OL_PO_SUB,0-150,Our_Method_isa_k1000_clawback0,3,56,41,0.7321428571428571,indirect
LLMs4OL_PO_SUB,0-150,Our_Method_isa_k1000_clawback0,4,41,34,0.8292682926829268,indirect
LLMs4OL_PO_SUB,0-150,Our_Method_isa_k1000_clawback0,5,30,30,1.0,indirect
LLMs4OL_PO_SUB,0-150,Our_Method_isa_k1000_clawback0,6,21,21,1.0,indirect
LLMs4OL_PO_SUB,0-150,Our_Method_isa_k1000_clawback0,7,11,11,1.0,indirect
LLMs4OL_PO_SUB,0-150,Our_Method_isa_k1000_clawback0,8,2,2,1.0,indirect
LLMs4OL_PO_SUB,0-150,Our_Method_k1000_clawback0,1,88,80,0.9090909090909091,direct
LLMs4OL_PO_SUB,0-150,Our_Method_k1000_clawback0,2,70,61,0.8714285714285714,indirect
LLMs4OL_PO_SUB,0-150,Our_Method_k1000_clawback0,3,56,50,0.8928571428571429,indirect
LLMs4OL_PO_SUB,0-150,Our_Method_k1000_clawback0,4,41,38,0.926829268292683,indirect
LLMs4OL_PO_SUB,0-150,Our_Method_k1000_clawback0,5,30,30,1.0,indirect
LLMs4OL_PO_SUB,0-150,Our_Method_k1000_clawback0,6,21,21,1.0,indirect
LLMs4OL_PO_SUB,0-150,Our_Method_k1000_clawback0,7,11,11,1.0,indirect
LLMs4OL_PO_SUB,0-150,Our_Method_k1000_clawback0,8,2,2,1.0,indirect
LLMs4OL_PO_SUB,0-150,Our_Method_k1000_clawback0_gemini31b,1,88,80,0.9090909090909091,direct
LLMs4OL_PO_SUB,0-150,Our_Method_k1000_clawback0_gemini31b,2,70,61,0.8714285714285714,indirect
LLMs4OL_PO_SUB,0-150,Our_Method_k1000_clawback0_gemini31b,3,56,51,0.9107142857142857,indirect
LLMs4OL_PO_SUB,0-150,Our_Method_k1000_clawback0_gemini31b,4,41,38,0.926829268292683,indirect
LLMs4OL_PO_SUB,0-150,Our_Method_k1000_clawback0_gemini31b,5,30,30,1.0,indirect
LLMs4OL_PO_SUB,0-150,Our_Method_k1000_clawback0_gemini31b,6,21,21,1.0,indirect
LLMs4OL_PO_SUB,0-150,Our_Method_k1000_clawback0_gemini31b,7,11,11,1.0,indirect
LLMs4OL_PO_SUB,0-150,Our_Method_k1000_clawback0_gemini31b,8,2,2,1.0,indirect
LLMs4OL_PO_SUB,0-150,Our_Method_k1000_clawback0_gemma4b,1,88,71,0.8068181818181818,direct
LLMs4OL_PO_SUB,0-150,Our_Method_k1000_clawback0_gemma4b,2,70,58,0.8285714285714286,indirect
LLMs4OL_PO_SUB,0-150,Our_Method_k1000_clawback0_gemma4b,3,56,48,0.8571428571428571,indirect
LLMs4OL_PO_SUB,0-150,Our_Method_k1000_clawback0_gemma4b,4,41,38,0.926829268292683,indirect
LLMs4OL_PO_SUB,0-150,Our_Method_k1000_clawback0_gemma4b,5,30,30,1.0,indirect
LLMs4OL_PO_SUB,0-150,Our_Method_k1000_clawback0_gemma4b,6,21,21,1.0,indirect
LLMs4OL_PO_SUB,0-150,Our_Method_k1000_clawback0_gemma4b,7,11,11,1.0,indirect
LLMs4OL_PO_SUB,0-150,Our_Method_k1000_clawback0_gemma4b,8,2,2,1.0,indirect
LLMs4OL_PO_SUB,0-150,Our_Method_k1000_clawback10,1,88,70,0.7954545454545454,direct
LLMs4OL_PO_SUB,0-150,Our_Method_k1000_clawback10,2,70,51,0.7285714285714285,indirect
LLMs4OL_PO_SUB,0-150,Our_Method_k1000_clawback10,3,56,43,0.7678571428571429,indirect
LLMs4OL_PO_SUB,0-150,Our_Method_k1000_clawback10,4,41,35,0.8536585365853658,indirect
LLMs4OL_PO_SUB,0-150,Our_Method_k1000_clawback10,5,30,29,0.9666666666666667,indirect
LLMs4OL_PO_SUB,0-150,Our_Method_k1000_clawback10,6,21,21,1.0,indirect
LLMs4OL_PO_SUB,0-150,Our_Method_k1000_clawback10,7,11,11,1.0,indirect
LLMs4OL_PO_SUB,0-150,Our_Method_k1000_clawback10,8,2,2,1.0,indirect
LLMs4OL_PO_SUB,0-150,Our_Method_k1000_clawback100,1,88,64,0.7272727272727273,direct
LLMs4OL_PO_SUB,0-150,Our_Method_k1000_clawback100,2,70,50,0.7142857142857143,indirect
LLMs4OL_PO_SUB,0-150,Our_Method_k1000_clawback100,3,56,43,0.7678571428571429,indirect
LLMs4OL_PO_SUB,0-150,Our_Method_k1000_clawback100,4,41,35,0.8536585365853658,indirect
LLMs4OL_PO_SUB,0-150,Our_Method_k1000_clawback100,5,30,29,0.9666666666666667,indirect
LLMs4OL_PO_SUB,0-150,Our_Method_k1000_clawback100,6,21,21,1.0,indirect
LLMs4OL_PO_SUB,0-150,Our_Method_k1000_clawback100,7,11,11,1.0,indirect
LLMs4OL_PO_SUB,0-150,Our_Method_k1000_clawback100,8,2,2,1.0,indirect
LLMs4OL_PO_SUB,0-150,Our_Method_k1000_clawback15,1,88,70,0.7954545454545454,direct
LLMs4OL_PO_SUB,0-150,Our_Method_k1000_clawback15,2,70,53,0.7571428571428571,indirect
LLMs4OL_PO_SUB,0-150,Our_Method_k1000_clawback15,3,56,43,0.7678571428571429,indirect
LLMs4OL_PO_SUB,0-150,Our_Method_k1000_clawback15,4,41,35,0.8536585365853658,indirect
LLMs4OL_PO_SUB,0-150,Our_Method_k1000_clawback15,5,30,29,0.9666666666666667,indirect
LLMs4OL_PO_SUB,0-150,Our_Method_k1000_clawback15,6,21,21,1.0,indirect
LLMs4OL_PO_SUB,0-150,Our_Method_k1000_clawback15,7,11,11,1.0,indirect
LLMs4OL_PO_SUB,0-150,Our_Method_k1000_clawback15,8,2,2,1.0,indirect
LLMs4OL_PO_SUB,0-150,Our_Method_k1000_clawback2,1,88,70,0.7954545454545454,direct
LLMs4OL_PO_SUB,0-150,Our_Method_k1000_clawback2,2,70,53,0.7571428571428571,indirect
LLMs4OL_PO_SUB,0-150,Our_Method_k1000_clawback2,3,56,43,0.7678571428571429,indirect
LLMs4OL_PO_SUB,0-150,Our_Method_k1000_clawback2,4,41,35,0.8536585365853658,indirect
LLMs4OL_PO_SUB,0-150,Our_Method_k1000_clawback2,5,30,29,0.9666666666666667,indirect
LLMs4OL_PO_SUB,0-150,Our_Method_k1000_clawback2,6,21,21,1.0,indirect
LLMs4OL_PO_SUB,0-150,Our_Method_k1000_clawback2,7,11,11,1.0,indirect
LLMs4OL_PO_SUB,0-150,Our_Method_k1000_clawback2,8,2,2,1.0,indirect
LLMs4OL_PO_SUB,0-150,Our_Method_k1000_clawback20,1,88,70,0.7954545454545454,direct
LLMs4OL_PO_SUB,0-150,Our_Method_k1000_clawback20,2,70,53,0.7571428571428571,indirect
LLMs4OL_PO_SUB,0-150,Our_Method_k1000_clawback20,3,56,43,0.7678571428571429,indirect
LLMs4OL_PO_SUB,0-150,Our_Method_k1000_clawback20,4,41,35,0.8536585365853658,indirect
LLMs4OL_PO_SUB,0-150,Our_Method_k1000_clawback20,5,30,29,0.9666666666666667,indirect
LLMs4OL_PO_SUB,0-150,Our_Method_k1000_clawback20,6,21,21,1.0,indirect
LLMs4OL_PO_SUB,0-150,Our_Method_k1000_clawback20,7,11,11,1.0,indirect
LLMs4OL_PO_SUB,0-150,Our_Method_k1000_clawback20,8,2,2,1.0,indirect
LLMs4OL_PO_SUB,0-150,Our_Method_k1000_clawback25,1,88,69,0.7840909090909091,direct
LLMs4OL_PO_SUB,0-150,Our_Method_k1000_clawback25,2,70,56,0.8,indirect
LLMs4OL_PO_SUB,0-150,Our_Method_k1000_clawback25,3,56,47,0.8392857142857143,indirect
LLMs4OL_PO_SUB,0-150,Our_Method_k1000_clawback25,4,41,38,0.926829268292683,indirect
LLMs4OL_PO_SUB,0-150,Our_Method_k1000_clawback25,5,30,30,1.0,indirect
LLMs4OL_PO_SUB,0-150,Our_Method_k1000_clawback25,6,21,21,1.0,indirect
LLMs4OL_PO_SUB,0-150,Our_Method_k1000_clawback25,7,11,11,1.0,indirect
LLMs4OL_PO_SUB,0-150,Our_Method_k1000_clawback25,8,2,2,1.0,indirect
LLMs4OL_PO_SUB,0-150,Our_Method_k1000_clawback30,1,88,70,0.7954545454545454,direct
LLMs4OL_PO_SUB,0-150,Our_Method_k1000_clawback30,2,70,53,0.7571428571428571,indirect
LLMs4OL_PO_SUB,0-150,Our_Method_k1000_clawback30,3,56,43,0.7678571428571429,indirect
LLMs4OL_PO_SUB,0-150,Our_Method_k1000_clawback30,4,41,35,0.8536585365853658,indirect
LLMs4OL_PO_SUB,0-150,Our_Method_k1000_clawback30,5,30,29,0.9666666666666667,indirect
LLMs4OL_PO_SUB,0-150,Our_Method_k1000_clawback30,6,21,21,1.0,indirect
LLMs4OL_PO_SUB,0-150,Our_Method_k1000_clawback30,7,11,11,1.0,indirect
LLMs4OL_PO_SUB,0-150,Our_Method_k1000_clawback30,8,2,2,1.0,indirect
LLMs4OL_PO_SUB,0-150,Our_Method_k1000_clawback4,1,88,70,0.7954545454545454,direct
LLMs4OL_PO_SUB,0-150,Our_Method_k1000_clawback4,2,70,53,0.7571428571428571,indirect
LLMs4OL_PO_SUB,0-150,Our_Method_k1000_clawback4,3,56,43,0.7678571428571429,indirect
LLMs4OL_PO_SUB,0-150,Our_Method_k1000_clawback4,4,41,35,0.8536585365853658,indirect
LLMs4OL_PO_SUB,0-150,Our_Method_k1000_clawback4,5,30,29,0.9666666666666667,indirect
LLMs4OL_PO_SUB,0-150,Our_Method_k1000_clawback4,6,21,21,1.0,indirect
LLMs4OL_PO_SUB,0-150,Our_Method_k1000_clawback4,7,11,11,1.0,indirect
LLMs4OL_PO_SUB,0-150,Our_Method_k1000_clawback4,8,2,2,1.0,indirect
LLMs4OL_PO_SUB,0-150,Our_Method_k1000_clawback40,1,88,70,0.7954545454545454,direct
LLMs4OL_PO_SUB,0-150,Our_Method_k1000_clawback40,2,70,53,0.7571428571428571,indirect
LLMs4OL_PO_SUB,0-150,Our_Method_k1000_clawback40,3,56,43,0.7678571428571429,indirect
LLMs4OL_PO_SUB,0-150,Our_Method_k1000_clawback40,4,41,35,0.8536585365853658,indirect
LLMs4OL_PO_SUB,0-150,Our_Method_k1000_clawback40,5,30,29,0.9666666666666667,indirect
LLMs4OL_PO_SUB,0-150,Our_Method_k1000_clawback40,6,21,21,1.0,indirect
LLMs4OL_PO_SUB,0-150,Our_Method_k1000_clawback40,7,11,11,1.0,indirect
LLMs4OL_PO_SUB,0-150,Our_Method_k1000_clawback40,8,2,2,1.0,indirect
LLMs4OL_PO_SUB,0-150,Our_Method_k1000_clawback5,1,88,71,0.8068181818181818,direct
LLMs4OL_PO_SUB,0-150,Our_Method_k1000_clawback5,2,70,53,0.7571428571428571,indirect
LLMs4OL_PO_SUB,0-150,Our_Method_k1000_clawback5,3,56,44,0.7857142857142857,indirect
LLMs4OL_PO_SUB,0-150,Our_Method_k1000_clawback5,4,41,36,0.8780487804878049,indirect
LLMs4OL_PO_SUB,0-150,Our_Method_k1000_clawback5,5,30,29,0.9666666666666667,indirect
LLMs4OL_PO_SUB,0-150,Our_Method_k1000_clawback5,6,21,21,1.0,indirect
LLMs4OL_PO_SUB,0-150,Our_Method_k1000_clawback5,7,11,11,1.0,indirect
LLMs4OL_PO_SUB,0-150,Our_Method_k1000_clawback5,8,2,2,1.0,indirect
LLMs4OL_PO_SUB,0-150,Our_Method_k1000_clawback50,1,88,68,0.7727272727272727,direct
LLMs4OL_PO_SUB,0-150,Our_Method_k1000_clawback50,2,70,51,0.7285714285714285,indirect
LLMs4OL_PO_SUB,0-150,Our_Method_k1000_clawback50,3,56,43,0.7678571428571429,indirect
LLMs4OL_PO_SUB,0-150,Our_Method_k1000_clawback50,4,41,35,0.8536585365853658,indirect
LLMs4OL_PO_SUB,0-150,Our_Method_k1000_clawback50,5,30,29,0.9666666666666667,indirect
LLMs4OL_PO_SUB,0-150,Our_Method_k1000_clawback50,6,21,21,1.0,indirect
LLMs4OL_PO_SUB,0-150,Our_Method_k1000_clawback50,7,11,11,1.0,indirect
LLMs4OL_PO_SUB,0-150,Our_Method_k1000_clawback50,8,2,2,1.0,indirect
LLMs4OL_PO_SUB,0-150,Our_Method_k1000_clawback6,1,88,70,0.7954545454545454,direct
LLMs4OL_PO_SUB,0-150,Our_Method_k1000_clawback6,2,70,53,0.7571428571428571,indirect
LLMs4OL_PO_SUB,0-150,Our_Method_k1000_clawback6,3,56,43,0.7678571428571429,indirect
LLMs4OL_PO_SUB,0-150,Our_Method_k1000_clawback6,4,41,35,0.8536585365853658,indirect
LLMs4OL_PO_SUB,0-150,Our_Method_k1000_clawback6,5,30,29,0.9666666666666667,indirect
LLMs4OL_PO_SUB,0-150,Our_Method_k1000_clawback6,6,21,21,1.0,indirect
LLMs4OL_PO_SUB,0-150,Our_Method_k1000_clawback6,7,11,11,1.0,indirect
LLMs4OL_PO_SUB,0-150,Our_Method_k1000_clawback6,8,2,2,1.0,indirect
LLMs4OL_PO_SUB,0-150,Our_Method_k1000_clawback75,1,88,66,0.75,direct
LLMs4OL_PO_SUB,0-150,Our_Method_k1000_clawback75,2,70,50,0.7142857142857143,indirect
LLMs4OL_PO_SUB,0-150,Our_Method_k1000_clawback75,3,56,43,0.7678571428571429,indirect
LLMs4OL_PO_SUB,0-150,Our_Method_k1000_clawback75,4,41,35,0.8536585365853658,indirect
LLMs4OL_PO_SUB,0-150,Our_Method_k1000_clawback75,5,30,29,0.9666666666666667,indirect
LLMs4OL_PO_SUB,0-150,Our_Method_k1000_clawback75,6,21,21,1.0,indirect
LLMs4OL_PO_SUB,0-150,Our_Method_k1000_clawback75,7,11,11,1.0,indirect
LLMs4OL_PO_SUB,0-150,Our_Method_k1000_clawback75,8,2,2,1.0,indirect
LLMs4OL_PO_SUB,0-150,Our_Method_k1000_clawback8,1,88,70,0.7954545454545454,direct
LLMs4OL_PO_SUB,0-150,Our_Method_k1000_clawback8,2,70,53,0.7571428571428571,indirect
LLMs4OL_PO_SUB,0-150,Our_Method_k1000_clawback8,3,56,43,0.7678571428571429,indirect
LLMs4OL_PO_SUB,0-150,Our_Method_k1000_clawback8,4,41,35,0.8536585365853658,indirect
LLMs4OL_PO_SUB,0-150,Our_Method_k1000_clawback8,5,30,29,0.9666666666666667,indirect
LLMs4OL_PO_SUB,0-150,Our_Method_k1000_clawback8,6,21,21,1.0,indirect
LLMs4OL_PO_SUB,0-150,Our_Method_k1000_clawback8,7,11,11,1.0,indirect
LLMs4OL_PO_SUB,0-150,Our_Method_k1000_clawback8,8,2,2,1.0,indirect
LLMs4OL_PO_SUB,0-150,Our_Method_k25_clawback0,1,88,72,0.8181818181818182,direct
LLMs4OL_PO_SUB,0-150,Our_Method_k25_clawback0,2,70,55,0.7857142857142857,indirect
LLMs4OL_PO_SUB,0-150,Our_Method_k25_clawback0,3,56,47,0.8392857142857143,indirect
LLMs4OL_PO_SUB,0-150,Our_Method_k25_clawback0,4,41,38,0.926829268292683,indirect
LLMs4OL_PO_SUB,0-150,Our_Method_k25_clawback0,5,30,30,1.0,indirect
LLMs4OL_PO_SUB,0-150,Our_Method_k25_clawback0,6,21,21,1.0,indirect
LLMs4OL_PO_SUB,0-150,Our_Method_k25_clawback0,7,11,11,1.0,indirect
LLMs4OL_PO_SUB,0-150,Our_Method_k25_clawback0,8,2,2,1.0,indirect
LLMs4OL_PO_SUB,0-150,Our_Method_legacy_json_k1000_clawback0,1,88,29,0.32954545454545453,direct
LLMs4OL_PO_SUB,0-150,Our_Method_legacy_json_k1000_clawback0,2,70,24,0.34285714285714286,indirect
LLMs4OL_PO_SUB,0-150,Our_Method_legacy_json_k1000_clawback0,3,56,19,0.3392857142857143,indirect
LLMs4OL_PO_SUB,0-150,Our_Method_legacy_json_k1000_clawback0,4,41,14,0.34146341463414637,indirect
LLMs4OL_PO_SUB,0-150,Our_Method_legacy_json_k1000_clawback0,5,30,11,0.36666666666666664,indirect
LLMs4OL_PO_SUB,0-150,Our_Method_legacy_json_k1000_clawback0,6,21,10,0.47619047619047616,indirect
LLMs4OL_PO_SUB,0-150,Our_Method_legacy_json_k1000_clawback0,7,11,7,0.6363636363636364,indirect
LLMs4OL_PO_SUB,0-150,Our_Method_legacy_json_k1000_clawback0,8,2,1,0.5,indirect
LLMs4OL_PO_SUB,0-150,Our_Method_no_conversational_k1000_clawback0,1,88,69,0.7840909090909091,direct
LLMs4OL_PO_SUB,0-150,Our_Method_no_conversational_k1000_clawback0,2,70,52,0.7428571428571429,indirect
LLMs4OL_PO_SUB,0-150,Our_Method_no_conversational_k1000_clawback0,3,56,42,0.75,indirect
LLMs4OL_PO_SUB,0-150,Our_Method_no_conversational_k1000_clawback0,4,41,36,0.8780487804878049,indirect
LLMs4OL_PO_SUB,0-150,Our_Method_no_conversational_k1000_clawback0,5,30,30,1.0,indirect
LLMs4OL_PO_SUB,0-150,Our_Method_no_conversational_k1000_clawback0,6,21,21,1.0,indirect
LLMs4OL_PO_SUB,0-150,Our_Method_no_conversational_k1000_clawback0,7,11,11,1.0,indirect
LLMs4OL_PO_SUB,0-150,Our_Method_no_conversational_k1000_clawback0,8,2,2,1.0,indirect
LLMs4OL_PO_SUB,0-150,Our_Method_no_example_k1000_clawback0,1,88,67,0.7613636363636364,direct
LLMs4OL_PO_SUB,0-150,Our_Method_no_example_k1000_clawback0,2,70,52,0.7428571428571429,indirect
LLMs4OL_PO_SUB,0-150,Our_Method_no_example_k1000_clawback0,3,56,43,0.7678571428571429,indirect
LLMs4OL_PO_SUB,0-150,Our_Method_no_example_k1000_clawback0,4,41,36,0.8780487804878049,indirect
LLMs4OL_PO_SUB,0-150,Our_Method_no_example_k1000_clawback0,5,30,30,1.0,indirect
LLMs4OL_PO_SUB,0-150,Our_Method_no_example_k1000_clawback0,6,21,21,1.0,indirect
LLMs4OL_PO_SUB,0-150,Our_Method_no_example_k1000_clawback0,7,11,11,1.0,indirect
LLMs4OL_PO_SUB,0-150,Our_Method_no_example_k1000_clawback0,8,2,2,1.0,indirect
LLMs4OL_PO_SUB,0-150,Our_Method_no_quantifier_k1000_clawback0,1,88,67,0.7613636363636364,direct
LLMs4OL_PO_SUB,0-150,Our_Method_no_quantifier_k1000_clawback0,2,70,50,0.7142857142857143,indirect
LLMs4OL_PO_SUB,0-150,Our_Method_no_quantifier_k1000_clawback0,3,56,43,0.7678571428571429,indirect
LLMs4OL_PO_SUB,0-150,Our_Method_no_quantifier_k1000_clawback0,4,41,35,0.8536585365853658,indirect
LLMs4OL_PO_SUB,0-150,Our_Method_no_quantifier_k1000_clawback0,5,30,29,0.9666666666666667,indirect
LLMs4OL_PO_SUB,0-150,Our_Method_no_quantifier_k1000_clawback0,6,21,21,1.0,indirect
LLMs4OL_PO_SUB,0-150,Our_Method_no_quantifier_k1000_clawback0,7,11,11,1.0,indirect
LLMs4OL_PO_SUB,0-150,Our_Method_no_quantifier_k1000_clawback0,8,2,2,1.0,indirect
LLMs4OL_PO_SUB,0-150,Our_Method_no_restriction_k1000_clawback0,1,88,67,0.7613636363636364,direct
LLMs4OL_PO_SUB,0-150,Our_Method_no_restriction_k1000_clawback0,2,70,51,0.7285714285714285,indirect
LLMs4OL_PO_SUB,0-150,Our_Method_no_restriction_k1000_clawback0,3,56,43,0.7678571428571429,indirect
LLMs4OL_PO_SUB,0-150,Our_Method_no_restriction_k1000_clawback0,4,41,37,0.9024390243902439,indirect
LLMs4OL_PO_SUB,0-150,Our_Method_no_restriction_k1000_clawback0,5,30,30,1.0,indirect
LLMs4OL_PO_SUB,0-150,Our_Method_no_restriction_k1000_clawback0,6,21,21,1.0,indirect
LLMs4OL_PO_SUB,0-150,Our_Method_no_restriction_k1000_clawback0,7,11,11,1.0,indirect
LLMs4OL_PO_SUB,0-150,Our_Method_no_restriction_k1000_clawback0,8,2,2,1.0,indirect
LLMs4OL_PO_SUB,0-150,Our_Method_oneway_k1000_clawback0,1,88,65,0.7386363636363636,direct
LLMs4OL_PO_SUB,0-150,Our_Method_oneway_k1000_clawback0,2,70,48,0.6857142857142857,indirect
LLMs4OL_PO_SUB,0-150,Our_Method_oneway_k1000_clawback0,3,56,39,0.6964285714285714,indirect
LLMs4OL_PO_SUB,0-150,Our_Method_oneway_k1000_clawback0,4,41,33,0.8048780487804879,indirect
LLMs4OL_PO_SUB,0-150,Our_Method_oneway_k1000_clawback0,5,30,29,0.9666666666666667,indirect
LLMs4OL_PO_SUB,0-150,Our_Method_oneway_k1000_clawback0,6,21,21,1.0,indirect
LLMs4OL_PO_SUB,0-150,Our_Method_oneway_k1000_clawback0,7,11,11,1.0,indirect
LLMs4OL_PO_SUB,0-150,Our_Method_oneway_k1000_clawback0,8,2,2,1.0,indirect
LLMs4OL_PO_SUB,0-150,SBU_Batch,1,88,50,0.5681818181818182,direct
LLMs4OL_PO_SUB,0-150,SBU_Batch,2,70,34,0.4857142857142857,indirect
LLMs4OL_PO_SUB,0-150,SBU_Batch,3,56,31,0.5535714285714286,indirect
LLMs4OL_PO_SUB,0-150,SBU_Batch,4,41,27,0.6585365853658537,indirect
LLMs4OL_PO_SUB,0-150,SBU_Batch,5,30,23,0.7666666666666667,indirect
LLMs4OL_PO_SUB,0-150,SBU_Batch,6,21,20,0.9523809523809523,indirect
LLMs4OL_PO_SUB,0-150,SBU_Batch,7,11,11,1.0,indirect
LLMs4OL_PO_SUB,0-150,SBU_Batch,8,2,2,1.0,indirect
LLMs4OL_PO_SUB,0-150,SBU_Embedding,1,88,29,0.32954545454545453,direct
LLMs4OL_PO_SUB,0-150,SBU_Embedding,2,70,4,0.05714285714285714,indirect
LLMs4OL_PO_SUB,0-150,SBU_Embedding,3,56,5,0.08928571428571429,indirect
LLMs4OL_PO_SUB,0-150,SBU_Embedding,4,41,2,0.04878048780487805,indirect
LLMs4OL_PO_SUB,0-150,SBU_Embedding,5,30,1,0.03333333333333333,indirect
LLMs4OL_PO_SUB,0-150,SBU_Embedding,6,21,0,0.0,indirect
LLMs4OL_PO_SUB,0-150,SBU_Embedding,7,11,0,0.0,indirect
LLMs4OL_PO_SUB,0-150,SBU_Embedding,8,2,0,0.0,indirect
LLMs4OL_PO_SUB,0-150,SingleCall,1,88,28,0.3181818181818182,direct
LLMs4OL_PO_SUB,0-150,SingleCall,2,70,15,0.21428571428571427,indirect
LLMs4OL_PO_SUB,0-150,SingleCall,3,56,15,0.26785714285714285,indirect
LLMs4OL_PO_SUB,0-150,SingleCall,4,41,15,0.36585365853658536,indirect
LLMs4OL_PO_SUB,0-150,SingleCall,5,30,10,0.3333333333333333,indirect
LLMs4OL_PO_SUB,0-150,SingleCall,6,21,10,0.47619047619047616,indirect
LLMs4OL_PO_SUB,0-150,SingleCall,7,11,6,0.5454545454545454,indirect
LLMs4OL_PO_SUB,0-150,SingleCall,8,2,1,0.5,indirect
LLMs4OL_PO_SUB,0-150,SingleCall_gemini31b,1,88,70,0.7954545454545454,direct
LLMs4OL_PO_SUB,0-150,SingleCall_gemini31b,2,70,55,0.7857142857142857,indirect
LLMs4OL_PO_SUB,0-150,SingleCall_gemini31b,3,56,46,0.8214285714285714,indirect
LLMs4OL_PO_SUB,0-150,SingleCall_gemini31b,4,41,36,0.8780487804878049,indirect
LLMs4OL_PO_SUB,0-150,SingleCall_gemini31b,5,30,27,0.9,indirect
LLMs4OL_PO_SUB,0-150,SingleCall_gemini31b,6,21,21,1.0,indirect
LLMs4OL_PO_SUB,0-150,SingleCall_gemini31b,7,11,11,1.0,indirect
LLMs4OL_PO_SUB,0-150,SingleCall_gemini31b,8,2,2,1.0,indirect
LLMs4OL_PO_SUB,0-150,SingleCall_gemma4b,1,88,50,0.5681818181818182,direct
LLMs4OL_PO_SUB,0-150,SingleCall_gemma4b,2,70,36,0.5142857142857142,indirect
LLMs4OL_PO_SUB,0-150,SingleCall_gemma4b,3,56,32,0.5714285714285714,indirect
LLMs4OL_PO_SUB,0-150,SingleCall_gemma4b,4,41,26,0.6341463414634146,indirect
LLMs4OL_PO_SUB,0-150,SingleCall_gemma4b,5,30,21,0.7,indirect
LLMs4OL_PO_SUB,0-150,SingleCall_gemma4b,6,21,19,0.9047619047619048,indirect
LLMs4OL_PO_SUB,0-150,SingleCall_gemma4b,7,11,10,0.9090909090909091,indirect
LLMs4OL_PO_SUB,0-150,SingleCall_gemma4b,8,2,1,0.5,indirect
LLMs4OL_PO_SUB,0-150,SingleCall_matched,1,88,54,0.6136363636363636,direct
LLMs4OL_PO_SUB,0-150,SingleCall_matched,2,70,36,0.5142857142857142,indirect
LLMs4OL_PO_SUB,0-150,SingleCall_matched,3,56,35,0.625,indirect
LLMs4OL_PO_SUB,0-150,SingleCall_matched,4,41,29,0.7073170731707317,indirect
LLMs4OL_PO_SUB,0-150,SingleCall_matched,5,30,23,0.7666666666666667,indirect
LLMs4OL_PO_SUB,0-150,SingleCall_matched,6,21,20,0.9523809523809523,indirect
LLMs4OL_PO_SUB,0-150,SingleCall_matched,7,11,11,1.0,indirect
LLMs4OL_PO_SUB,0-150,SingleCall_matched,8,2,2,1.0,indirect
LLMs4OL_PO_SUB,0-150,SingleCall_nomerge,1,88,28,0.3181818181818182,direct
LLMs4OL_PO_SUB,0-150,SingleCall_nomerge,2,70,15,0.21428571428571427,indirect
LLMs4OL_PO_SUB,0-150,SingleCall_nomerge,3,56,15,0.26785714285714285,indirect
LLMs4OL_PO_SUB,0-150,SingleCall_nomerge,4,41,15,0.36585365853658536,indirect
LLMs4OL_PO_SUB,0-150,SingleCall_nomerge,5,30,10,0.3333333333333333,indirect
LLMs4OL_PO_SUB,0-150,SingleCall_nomerge,6,21,10,0.47619047619047616,indirect
LLMs4OL_PO_SUB,0-150,SingleCall_nomerge,7,11,6,0.5454545454545454,indirect
LLMs4OL_PO_SUB,0-150,SingleCall_nomerge,8,2,1,0.5,indirect
LLMs4OL_PO_SUB,0-150,TaxoLLaMA_PPL15.0,1,88,31,0.3522727272727273,direct
LLMs4OL_PO_SUB,0-150,TaxoLLaMA_PPL15.0,2,70,10,0.14285714285714285,indirect
LLMs4OL_PO_SUB,0-150,TaxoLLaMA_PPL15.0,3,56,5,0.08928571428571429,indirect
LLMs4OL_PO_SUB,0-150,TaxoLLaMA_PPL15.0,4,41,6,0.14634146341463414,indirect
LLMs4OL_PO_SUB,0-150,TaxoLLaMA_PPL15.0,5,30,2,0.06666666666666667,indirect
LLMs4OL_PO_SUB,0-150,TaxoLLaMA_PPL15.0,6,21,0,0.0,indirect
LLMs4OL_PO_SUB,0-150,TaxoLLaMA_PPL15.0,7,11,0,0.0,indirect
LLMs4OL_PO_SUB,0-150,TaxoLLaMA_PPL15.0,8,2,0,0.0,indirect
LLMs4OL_PO_SUB,0-150,Vector,1,88,31,0.3522727272727273,direct
LLMs4OL_PO_SUB,0-150,Vector,2,70,6,0.08571428571428572,indirect
LLMs4OL_PO_SUB,0-150,Vector,3,56,1,0.017857142857142856,indirect
LLMs4OL_PO_SUB,0-150,Vector,4,41,3,0.07317073170731707,indirect
LLMs4OL_PO_SUB,0-150,Vector,5,30,1,0.03333333333333333,indirect
LLMs4OL_PO_SUB,0-150,Vector,6,21,0,0.0,indirect
LLMs4OL_PO_SUB,0-150,Vector,7,11,0,0.0,indirect
LLMs4OL_PO_SUB,0-150,Vector,8,2,0,0.0,indirect
LLMs4OL_PROCO_FULL,151-1000,Our_Method_k=1000,1,527,353,0.6698292220113852,direct
LLMs4OL_PROCO_FULL,151-1000,Our_Method_k=1000,2,444,315,0.7094594594594594,indirect
LLMs4OL_PROCO_FULL,151-1000,Our_Method_k=1000,3,347,261,0.7521613832853026,indirect
LLMs4OL_PROCO_FULL,151-1000,Our_Method_k=1000,4,240,196,0.8166666666666667,indirect
LLMs4OL_PROCO_FULL,151-1000,Our_Method_k=1000,5,154,135,0.8766233766233766,indirect
LLMs4OL_PROCO_FULL,151-1000,Our_Method_k=1000,6,78,75,0.9615384615384616,indirect
LLMs4OL_PROCO_FULL,151-1000,Our_Method_k=1000,7,29,29,1.0,indirect
LLMs4OL_PROCO_FULL,151-1000,Our_Method_k=1000,8,9,9,1.0,indirect
LLMs4OL_PROCO_FULL,151-1000,Our_Method_k=1000,9,1,1,1.0,indirect
LLMs4OL_PROCO_FULL,151-1000,SBU_Batch,1,527,96,0.18216318785578747,direct
LLMs4OL_PROCO_FULL,151-1000,SBU_Batch,2,444,45,0.10135135135135136,indirect
LLMs4OL_PROCO_FULL,151-1000,SBU_Batch,3,347,35,0.10086455331412104,indirect
LLMs4OL_PROCO_FULL,151-1000,SBU_Batch,4,240,26,0.10833333333333334,indirect
LLMs4OL_PROCO_FULL,151-1000,SBU_Batch,5,154,17,0.11038961038961038,indirect
LLMs4OL_PROCO_FULL,151-1000,SBU_Batch,6,78,10,0.1282051282051282,indirect
LLMs4OL_PROCO_FULL,151-1000,SBU_Batch,7,29,6,0.20689655172413793,indirect
LLMs4OL_PROCO_FULL,151-1000,SBU_Batch,8,9,2,0.2222222222222222,indirect
LLMs4OL_PROCO_FULL,151-1000,SBU_Batch,9,1,0,0.0,indirect
LLMs4OL_SWEET_FULL,1001-10000,LLMZero,1,8126,0,0.0,direct
LLMs4OL_SWEET_FULL,1001-10000,LLMZero,2,7969,0,0.0,indirect
LLMs4OL_SWEET_FULL,1001-10000,LLMZero,3,3579,0,0.0,indirect
LLMs4OL_SWEET_FULL,1001-10000,LLMZero,4,2736,0,0.0,indirect
LLMs4OL_SWEET_FULL,1001-10000,LLMZero,5,1824,0,0.0,indirect
LLMs4OL_SWEET_FULL,1001-10000,LLMZero,6,1250,0,0.0,indirect
LLMs4OL_SWEET_FULL,1001-10000,LLMZero,7,745,0,0.0,indirect
LLMs4OL_SWEET_FULL,1001-10000,LLMZero,8,434,0,0.0,indirect
LLMs4OL_SWEET_FULL,1001-10000,LLMZero,9,231,0,0.0,indirect
LLMs4OL_SWEET_FULL,1001-10000,LLMZero,10,59,0,0.0,indirect
LLMs4OL_SWEET_FULL,1001-10000,LLMZero,11,13,0,0.0,indirect
LLMs4OL_SchemaOrg_FULL,151-1000,Our_Method_k=1000,1,521,447,0.8579654510556622,direct
LLMs4OL_SchemaOrg_FULL,151-1000,Our_Method_k=1000,2,271,228,0.8413284132841329,indirect
LLMs4OL_SchemaOrg_FULL,151-1000,Our_Method_k=1000,3,112,104,0.9285714285714286,indirect
LLMs4OL_SchemaOrg_FULL,151-1000,Our_Method_k=1000,4,8,8,1.0,indirect
LLMs4OL_SchemaOrg_FULL,151-1000,SBU_Batch,1,521,252,0.4836852207293666,direct
LLMs4OL_SchemaOrg_FULL,151-1000,SBU_Batch,2,271,65,0.23985239852398524,indirect
LLMs4OL_SchemaOrg_FULL,151-1000,SBU_Batch,3,112,9,0.08035714285714286,indirect
LLMs4OL_SchemaOrg_FULL,151-1000,SBU_Batch,4,8,4,0.5,indirect
LLMs4OL_SchemaOrg_SUB,0-150,Density_m1,1,85,63,0.7411764705882353,direct
LLMs4OL_SchemaOrg_SUB,0-150,Density_m1,2,44,40,0.9090909090909091,indirect
LLMs4OL_SchemaOrg_SUB,0-150,Density_m1,3,15,15,1.0,indirect
LLMs4OL_SchemaOrg_SUB,0-150,Density_m10,1,85,62,0.7294117647058823,direct
LLMs4OL_SchemaOrg_SUB,0-150,Density_m10,2,44,32,0.7272727272727273,indirect
LLMs4OL_SchemaOrg_SUB,0-150,Density_m10,3,15,12,0.8,indirect
LLMs4OL_SchemaOrg_SUB,0-150,Density_m100,1,85,50,0.5882352941176471,direct
LLMs4OL_SchemaOrg_SUB,0-150,Density_m100,2,44,29,0.6590909090909091,indirect
LLMs4OL_SchemaOrg_SUB,0-150,Density_m100,3,15,10,0.6666666666666666,indirect
LLMs4OL_SchemaOrg_SUB,0-150,Density_m2,1,85,57,0.6705882352941176,direct
LLMs4OL_SchemaOrg_SUB,0-150,Density_m2,2,44,35,0.7954545454545454,indirect
LLMs4OL_SchemaOrg_SUB,0-150,Density_m2,3,15,12,0.8,indirect
LLMs4OL_SchemaOrg_SUB,0-150,Density_m25,1,85,51,0.6,direct
LLMs4OL_SchemaOrg_SUB,0-150,Density_m25,2,44,28,0.6363636363636364,indirect
LLMs4OL_SchemaOrg_SUB,0-150,Density_m25,3,15,8,0.5333333333333333,indirect
LLMs4OL_SchemaOrg_SUB,0-150,Density_m5,1,85,57,0.6705882352941176,direct
LLMs4OL_SchemaOrg_SUB,0-150,Density_m5,2,44,37,0.8409090909090909,indirect
LLMs4OL_SchemaOrg_SUB,0-150,Density_m5,3,15,13,0.8666666666666667,indirect
LLMs4OL_SchemaOrg_SUB,0-150,Density_m50,1,85,53,0.6235294117647059,direct
LLMs4OL_SchemaOrg_SUB,0-150,Density_m50,2,44,30,0.6818181818181818,indirect
LLMs4OL_SchemaOrg_SUB,0-150,Density_m50,3,15,11,0.7333333333333333,indirect
LLMs4OL_SchemaOrg_SUB,0-150,LLMZero,1,85,51,0.6,direct
LLMs4OL_SchemaOrg_SUB,0-150,LLMZero,2,44,22,0.5,indirect
LLMs4OL_SchemaOrg_SUB,0-150,LLMZero,3,15,7,0.4666666666666667,indirect
LLMs4OL_SchemaOrg_SUB,0-150,Lexical,1,85,22,0.25882352941176473,direct
LLMs4OL_SchemaOrg_SUB,0-150,Lexical,2,44,10,0.22727272727272727,indirect
LLMs4OL_SchemaOrg_SUB,0-150,Lexical,3,15,2,0.13333333333333333,indirect
LLMs4OL_SchemaOrg_SUB,0-150,OurMethod,1,85,75,0.8823529411764706,direct
LLMs4OL_SchemaOrg_SUB,0-150,OurMethod,2,44,39,0.8863636363636364,indirect
LLMs4OL_SchemaOrg_SUB,0-150,OurMethod,3,15,14,0.9333333333333333,indirect
LLMs4OL_SchemaOrg_SUB,0-150,Our_Method_+restructure_k1000_clawback0,1,85,55,0.6470588235294118,direct
LLMs4OL_SchemaOrg_SUB,0-150,Our_Method_+restructure_k1000_clawback0,2,44,32,0.7272727272727273,indirect
LLMs4OL_SchemaOrg_SUB,0-150,Our_Method_+restructure_k1000_clawback0,3,15,12,0.8,indirect
LLMs4OL_SchemaOrg_SUB,0-150,Our_Method_+restructure_prune_only_top10_+rank_leverage_k1000_clawback0,1,85,59,0.6941176470588235,direct
LLMs4OL_SchemaOrg_SUB,0-150,Our_Method_+restructure_prune_only_top10_+rank_leverage_k1000_clawback0,2,44,37,0.8409090909090909,indirect
LLMs4OL_SchemaOrg_SUB,0-150,Our_Method_+restructure_prune_only_top10_+rank_leverage_k1000_clawback0,3,15,12,0.8,indirect
LLMs4OL_SchemaOrg_SUB,0-150,Our_Method_+restructure_prune_only_top10_+rank_neighborhood_k1000_clawback0,1,85,59,0.6941176470588235,direct
LLMs4OL_SchemaOrg_SUB,0-150,Our_Method_+restructure_prune_only_top10_+rank_neighborhood_k1000_clawback0,2,44,37,0.8409090909090909,indirect
LLMs4OL_SchemaOrg_SUB,0-150,Our_Method_+restructure_prune_only_top10_+rank_neighborhood_k1000_clawback0,3,15,12,0.8,indirect
LLMs4OL_SchemaOrg_SUB,0-150,Our_Method_+restructure_prune_only_top10_+rank_salience_k1000_clawback0,1,85,58,0.6823529411764706,direct
LLMs4OL_SchemaOrg_SUB,0-150,Our_Method_+restructure_prune_only_top10_+rank_salience_k1000_clawback0,2,44,36,0.8181818181818182,indirect
LLMs4OL_SchemaOrg_SUB,0-150,Our_Method_+restructure_prune_only_top10_+rank_salience_k1000_clawback0,3,15,12,0.8,indirect
LLMs4OL_SchemaOrg_SUB,0-150,Our_Method_+restructure_prune_only_top10_+rank_self_agreement_k1000_clawback0,1,85,57,0.6705882352941176,direct
LLMs4OL_SchemaOrg_SUB,0-150,Our_Method_+restructure_prune_only_top10_+rank_self_agreement_k1000_clawback0,2,44,36,0.8181818181818182,indirect
LLMs4OL_SchemaOrg_SUB,0-150,Our_Method_+restructure_prune_only_top10_+rank_self_agreement_k1000_clawback0,3,15,12,0.8,indirect
LLMs4OL_SchemaOrg_SUB,0-150,Our_Method_+restructure_prune_only_top10_k1000_clawback0,1,85,59,0.6941176470588235,direct
LLMs4OL_SchemaOrg_SUB,0-150,Our_Method_+restructure_prune_only_top10_k1000_clawback0,2,44,37,0.8409090909090909,indirect
LLMs4OL_SchemaOrg_SUB,0-150,Our_Method_+restructure_prune_only_top10_k1000_clawback0,3,15,12,0.8,indirect
LLMs4OL_SchemaOrg_SUB,0-150,Our_Method_+restructure_prune_only_top25_k1000_clawback0,1,85,58,0.6823529411764706,direct
LLMs4OL_SchemaOrg_SUB,0-150,Our_Method_+restructure_prune_only_top25_k1000_clawback0,2,44,36,0.8181818181818182,indirect
LLMs4OL_SchemaOrg_SUB,0-150,Our_Method_+restructure_prune_only_top25_k1000_clawback0,3,15,12,0.8,indirect
LLMs4OL_SchemaOrg_SUB,0-150,Our_Method_+restructure_ranked_k1000_clawback0,1,85,63,0.7411764705882353,direct
LLMs4OL_SchemaOrg_SUB,0-150,Our_Method_+restructure_ranked_k1000_clawback0,2,44,32,0.7272727272727273,indirect
LLMs4OL_SchemaOrg_SUB,0-150,Our_Method_+restructure_ranked_k1000_clawback0,3,15,11,0.7333333333333333,indirect
LLMs4OL_SchemaOrg_SUB,0-150,Our_Method_+restructure_ranked_top25_k1000_clawback0,1,85,60,0.7058823529411765,direct
LLMs4OL_SchemaOrg_SUB,0-150,Our_Method_+restructure_ranked_top25_k1000_clawback0,2,44,37,0.8409090909090909,indirect
LLMs4OL_SchemaOrg_SUB,0-150,Our_Method_+restructure_ranked_top25_k1000_clawback0,3,15,12,0.8,indirect
LLMs4OL_SchemaOrg_SUB,0-150,Our_Method_alt_Prompt_k1000_clawback0,1,85,75,0.8823529411764706,direct
LLMs4OL_SchemaOrg_SUB,0-150,Our_Method_alt_Prompt_k1000_clawback0,2,44,41,0.9318181818181818,indirect
LLMs4OL_SchemaOrg_SUB,0-150,Our_Method_alt_Prompt_k1000_clawback0,3,15,14,0.9333333333333333,indirect
LLMs4OL_SchemaOrg_SUB,0-150,Our_Method_alt_Prompt_k=1000,1,85,18,0.21176470588235294,direct
LLMs4OL_SchemaOrg_SUB,0-150,Our_Method_alt_Prompt_k=1000,2,44,19,0.4318181818181818,indirect
LLMs4OL_SchemaOrg_SUB,0-150,Our_Method_alt_Prompt_k=1000,3,15,7,0.4666666666666667,indirect
LLMs4OL_SchemaOrg_SUB,0-150,Our_Method_direct_k1000_clawback0,1,85,79,0.9294117647058824,direct
LLMs4OL_SchemaOrg_SUB,0-150,Our_Method_direct_k1000_clawback0,2,44,43,0.9772727272727273,indirect
LLMs4OL_SchemaOrg_SUB,0-150,Our_Method_direct_k1000_clawback0,3,15,15,1.0,indirect
LLMs4OL_SchemaOrg_SUB,0-150,Our_Method_full_json_k1000_clawback0,1,85,60,0.7058823529411765,direct
LLMs4OL_SchemaOrg_SUB,0-150,Our_Method_full_json_k1000_clawback0,2,44,36,0.8181818181818182,indirect
LLMs4OL_SchemaOrg_SUB,0-150,Our_Method_full_json_k1000_clawback0,3,15,12,0.8,indirect
LLMs4OL_SchemaOrg_SUB,0-150,Our_Method_full_k1000_clawback0,1,85,75,0.8823529411764706,direct
LLMs4OL_SchemaOrg_SUB,0-150,Our_Method_full_k1000_clawback0,2,44,42,0.9545454545454546,indirect
LLMs4OL_SchemaOrg_SUB,0-150,Our_Method_full_k1000_clawback0,3,15,15,1.0,indirect
LLMs4OL_SchemaOrg_SUB,0-150,Our_Method_isa_k1000_clawback0,1,85,73,0.8588235294117647,direct
LLMs4OL_SchemaOrg_SUB,0-150,Our_Method_isa_k1000_clawback0,2,44,41,0.9318181818181818,indirect
LLMs4OL_SchemaOrg_SUB,0-150,Our_Method_isa_k1000_clawback0,3,15,15,1.0,indirect
LLMs4OL_SchemaOrg_SUB,0-150,Our_Method_k1000_clawback0,1,85,84,0.9882352941176471,direct
LLMs4OL_SchemaOrg_SUB,0-150,Our_Method_k1000_clawback0,2,44,44,1.0,indirect
LLMs4OL_SchemaOrg_SUB,0-150,Our_Method_k1000_clawback0,3,15,15,1.0,indirect
LLMs4OL_SchemaOrg_SUB,0-150,Our_Method_k1000_clawback0_gemini31b,1,85,84,0.9882352941176471,direct
LLMs4OL_SchemaOrg_SUB,0-150,Our_Method_k1000_clawback0_gemini31b,2,44,44,1.0,indirect
LLMs4OL_SchemaOrg_SUB,0-150,Our_Method_k1000_clawback0_gemini31b,3,15,15,1.0,indirect
LLMs4OL_SchemaOrg_SUB,0-150,Our_Method_k1000_clawback0_gemma4b,1,85,60,0.7058823529411765,direct
LLMs4OL_SchemaOrg_SUB,0-150,Our_Method_k1000_clawback0_gemma4b,2,44,37,0.8409090909090909,indirect
LLMs4OL_SchemaOrg_SUB,0-150,Our_Method_k1000_clawback0_gemma4b,3,15,12,0.8,indirect
LLMs4OL_SchemaOrg_SUB,0-150,Our_Method_k1000_clawback10,1,85,74,0.8705882352941177,direct
LLMs4OL_SchemaOrg_SUB,0-150,Our_Method_k1000_clawback10,2,44,40,0.9090909090909091,indirect
LLMs4OL_SchemaOrg_SUB,0-150,Our_Method_k1000_clawback10,3,15,15,1.0,indirect
LLMs4OL_SchemaOrg_SUB,0-150,Our_Method_k1000_clawback100,1,85,56,0.6588235294117647,direct
LLMs4OL_SchemaOrg_SUB,0-150,Our_Method_k1000_clawback100,2,44,35,0.7954545454545454,indirect
LLMs4OL_SchemaOrg_SUB,0-150,Our_Method_k1000_clawback100,3,15,14,0.9333333333333333,indirect
LLMs4OL_SchemaOrg_SUB,0-150,Our_Method_k1000_clawback25,1,85,56,0.6588235294117647,direct
LLMs4OL_SchemaOrg_SUB,0-150,Our_Method_k1000_clawback25,2,44,35,0.7954545454545454,indirect
LLMs4OL_SchemaOrg_SUB,0-150,Our_Method_k1000_clawback25,3,15,12,0.8,indirect
LLMs4OL_SchemaOrg_SUB,0-150,Our_Method_k1000_clawback5,1,85,75,0.8823529411764706,direct
LLMs4OL_SchemaOrg_SUB,0-150,Our_Method_k1000_clawback5,2,44,41,0.9318181818181818,indirect
LLMs4OL_SchemaOrg_SUB,0-150,Our_Method_k1000_clawback5,3,15,15,1.0,indirect
LLMs4OL_SchemaOrg_SUB,0-150,Our_Method_k1000_clawback50,1,85,65,0.7647058823529411,direct
LLMs4OL_SchemaOrg_SUB,0-150,Our_Method_k1000_clawback50,2,44,36,0.8181818181818182,indirect
LLMs4OL_SchemaOrg_SUB,0-150,Our_Method_k1000_clawback50,3,15,14,0.9333333333333333,indirect
LLMs4OL_SchemaOrg_SUB,0-150,Our_Method_k1000_clawback75,1,85,64,0.7529411764705882,direct
LLMs4OL_SchemaOrg_SUB,0-150,Our_Method_k1000_clawback75,2,44,36,0.8181818181818182,indirect
LLMs4OL_SchemaOrg_SUB,0-150,Our_Method_k1000_clawback75,3,15,14,0.9333333333333333,indirect
LLMs4OL_SchemaOrg_SUB,0-150,Our_Method_legacy_json_k1000_clawback0,1,85,18,0.21176470588235294,direct
LLMs4OL_SchemaOrg_SUB,0-150,Our_Method_legacy_json_k1000_clawback0,2,44,8,0.18181818181818182,indirect
LLMs4OL_SchemaOrg_SUB,0-150,Our_Method_legacy_json_k1000_clawback0,3,15,2,0.13333333333333333,indirect
LLMs4OL_SchemaOrg_SUB,0-150,Our_Method_legacy_vocab_fix_k1000_clawback0,1,85,53,0.6235294117647059,direct
LLMs4OL_SchemaOrg_SUB,0-150,Our_Method_legacy_vocab_fix_k1000_clawback0,2,44,33,0.75,indirect
LLMs4OL_SchemaOrg_SUB,0-150,Our_Method_legacy_vocab_fix_k1000_clawback0,3,15,12,0.8,indirect
LLMs4OL_SchemaOrg_SUB,0-150,Our_Method_no_conversational_k1000_clawback0,1,85,75,0.8823529411764706,direct
LLMs4OL_SchemaOrg_SUB,0-150,Our_Method_no_conversational_k1000_clawback0,2,44,37,0.8409090909090909,indirect
LLMs4OL_SchemaOrg_SUB,0-150,Our_Method_no_conversational_k1000_clawback0,3,15,15,1.0,indirect
LLMs4OL_SchemaOrg_SUB,0-150,Our_Method_no_example_k1000_clawback0,1,85,76,0.8941176470588236,direct
LLMs4OL_SchemaOrg_SUB,0-150,Our_Method_no_example_k1000_clawback0,2,44,41,0.9318181818181818,indirect
LLMs4OL_SchemaOrg_SUB,0-150,Our_Method_no_example_k1000_clawback0,3,15,14,0.9333333333333333,indirect
LLMs4OL_SchemaOrg_SUB,0-150,Our_Method_no_quantifier_k1000_clawback0,1,85,74,0.8705882352941177,direct
LLMs4OL_SchemaOrg_SUB,0-150,Our_Method_no_quantifier_k1000_clawback0,2,44,37,0.8409090909090909,indirect
LLMs4OL_SchemaOrg_SUB,0-150,Our_Method_no_quantifier_k1000_clawback0,3,15,14,0.9333333333333333,indirect
LLMs4OL_SchemaOrg_SUB,0-150,Our_Method_no_restriction_k1000_clawback0,1,85,76,0.8941176470588236,direct
LLMs4OL_SchemaOrg_SUB,0-150,Our_Method_no_restriction_k1000_clawback0,2,44,41,0.9318181818181818,indirect
LLMs4OL_SchemaOrg_SUB,0-150,Our_Method_no_restriction_k1000_clawback0,3,15,15,1.0,indirect
LLMs4OL_SchemaOrg_SUB,0-150,Our_Method_oneway_k1000_clawback0,1,85,69,0.8117647058823529,direct
LLMs4OL_SchemaOrg_SUB,0-150,Our_Method_oneway_k1000_clawback0,2,44,34,0.7727272727272727,indirect
LLMs4OL_SchemaOrg_SUB,0-150,Our_Method_oneway_k1000_clawback0,3,15,14,0.9333333333333333,indirect
LLMs4OL_SchemaOrg_SUB,0-150,SBU_Batch,1,85,0,0.0,direct
LLMs4OL_SchemaOrg_SUB,0-150,SBU_Batch,2,44,0,0.0,indirect
LLMs4OL_SchemaOrg_SUB,0-150,SBU_Batch,3,15,0,0.0,indirect
LLMs4OL_SchemaOrg_SUB,0-150,SBU_Embedding,1,85,16,0.18823529411764706,direct
LLMs4OL_SchemaOrg_SUB,0-150,SBU_Embedding,2,44,1,0.022727272727272728,indirect
LLMs4OL_SchemaOrg_SUB,0-150,SBU_Embedding,3,15,0,0.0,indirect
LLMs4OL_SchemaOrg_SUB,0-150,SingleCall,1,85,58,0.6823529411764706,direct
LLMs4OL_SchemaOrg_SUB,0-150,SingleCall,2,44,27,0.6136363636363636,indirect
LLMs4OL_SchemaOrg_SUB,0-150,SingleCall,3,15,9,0.6,indirect
LLMs4OL_SchemaOrg_SUB,0-150,SingleCall_gemini31b,1,85,50,0.5882352941176471,direct
LLMs4OL_SchemaOrg_SUB,0-150,SingleCall_gemini31b,2,44,18,0.4090909090909091,indirect
LLMs4OL_SchemaOrg_SUB,0-150,SingleCall_gemini31b,3,15,5,0.3333333333333333,indirect
LLMs4OL_SchemaOrg_SUB,0-150,SingleCall_gemma4b,1,85,39,0.4588235294117647,direct
LLMs4OL_SchemaOrg_SUB,0-150,SingleCall_gemma4b,2,44,24,0.5454545454545454,indirect
LLMs4OL_SchemaOrg_SUB,0-150,SingleCall_gemma4b,3,15,9,0.6,indirect
LLMs4OL_SchemaOrg_SUB,0-150,SingleCall_matched,1,85,41,0.4823529411764706,direct
LLMs4OL_SchemaOrg_SUB,0-150,SingleCall_matched,2,44,20,0.45454545454545453,indirect
LLMs4OL_SchemaOrg_SUB,0-150,SingleCall_matched,3,15,5,0.3333333333333333,indirect
LLMs4OL_SchemaOrg_SUB,0-150,SingleCall_nomerge,1,85,58,0.6823529411764706,direct
LLMs4OL_SchemaOrg_SUB,0-150,SingleCall_nomerge,2,44,27,0.6136363636363636,indirect
LLMs4OL_SchemaOrg_SUB,0-150,SingleCall_nomerge,3,15,9,0.6,indirect
LLMs4OL_SchemaOrg_SUB,0-150,TaxoLLaMA_PPL15.0,1,85,33,0.38823529411764707,direct
LLMs4OL_SchemaOrg_SUB,0-150,TaxoLLaMA_PPL15.0,2,44,15,0.3409090909090909,indirect
LLMs4OL_SchemaOrg_SUB,0-150,TaxoLLaMA_PPL15.0,3,15,5,0.3333333333333333,indirect
LLMs4OL_SchemaOrg_SUB,0-150,Vector,1,85,6,0.07058823529411765,direct
LLMs4OL_SchemaOrg_SUB,0-150,Vector,2,44,3,0.06818181818181818,indirect
LLMs4OL_SchemaOrg_SUB,0-150,Vector,3,15,0,0.0,indirect
SemEvalEnvironment_FULL,151-1000,LLMZero,1,192,158,0.8229166666666666,direct
SemEvalEnvironment_FULL,151-1000,LLMZero,2,180,146,0.8111111111111111,indirect
SemEvalEnvironment_FULL,151-1000,LLMZero,3,95,79,0.8315789473684211,indirect
SemEvalEnvironment_FULL,151-1000,LLMZero,4,34,34,1.0,indirect
SemEvalEnvironment_FULL,151-1000,LLMZero,5,5,5,1.0,indirect
SemEvalEnvironment_FULL,151-1000,OurMethod,1,192,134,0.6979166666666666,direct
SemEvalEnvironment_FULL,151-1000,OurMethod,2,180,85,0.4722222222222222,indirect
SemEvalEnvironment_FULL,151-1000,OurMethod,3,95,50,0.5263157894736842,indirect
SemEvalEnvironment_FULL,151-1000,OurMethod,4,34,26,0.7647058823529411,indirect
SemEvalEnvironment_FULL,151-1000,OurMethod,5,5,5,1.0,indirect
SemEvalEnvironment_FULL,151-1000,Our_Method_k=1000,1,192,137,0.7135416666666666,direct
SemEvalEnvironment_FULL,151-1000,Our_Method_k=1000,2,180,91,0.5055555555555555,indirect
SemEvalEnvironment_FULL,151-1000,Our_Method_k=1000,3,95,55,0.5789473684210527,indirect
SemEvalEnvironment_FULL,151-1000,Our_Method_k=1000,4,34,25,0.7352941176470589,indirect
SemEvalEnvironment_FULL,151-1000,Our_Method_k=1000,5,5,5,1.0,indirect
SemEvalEnvironment_FULL,151-1000,SBU_Batch,1,192,116,0.6041666666666666,direct
SemEvalEnvironment_FULL,151-1000,SBU_Batch,2,180,78,0.43333333333333335,indirect
SemEvalEnvironment_FULL,151-1000,SBU_Batch,3,95,46,0.4842105263157895,indirect
SemEvalEnvironment_FULL,151-1000,SBU_Batch,4,34,16,0.47058823529411764,indirect
SemEvalEnvironment_FULL,151-1000,SBU_Batch,5,5,3,0.6,indirect
SemEvalEnvironment_FULL,151-1000,TaxoLLaMA_PPL15.0,1,192,73,0.3802083333333333,direct
SemEvalEnvironment_FULL,151-1000,TaxoLLaMA_PPL15.0,2,180,12,0.06666666666666667,indirect
SemEvalEnvironment_FULL,151-1000,TaxoLLaMA_PPL15.0,3,95,1,0.010526315789473684,indirect
SemEvalEnvironment_FULL,151-1000,TaxoLLaMA_PPL15.0,4,34,0,0.0,indirect
SemEvalEnvironment_FULL,151-1000,TaxoLLaMA_PPL15.0,5,5,0,0.0,indirect
SemEvalEnvironment_SUB,0-150,LLMZero,1,99,67,0.6767676767676768,direct
SemEvalEnvironment_SUB,0-150,LLMZero,2,88,66,0.75,indirect
SemEvalEnvironment_SUB,0-150,LLMZero,3,45,42,0.9333333333333333,indirect
SemEvalEnvironment_SUB,0-150,LLMZero,4,16,16,1.0,indirect
SemEvalEnvironment_SUB,0-150,LLMZero,5,4,4,1.0,indirect
SemEvalEnvironment_SUB,0-150,Lexical,1,99,15,0.15151515151515152,direct
SemEvalEnvironment_SUB,0-150,Lexical,2,88,6,0.06818181818181818,indirect
SemEvalEnvironment_SUB,0-150,Lexical,3,45,2,0.044444444444444446,indirect
SemEvalEnvironment_SUB,0-150,Lexical,4,16,0,0.0,indirect
SemEvalEnvironment_SUB,0-150,Lexical,5,4,0,0.0,indirect
SemEvalEnvironment_SUB,0-150,OurMethod,1,99,67,0.6767676767676768,direct
SemEvalEnvironment_SUB,0-150,OurMethod,2,88,54,0.6136363636363636,indirect
SemEvalEnvironment_SUB,0-150,OurMethod,3,45,30,0.6666666666666666,indirect
SemEvalEnvironment_SUB,0-150,OurMethod,4,16,13,0.8125,indirect
SemEvalEnvironment_SUB,0-150,OurMethod,5,4,4,1.0,indirect
SemEvalEnvironment_SUB,0-150,Our_Method_+restructure_k1000_clawback0,1,99,65,0.6565656565656566,direct
SemEvalEnvironment_SUB,0-150,Our_Method_+restructure_k1000_clawback0,2,88,41,0.4659090909090909,indirect
SemEvalEnvironment_SUB,0-150,Our_Method_+restructure_k1000_clawback0,3,45,25,0.5555555555555556,indirect
SemEvalEnvironment_SUB,0-150,Our_Method_+restructure_k1000_clawback0,4,16,14,0.875,indirect
SemEvalEnvironment_SUB,0-150,Our_Method_+restructure_k1000_clawback0,5,4,4,1.0,indirect
SemEvalEnvironment_SUB,0-150,Our_Method_+restructure_prune_only_top10_+rank_leverage_k1000_clawback0,1,99,73,0.7373737373737373,direct
SemEvalEnvironment_SUB,0-150,Our_Method_+restructure_prune_only_top10_+rank_leverage_k1000_clawback0,2,88,43,0.48863636363636365,indirect
SemEvalEnvironment_SUB,0-150,Our_Method_+restructure_prune_only_top10_+rank_leverage_k1000_clawback0,3,45,19,0.4222222222222222,indirect
SemEvalEnvironment_SUB,0-150,Our_Method_+restructure_prune_only_top10_+rank_leverage_k1000_clawback0,4,16,9,0.5625,indirect
SemEvalEnvironment_SUB,0-150,Our_Method_+restructure_prune_only_top10_+rank_leverage_k1000_clawback0,5,4,1,0.25,indirect
SemEvalEnvironment_SUB,0-150,Our_Method_+restructure_prune_only_top10_+rank_neighborhood_k1000_clawback0,1,99,73,0.7373737373737373,direct
SemEvalEnvironment_SUB,0-150,Our_Method_+restructure_prune_only_top10_+rank_neighborhood_k1000_clawback0,2,88,43,0.48863636363636365,indirect
SemEvalEnvironment_SUB,0-150,Our_Method_+restructure_prune_only_top10_+rank_neighborhood_k1000_clawback0,3,45,21,0.4666666666666667,indirect
SemEvalEnvironment_SUB,0-150,Our_Method_+restructure_prune_only_top10_+rank_neighborhood_k1000_clawback0,4,16,13,0.8125,indirect
SemEvalEnvironment_SUB,0-150,Our_Method_+restructure_prune_only_top10_+rank_neighborhood_k1000_clawback0,5,4,4,1.0,indirect
SemEvalEnvironment_SUB,0-150,Our_Method_+restructure_prune_only_top10_+rank_salience_k1000_clawback0,1,99,68,0.6868686868686869,direct
SemEvalEnvironment_SUB,0-150,Our_Method_+restructure_prune_only_top10_+rank_salience_k1000_clawback0,2,88,45,0.5113636363636364,indirect
SemEvalEnvironment_SUB,0-150,Our_Method_+restructure_prune_only_top10_+rank_salience_k1000_clawback0,3,45,22,0.4888888888888889,indirect
SemEvalEnvironment_SUB,0-150,Our_Method_+restructure_prune_only_top10_+rank_salience_k1000_clawback0,4,16,13,0.8125,indirect
SemEvalEnvironment_SUB,0-150,Our_Method_+restructure_prune_only_top10_+rank_salience_k1000_clawback0,5,4,4,1.0,indirect
SemEvalEnvironment_SUB,0-150,Our_Method_+restructure_prune_only_top10_+rank_self_agreement_k1000_clawback0,1,99,70,0.7070707070707071,direct
SemEvalEnvironment_SUB,0-150,Our_Method_+restructure_prune_only_top10_+rank_self_agreement_k1000_clawback0,2,88,45,0.5113636363636364,indirect
SemEvalEnvironment_SUB,0-150,Our_Method_+restructure_prune_only_top10_+rank_self_agreement_k1000_clawback0,3,45,22,0.4888888888888889,indirect
SemEvalEnvironment_SUB,0-150,Our_Method_+restructure_prune_only_top10_+rank_self_agreement_k1000_clawback0,4,16,13,0.8125,indirect
SemEvalEnvironment_SUB,0-150,Our_Method_+restructure_prune_only_top10_+rank_self_agreement_k1000_clawback0,5,4,4,1.0,indirect
SemEvalEnvironment_SUB,0-150,Our_Method_+restructure_prune_only_top10_k1000_clawback0,1,99,71,0.7171717171717171,direct
SemEvalEnvironment_SUB,0-150,Our_Method_+restructure_prune_only_top10_k1000_clawback0,2,88,39,0.4431818181818182,indirect
SemEvalEnvironment_SUB,0-150,Our_Method_+restructure_prune_only_top10_k1000_clawback0,3,45,18,0.4,indirect
SemEvalEnvironment_SUB,0-150,Our_Method_+restructure_prune_only_top10_k1000_clawback0,4,16,8,0.5,indirect
SemEvalEnvironment_SUB,0-150,Our_Method_+restructure_prune_only_top10_k1000_clawback0,5,4,1,0.25,indirect
SemEvalEnvironment_SUB,0-150,Our_Method_+restructure_prune_only_top25_k1000_clawback0,1,99,71,0.7171717171717171,direct
SemEvalEnvironment_SUB,0-150,Our_Method_+restructure_prune_only_top25_k1000_clawback0,2,88,39,0.4431818181818182,indirect
SemEvalEnvironment_SUB,0-150,Our_Method_+restructure_prune_only_top25_k1000_clawback0,3,45,18,0.4,indirect
SemEvalEnvironment_SUB,0-150,Our_Method_+restructure_prune_only_top25_k1000_clawback0,4,16,8,0.5,indirect
SemEvalEnvironment_SUB,0-150,Our_Method_+restructure_prune_only_top25_k1000_clawback0,5,4,1,0.25,indirect
SemEvalEnvironment_SUB,0-150,Our_Method_+restructure_ranked_k1000_clawback0,1,99,62,0.6262626262626263,direct
SemEvalEnvironment_SUB,0-150,Our_Method_+restructure_ranked_k1000_clawback0,2,88,34,0.38636363636363635,indirect
SemEvalEnvironment_SUB,0-150,Our_Method_+restructure_ranked_k1000_clawback0,3,45,20,0.4444444444444444,indirect
SemEvalEnvironment_SUB,0-150,Our_Method_+restructure_ranked_k1000_clawback0,4,16,9,0.5625,indirect
SemEvalEnvironment_SUB,0-150,Our_Method_+restructure_ranked_k1000_clawback0,5,4,1,0.25,indirect
SemEvalEnvironment_SUB,0-150,Our_Method_+restructure_ranked_top25_k1000_clawback0,1,99,74,0.7474747474747475,direct
SemEvalEnvironment_SUB,0-150,Our_Method_+restructure_ranked_top25_k1000_clawback0,2,88,45,0.5113636363636364,indirect
SemEvalEnvironment_SUB,0-150,Our_Method_+restructure_ranked_top25_k1000_clawback0,3,45,22,0.4888888888888889,indirect
SemEvalEnvironment_SUB,0-150,Our_Method_+restructure_ranked_top25_k1000_clawback0,4,16,13,0.8125,indirect
SemEvalEnvironment_SUB,0-150,Our_Method_+restructure_ranked_top25_k1000_clawback0,5,4,4,1.0,indirect
SemEvalEnvironment_SUB,0-150,Our_Method_alt_Prompt_k1000_clawback0,1,99,76,0.7676767676767676,direct
SemEvalEnvironment_SUB,0-150,Our_Method_alt_Prompt_k1000_clawback0,2,88,71,0.8068181818181818,indirect
SemEvalEnvironment_SUB,0-150,Our_Method_alt_Prompt_k1000_clawback0,3,45,36,0.8,indirect
SemEvalEnvironment_SUB,0-150,Our_Method_alt_Prompt_k1000_clawback0,4,16,14,0.875,indirect
SemEvalEnvironment_SUB,0-150,Our_Method_alt_Prompt_k1000_clawback0,5,4,4,1.0,indirect
SemEvalEnvironment_SUB,0-150,Our_Method_alt_Prompt_k=1000,1,99,31,0.31313131313131315,direct
SemEvalEnvironment_SUB,0-150,Our_Method_alt_Prompt_k=1000,2,88,15,0.17045454545454544,indirect
SemEvalEnvironment_SUB,0-150,Our_Method_alt_Prompt_k=1000,3,45,10,0.2222222222222222,indirect
SemEvalEnvironment_SUB,0-150,Our_Method_alt_Prompt_k=1000,4,16,2,0.125,indirect
SemEvalEnvironment_SUB,0-150,Our_Method_alt_Prompt_k=1000,5,4,0,0.0,indirect
SemEvalEnvironment_SUB,0-150,Our_Method_direct_k1000_clawback0,1,99,81,0.8181818181818182,direct
SemEvalEnvironment_SUB,0-150,Our_Method_direct_k1000_clawback0,2,88,70,0.7954545454545454,indirect
SemEvalEnvironment_SUB,0-150,Our_Method_direct_k1000_clawback0,3,45,38,0.8444444444444444,indirect
SemEvalEnvironment_SUB,0-150,Our_Method_direct_k1000_clawback0,4,16,14,0.875,indirect
SemEvalEnvironment_SUB,0-150,Our_Method_direct_k1000_clawback0,5,4,4,1.0,indirect
SemEvalEnvironment_SUB,0-150,Our_Method_full_json_k1000_clawback0,1,99,72,0.7272727272727273,direct
SemEvalEnvironment_SUB,0-150,Our_Method_full_json_k1000_clawback0,2,88,45,0.5113636363636364,indirect
SemEvalEnvironment_SUB,0-150,Our_Method_full_json_k1000_clawback0,3,45,24,0.5333333333333333,indirect
SemEvalEnvironment_SUB,0-150,Our_Method_full_json_k1000_clawback0,4,16,13,0.8125,indirect
SemEvalEnvironment_SUB,0-150,Our_Method_full_json_k1000_clawback0,5,4,4,1.0,indirect
SemEvalEnvironment_SUB,0-150,Our_Method_full_k1000_clawback0,1,99,71,0.7171717171717171,direct
SemEvalEnvironment_SUB,0-150,Our_Method_full_k1000_clawback0,2,88,51,0.5795454545454546,indirect
SemEvalEnvironment_SUB,0-150,Our_Method_full_k1000_clawback0,3,45,29,0.6444444444444445,indirect
SemEvalEnvironment_SUB,0-150,Our_Method_full_k1000_clawback0,4,16,13,0.8125,indirect
SemEvalEnvironment_SUB,0-150,Our_Method_full_k1000_clawback0,5,4,4,1.0,indirect
SemEvalEnvironment_SUB,0-150,Our_Method_isa_k1000_clawback0,1,99,78,0.7878787878787878,direct
SemEvalEnvironment_SUB,0-150,Our_Method_isa_k1000_clawback0,2,88,55,0.625,indirect
SemEvalEnvironment_SUB,0-150,Our_Method_isa_k1000_clawback0,3,45,29,0.6444444444444445,indirect
SemEvalEnvironment_SUB,0-150,Our_Method_isa_k1000_clawback0,4,16,16,1.0,indirect
SemEvalEnvironment_SUB,0-150,Our_Method_isa_k1000_clawback0,5,4,4,1.0,indirect
SemEvalEnvironment_SUB,0-150,Our_Method_k1000_clawback0,1,99,67,0.6767676767676768,direct
SemEvalEnvironment_SUB,0-150,Our_Method_k1000_clawback0,2,88,51,0.5795454545454546,indirect
SemEvalEnvironment_SUB,0-150,Our_Method_k1000_clawback0,3,45,27,0.6,indirect
SemEvalEnvironment_SUB,0-150,Our_Method_k1000_clawback0,4,16,16,1.0,indirect
SemEvalEnvironment_SUB,0-150,Our_Method_k1000_clawback0,5,4,4,1.0,indirect
SemEvalEnvironment_SUB,0-150,Our_Method_k1000_clawback10,1,99,70,0.7070707070707071,direct
SemEvalEnvironment_SUB,0-150,Our_Method_k1000_clawback10,2,88,51,0.5795454545454546,indirect
SemEvalEnvironment_SUB,0-150,Our_Method_k1000_clawback10,3,45,25,0.5555555555555556,indirect
SemEvalEnvironment_SUB,0-150,Our_Method_k1000_clawback10,4,16,13,0.8125,indirect
SemEvalEnvironment_SUB,0-150,Our_Method_k1000_clawback10,5,4,4,1.0,indirect
SemEvalEnvironment_SUB,0-150,Our_Method_k1000_clawback100,1,99,63,0.6363636363636364,direct
SemEvalEnvironment_SUB,0-150,Our_Method_k1000_clawback100,2,88,42,0.4772727272727273,indirect
SemEvalEnvironment_SUB,0-150,Our_Method_k1000_clawback100,3,45,23,0.5111111111111111,indirect
SemEvalEnvironment_SUB,0-150,Our_Method_k1000_clawback100,4,16,13,0.8125,indirect
SemEvalEnvironment_SUB,0-150,Our_Method_k1000_clawback100,5,4,4,1.0,indirect
SemEvalEnvironment_SUB,0-150,Our_Method_k1000_clawback25,1,99,67,0.6767676767676768,direct
SemEvalEnvironment_SUB,0-150,Our_Method_k1000_clawback25,2,88,33,0.375,indirect
SemEvalEnvironment_SUB,0-150,Our_Method_k1000_clawback25,3,45,14,0.3111111111111111,indirect
SemEvalEnvironment_SUB,0-150,Our_Method_k1000_clawback25,4,16,8,0.5,indirect
SemEvalEnvironment_SUB,0-150,Our_Method_k1000_clawback25,5,4,1,0.25,indirect
SemEvalEnvironment_SUB,0-150,Our_Method_k1000_clawback5,1,99,70,0.7070707070707071,direct
SemEvalEnvironment_SUB,0-150,Our_Method_k1000_clawback5,2,88,51,0.5795454545454546,indirect
SemEvalEnvironment_SUB,0-150,Our_Method_k1000_clawback5,3,45,25,0.5555555555555556,indirect
SemEvalEnvironment_SUB,0-150,Our_Method_k1000_clawback5,4,16,13,0.8125,indirect
SemEvalEnvironment_SUB,0-150,Our_Method_k1000_clawback5,5,4,4,1.0,indirect
SemEvalEnvironment_SUB,0-150,Our_Method_k1000_clawback50,1,99,64,0.6464646464646465,direct
SemEvalEnvironment_SUB,0-150,Our_Method_k1000_clawback50,2,88,46,0.5227272727272727,indirect
SemEvalEnvironment_SUB,0-150,Our_Method_k1000_clawback50,3,45,25,0.5555555555555556,indirect
SemEvalEnvironment_SUB,0-150,Our_Method_k1000_clawback50,4,16,13,0.8125,indirect
SemEvalEnvironment_SUB,0-150,Our_Method_k1000_clawback50,5,4,4,1.0,indirect
SemEvalEnvironment_SUB,0-150,Our_Method_k1000_clawback75,1,99,64,0.6464646464646465,direct
SemEvalEnvironment_SUB,0-150,Our_Method_k1000_clawback75,2,88,42,0.4772727272727273,indirect
SemEvalEnvironment_SUB,0-150,Our_Method_k1000_clawback75,3,45,23,0.5111111111111111,indirect
SemEvalEnvironment_SUB,0-150,Our_Method_k1000_clawback75,4,16,13,0.8125,indirect
SemEvalEnvironment_SUB,0-150,Our_Method_k1000_clawback75,5,4,4,1.0,indirect
SemEvalEnvironment_SUB,0-150,Our_Method_legacy_json_k1000_clawback0,1,99,18,0.18181818181818182,direct
SemEvalEnvironment_SUB,0-150,Our_Method_legacy_json_k1000_clawback0,2,88,10,0.11363636363636363,indirect
SemEvalEnvironment_SUB,0-150,Our_Method_legacy_json_k1000_clawback0,3,45,6,0.13333333333333333,indirect
SemEvalEnvironment_SUB,0-150,Our_Method_legacy_json_k1000_clawback0,4,16,1,0.0625,indirect
SemEvalEnvironment_SUB,0-150,Our_Method_legacy_json_k1000_clawback0,5,4,0,0.0,indirect
SemEvalEnvironment_SUB,0-150,Our_Method_no_conversational_k1000_clawback0,1,99,68,0.6868686868686869,direct
SemEvalEnvironment_SUB,0-150,Our_Method_no_conversational_k1000_clawback0,2,88,49,0.5568181818181818,indirect
SemEvalEnvironment_SUB,0-150,Our_Method_no_conversational_k1000_clawback0,3,45,28,0.6222222222222222,indirect
SemEvalEnvironment_SUB,0-150,Our_Method_no_conversational_k1000_clawback0,4,16,14,0.875,indirect
SemEvalEnvironment_SUB,0-150,Our_Method_no_conversational_k1000_clawback0,5,4,4,1.0,indirect
SemEvalEnvironment_SUB,0-150,Our_Method_no_example_k1000_clawback0,1,99,71,0.7171717171717171,direct
SemEvalEnvironment_SUB,0-150,Our_Method_no_example_k1000_clawback0,2,88,52,0.5909090909090909,indirect
SemEvalEnvironment_SUB,0-150,Our_Method_no_example_k1000_clawback0,3,45,27,0.6,indirect
SemEvalEnvironment_SUB,0-150,Our_Method_no_example_k1000_clawback0,4,16,15,0.9375,indirect
SemEvalEnvironment_SUB,0-150,Our_Method_no_example_k1000_clawback0,5,4,4,1.0,indirect
SemEvalEnvironment_SUB,0-150,Our_Method_no_quantifier_k1000_clawback0,1,99,78,0.7878787878787878,direct
SemEvalEnvironment_SUB,0-150,Our_Method_no_quantifier_k1000_clawback0,2,88,62,0.7045454545454546,indirect
SemEvalEnvironment_SUB,0-150,Our_Method_no_quantifier_k1000_clawback0,3,45,33,0.7333333333333333,indirect
SemEvalEnvironment_SUB,0-150,Our_Method_no_quantifier_k1000_clawback0,4,16,14,0.875,indirect
SemEvalEnvironment_SUB,0-150,Our_Method_no_quantifier_k1000_clawback0,5,4,4,1.0,indirect
SemEvalEnvironment_SUB,0-150,Our_Method_no_restriction_k1000_clawback0,1,99,72,0.7272727272727273,direct
SemEvalEnvironment_SUB,0-150,Our_Method_no_restriction_k1000_clawback0,2,88,60,0.6818181818181818,indirect
SemEvalEnvironment_SUB,0-150,Our_Method_no_restriction_k1000_clawback0,3,45,34,0.7555555555555555,indirect
SemEvalEnvironment_SUB,0-150,Our_Method_no_restriction_k1000_clawback0,4,16,15,0.9375,indirect
SemEvalEnvironment_SUB,0-150,Our_Method_no_restriction_k1000_clawback0,5,4,4,1.0,indirect
SemEvalEnvironment_SUB,0-150,Our_Method_oneway_k1000_clawback0,1,99,63,0.6363636363636364,direct
SemEvalEnvironment_SUB,0-150,Our_Method_oneway_k1000_clawback0,2,88,41,0.4659090909090909,indirect
SemEvalEnvironment_SUB,0-150,Our_Method_oneway_k1000_clawback0,3,45,26,0.5777777777777777,indirect
SemEvalEnvironment_SUB,0-150,Our_Method_oneway_k1000_clawback0,4,16,14,0.875,indirect
SemEvalEnvironment_SUB,0-150,Our_Method_oneway_k1000_clawback0,5,4,4,1.0,indirect
SemEvalEnvironment_SUB,0-150,SBU_Batch,1,99,74,0.7474747474747475,direct
SemEvalEnvironment_SUB,0-150,SBU_Batch,2,88,56,0.6363636363636364,indirect
SemEvalEnvironment_SUB,0-150,SBU_Batch,3,45,26,0.5777777777777777,indirect
SemEvalEnvironment_SUB,0-150,SBU_Batch,4,16,13,0.8125,indirect
SemEvalEnvironment_SUB,0-150,SBU_Batch,5,4,4,1.0,indirect
SemEvalEnvironment_SUB,0-150,SBU_Embedding,1,99,25,0.25252525252525254,direct
SemEvalEnvironment_SUB,0-150,SBU_Embedding,2,88,6,0.06818181818181818,indirect
SemEvalEnvironment_SUB,0-150,SBU_Embedding,3,45,2,0.044444444444444446,indirect
SemEvalEnvironment_SUB,0-150,SBU_Embedding,4,16,0,0.0,indirect
SemEvalEnvironment_SUB,0-150,SBU_Embedding,5,4,0,0.0,indirect
SemEvalEnvironment_SUB,0-150,TaxoLLaMA_PPL15.0,1,99,36,0.36363636363636365,direct
SemEvalEnvironment_SUB,0-150,TaxoLLaMA_PPL15.0,2,88,11,0.125,indirect
SemEvalEnvironment_SUB,0-150,TaxoLLaMA_PPL15.0,3,45,1,0.022222222222222223,indirect
SemEvalEnvironment_SUB,0-150,TaxoLLaMA_PPL15.0,4,16,0,0.0,indirect
SemEvalEnvironment_SUB,0-150,TaxoLLaMA_PPL15.0,5,4,0,0.0,indirect
SemEvalEnvironment_SUB,0-150,Vector,1,99,18,0.18181818181818182,direct
SemEvalEnvironment_SUB,0-150,Vector,2,88,4,0.045454545454545456,indirect
SemEvalEnvironment_SUB,0-150,Vector,3,45,1,0.022222222222222223,indirect
SemEvalEnvironment_SUB,0-150,Vector,4,16,0,0.0,indirect
SemEvalEnvironment_SUB,0-150,Vector,5,4,0,0.0,indirect
SemEvalFood_FULL,1001-10000,LLMZero,1,1275,1,0.000784313725490196,direct
SemEvalFood_FULL,1001-10000,LLMZero,2,1344,6,0.004464285714285714,indirect
SemEvalFood_FULL,1001-10000,LLMZero,3,1280,16,0.0125,indirect
SemEvalFood_FULL,1001-10000,LLMZero,4,949,7,0.007376185458377239,indirect
SemEvalFood_FULL,1001-10000,LLMZero,5,565,8,0.01415929203539823,indirect
SemEvalFood_FULL,1001-10000,LLMZero,6,261,4,0.01532567049808429,indirect
SemEvalFood_FULL,1001-10000,LLMZero,7,72,1,0.013888888888888888,indirect
SemEvalFood_FULL,1001-10000,LLMZero,8,9,0,0.0,indirect
SemEvalFood_FULL,1001-10000,Our_Method_k=1000,1,1275,1033,0.8101960784313725,direct
SemEvalFood_FULL,1001-10000,Our_Method_k=1000,2,1344,1121,0.8340773809523809,indirect
SemEvalFood_FULL,1001-10000,Our_Method_k=1000,3,1280,1068,0.834375,indirect
SemEvalFood_FULL,1001-10000,Our_Method_k=1000,4,949,822,0.8661749209694415,indirect
SemEvalFood_FULL,1001-10000,Our_Method_k=1000,5,565,524,0.9274336283185841,indirect
SemEvalFood_FULL,1001-10000,Our_Method_k=1000,6,261,256,0.9808429118773946,indirect
SemEvalFood_FULL,1001-10000,Our_Method_k=1000,7,72,72,1.0,indirect
SemEvalFood_FULL,1001-10000,Our_Method_k=1000,8,9,9,1.0,indirect
SemEvalFood_FULL,1001-10000,SBU_Batch,1,1275,421,0.33019607843137255,direct
SemEvalFood_FULL,1001-10000,SBU_Batch,2,1344,171,0.12723214285714285,indirect
SemEvalFood_FULL,1001-10000,SBU_Batch,3,1280,92,0.071875,indirect
SemEvalFood_FULL,1001-10000,SBU_Batch,4,949,45,0.04741833508956796,indirect
SemEvalFood_FULL,1001-10000,SBU_Batch,5,565,23,0.04070796460176991,indirect
SemEvalFood_FULL,1001-10000,SBU_Batch,6,261,11,0.0421455938697318,indirect
SemEvalFood_FULL,1001-10000,SBU_Batch,7,72,3,0.041666666666666664,indirect
SemEvalFood_FULL,1001-10000,SBU_Batch,8,9,1,0.1111111111111111,indirect
SemEvalFood_SUB,0-150,Density_m1,1,101,85,0.8415841584158416,direct
SemEvalFood_SUB,0-150,Density_m1,2,99,81,0.8181818181818182,indirect
SemEvalFood_SUB,0-150,Density_m1,3,89,76,0.8539325842696629,indirect
SemEvalFood_SUB,0-150,Density_m1,4,63,57,0.9047619047619048,indirect
SemEvalFood_SUB,0-150,Density_m1,5,35,33,0.9428571428571428,indirect
SemEvalFood_SUB,0-150,Density_m1,6,15,14,0.9333333333333333,indirect
SemEvalFood_SUB,0-150,Density_m1,7,5,5,1.0,indirect
SemEvalFood_SUB,0-150,Density_m1,8,2,2,1.0,indirect
SemEvalFood_SUB,0-150,Density_m10,1,101,57,0.5643564356435643,direct
SemEvalFood_SUB,0-150,Density_m10,2,99,45,0.45454545454545453,indirect
SemEvalFood_SUB,0-150,Density_m10,3,89,35,0.39325842696629215,indirect
SemEvalFood_SUB,0-150,Density_m10,4,63,22,0.3492063492063492,indirect
SemEvalFood_SUB,0-150,Density_m10,5,35,9,0.2571428571428571,indirect
SemEvalFood_SUB,0-150,Density_m10,6,15,6,0.4,indirect
SemEvalFood_SUB,0-150,Density_m10,7,5,3,0.6,indirect
SemEvalFood_SUB,0-150,Density_m10,8,2,2,1.0,indirect
SemEvalFood_SUB,0-150,Density_m100,1,101,65,0.6435643564356436,direct
SemEvalFood_SUB,0-150,Density_m100,2,99,48,0.48484848484848486,indirect
SemEvalFood_SUB,0-150,Density_m100,3,89,43,0.48314606741573035,indirect
SemEvalFood_SUB,0-150,Density_m100,4,63,35,0.5555555555555556,indirect
SemEvalFood_SUB,0-150,Density_m100,5,35,18,0.5142857142857142,indirect
SemEvalFood_SUB,0-150,Density_m100,6,15,10,0.6666666666666666,indirect
SemEvalFood_SUB,0-150,Density_m100,7,5,4,0.8,indirect
SemEvalFood_SUB,0-150,Density_m100,8,2,2,1.0,indirect
SemEvalFood_SUB,0-150,Density_m2,1,101,77,0.7623762376237624,direct
SemEvalFood_SUB,0-150,Density_m2,2,99,68,0.6868686868686869,indirect
SemEvalFood_SUB,0-150,Density_m2,3,89,63,0.7078651685393258,indirect
SemEvalFood_SUB,0-150,Density_m2,4,63,43,0.6825396825396826,indirect
SemEvalFood_SUB,0-150,Density_m2,5,35,22,0.6285714285714286,indirect
SemEvalFood_SUB,0-150,Density_m2,6,15,12,0.8,indirect
SemEvalFood_SUB,0-150,Density_m2,7,5,5,1.0,indirect
SemEvalFood_SUB,0-150,Density_m2,8,2,2,1.0,indirect
SemEvalFood_SUB,0-150,Density_m25,1,101,57,0.5643564356435643,direct
SemEvalFood_SUB,0-150,Density_m25,2,99,34,0.3434343434343434,indirect
SemEvalFood_SUB,0-150,Density_m25,3,89,24,0.2696629213483146,indirect
SemEvalFood_SUB,0-150,Density_m25,4,63,12,0.19047619047619047,indirect
SemEvalFood_SUB,0-150,Density_m25,5,35,9,0.2571428571428571,indirect
SemEvalFood_SUB,0-150,Density_m25,6,15,3,0.2,indirect
SemEvalFood_SUB,0-150,Density_m25,7,5,1,0.2,indirect
SemEvalFood_SUB,0-150,Density_m25,8,2,0,0.0,indirect
SemEvalFood_SUB,0-150,Density_m5,1,101,57,0.5643564356435643,direct
SemEvalFood_SUB,0-150,Density_m5,2,99,41,0.41414141414141414,indirect
SemEvalFood_SUB,0-150,Density_m5,3,89,32,0.3595505617977528,indirect
SemEvalFood_SUB,0-150,Density_m5,4,63,28,0.4444444444444444,indirect
SemEvalFood_SUB,0-150,Density_m5,5,35,14,0.4,indirect
SemEvalFood_SUB,0-150,Density_m5,6,15,5,0.3333333333333333,indirect
SemEvalFood_SUB,0-150,Density_m5,7,5,1,0.2,indirect
SemEvalFood_SUB,0-150,Density_m5,8,2,2,1.0,indirect
SemEvalFood_SUB,0-150,Density_m50,1,101,54,0.5346534653465347,direct
SemEvalFood_SUB,0-150,Density_m50,2,99,40,0.40404040404040403,indirect
SemEvalFood_SUB,0-150,Density_m50,3,89,35,0.39325842696629215,indirect
SemEvalFood_SUB,0-150,Density_m50,4,63,19,0.30158730158730157,indirect
SemEvalFood_SUB,0-150,Density_m50,5,35,11,0.3142857142857143,indirect
SemEvalFood_SUB,0-150,Density_m50,6,15,3,0.2,indirect
SemEvalFood_SUB,0-150,Density_m50,7,5,1,0.2,indirect
SemEvalFood_SUB,0-150,Density_m50,8,2,0,0.0,indirect
SemEvalFood_SUB,0-150,LLMZero,1,101,57,0.5643564356435643,direct
SemEvalFood_SUB,0-150,LLMZero,2,99,45,0.45454545454545453,indirect
SemEvalFood_SUB,0-150,LLMZero,3,89,38,0.42696629213483145,indirect
SemEvalFood_SUB,0-150,LLMZero,4,63,28,0.4444444444444444,indirect
SemEvalFood_SUB,0-150,LLMZero,5,35,15,0.42857142857142855,indirect
SemEvalFood_SUB,0-150,LLMZero,6,15,9,0.6,indirect
SemEvalFood_SUB,0-150,LLMZero,7,5,3,0.6,indirect
SemEvalFood_SUB,0-150,LLMZero,8,2,2,1.0,indirect
SemEvalFood_SUB,0-150,Lexical,1,101,15,0.1485148514851485,direct
SemEvalFood_SUB,0-150,Lexical,2,99,6,0.06060606060606061,indirect
SemEvalFood_SUB,0-150,Lexical,3,89,1,0.011235955056179775,indirect
SemEvalFood_SUB,0-150,Lexical,4,63,0,0.0,indirect
SemEvalFood_SUB,0-150,Lexical,5,35,0,0.0,indirect
SemEvalFood_SUB,0-150,Lexical,6,15,0,0.0,indirect
SemEvalFood_SUB,0-150,Lexical,7,5,0,0.0,indirect
SemEvalFood_SUB,0-150,Lexical,8,2,0,0.0,indirect
SemEvalFood_SUB,0-150,OurMethod,1,101,87,0.8613861386138614,direct
SemEvalFood_SUB,0-150,OurMethod,2,99,78,0.7878787878787878,indirect
SemEvalFood_SUB,0-150,OurMethod,3,89,75,0.8426966292134831,indirect
SemEvalFood_SUB,0-150,OurMethod,4,63,53,0.8412698412698413,indirect
SemEvalFood_SUB,0-150,OurMethod,5,35,29,0.8285714285714286,indirect
SemEvalFood_SUB,0-150,OurMethod,6,15,13,0.8666666666666667,indirect
SemEvalFood_SUB,0-150,OurMethod,7,5,5,1.0,indirect
SemEvalFood_SUB,0-150,OurMethod,8,2,2,1.0,indirect
SemEvalFood_SUB,0-150,Our_Method_+restructure_k1000_clawback0,1,101,65,0.6435643564356436,direct
SemEvalFood_SUB,0-150,Our_Method_+restructure_k1000_clawback0,2,99,38,0.3838383838383838,indirect
SemEvalFood_SUB,0-150,Our_Method_+restructure_k1000_clawback0,3,89,19,0.21348314606741572,indirect
SemEvalFood_SUB,0-150,Our_Method_+restructure_k1000_clawback0,4,63,4,0.06349206349206349,indirect
SemEvalFood_SUB,0-150,Our_Method_+restructure_k1000_clawback0,5,35,1,0.02857142857142857,indirect
SemEvalFood_SUB,0-150,Our_Method_+restructure_k1000_clawback0,6,15,0,0.0,indirect
SemEvalFood_SUB,0-150,Our_Method_+restructure_k1000_clawback0,7,5,0,0.0,indirect
SemEvalFood_SUB,0-150,Our_Method_+restructure_k1000_clawback0,8,2,0,0.0,indirect
SemEvalFood_SUB,0-150,Our_Method_+restructure_prune_only_top10_+rank_leverage_k1000_clawback0,1,101,75,0.7425742574257426,direct
SemEvalFood_SUB,0-150,Our_Method_+restructure_prune_only_top10_+rank_leverage_k1000_clawback0,2,99,74,0.7474747474747475,indirect
SemEvalFood_SUB,0-150,Our_Method_+restructure_prune_only_top10_+rank_leverage_k1000_clawback0,3,89,74,0.8314606741573034,indirect
SemEvalFood_SUB,0-150,Our_Method_+restructure_prune_only_top10_+rank_leverage_k1000_clawback0,4,63,57,0.9047619047619048,indirect
SemEvalFood_SUB,0-150,Our_Method_+restructure_prune_only_top10_+rank_leverage_k1000_clawback0,5,35,33,0.9428571428571428,indirect
SemEvalFood_SUB,0-150,Our_Method_+restructure_prune_only_top10_+rank_leverage_k1000_clawback0,6,15,14,0.9333333333333333,indirect
SemEvalFood_SUB,0-150,Our_Method_+restructure_prune_only_top10_+rank_leverage_k1000_clawback0,7,5,5,1.0,indirect
SemEvalFood_SUB,0-150,Our_Method_+restructure_prune_only_top10_+rank_leverage_k1000_clawback0,8,2,2,1.0,indirect
SemEvalFood_SUB,0-150,Our_Method_+restructure_prune_only_top10_+rank_neighborhood_k1000_clawback0,1,101,77,0.7623762376237624,direct
SemEvalFood_SUB,0-150,Our_Method_+restructure_prune_only_top10_+rank_neighborhood_k1000_clawback0,2,99,75,0.7575757575757576,indirect
SemEvalFood_SUB,0-150,Our_Method_+restructure_prune_only_top10_+rank_neighborhood_k1000_clawback0,3,89,75,0.8426966292134831,indirect
SemEvalFood_SUB,0-150,Our_Method_+restructure_prune_only_top10_+rank_neighborhood_k1000_clawback0,4,63,58,0.9206349206349206,indirect
SemEvalFood_SUB,0-150,Our_Method_+restructure_prune_only_top10_+rank_neighborhood_k1000_clawback0,5,35,33,0.9428571428571428,indirect
SemEvalFood_SUB,0-150,Our_Method_+restructure_prune_only_top10_+rank_neighborhood_k1000_clawback0,6,15,14,0.9333333333333333,indirect
SemEvalFood_SUB,0-150,Our_Method_+restructure_prune_only_top10_+rank_neighborhood_k1000_clawback0,7,5,5,1.0,indirect
SemEvalFood_SUB,0-150,Our_Method_+restructure_prune_only_top10_+rank_neighborhood_k1000_clawback0,8,2,2,1.0,indirect
SemEvalFood_SUB,0-150,Our_Method_+restructure_prune_only_top10_+rank_salience_k1000_clawback0,1,101,77,0.7623762376237624,direct
SemEvalFood_SUB,0-150,Our_Method_+restructure_prune_only_top10_+rank_salience_k1000_clawback0,2,99,76,0.7676767676767676,indirect
SemEvalFood_SUB,0-150,Our_Method_+restructure_prune_only_top10_+rank_salience_k1000_clawback0,3,89,75,0.8426966292134831,indirect
SemEvalFood_SUB,0-150,Our_Method_+restructure_prune_only_top10_+rank_salience_k1000_clawback0,4,63,58,0.9206349206349206,indirect
SemEvalFood_SUB,0-150,Our_Method_+restructure_prune_only_top10_+rank_salience_k1000_clawback0,5,35,33,0.9428571428571428,indirect
SemEvalFood_SUB,0-150,Our_Method_+restructure_prune_only_top10_+rank_salience_k1000_clawback0,6,15,14,0.9333333333333333,indirect
SemEvalFood_SUB,0-150,Our_Method_+restructure_prune_only_top10_+rank_salience_k1000_clawback0,7,5,5,1.0,indirect
SemEvalFood_SUB,0-150,Our_Method_+restructure_prune_only_top10_+rank_salience_k1000_clawback0,8,2,2,1.0,indirect
SemEvalFood_SUB,0-150,Our_Method_+restructure_prune_only_top10_+rank_self_agreement_k1000_clawback0,1,101,79,0.7821782178217822,direct
SemEvalFood_SUB,0-150,Our_Method_+restructure_prune_only_top10_+rank_self_agreement_k1000_clawback0,2,99,77,0.7777777777777778,indirect
SemEvalFood_SUB,0-150,Our_Method_+restructure_prune_only_top10_+rank_self_agreement_k1000_clawback0,3,89,75,0.8426966292134831,indirect
SemEvalFood_SUB,0-150,Our_Method_+restructure_prune_only_top10_+rank_self_agreement_k1000_clawback0,4,63,58,0.9206349206349206,indirect
SemEvalFood_SUB,0-150,Our_Method_+restructure_prune_only_top10_+rank_self_agreement_k1000_clawback0,5,35,33,0.9428571428571428,indirect
SemEvalFood_SUB,0-150,Our_Method_+restructure_prune_only_top10_+rank_self_agreement_k1000_clawback0,6,15,14,0.9333333333333333,indirect
SemEvalFood_SUB,0-150,Our_Method_+restructure_prune_only_top10_+rank_self_agreement_k1000_clawback0,7,5,5,1.0,indirect
SemEvalFood_SUB,0-150,Our_Method_+restructure_prune_only_top10_+rank_self_agreement_k1000_clawback0,8,2,2,1.0,indirect
SemEvalFood_SUB,0-150,Our_Method_+restructure_prune_only_top10_k1000_clawback0,1,101,79,0.7821782178217822,direct
SemEvalFood_SUB,0-150,Our_Method_+restructure_prune_only_top10_k1000_clawback0,2,99,78,0.7878787878787878,indirect
SemEvalFood_SUB,0-150,Our_Method_+restructure_prune_only_top10_k1000_clawback0,3,89,76,0.8539325842696629,indirect
SemEvalFood_SUB,0-150,Our_Method_+restructure_prune_only_top10_k1000_clawback0,4,63,58,0.9206349206349206,indirect
SemEvalFood_SUB,0-150,Our_Method_+restructure_prune_only_top10_k1000_clawback0,5,35,33,0.9428571428571428,indirect
SemEvalFood_SUB,0-150,Our_Method_+restructure_prune_only_top10_k1000_clawback0,6,15,14,0.9333333333333333,indirect
SemEvalFood_SUB,0-150,Our_Method_+restructure_prune_only_top10_k1000_clawback0,7,5,5,1.0,indirect
SemEvalFood_SUB,0-150,Our_Method_+restructure_prune_only_top10_k1000_clawback0,8,2,2,1.0,indirect
SemEvalFood_SUB,0-150,Our_Method_+restructure_prune_only_top25_k1000_clawback0,1,101,78,0.7722772277227723,direct
SemEvalFood_SUB,0-150,Our_Method_+restructure_prune_only_top25_k1000_clawback0,2,99,77,0.7777777777777778,indirect
SemEvalFood_SUB,0-150,Our_Method_+restructure_prune_only_top25_k1000_clawback0,3,89,76,0.8539325842696629,indirect
SemEvalFood_SUB,0-150,Our_Method_+restructure_prune_only_top25_k1000_clawback0,4,63,58,0.9206349206349206,indirect
SemEvalFood_SUB,0-150,Our_Method_+restructure_prune_only_top25_k1000_clawback0,5,35,33,0.9428571428571428,indirect
SemEvalFood_SUB,0-150,Our_Method_+restructure_prune_only_top25_k1000_clawback0,6,15,14,0.9333333333333333,indirect
SemEvalFood_SUB,0-150,Our_Method_+restructure_prune_only_top25_k1000_clawback0,7,5,5,1.0,indirect
SemEvalFood_SUB,0-150,Our_Method_+restructure_prune_only_top25_k1000_clawback0,8,2,2,1.0,indirect
SemEvalFood_SUB,0-150,Our_Method_+restructure_ranked_k1000_clawback0,1,101,2,0.019801980198019802,direct
SemEvalFood_SUB,0-150,Our_Method_+restructure_ranked_k1000_clawback0,2,99,3,0.030303030303030304,indirect
SemEvalFood_SUB,0-150,Our_Method_+restructure_ranked_k1000_clawback0,3,89,3,0.033707865168539325,indirect
SemEvalFood_SUB,0-150,Our_Method_+restructure_ranked_k1000_clawback0,4,63,1,0.015873015873015872,indirect
SemEvalFood_SUB,0-150,Our_Method_+restructure_ranked_k1000_clawback0,5,35,0,0.0,indirect
SemEvalFood_SUB,0-150,Our_Method_+restructure_ranked_k1000_clawback0,6,15,0,0.0,indirect
SemEvalFood_SUB,0-150,Our_Method_+restructure_ranked_k1000_clawback0,7,5,0,0.0,indirect
SemEvalFood_SUB,0-150,Our_Method_+restructure_ranked_k1000_clawback0,8,2,0,0.0,indirect
SemEvalFood_SUB,0-150,Our_Method_+restructure_ranked_top25_k1000_clawback0,1,101,79,0.7821782178217822,direct
SemEvalFood_SUB,0-150,Our_Method_+restructure_ranked_top25_k1000_clawback0,2,99,78,0.7878787878787878,indirect
SemEvalFood_SUB,0-150,Our_Method_+restructure_ranked_top25_k1000_clawback0,3,89,76,0.8539325842696629,indirect
SemEvalFood_SUB,0-150,Our_Method_+restructure_ranked_top25_k1000_clawback0,4,63,58,0.9206349206349206,indirect
SemEvalFood_SUB,0-150,Our_Method_+restructure_ranked_top25_k1000_clawback0,5,35,33,0.9428571428571428,indirect
SemEvalFood_SUB,0-150,Our_Method_+restructure_ranked_top25_k1000_clawback0,6,15,14,0.9333333333333333,indirect
SemEvalFood_SUB,0-150,Our_Method_+restructure_ranked_top25_k1000_clawback0,7,5,5,1.0,indirect
SemEvalFood_SUB,0-150,Our_Method_+restructure_ranked_top25_k1000_clawback0,8,2,2,1.0,indirect
SemEvalFood_SUB,0-150,Our_Method_alt_Prompt_k1000_clawback0,1,101,88,0.8712871287128713,direct
SemEvalFood_SUB,0-150,Our_Method_alt_Prompt_k1000_clawback0,2,99,83,0.8383838383838383,indirect
SemEvalFood_SUB,0-150,Our_Method_alt_Prompt_k1000_clawback0,3,89,78,0.8764044943820225,indirect
SemEvalFood_SUB,0-150,Our_Method_alt_Prompt_k1000_clawback0,4,63,57,0.9047619047619048,indirect
SemEvalFood_SUB,0-150,Our_Method_alt_Prompt_k1000_clawback0,5,35,33,0.9428571428571428,indirect
SemEvalFood_SUB,0-150,Our_Method_alt_Prompt_k1000_clawback0,6,15,14,0.9333333333333333,indirect
SemEvalFood_SUB,0-150,Our_Method_alt_Prompt_k1000_clawback0,7,5,5,1.0,indirect
SemEvalFood_SUB,0-150,Our_Method_alt_Prompt_k1000_clawback0,8,2,2,1.0,indirect
SemEvalFood_SUB,0-150,Our_Method_alt_Prompt_k=1000,1,101,23,0.22772277227722773,direct
SemEvalFood_SUB,0-150,Our_Method_alt_Prompt_k=1000,2,99,22,0.2222222222222222,indirect
SemEvalFood_SUB,0-150,Our_Method_alt_Prompt_k=1000,3,89,18,0.20224719101123595,indirect
SemEvalFood_SUB,0-150,Our_Method_alt_Prompt_k=1000,4,63,9,0.14285714285714285,indirect
SemEvalFood_SUB,0-150,Our_Method_alt_Prompt_k=1000,5,35,2,0.05714285714285714,indirect
SemEvalFood_SUB,0-150,Our_Method_alt_Prompt_k=1000,6,15,1,0.06666666666666667,indirect
SemEvalFood_SUB,0-150,Our_Method_alt_Prompt_k=1000,7,5,1,0.2,indirect
SemEvalFood_SUB,0-150,Our_Method_alt_Prompt_k=1000,8,2,0,0.0,indirect
SemEvalFood_SUB,0-150,Our_Method_direct_k1000_clawback0,1,101,83,0.8217821782178217,direct
SemEvalFood_SUB,0-150,Our_Method_direct_k1000_clawback0,2,99,79,0.797979797979798,indirect
SemEvalFood_SUB,0-150,Our_Method_direct_k1000_clawback0,3,89,77,0.8651685393258427,indirect
SemEvalFood_SUB,0-150,Our_Method_direct_k1000_clawback0,4,63,57,0.9047619047619048,indirect
SemEvalFood_SUB,0-150,Our_Method_direct_k1000_clawback0,5,35,33,0.9428571428571428,indirect
SemEvalFood_SUB,0-150,Our_Method_direct_k1000_clawback0,6,15,14,0.9333333333333333,indirect
SemEvalFood_SUB,0-150,Our_Method_direct_k1000_clawback0,7,5,5,1.0,indirect
SemEvalFood_SUB,0-150,Our_Method_direct_k1000_clawback0,8,2,2,1.0,indirect
SemEvalFood_SUB,0-150,Our_Method_full_json_k1000_clawback0,1,101,81,0.801980198019802,direct
SemEvalFood_SUB,0-150,Our_Method_full_json_k1000_clawback0,2,99,75,0.7575757575757576,indirect
SemEvalFood_SUB,0-150,Our_Method_full_json_k1000_clawback0,3,89,73,0.8202247191011236,indirect
SemEvalFood_SUB,0-150,Our_Method_full_json_k1000_clawback0,4,63,53,0.8412698412698413,indirect
SemEvalFood_SUB,0-150,Our_Method_full_json_k1000_clawback0,5,35,29,0.8285714285714286,indirect
SemEvalFood_SUB,0-150,Our_Method_full_json_k1000_clawback0,6,15,13,0.8666666666666667,indirect
SemEvalFood_SUB,0-150,Our_Method_full_json_k1000_clawback0,7,5,5,1.0,indirect
SemEvalFood_SUB,0-150,Our_Method_full_json_k1000_clawback0,8,2,2,1.0,indirect
SemEvalFood_SUB,0-150,Our_Method_full_k1000_clawback0,1,101,83,0.8217821782178217,direct
SemEvalFood_SUB,0-150,Our_Method_full_k1000_clawback0,2,99,80,0.8080808080808081,indirect
SemEvalFood_SUB,0-150,Our_Method_full_k1000_clawback0,3,89,78,0.8764044943820225,indirect
SemEvalFood_SUB,0-150,Our_Method_full_k1000_clawback0,4,63,57,0.9047619047619048,indirect
SemEvalFood_SUB,0-150,Our_Method_full_k1000_clawback0,5,35,32,0.9142857142857143,indirect
SemEvalFood_SUB,0-150,Our_Method_full_k1000_clawback0,6,15,13,0.8666666666666667,indirect
SemEvalFood_SUB,0-150,Our_Method_full_k1000_clawback0,7,5,5,1.0,indirect
SemEvalFood_SUB,0-150,Our_Method_full_k1000_clawback0,8,2,2,1.0,indirect
SemEvalFood_SUB,0-150,Our_Method_isa_k1000_clawback0,1,101,83,0.8217821782178217,direct
SemEvalFood_SUB,0-150,Our_Method_isa_k1000_clawback0,2,99,78,0.7878787878787878,indirect
SemEvalFood_SUB,0-150,Our_Method_isa_k1000_clawback0,3,89,73,0.8202247191011236,indirect
SemEvalFood_SUB,0-150,Our_Method_isa_k1000_clawback0,4,63,56,0.8888888888888888,indirect
SemEvalFood_SUB,0-150,Our_Method_isa_k1000_clawback0,5,35,33,0.9428571428571428,indirect
SemEvalFood_SUB,0-150,Our_Method_isa_k1000_clawback0,6,15,14,0.9333333333333333,indirect
SemEvalFood_SUB,0-150,Our_Method_isa_k1000_clawback0,7,5,5,1.0,indirect
SemEvalFood_SUB,0-150,Our_Method_isa_k1000_clawback0,8,2,2,1.0,indirect
SemEvalFood_SUB,0-150,Our_Method_k1000_clawback0,1,101,88,0.8712871287128713,direct
SemEvalFood_SUB,0-150,Our_Method_k1000_clawback0,2,99,80,0.8080808080808081,indirect
SemEvalFood_SUB,0-150,Our_Method_k1000_clawback0,3,89,73,0.8202247191011236,indirect
SemEvalFood_SUB,0-150,Our_Method_k1000_clawback0,4,63,52,0.8253968253968254,indirect
SemEvalFood_SUB,0-150,Our_Method_k1000_clawback0,5,35,31,0.8857142857142857,indirect
SemEvalFood_SUB,0-150,Our_Method_k1000_clawback0,6,15,14,0.9333333333333333,indirect
SemEvalFood_SUB,0-150,Our_Method_k1000_clawback0,7,5,5,1.0,indirect
SemEvalFood_SUB,0-150,Our_Method_k1000_clawback0,8,2,2,1.0,indirect
SemEvalFood_SUB,0-150,Our_Method_k1000_clawback0_gemini31b,1,101,90,0.8910891089108911,direct
SemEvalFood_SUB,0-150,Our_Method_k1000_clawback0_gemini31b,2,99,85,0.8585858585858586,indirect
SemEvalFood_SUB,0-150,Our_Method_k1000_clawback0_gemini31b,3,89,78,0.8764044943820225,indirect
SemEvalFood_SUB,0-150,Our_Method_k1000_clawback0_gemini31b,4,63,51,0.8095238095238095,indirect
SemEvalFood_SUB,0-150,Our_Method_k1000_clawback0_gemini31b,5,35,32,0.9142857142857143,indirect
SemEvalFood_SUB,0-150,Our_Method_k1000_clawback0_gemini31b,6,15,14,0.9333333333333333,indirect
SemEvalFood_SUB,0-150,Our_Method_k1000_clawback0_gemini31b,7,5,5,1.0,indirect
SemEvalFood_SUB,0-150,Our_Method_k1000_clawback0_gemini31b,8,2,2,1.0,indirect
SemEvalFood_SUB,0-150,Our_Method_k1000_clawback0_gemma4b,1,101,79,0.7821782178217822,direct
SemEvalFood_SUB,0-150,Our_Method_k1000_clawback0_gemma4b,2,99,78,0.7878787878787878,indirect
SemEvalFood_SUB,0-150,Our_Method_k1000_clawback0_gemma4b,3,89,76,0.8539325842696629,indirect
SemEvalFood_SUB,0-150,Our_Method_k1000_clawback0_gemma4b,4,63,58,0.9206349206349206,indirect
SemEvalFood_SUB,0-150,Our_Method_k1000_clawback0_gemma4b,5,35,33,0.9428571428571428,indirect
SemEvalFood_SUB,0-150,Our_Method_k1000_clawback0_gemma4b,6,15,14,0.9333333333333333,indirect
SemEvalFood_SUB,0-150,Our_Method_k1000_clawback0_gemma4b,7,5,5,1.0,indirect
SemEvalFood_SUB,0-150,Our_Method_k1000_clawback0_gemma4b,8,2,2,1.0,indirect
SemEvalFood_SUB,0-150,Our_Method_k1000_clawback10,1,101,87,0.8613861386138614,direct
SemEvalFood_SUB,0-150,Our_Method_k1000_clawback10,2,99,79,0.797979797979798,indirect
SemEvalFood_SUB,0-150,Our_Method_k1000_clawback10,3,89,75,0.8426966292134831,indirect
SemEvalFood_SUB,0-150,Our_Method_k1000_clawback10,4,63,54,0.8571428571428571,indirect
SemEvalFood_SUB,0-150,Our_Method_k1000_clawback10,5,35,32,0.9142857142857143,indirect
SemEvalFood_SUB,0-150,Our_Method_k1000_clawback10,6,15,13,0.8666666666666667,indirect
SemEvalFood_SUB,0-150,Our_Method_k1000_clawback10,7,5,5,1.0,indirect
SemEvalFood_SUB,0-150,Our_Method_k1000_clawback10,8,2,2,1.0,indirect
SemEvalFood_SUB,0-150,Our_Method_k1000_clawback100,1,101,76,0.7524752475247525,direct
SemEvalFood_SUB,0-150,Our_Method_k1000_clawback100,2,99,74,0.7474747474747475,indirect
SemEvalFood_SUB,0-150,Our_Method_k1000_clawback100,3,89,69,0.7752808988764045,indirect
SemEvalFood_SUB,0-150,Our_Method_k1000_clawback100,4,63,53,0.8412698412698413,indirect
SemEvalFood_SUB,0-150,Our_Method_k1000_clawback100,5,35,32,0.9142857142857143,indirect
SemEvalFood_SUB,0-150,Our_Method_k1000_clawback100,6,15,13,0.8666666666666667,indirect
SemEvalFood_SUB,0-150,Our_Method_k1000_clawback100,7,5,5,1.0,indirect
SemEvalFood_SUB,0-150,Our_Method_k1000_clawback100,8,2,2,1.0,indirect
SemEvalFood_SUB,0-150,Our_Method_k1000_clawback25,1,101,75,0.7425742574257426,direct
SemEvalFood_SUB,0-150,Our_Method_k1000_clawback25,2,99,75,0.7575757575757576,indirect
SemEvalFood_SUB,0-150,Our_Method_k1000_clawback25,3,89,76,0.8539325842696629,indirect
SemEvalFood_SUB,0-150,Our_Method_k1000_clawback25,4,63,58,0.9206349206349206,indirect
SemEvalFood_SUB,0-150,Our_Method_k1000_clawback25,5,35,33,0.9428571428571428,indirect
SemEvalFood_SUB,0-150,Our_Method_k1000_clawback25,6,15,14,0.9333333333333333,indirect
SemEvalFood_SUB,0-150,Our_Method_k1000_clawback25,7,5,5,1.0,indirect
SemEvalFood_SUB,0-150,Our_Method_k1000_clawback25,8,2,2,1.0,indirect
SemEvalFood_SUB,0-150,Our_Method_k1000_clawback5,1,101,88,0.8712871287128713,direct
SemEvalFood_SUB,0-150,Our_Method_k1000_clawback5,2,99,79,0.797979797979798,indirect
SemEvalFood_SUB,0-150,Our_Method_k1000_clawback5,3,89,75,0.8426966292134831,indirect
SemEvalFood_SUB,0-150,Our_Method_k1000_clawback5,4,63,54,0.8571428571428571,indirect
SemEvalFood_SUB,0-150,Our_Method_k1000_clawback5,5,35,32,0.9142857142857143,indirect
SemEvalFood_SUB,0-150,Our_Method_k1000_clawback5,6,15,13,0.8666666666666667,indirect
SemEvalFood_SUB,0-150,Our_Method_k1000_clawback5,7,5,5,1.0,indirect
SemEvalFood_SUB,0-150,Our_Method_k1000_clawback5,8,2,2,1.0,indirect
SemEvalFood_SUB,0-150,Our_Method_k1000_clawback50,1,101,81,0.801980198019802,direct
SemEvalFood_SUB,0-150,Our_Method_k1000_clawback50,2,99,75,0.7575757575757576,indirect
SemEvalFood_SUB,0-150,Our_Method_k1000_clawback50,3,89,70,0.7865168539325843,indirect
SemEvalFood_SUB,0-150,Our_Method_k1000_clawback50,4,63,53,0.8412698412698413,indirect
SemEvalFood_SUB,0-150,Our_Method_k1000_clawback50,5,35,32,0.9142857142857143,indirect
SemEvalFood_SUB,0-150,Our_Method_k1000_clawback50,6,15,13,0.8666666666666667,indirect
SemEvalFood_SUB,0-150,Our_Method_k1000_clawback50,7,5,5,1.0,indirect
SemEvalFood_SUB,0-150,Our_Method_k1000_clawback50,8,2,2,1.0,indirect
SemEvalFood_SUB,0-150,Our_Method_k1000_clawback75,1,101,76,0.7524752475247525,direct
SemEvalFood_SUB,0-150,Our_Method_k1000_clawback75,2,99,74,0.7474747474747475,indirect
SemEvalFood_SUB,0-150,Our_Method_k1000_clawback75,3,89,69,0.7752808988764045,indirect
SemEvalFood_SUB,0-150,Our_Method_k1000_clawback75,4,63,53,0.8412698412698413,indirect
SemEvalFood_SUB,0-150,Our_Method_k1000_clawback75,5,35,32,0.9142857142857143,indirect
SemEvalFood_SUB,0-150,Our_Method_k1000_clawback75,6,15,13,0.8666666666666667,indirect
SemEvalFood_SUB,0-150,Our_Method_k1000_clawback75,7,5,5,1.0,indirect
SemEvalFood_SUB,0-150,Our_Method_k1000_clawback75,8,2,2,1.0,indirect
SemEvalFood_SUB,0-150,Our_Method_k25_clawback0,1,101,78,0.7722772277227723,direct
SemEvalFood_SUB,0-150,Our_Method_k25_clawback0,2,99,79,0.797979797979798,indirect
SemEvalFood_SUB,0-150,Our_Method_k25_clawback0,3,89,79,0.8876404494382022,indirect
SemEvalFood_SUB,0-150,Our_Method_k25_clawback0,4,63,58,0.9206349206349206,indirect
SemEvalFood_SUB,0-150,Our_Method_k25_clawback0,5,35,33,0.9428571428571428,indirect
SemEvalFood_SUB,0-150,Our_Method_k25_clawback0,6,15,14,0.9333333333333333,indirect
SemEvalFood_SUB,0-150,Our_Method_k25_clawback0,7,5,5,1.0,indirect
SemEvalFood_SUB,0-150,Our_Method_k25_clawback0,8,2,2,1.0,indirect
SemEvalFood_SUB,0-150,Our_Method_legacy_json_k1000_clawback0,1,101,26,0.25742574257425743,direct
SemEvalFood_SUB,0-150,Our_Method_legacy_json_k1000_clawback0,2,99,17,0.1717171717171717,indirect
SemEvalFood_SUB,0-150,Our_Method_legacy_json_k1000_clawback0,3,89,17,0.19101123595505617,indirect
SemEvalFood_SUB,0-150,Our_Method_legacy_json_k1000_clawback0,4,63,10,0.15873015873015872,indirect
SemEvalFood_SUB,0-150,Our_Method_legacy_json_k1000_clawback0,5,35,4,0.11428571428571428,indirect
SemEvalFood_SUB,0-150,Our_Method_legacy_json_k1000_clawback0,6,15,2,0.13333333333333333,indirect
SemEvalFood_SUB,0-150,Our_Method_legacy_json_k1000_clawback0,7,5,0,0.0,indirect
SemEvalFood_SUB,0-150,Our_Method_legacy_json_k1000_clawback0,8,2,0,0.0,indirect
SemEvalFood_SUB,0-150,Our_Method_no_conversational_k1000_clawback0,1,101,85,0.8415841584158416,direct
SemEvalFood_SUB,0-150,Our_Method_no_conversational_k1000_clawback0,2,99,77,0.7777777777777778,indirect
SemEvalFood_SUB,0-150,Our_Method_no_conversational_k1000_clawback0,3,89,74,0.8314606741573034,indirect
SemEvalFood_SUB,0-150,Our_Method_no_conversational_k1000_clawback0,4,63,56,0.8888888888888888,indirect
SemEvalFood_SUB,0-150,Our_Method_no_conversational_k1000_clawback0,5,35,33,0.9428571428571428,indirect
SemEvalFood_SUB,0-150,Our_Method_no_conversational_k1000_clawback0,6,15,14,0.9333333333333333,indirect
SemEvalFood_SUB,0-150,Our_Method_no_conversational_k1000_clawback0,7,5,5,1.0,indirect
SemEvalFood_SUB,0-150,Our_Method_no_conversational_k1000_clawback0,8,2,2,1.0,indirect
SemEvalFood_SUB,0-150,Our_Method_no_example_k1000_clawback0,1,101,80,0.7920792079207921,direct
SemEvalFood_SUB,0-150,Our_Method_no_example_k1000_clawback0,2,99,73,0.7373737373737373,indirect
SemEvalFood_SUB,0-150,Our_Method_no_example_k1000_clawback0,3,89,71,0.797752808988764,indirect
SemEvalFood_SUB,0-150,Our_Method_no_example_k1000_clawback0,4,63,52,0.8253968253968254,indirect
SemEvalFood_SUB,0-150,Our_Method_no_example_k1000_clawback0,5,35,29,0.8285714285714286,indirect
SemEvalFood_SUB,0-150,Our_Method_no_example_k1000_clawback0,6,15,13,0.8666666666666667,indirect
SemEvalFood_SUB,0-150,Our_Method_no_example_k1000_clawback0,7,5,5,1.0,indirect
SemEvalFood_SUB,0-150,Our_Method_no_example_k1000_clawback0,8,2,2,1.0,indirect
SemEvalFood_SUB,0-150,Our_Method_no_quantifier_k1000_clawback0,1,101,78,0.7722772277227723,direct
SemEvalFood_SUB,0-150,Our_Method_no_quantifier_k1000_clawback0,2,99,79,0.797979797979798,indirect
SemEvalFood_SUB,0-150,Our_Method_no_quantifier_k1000_clawback0,3,89,79,0.8876404494382022,indirect
SemEvalFood_SUB,0-150,Our_Method_no_quantifier_k1000_clawback0,4,63,59,0.9365079365079365,indirect
SemEvalFood_SUB,0-150,Our_Method_no_quantifier_k1000_clawback0,5,35,34,0.9714285714285714,indirect
SemEvalFood_SUB,0-150,Our_Method_no_quantifier_k1000_clawback0,6,15,15,1.0,indirect
SemEvalFood_SUB,0-150,Our_Method_no_quantifier_k1000_clawback0,7,5,5,1.0,indirect
SemEvalFood_SUB,0-150,Our_Method_no_quantifier_k1000_clawback0,8,2,2,1.0,indirect
SemEvalFood_SUB,0-150,Our_Method_no_restriction_k1000_clawback0,1,101,88,0.8712871287128713,direct
SemEvalFood_SUB,0-150,Our_Method_no_restriction_k1000_clawback0,2,99,77,0.7777777777777778,indirect
SemEvalFood_SUB,0-150,Our_Method_no_restriction_k1000_clawback0,3,89,73,0.8202247191011236,indirect
SemEvalFood_SUB,0-150,Our_Method_no_restriction_k1000_clawback0,4,63,53,0.8412698412698413,indirect
SemEvalFood_SUB,0-150,Our_Method_no_restriction_k1000_clawback0,5,35,29,0.8285714285714286,indirect
SemEvalFood_SUB,0-150,Our_Method_no_restriction_k1000_clawback0,6,15,13,0.8666666666666667,indirect
SemEvalFood_SUB,0-150,Our_Method_no_restriction_k1000_clawback0,7,5,5,1.0,indirect
SemEvalFood_SUB,0-150,Our_Method_no_restriction_k1000_clawback0,8,2,2,1.0,indirect
SemEvalFood_SUB,0-150,Our_Method_oneway_k1000_clawback0,1,101,79,0.7821782178217822,direct
SemEvalFood_SUB,0-150,Our_Method_oneway_k1000_clawback0,2,99,78,0.7878787878787878,indirect
SemEvalFood_SUB,0-150,Our_Method_oneway_k1000_clawback0,3,89,75,0.8426966292134831,indirect
SemEvalFood_SUB,0-150,Our_Method_oneway_k1000_clawback0,4,63,51,0.8095238095238095,indirect
SemEvalFood_SUB,0-150,Our_Method_oneway_k1000_clawback0,5,35,28,0.8,indirect
SemEvalFood_SUB,0-150,Our_Method_oneway_k1000_clawback0,6,15,12,0.8,indirect
SemEvalFood_SUB,0-150,Our_Method_oneway_k1000_clawback0,7,5,5,1.0,indirect
SemEvalFood_SUB,0-150,Our_Method_oneway_k1000_clawback0,8,2,2,1.0,indirect
SemEvalFood_SUB,0-150,SBU_Batch,1,101,51,0.504950495049505,direct
SemEvalFood_SUB,0-150,SBU_Batch,2,99,27,0.2727272727272727,indirect
SemEvalFood_SUB,0-150,SBU_Batch,3,89,17,0.19101123595505617,indirect
SemEvalFood_SUB,0-150,SBU_Batch,4,63,12,0.19047619047619047,indirect
SemEvalFood_SUB,0-150,SBU_Batch,5,35,3,0.08571428571428572,indirect
SemEvalFood_SUB,0-150,SBU_Batch,6,15,1,0.06666666666666667,indirect
SemEvalFood_SUB,0-150,SBU_Batch,7,5,0,0.0,indirect
SemEvalFood_SUB,0-150,SBU_Batch,8,2,0,0.0,indirect
SemEvalFood_SUB,0-150,SBU_Embedding,1,101,28,0.27722772277227725,direct
SemEvalFood_SUB,0-150,SBU_Embedding,2,99,11,0.1111111111111111,indirect
SemEvalFood_SUB,0-150,SBU_Embedding,3,89,6,0.06741573033707865,indirect
SemEvalFood_SUB,0-150,SBU_Embedding,4,63,4,0.06349206349206349,indirect
SemEvalFood_SUB,0-150,SBU_Embedding,5,35,1,0.02857142857142857,indirect
SemEvalFood_SUB,0-150,SBU_Embedding,6,15,0,0.0,indirect
SemEvalFood_SUB,0-150,SBU_Embedding,7,5,0,0.0,indirect
SemEvalFood_SUB,0-150,SBU_Embedding,8,2,0,0.0,indirect
SemEvalFood_SUB,0-150,SingleCall,1,101,51,0.504950495049505,direct
SemEvalFood_SUB,0-150,SingleCall,2,99,25,0.25252525252525254,indirect
SemEvalFood_SUB,0-150,SingleCall,3,89,11,0.12359550561797752,indirect
SemEvalFood_SUB,0-150,SingleCall,4,63,7,0.1111111111111111,indirect
SemEvalFood_SUB,0-150,SingleCall,5,35,0,0.0,indirect
SemEvalFood_SUB,0-150,SingleCall,6,15,0,0.0,indirect
SemEvalFood_SUB,0-150,SingleCall,7,5,0,0.0,indirect
SemEvalFood_SUB,0-150,SingleCall,8,2,0,0.0,indirect
SemEvalFood_SUB,0-150,SingleCall_gemini31b,1,101,57,0.5643564356435643,direct
SemEvalFood_SUB,0-150,SingleCall_gemini31b,2,99,40,0.40404040404040403,indirect
SemEvalFood_SUB,0-150,SingleCall_gemini31b,3,89,28,0.3146067415730337,indirect
SemEvalFood_SUB,0-150,SingleCall_gemini31b,4,63,16,0.25396825396825395,indirect
SemEvalFood_SUB,0-150,SingleCall_gemini31b,5,35,10,0.2857142857142857,indirect
SemEvalFood_SUB,0-150,SingleCall_gemini31b,6,15,6,0.4,indirect
SemEvalFood_SUB,0-150,SingleCall_gemini31b,7,5,4,0.8,indirect
SemEvalFood_SUB,0-150,SingleCall_gemini31b,8,2,2,1.0,indirect
SemEvalFood_SUB,0-150,SingleCall_gemma4b,1,101,51,0.504950495049505,direct
SemEvalFood_SUB,0-150,SingleCall_gemma4b,2,99,35,0.35353535353535354,indirect
SemEvalFood_SUB,0-150,SingleCall_gemma4b,3,89,35,0.39325842696629215,indirect
SemEvalFood_SUB,0-150,SingleCall_gemma4b,4,63,27,0.42857142857142855,indirect
SemEvalFood_SUB,0-150,SingleCall_gemma4b,5,35,16,0.45714285714285713,indirect
SemEvalFood_SUB,0-150,SingleCall_gemma4b,6,15,8,0.5333333333333333,indirect
SemEvalFood_SUB,0-150,SingleCall_gemma4b,7,5,3,0.6,indirect
SemEvalFood_SUB,0-150,SingleCall_gemma4b,8,2,2,1.0,indirect
SemEvalFood_SUB,0-150,SingleCall_matched,1,101,58,0.5742574257425742,direct
SemEvalFood_SUB,0-150,SingleCall_matched,2,99,42,0.42424242424242425,indirect
SemEvalFood_SUB,0-150,SingleCall_matched,3,89,33,0.3707865168539326,indirect
SemEvalFood_SUB,0-150,SingleCall_matched,4,63,25,0.3968253968253968,indirect
SemEvalFood_SUB,0-150,SingleCall_matched,5,35,12,0.34285714285714286,indirect
SemEvalFood_SUB,0-150,SingleCall_matched,6,15,5,0.3333333333333333,indirect
SemEvalFood_SUB,0-150,SingleCall_matched,7,5,3,0.6,indirect
SemEvalFood_SUB,0-150,SingleCall_matched,8,2,2,1.0,indirect
SemEvalFood_SUB,0-150,SingleCall_nomerge,1,101,51,0.504950495049505,direct
SemEvalFood_SUB,0-150,SingleCall_nomerge,2,99,25,0.25252525252525254,indirect
SemEvalFood_SUB,0-150,SingleCall_nomerge,3,89,11,0.12359550561797752,indirect
SemEvalFood_SUB,0-150,SingleCall_nomerge,4,63,7,0.1111111111111111,indirect
SemEvalFood_SUB,0-150,SingleCall_nomerge,5,35,0,0.0,indirect
SemEvalFood_SUB,0-150,SingleCall_nomerge,6,15,0,0.0,indirect
SemEvalFood_SUB,0-150,SingleCall_nomerge,7,5,0,0.0,indirect
SemEvalFood_SUB,0-150,SingleCall_nomerge,8,2,0,0.0,indirect
SemEvalFood_SUB,0-150,TaxoLLaMA_PPL15.0,1,101,55,0.5445544554455446,direct
SemEvalFood_SUB,0-150,TaxoLLaMA_PPL15.0,2,99,34,0.3434343434343434,indirect
SemEvalFood_SUB,0-150,TaxoLLaMA_PPL15.0,3,89,21,0.23595505617977527,indirect
SemEvalFood_SUB,0-150,TaxoLLaMA_PPL15.0,4,63,10,0.15873015873015872,indirect
SemEvalFood_SUB,0-150,TaxoLLaMA_PPL15.0,5,35,4,0.11428571428571428,indirect
SemEvalFood_SUB,0-150,TaxoLLaMA_PPL15.0,6,15,2,0.13333333333333333,indirect
SemEvalFood_SUB,0-150,TaxoLLaMA_PPL15.0,7,5,1,0.2,indirect
SemEvalFood_SUB,0-150,TaxoLLaMA_PPL15.0,8,2,0,0.0,indirect
SemEvalFood_SUB,0-150,Vector,1,101,15,0.1485148514851485,direct
SemEvalFood_SUB,0-150,Vector,2,99,6,0.06060606060606061,indirect
SemEvalFood_SUB,0-150,Vector,3,89,2,0.02247191011235955,indirect
SemEvalFood_SUB,0-150,Vector,4,63,0,0.0,indirect
SemEvalFood_SUB,0-150,Vector,5,35,0,0.0,indirect
SemEvalFood_SUB,0-150,Vector,6,15,0,0.0,indirect
SemEvalFood_SUB,0-150,Vector,7,5,0,0.0,indirect
SemEvalFood_SUB,0-150,Vector,8,2,0,0.0,indirect
SemEvalScience_FULL,0-150,Our_Method_k=1000,1,93,76,0.8172043010752689,direct
SemEvalScience_FULL,0-150,Our_Method_k=1000,2,87,74,0.8505747126436781,indirect
SemEvalScience_FULL,0-150,Our_Method_k=1000,3,51,39,0.7647058823529411,indirect
SemEvalScience_FULL,0-150,Our_Method_k=1000,4,11,6,0.5454545454545454,indirect
SemEvalScience_FULL,0-150,SBU_Batch,1,93,84,0.9032258064516129,direct
SemEvalScience_FULL,0-150,SBU_Batch,2,87,87,1.0,indirect
SemEvalScience_FULL,0-150,SBU_Batch,3,51,51,1.0,indirect
SemEvalScience_FULL,0-150,SBU_Batch,4,11,11,1.0,indirect
SemEvalScience_SUB,0-150,LLMZero,1,93,82,0.8817204301075269,direct
SemEvalScience_SUB,0-150,LLMZero,2,87,82,0.9425287356321839,indirect
SemEvalScience_SUB,0-150,LLMZero,3,51,48,0.9411764705882353,indirect
SemEvalScience_SUB,0-150,LLMZero,4,11,11,1.0,indirect
SemEvalScience_SUB,0-150,Lexical,1,93,24,0.25806451612903225,direct
SemEvalScience_SUB,0-150,Lexical,2,87,3,0.034482758620689655,indirect
SemEvalScience_SUB,0-150,Lexical,3,51,1,0.0196078431372549,indirect
SemEvalScience_SUB,0-150,Lexical,4,11,0,0.0,indirect
SemEvalScience_SUB,0-150,OurMethod,1,93,76,0.8172043010752689,direct
SemEvalScience_SUB,0-150,OurMethod,2,87,74,0.8505747126436781,indirect
SemEvalScience_SUB,0-150,OurMethod,3,51,42,0.8235294117647058,indirect
SemEvalScience_SUB,0-150,OurMethod,4,11,7,0.6363636363636364,indirect
SemEvalScience_SUB,0-150,Our_Method_+restructure_k1000_clawback0,1,93,69,0.7419354838709677,direct
SemEvalScience_SUB,0-150,Our_Method_+restructure_k1000_clawback0,2,87,68,0.7816091954022989,indirect
SemEvalScience_SUB,0-150,Our_Method_+restructure_k1000_clawback0,3,51,37,0.7254901960784313,indirect
SemEvalScience_SUB,0-150,Our_Method_+restructure_k1000_clawback0,4,11,5,0.45454545454545453,indirect
SemEvalScience_SUB,0-150,Our_Method_+restructure_prune_only_top10_+rank_leverage_k1000_clawback0,1,93,74,0.7956989247311828,direct
SemEvalScience_SUB,0-150,Our_Method_+restructure_prune_only_top10_+rank_leverage_k1000_clawback0,2,87,67,0.7701149425287356,indirect
SemEvalScience_SUB,0-150,Our_Method_+restructure_prune_only_top10_+rank_leverage_k1000_clawback0,3,51,34,0.6666666666666666,indirect
SemEvalScience_SUB,0-150,Our_Method_+restructure_prune_only_top10_+rank_leverage_k1000_clawback0,4,11,5,0.45454545454545453,indirect
SemEvalScience_SUB,0-150,Our_Method_+restructure_prune_only_top10_+rank_neighborhood_k1000_clawback0,1,93,73,0.7849462365591398,direct
SemEvalScience_SUB,0-150,Our_Method_+restructure_prune_only_top10_+rank_neighborhood_k1000_clawback0,2,87,66,0.7586206896551724,indirect
SemEvalScience_SUB,0-150,Our_Method_+restructure_prune_only_top10_+rank_neighborhood_k1000_clawback0,3,51,32,0.6274509803921569,indirect
SemEvalScience_SUB,0-150,Our_Method_+restructure_prune_only_top10_+rank_neighborhood_k1000_clawback0,4,11,3,0.2727272727272727,indirect
SemEvalScience_SUB,0-150,Our_Method_+restructure_prune_only_top10_+rank_salience_k1000_clawback0,1,93,74,0.7956989247311828,direct
SemEvalScience_SUB,0-150,Our_Method_+restructure_prune_only_top10_+rank_salience_k1000_clawback0,2,87,66,0.7586206896551724,indirect
SemEvalScience_SUB,0-150,Our_Method_+restructure_prune_only_top10_+rank_salience_k1000_clawback0,3,51,33,0.6470588235294118,indirect
SemEvalScience_SUB,0-150,Our_Method_+restructure_prune_only_top10_+rank_salience_k1000_clawback0,4,11,5,0.45454545454545453,indirect
SemEvalScience_SUB,0-150,Our_Method_+restructure_prune_only_top10_+rank_self_agreement_k1000_clawback0,1,93,74,0.7956989247311828,direct
SemEvalScience_SUB,0-150,Our_Method_+restructure_prune_only_top10_+rank_self_agreement_k1000_clawback0,2,87,66,0.7586206896551724,indirect
SemEvalScience_SUB,0-150,Our_Method_+restructure_prune_only_top10_+rank_self_agreement_k1000_clawback0,3,51,33,0.6470588235294118,indirect
SemEvalScience_SUB,0-150,Our_Method_+restructure_prune_only_top10_+rank_self_agreement_k1000_clawback0,4,11,5,0.45454545454545453,indirect
SemEvalScience_SUB,0-150,Our_Method_+restructure_prune_only_top10_k1000_clawback0,1,93,74,0.7956989247311828,direct
SemEvalScience_SUB,0-150,Our_Method_+restructure_prune_only_top10_k1000_clawback0,2,87,67,0.7701149425287356,indirect
SemEvalScience_SUB,0-150,Our_Method_+restructure_prune_only_top10_k1000_clawback0,3,51,34,0.6666666666666666,indirect
SemEvalScience_SUB,0-150,Our_Method_+restructure_prune_only_top10_k1000_clawback0,4,11,5,0.45454545454545453,indirect
SemEvalScience_SUB,0-150,Our_Method_+restructure_prune_only_top25_k1000_clawback0,1,93,73,0.7849462365591398,direct
SemEvalScience_SUB,0-150,Our_Method_+restructure_prune_only_top25_k1000_clawback0,2,87,65,0.7471264367816092,indirect
SemEvalScience_SUB,0-150,Our_Method_+restructure_prune_only_top25_k1000_clawback0,3,51,33,0.6470588235294118,indirect
SemEvalScience_SUB,0-150,Our_Method_+restructure_prune_only_top25_k1000_clawback0,4,11,4,0.36363636363636365,indirect
SemEvalScience_SUB,0-150,Our_Method_+restructure_ranked_k1000_clawback0,1,93,82,0.8817204301075269,direct
SemEvalScience_SUB,0-150,Our_Method_+restructure_ranked_k1000_clawback0,2,87,76,0.8735632183908046,indirect
SemEvalScience_SUB,0-150,Our_Method_+restructure_ranked_k1000_clawback0,3,51,41,0.803921568627451,indirect
SemEvalScience_SUB,0-150,Our_Method_+restructure_ranked_k1000_clawback0,4,11,7,0.6363636363636364,indirect
SemEvalScience_SUB,0-150,Our_Method_+restructure_ranked_top25_k1000_clawback0,1,93,73,0.7849462365591398,direct
SemEvalScience_SUB,0-150,Our_Method_+restructure_ranked_top25_k1000_clawback0,2,87,67,0.7701149425287356,indirect
SemEvalScience_SUB,0-150,Our_Method_+restructure_ranked_top25_k1000_clawback0,3,51,34,0.6666666666666666,indirect
SemEvalScience_SUB,0-150,Our_Method_+restructure_ranked_top25_k1000_clawback0,4,11,5,0.45454545454545453,indirect
SemEvalScience_SUB,0-150,Our_Method_alt_Prompt_k1000_clawback0,1,93,87,0.9354838709677419,direct
SemEvalScience_SUB,0-150,Our_Method_alt_Prompt_k1000_clawback0,2,87,84,0.9655172413793104,indirect
SemEvalScience_SUB,0-150,Our_Method_alt_Prompt_k1000_clawback0,3,51,49,0.9607843137254902,indirect
SemEvalScience_SUB,0-150,Our_Method_alt_Prompt_k1000_clawback0,4,11,11,1.0,indirect
SemEvalScience_SUB,0-150,Our_Method_alt_Prompt_k=1000,1,93,34,0.3655913978494624,direct
SemEvalScience_SUB,0-150,Our_Method_alt_Prompt_k=1000,2,87,34,0.39080459770114945,indirect
SemEvalScience_SUB,0-150,Our_Method_alt_Prompt_k=1000,3,51,4,0.0784313725490196,indirect
SemEvalScience_SUB,0-150,Our_Method_alt_Prompt_k=1000,4,11,0,0.0,indirect
SemEvalScience_SUB,0-150,Our_Method_direct_k1000_clawback0,1,93,86,0.9247311827956989,direct
SemEvalScience_SUB,0-150,Our_Method_direct_k1000_clawback0,2,87,84,0.9655172413793104,indirect
SemEvalScience_SUB,0-150,Our_Method_direct_k1000_clawback0,3,51,49,0.9607843137254902,indirect
SemEvalScience_SUB,0-150,Our_Method_direct_k1000_clawback0,4,11,11,1.0,indirect
SemEvalScience_SUB,0-150,Our_Method_full_json_k1000_clawback0,1,93,76,0.8172043010752689,direct
SemEvalScience_SUB,0-150,Our_Method_full_json_k1000_clawback0,2,87,76,0.8735632183908046,indirect
SemEvalScience_SUB,0-150,Our_Method_full_json_k1000_clawback0,3,51,48,0.9411764705882353,indirect
SemEvalScience_SUB,0-150,Our_Method_full_json_k1000_clawback0,4,11,11,1.0,indirect
SemEvalScience_SUB,0-150,Our_Method_full_k1000_clawback0,1,93,79,0.8494623655913979,direct
SemEvalScience_SUB,0-150,Our_Method_full_k1000_clawback0,2,87,75,0.8620689655172413,indirect
SemEvalScience_SUB,0-150,Our_Method_full_k1000_clawback0,3,51,40,0.7843137254901961,indirect
SemEvalScience_SUB,0-150,Our_Method_full_k1000_clawback0,4,11,7,0.6363636363636364,indirect
SemEvalScience_SUB,0-150,Our_Method_isa_k1000_clawback0,1,93,78,0.8387096774193549,direct
SemEvalScience_SUB,0-150,Our_Method_isa_k1000_clawback0,2,87,74,0.8505747126436781,indirect
SemEvalScience_SUB,0-150,Our_Method_isa_k1000_clawback0,3,51,39,0.7647058823529411,indirect
SemEvalScience_SUB,0-150,Our_Method_isa_k1000_clawback0,4,11,7,0.6363636363636364,indirect
SemEvalScience_SUB,0-150,Our_Method_k1000_clawback0,1,93,78,0.8387096774193549,direct
SemEvalScience_SUB,0-150,Our_Method_k1000_clawback0,2,87,75,0.8620689655172413,indirect
SemEvalScience_SUB,0-150,Our_Method_k1000_clawback0,3,51,40,0.7843137254901961,indirect
SemEvalScience_SUB,0-150,Our_Method_k1000_clawback0,4,11,7,0.6363636363636364,indirect
SemEvalScience_SUB,0-150,Our_Method_k1000_clawback10,1,93,76,0.8172043010752689,direct
SemEvalScience_SUB,0-150,Our_Method_k1000_clawback10,2,87,68,0.7816091954022989,indirect
SemEvalScience_SUB,0-150,Our_Method_k1000_clawback10,3,51,33,0.6470588235294118,indirect
SemEvalScience_SUB,0-150,Our_Method_k1000_clawback10,4,11,7,0.6363636363636364,indirect
SemEvalScience_SUB,0-150,Our_Method_k1000_clawback100,1,93,66,0.7096774193548387,direct
SemEvalScience_SUB,0-150,Our_Method_k1000_clawback100,2,87,63,0.7241379310344828,indirect
SemEvalScience_SUB,0-150,Our_Method_k1000_clawback100,3,51,29,0.5686274509803921,indirect
SemEvalScience_SUB,0-150,Our_Method_k1000_clawback100,4,11,5,0.45454545454545453,indirect
SemEvalScience_SUB,0-150,Our_Method_k1000_clawback25,1,93,72,0.7741935483870968,direct
SemEvalScience_SUB,0-150,Our_Method_k1000_clawback25,2,87,65,0.7471264367816092,indirect
SemEvalScience_SUB,0-150,Our_Method_k1000_clawback25,3,51,32,0.6274509803921569,indirect
SemEvalScience_SUB,0-150,Our_Method_k1000_clawback25,4,11,3,0.2727272727272727,indirect
SemEvalScience_SUB,0-150,Our_Method_k1000_clawback5,1,93,76,0.8172043010752689,direct
SemEvalScience_SUB,0-150,Our_Method_k1000_clawback5,2,87,68,0.7816091954022989,indirect
SemEvalScience_SUB,0-150,Our_Method_k1000_clawback5,3,51,33,0.6470588235294118,indirect
SemEvalScience_SUB,0-150,Our_Method_k1000_clawback5,4,11,7,0.6363636363636364,indirect
SemEvalScience_SUB,0-150,Our_Method_k1000_clawback50,1,93,72,0.7741935483870968,direct
SemEvalScience_SUB,0-150,Our_Method_k1000_clawback50,2,87,64,0.735632183908046,indirect
SemEvalScience_SUB,0-150,Our_Method_k1000_clawback50,3,51,30,0.5882352941176471,indirect
SemEvalScience_SUB,0-150,Our_Method_k1000_clawback50,4,11,5,0.45454545454545453,indirect
SemEvalScience_SUB,0-150,Our_Method_k1000_clawback75,1,93,69,0.7419354838709677,direct
SemEvalScience_SUB,0-150,Our_Method_k1000_clawback75,2,87,64,0.735632183908046,indirect
SemEvalScience_SUB,0-150,Our_Method_k1000_clawback75,3,51,30,0.5882352941176471,indirect
SemEvalScience_SUB,0-150,Our_Method_k1000_clawback75,4,11,5,0.45454545454545453,indirect
SemEvalScience_SUB,0-150,Our_Method_legacy_json_k1000_clawback0,1,93,30,0.3225806451612903,direct
SemEvalScience_SUB,0-150,Our_Method_legacy_json_k1000_clawback0,2,87,29,0.3333333333333333,indirect
SemEvalScience_SUB,0-150,Our_Method_legacy_json_k1000_clawback0,3,51,6,0.11764705882352941,indirect
SemEvalScience_SUB,0-150,Our_Method_legacy_json_k1000_clawback0,4,11,0,0.0,indirect
SemEvalScience_SUB,0-150,Our_Method_no_conversational_k1000_clawback0,1,93,79,0.8494623655913979,direct
SemEvalScience_SUB,0-150,Our_Method_no_conversational_k1000_clawback0,2,87,75,0.8620689655172413,indirect
SemEvalScience_SUB,0-150,Our_Method_no_conversational_k1000_clawback0,3,51,40,0.7843137254901961,indirect
SemEvalScience_SUB,0-150,Our_Method_no_conversational_k1000_clawback0,4,11,7,0.6363636363636364,indirect
SemEvalScience_SUB,0-150,Our_Method_no_example_k1000_clawback0,1,93,78,0.8387096774193549,direct
SemEvalScience_SUB,0-150,Our_Method_no_example_k1000_clawback0,2,87,75,0.8620689655172413,indirect
SemEvalScience_SUB,0-150,Our_Method_no_example_k1000_clawback0,3,51,40,0.7843137254901961,indirect
SemEvalScience_SUB,0-150,Our_Method_no_example_k1000_clawback0,4,11,5,0.45454545454545453,indirect
SemEvalScience_SUB,0-150,Our_Method_no_quantifier_k1000_clawback0,1,93,80,0.8602150537634409,direct
SemEvalScience_SUB,0-150,Our_Method_no_quantifier_k1000_clawback0,2,87,75,0.8620689655172413,indirect
SemEvalScience_SUB,0-150,Our_Method_no_quantifier_k1000_clawback0,3,51,42,0.8235294117647058,indirect
SemEvalScience_SUB,0-150,Our_Method_no_quantifier_k1000_clawback0,4,11,7,0.6363636363636364,indirect
SemEvalScience_SUB,0-150,Our_Method_no_restriction_k1000_clawback0,1,93,78,0.8387096774193549,direct
SemEvalScience_SUB,0-150,Our_Method_no_restriction_k1000_clawback0,2,87,73,0.8390804597701149,indirect
SemEvalScience_SUB,0-150,Our_Method_no_restriction_k1000_clawback0,3,51,39,0.7647058823529411,indirect
SemEvalScience_SUB,0-150,Our_Method_no_restriction_k1000_clawback0,4,11,7,0.6363636363636364,indirect
SemEvalScience_SUB,0-150,Our_Method_oneway_k1000_clawback0,1,93,77,0.8279569892473119,direct
SemEvalScience_SUB,0-150,Our_Method_oneway_k1000_clawback0,2,87,74,0.8505747126436781,indirect
SemEvalScience_SUB,0-150,Our_Method_oneway_k1000_clawback0,3,51,39,0.7647058823529411,indirect
SemEvalScience_SUB,0-150,Our_Method_oneway_k1000_clawback0,4,11,6,0.5454545454545454,indirect
SemEvalScience_SUB,0-150,SBU_Batch,1,93,92,0.989247311827957,direct
SemEvalScience_SUB,0-150,SBU_Batch,2,87,87,1.0,indirect
SemEvalScience_SUB,0-150,SBU_Batch,3,51,51,1.0,indirect
SemEvalScience_SUB,0-150,SBU_Batch,4,11,11,1.0,indirect
SemEvalScience_SUB,0-150,SBU_Embedding,1,93,28,0.3010752688172043,direct
SemEvalScience_SUB,0-150,SBU_Embedding,2,87,9,0.10344827586206896,indirect
SemEvalScience_SUB,0-150,SBU_Embedding,3,51,2,0.0392156862745098,indirect
SemEvalScience_SUB,0-150,SBU_Embedding,4,11,0,0.0,indirect
SemEvalScience_SUB,0-150,TaxoLLaMA_PPL15.0,1,93,42,0.45161290322580644,direct
SemEvalScience_SUB,0-150,TaxoLLaMA_PPL15.0,2,87,39,0.4482758620689655,indirect
SemEvalScience_SUB,0-150,TaxoLLaMA_PPL15.0,3,51,36,0.7058823529411765,indirect
SemEvalScience_SUB,0-150,TaxoLLaMA_PPL15.0,4,11,5,0.45454545454545453,indirect
SemEvalScience_SUB,0-150,Vector,1,93,18,0.1935483870967742,direct
SemEvalScience_SUB,0-150,Vector,2,87,1,0.011494252873563218,indirect
SemEvalScience_SUB,0-150,Vector,3,51,1,0.0196078431372549,indirect
SemEvalScience_SUB,0-150,Vector,4,11,0,0.0,indirect
WordNetFood_SUB,0-150,Density_m1,1,104,89,0.8557692307692307,direct
WordNetFood_SUB,0-150,Density_m1,2,96,89,0.9270833333333334,indirect
WordNetFood_SUB,0-150,Density_m1,3,71,65,0.9154929577464789,indirect
WordNetFood_SUB,0-150,Density_m1,4,43,38,0.8837209302325582,indirect
WordNetFood_SUB,0-150,Density_m1,5,20,19,0.95,indirect
WordNetFood_SUB,0-150,Density_m1,6,5,5,1.0,indirect
WordNetFood_SUB,0-150,Density_m10,1,104,71,0.6826923076923077,direct
WordNetFood_SUB,0-150,Density_m10,2,96,63,0.65625,indirect
WordNetFood_SUB,0-150,Density_m10,3,71,48,0.676056338028169,indirect
WordNetFood_SUB,0-150,Density_m10,4,43,26,0.6046511627906976,indirect
WordNetFood_SUB,0-150,Density_m10,5,20,14,0.7,indirect
WordNetFood_SUB,0-150,Density_m10,6,5,4,0.8,indirect
WordNetFood_SUB,0-150,Density_m100,1,104,68,0.6538461538461539,direct
WordNetFood_SUB,0-150,Density_m100,2,96,71,0.7395833333333334,indirect
WordNetFood_SUB,0-150,Density_m100,3,71,54,0.7605633802816901,indirect
WordNetFood_SUB,0-150,Density_m100,4,43,32,0.7441860465116279,indirect
WordNetFood_SUB,0-150,Density_m100,5,20,16,0.8,indirect
WordNetFood_SUB,0-150,Density_m100,6,5,3,0.6,indirect
WordNetFood_SUB,0-150,Density_m2,1,104,84,0.8076923076923077,direct
WordNetFood_SUB,0-150,Density_m2,2,96,89,0.9270833333333334,indirect
WordNetFood_SUB,0-150,Density_m2,3,71,65,0.9154929577464789,indirect
WordNetFood_SUB,0-150,Density_m2,4,43,38,0.8837209302325582,indirect
WordNetFood_SUB,0-150,Density_m2,5,20,19,0.95,indirect
WordNetFood_SUB,0-150,Density_m2,6,5,5,1.0,indirect
WordNetFood_SUB,0-150,Density_m25,1,104,72,0.6923076923076923,direct
WordNetFood_SUB,0-150,Density_m25,2,96,75,0.78125,indirect
WordNetFood_SUB,0-150,Density_m25,3,71,58,0.8169014084507042,indirect
WordNetFood_SUB,0-150,Density_m25,4,43,32,0.7441860465116279,indirect
WordNetFood_SUB,0-150,Density_m25,5,20,16,0.8,indirect
WordNetFood_SUB,0-150,Density_m25,6,5,5,1.0,indirect
WordNetFood_SUB,0-150,Density_m5,1,104,70,0.6730769230769231,direct
WordNetFood_SUB,0-150,Density_m5,2,96,65,0.6770833333333334,indirect
WordNetFood_SUB,0-150,Density_m5,3,71,46,0.647887323943662,indirect
WordNetFood_SUB,0-150,Density_m5,4,43,26,0.6046511627906976,indirect
WordNetFood_SUB,0-150,Density_m5,5,20,11,0.55,indirect
WordNetFood_SUB,0-150,Density_m5,6,5,3,0.6,indirect
WordNetFood_SUB,0-150,Density_m50,1,104,67,0.6442307692307693,direct
WordNetFood_SUB,0-150,Density_m50,2,96,64,0.6666666666666666,indirect
WordNetFood_SUB,0-150,Density_m50,3,71,46,0.647887323943662,indirect
WordNetFood_SUB,0-150,Density_m50,4,43,31,0.7209302325581395,indirect
WordNetFood_SUB,0-150,Density_m50,5,20,16,0.8,indirect
WordNetFood_SUB,0-150,Density_m50,6,5,4,0.8,indirect
WordNetFood_SUB,0-150,LLMZero,1,104,65,0.625,direct
WordNetFood_SUB,0-150,LLMZero,2,96,66,0.6875,indirect
WordNetFood_SUB,0-150,LLMZero,3,71,53,0.7464788732394366,indirect
WordNetFood_SUB,0-150,LLMZero,4,43,33,0.7674418604651163,indirect
WordNetFood_SUB,0-150,LLMZero,5,20,15,0.75,indirect
WordNetFood_SUB,0-150,LLMZero,6,5,4,0.8,indirect
WordNetFood_SUB,0-150,Lexical,1,104,16,0.15384615384615385,direct
WordNetFood_SUB,0-150,Lexical,2,96,2,0.020833333333333332,indirect
WordNetFood_SUB,0-150,Lexical,3,71,1,0.014084507042253521,indirect
WordNetFood_SUB,0-150,Lexical,4,43,0,0.0,indirect
WordNetFood_SUB,0-150,Lexical,5,20,0,0.0,indirect
WordNetFood_SUB,0-150,Lexical,6,5,0,0.0,indirect
WordNetFood_SUB,0-150,OurMethod,1,104,87,0.8365384615384616,direct
WordNetFood_SUB,0-150,OurMethod,2,96,87,0.90625,indirect
WordNetFood_SUB,0-150,OurMethod,3,71,66,0.9295774647887324,indirect
WordNetFood_SUB,0-150,OurMethod,4,43,40,0.9302325581395349,indirect
WordNetFood_SUB,0-150,OurMethod,5,20,20,1.0,indirect
WordNetFood_SUB,0-150,OurMethod,6,5,5,1.0,indirect
WordNetFood_SUB,0-150,Our_Method_+restructure_k1000_clawback0,1,104,70,0.6730769230769231,direct
WordNetFood_SUB,0-150,Our_Method_+restructure_k1000_clawback0,2,96,62,0.6458333333333334,indirect
WordNetFood_SUB,0-150,Our_Method_+restructure_k1000_clawback0,3,71,41,0.5774647887323944,indirect
WordNetFood_SUB,0-150,Our_Method_+restructure_k1000_clawback0,4,43,19,0.4418604651162791,indirect
WordNetFood_SUB,0-150,Our_Method_+restructure_k1000_clawback0,5,20,9,0.45,indirect
WordNetFood_SUB,0-150,Our_Method_+restructure_k1000_clawback0,6,5,2,0.4,indirect
WordNetFood_SUB,0-150,Our_Method_+restructure_prune_only_top10_+rank_leverage_k1000_clawback0,1,104,83,0.7980769230769231,direct
WordNetFood_SUB,0-150,Our_Method_+restructure_prune_only_top10_+rank_leverage_k1000_clawback0,2,96,81,0.84375,indirect
WordNetFood_SUB,0-150,Our_Method_+restructure_prune_only_top10_+rank_leverage_k1000_clawback0,3,71,65,0.9154929577464789,indirect
WordNetFood_SUB,0-150,Our_Method_+restructure_prune_only_top10_+rank_leverage_k1000_clawback0,4,43,39,0.9069767441860465,indirect
WordNetFood_SUB,0-150,Our_Method_+restructure_prune_only_top10_+rank_leverage_k1000_clawback0,5,20,19,0.95,indirect
WordNetFood_SUB,0-150,Our_Method_+restructure_prune_only_top10_+rank_leverage_k1000_clawback0,6,5,5,1.0,indirect
WordNetFood_SUB,0-150,Our_Method_+restructure_prune_only_top10_+rank_neighborhood_k1000_clawback0,1,104,86,0.8269230769230769,direct
WordNetFood_SUB,0-150,Our_Method_+restructure_prune_only_top10_+rank_neighborhood_k1000_clawback0,2,96,84,0.875,indirect
WordNetFood_SUB,0-150,Our_Method_+restructure_prune_only_top10_+rank_neighborhood_k1000_clawback0,3,71,65,0.9154929577464789,indirect
WordNetFood_SUB,0-150,Our_Method_+restructure_prune_only_top10_+rank_neighborhood_k1000_clawback0,4,43,38,0.8837209302325582,indirect
WordNetFood_SUB,0-150,Our_Method_+restructure_prune_only_top10_+rank_neighborhood_k1000_clawback0,5,20,19,0.95,indirect
WordNetFood_SUB,0-150,Our_Method_+restructure_prune_only_top10_+rank_neighborhood_k1000_clawback0,6,5,5,1.0,indirect
WordNetFood_SUB,0-150,Our_Method_+restructure_prune_only_top10_+rank_salience_k1000_clawback0,1,104,86,0.8269230769230769,direct
WordNetFood_SUB,0-150,Our_Method_+restructure_prune_only_top10_+rank_salience_k1000_clawback0,2,96,85,0.8854166666666666,indirect
WordNetFood_SUB,0-150,Our_Method_+restructure_prune_only_top10_+rank_salience_k1000_clawback0,3,71,67,0.9436619718309859,indirect
WordNetFood_SUB,0-150,Our_Method_+restructure_prune_only_top10_+rank_salience_k1000_clawback0,4,43,39,0.9069767441860465,indirect
WordNetFood_SUB,0-150,Our_Method_+restructure_prune_only_top10_+rank_salience_k1000_clawback0,5,20,19,0.95,indirect
WordNetFood_SUB,0-150,Our_Method_+restructure_prune_only_top10_+rank_salience_k1000_clawback0,6,5,5,1.0,indirect
WordNetFood_SUB,0-150,Our_Method_+restructure_prune_only_top10_+rank_self_agreement_k1000_clawback0,1,104,88,0.8461538461538461,direct
WordNetFood_SUB,0-150,Our_Method_+restructure_prune_only_top10_+rank_self_agreement_k1000_clawback0,2,96,87,0.90625,indirect
WordNetFood_SUB,0-150,Our_Method_+restructure_prune_only_top10_+rank_self_agreement_k1000_clawback0,3,71,67,0.9436619718309859,indirect
WordNetFood_SUB,0-150,Our_Method_+restructure_prune_only_top10_+rank_self_agreement_k1000_clawback0,4,43,39,0.9069767441860465,indirect
WordNetFood_SUB,0-150,Our_Method_+restructure_prune_only_top10_+rank_self_agreement_k1000_clawback0,5,20,19,0.95,indirect
WordNetFood_SUB,0-150,Our_Method_+restructure_prune_only_top10_+rank_self_agreement_k1000_clawback0,6,5,5,1.0,indirect
WordNetFood_SUB,0-150,Our_Method_+restructure_prune_only_top10_k1000_clawback0,1,104,86,0.8269230769230769,direct
WordNetFood_SUB,0-150,Our_Method_+restructure_prune_only_top10_k1000_clawback0,2,96,86,0.8958333333333334,indirect
WordNetFood_SUB,0-150,Our_Method_+restructure_prune_only_top10_k1000_clawback0,3,71,67,0.9436619718309859,indirect
WordNetFood_SUB,0-150,Our_Method_+restructure_prune_only_top10_k1000_clawback0,4,43,39,0.9069767441860465,indirect
WordNetFood_SUB,0-150,Our_Method_+restructure_prune_only_top10_k1000_clawback0,5,20,19,0.95,indirect
WordNetFood_SUB,0-150,Our_Method_+restructure_prune_only_top10_k1000_clawback0,6,5,5,1.0,indirect
WordNetFood_SUB,0-150,Our_Method_+restructure_prune_only_top25_k1000_clawback0,1,104,84,0.8076923076923077,direct
WordNetFood_SUB,0-150,Our_Method_+restructure_prune_only_top25_k1000_clawback0,2,96,84,0.875,indirect
WordNetFood_SUB,0-150,Our_Method_+restructure_prune_only_top25_k1000_clawback0,3,71,66,0.9295774647887324,indirect
WordNetFood_SUB,0-150,Our_Method_+restructure_prune_only_top25_k1000_clawback0,4,43,38,0.8837209302325582,indirect
WordNetFood_SUB,0-150,Our_Method_+restructure_prune_only_top25_k1000_clawback0,5,20,19,0.95,indirect
WordNetFood_SUB,0-150,Our_Method_+restructure_prune_only_top25_k1000_clawback0,6,5,5,1.0,indirect
WordNetFood_SUB,0-150,Our_Method_+restructure_ranked_k1000_clawback0,1,104,89,0.8557692307692307,direct
WordNetFood_SUB,0-150,Our_Method_+restructure_ranked_k1000_clawback0,2,96,85,0.8854166666666666,indirect
WordNetFood_SUB,0-150,Our_Method_+restructure_ranked_k1000_clawback0,3,71,64,0.9014084507042254,indirect
WordNetFood_SUB,0-150,Our_Method_+restructure_ranked_k1000_clawback0,4,43,38,0.8837209302325582,indirect
WordNetFood_SUB,0-150,Our_Method_+restructure_ranked_k1000_clawback0,5,20,19,0.95,indirect
WordNetFood_SUB,0-150,Our_Method_+restructure_ranked_k1000_clawback0,6,5,5,1.0,indirect
WordNetFood_SUB,0-150,Our_Method_+restructure_ranked_top25_k1000_clawback0,1,104,86,0.8269230769230769,direct
WordNetFood_SUB,0-150,Our_Method_+restructure_ranked_top25_k1000_clawback0,2,96,85,0.8854166666666666,indirect
WordNetFood_SUB,0-150,Our_Method_+restructure_ranked_top25_k1000_clawback0,3,71,66,0.9295774647887324,indirect
WordNetFood_SUB,0-150,Our_Method_+restructure_ranked_top25_k1000_clawback0,4,43,38,0.8837209302325582,indirect
WordNetFood_SUB,0-150,Our_Method_+restructure_ranked_top25_k1000_clawback0,5,20,19,0.95,indirect
WordNetFood_SUB,0-150,Our_Method_+restructure_ranked_top25_k1000_clawback0,6,5,5,1.0,indirect
WordNetFood_SUB,0-150,Our_Method_alt_Prompt_k1000_clawback0,1,104,89,0.8557692307692307,direct
WordNetFood_SUB,0-150,Our_Method_alt_Prompt_k1000_clawback0,2,96,89,0.9270833333333334,indirect
WordNetFood_SUB,0-150,Our_Method_alt_Prompt_k1000_clawback0,3,71,66,0.9295774647887324,indirect
WordNetFood_SUB,0-150,Our_Method_alt_Prompt_k1000_clawback0,4,43,39,0.9069767441860465,indirect
WordNetFood_SUB,0-150,Our_Method_alt_Prompt_k1000_clawback0,5,20,19,0.95,indirect
WordNetFood_SUB,0-150,Our_Method_alt_Prompt_k1000_clawback0,6,5,4,0.8,indirect
WordNetFood_SUB,0-150,Our_Method_alt_Prompt_k=1000,1,104,37,0.3557692307692308,direct
WordNetFood_SUB,0-150,Our_Method_alt_Prompt_k=1000,2,96,34,0.3541666666666667,indirect
WordNetFood_SUB,0-150,Our_Method_alt_Prompt_k=1000,3,71,19,0.2676056338028169,indirect
WordNetFood_SUB,0-150,Our_Method_alt_Prompt_k=1000,4,43,10,0.23255813953488372,indirect
WordNetFood_SUB,0-150,Our_Method_alt_Prompt_k=1000,5,20,5,0.25,indirect
WordNetFood_SUB,0-150,Our_Method_alt_Prompt_k=1000,6,5,0,0.0,indirect
WordNetFood_SUB,0-150,Our_Method_direct_k1000_clawback0,1,104,98,0.9423076923076923,direct
WordNetFood_SUB,0-150,Our_Method_direct_k1000_clawback0,2,96,92,0.9583333333333334,indirect
WordNetFood_SUB,0-150,Our_Method_direct_k1000_clawback0,3,71,68,0.9577464788732394,indirect
WordNetFood_SUB,0-150,Our_Method_direct_k1000_clawback0,4,43,40,0.9302325581395349,indirect
WordNetFood_SUB,0-150,Our_Method_direct_k1000_clawback0,5,20,19,0.95,indirect
WordNetFood_SUB,0-150,Our_Method_direct_k1000_clawback0,6,5,5,1.0,indirect
WordNetFood_SUB,0-150,Our_Method_full_json_k1000_clawback0,1,104,90,0.8653846153846154,direct
WordNetFood_SUB,0-150,Our_Method_full_json_k1000_clawback0,2,96,89,0.9270833333333334,indirect
WordNetFood_SUB,0-150,Our_Method_full_json_k1000_clawback0,3,71,67,0.9436619718309859,indirect
WordNetFood_SUB,0-150,Our_Method_full_json_k1000_clawback0,4,43,39,0.9069767441860465,indirect
WordNetFood_SUB,0-150,Our_Method_full_json_k1000_clawback0,5,20,19,0.95,indirect
WordNetFood_SUB,0-150,Our_Method_full_json_k1000_clawback0,6,5,5,1.0,indirect
WordNetFood_SUB,0-150,Our_Method_full_k1000_clawback0,1,104,90,0.8653846153846154,direct
WordNetFood_SUB,0-150,Our_Method_full_k1000_clawback0,2,96,90,0.9375,indirect
WordNetFood_SUB,0-150,Our_Method_full_k1000_clawback0,3,71,66,0.9295774647887324,indirect
WordNetFood_SUB,0-150,Our_Method_full_k1000_clawback0,4,43,40,0.9302325581395349,indirect
WordNetFood_SUB,0-150,Our_Method_full_k1000_clawback0,5,20,20,1.0,indirect
WordNetFood_SUB,0-150,Our_Method_full_k1000_clawback0,6,5,5,1.0,indirect
WordNetFood_SUB,0-150,Our_Method_isa_k1000_clawback0,1,104,93,0.8942307692307693,direct
WordNetFood_SUB,0-150,Our_Method_isa_k1000_clawback0,2,96,90,0.9375,indirect
WordNetFood_SUB,0-150,Our_Method_isa_k1000_clawback0,3,71,66,0.9295774647887324,indirect
WordNetFood_SUB,0-150,Our_Method_isa_k1000_clawback0,4,43,38,0.8837209302325582,indirect
WordNetFood_SUB,0-150,Our_Method_isa_k1000_clawback0,5,20,19,0.95,indirect
WordNetFood_SUB,0-150,Our_Method_isa_k1000_clawback0,6,5,5,1.0,indirect
WordNetFood_SUB,0-150,Our_Method_k1000_clawback0,1,104,99,0.9519230769230769,direct
WordNetFood_SUB,0-150,Our_Method_k1000_clawback0,2,96,93,0.96875,indirect
WordNetFood_SUB,0-150,Our_Method_k1000_clawback0,3,71,69,0.971830985915493,indirect
WordNetFood_SUB,0-150,Our_Method_k1000_clawback0,4,43,41,0.9534883720930233,indirect
WordNetFood_SUB,0-150,Our_Method_k1000_clawback0,5,20,20,1.0,indirect
WordNetFood_SUB,0-150,Our_Method_k1000_clawback0,6,5,5,1.0,indirect
WordNetFood_SUB,0-150,Our_Method_k1000_clawback0_gemini31b,1,104,98,0.9423076923076923,direct
WordNetFood_SUB,0-150,Our_Method_k1000_clawback0_gemini31b,2,96,94,0.9791666666666666,indirect
WordNetFood_SUB,0-150,Our_Method_k1000_clawback0_gemini31b,3,71,70,0.9859154929577465,indirect
WordNetFood_SUB,0-150,Our_Method_k1000_clawback0_gemini31b,4,43,42,0.9767441860465116,indirect
WordNetFood_SUB,0-150,Our_Method_k1000_clawback0_gemini31b,5,20,20,1.0,indirect
WordNetFood_SUB,0-150,Our_Method_k1000_clawback0_gemini31b,6,5,5,1.0,indirect
WordNetFood_SUB,0-150,Our_Method_k1000_clawback0_gemma4b,1,104,88,0.8461538461538461,direct
WordNetFood_SUB,0-150,Our_Method_k1000_clawback0_gemma4b,2,96,87,0.90625,indirect
WordNetFood_SUB,0-150,Our_Method_k1000_clawback0_gemma4b,3,71,67,0.9436619718309859,indirect
WordNetFood_SUB,0-150,Our_Method_k1000_clawback0_gemma4b,4,43,39,0.9069767441860465,indirect
WordNetFood_SUB,0-150,Our_Method_k1000_clawback0_gemma4b,5,20,19,0.95,indirect
WordNetFood_SUB,0-150,Our_Method_k1000_clawback0_gemma4b,6,5,5,1.0,indirect
WordNetFood_SUB,0-150,Our_Method_k1000_clawback10,1,104,89,0.8557692307692307,direct
WordNetFood_SUB,0-150,Our_Method_k1000_clawback10,2,96,88,0.9166666666666666,indirect
WordNetFood_SUB,0-150,Our_Method_k1000_clawback10,3,71,66,0.9295774647887324,indirect
WordNetFood_SUB,0-150,Our_Method_k1000_clawback10,4,43,38,0.8837209302325582,indirect
WordNetFood_SUB,0-150,Our_Method_k1000_clawback10,5,20,19,0.95,indirect
WordNetFood_SUB,0-150,Our_Method_k1000_clawback10,6,5,5,1.0,indirect
WordNetFood_SUB,0-150,Our_Method_k1000_clawback100,1,104,77,0.7403846153846154,direct
WordNetFood_SUB,0-150,Our_Method_k1000_clawback100,2,96,82,0.8541666666666666,indirect
WordNetFood_SUB,0-150,Our_Method_k1000_clawback100,3,71,64,0.9014084507042254,indirect
WordNetFood_SUB,0-150,Our_Method_k1000_clawback100,4,43,38,0.8837209302325582,indirect
WordNetFood_SUB,0-150,Our_Method_k1000_clawback100,5,20,19,0.95,indirect
WordNetFood_SUB,0-150,Our_Method_k1000_clawback100,6,5,5,1.0,indirect
WordNetFood_SUB,0-150,Our_Method_k1000_clawback15,1,104,93,0.8942307692307693,direct
WordNetFood_SUB,0-150,Our_Method_k1000_clawback15,2,96,89,0.9270833333333334,indirect
WordNetFood_SUB,0-150,Our_Method_k1000_clawback15,3,71,66,0.9295774647887324,indirect
WordNetFood_SUB,0-150,Our_Method_k1000_clawback15,4,43,38,0.8837209302325582,indirect
WordNetFood_SUB,0-150,Our_Method_k1000_clawback15,5,20,19,0.95,indirect
WordNetFood_SUB,0-150,Our_Method_k1000_clawback15,6,5,5,1.0,indirect
WordNetFood_SUB,0-150,Our_Method_k1000_clawback2,1,104,93,0.8942307692307693,direct
WordNetFood_SUB,0-150,Our_Method_k1000_clawback2,2,96,89,0.9270833333333334,indirect
WordNetFood_SUB,0-150,Our_Method_k1000_clawback2,3,71,66,0.9295774647887324,indirect
WordNetFood_SUB,0-150,Our_Method_k1000_clawback2,4,43,38,0.8837209302325582,indirect
WordNetFood_SUB,0-150,Our_Method_k1000_clawback2,5,20,19,0.95,indirect
WordNetFood_SUB,0-150,Our_Method_k1000_clawback2,6,5,5,1.0,indirect
WordNetFood_SUB,0-150,Our_Method_k1000_clawback20,1,104,87,0.8365384615384616,direct
WordNetFood_SUB,0-150,Our_Method_k1000_clawback20,2,96,87,0.90625,indirect
WordNetFood_SUB,0-150,Our_Method_k1000_clawback20,3,71,65,0.9154929577464789,indirect
WordNetFood_SUB,0-150,Our_Method_k1000_clawback20,4,43,38,0.8837209302325582,indirect
WordNetFood_SUB,0-150,Our_Method_k1000_clawback20,5,20,19,0.95,indirect
WordNetFood_SUB,0-150,Our_Method_k1000_clawback20,6,5,5,1.0,indirect
WordNetFood_SUB,0-150,Our_Method_k1000_clawback25,1,104,81,0.7788461538461539,direct
WordNetFood_SUB,0-150,Our_Method_k1000_clawback25,2,96,82,0.8541666666666666,indirect
WordNetFood_SUB,0-150,Our_Method_k1000_clawback25,3,71,65,0.9154929577464789,indirect
WordNetFood_SUB,0-150,Our_Method_k1000_clawback25,4,43,38,0.8837209302325582,indirect
WordNetFood_SUB,0-150,Our_Method_k1000_clawback25,5,20,19,0.95,indirect
WordNetFood_SUB,0-150,Our_Method_k1000_clawback25,6,5,5,1.0,indirect
WordNetFood_SUB,0-150,Our_Method_k1000_clawback30,1,104,93,0.8942307692307693,direct
WordNetFood_SUB,0-150,Our_Method_k1000_clawback30,2,96,89,0.9270833333333334,indirect
WordNetFood_SUB,0-150,Our_Method_k1000_clawback30,3,71,66,0.9295774647887324,indirect
WordNetFood_SUB,0-150,Our_Method_k1000_clawback30,4,43,38,0.8837209302325582,indirect
WordNetFood_SUB,0-150,Our_Method_k1000_clawback30,5,20,19,0.95,indirect
WordNetFood_SUB,0-150,Our_Method_k1000_clawback30,6,5,5,1.0,indirect
WordNetFood_SUB,0-150,Our_Method_k1000_clawback4,1,104,93,0.8942307692307693,direct
WordNetFood_SUB,0-150,Our_Method_k1000_clawback4,2,96,89,0.9270833333333334,indirect
WordNetFood_SUB,0-150,Our_Method_k1000_clawback4,3,71,66,0.9295774647887324,indirect
WordNetFood_SUB,0-150,Our_Method_k1000_clawback4,4,43,38,0.8837209302325582,indirect
WordNetFood_SUB,0-150,Our_Method_k1000_clawback4,5,20,19,0.95,indirect
WordNetFood_SUB,0-150,Our_Method_k1000_clawback4,6,5,5,1.0,indirect
WordNetFood_SUB,0-150,Our_Method_k1000_clawback40,1,104,93,0.8942307692307693,direct
WordNetFood_SUB,0-150,Our_Method_k1000_clawback40,2,96,89,0.9270833333333334,indirect
WordNetFood_SUB,0-150,Our_Method_k1000_clawback40,3,71,66,0.9295774647887324,indirect
WordNetFood_SUB,0-150,Our_Method_k1000_clawback40,4,43,38,0.8837209302325582,indirect
WordNetFood_SUB,0-150,Our_Method_k1000_clawback40,5,20,19,0.95,indirect
WordNetFood_SUB,0-150,Our_Method_k1000_clawback40,6,5,5,1.0,indirect
WordNetFood_SUB,0-150,Our_Method_k1000_clawback5,1,104,89,0.8557692307692307,direct
WordNetFood_SUB,0-150,Our_Method_k1000_clawback5,2,96,88,0.9166666666666666,indirect
WordNetFood_SUB,0-150,Our_Method_k1000_clawback5,3,71,66,0.9295774647887324,indirect
WordNetFood_SUB,0-150,Our_Method_k1000_clawback5,4,43,38,0.8837209302325582,indirect
WordNetFood_SUB,0-150,Our_Method_k1000_clawback5,5,20,19,0.95,indirect
WordNetFood_SUB,0-150,Our_Method_k1000_clawback5,6,5,5,1.0,indirect
WordNetFood_SUB,0-150,Our_Method_k1000_clawback50,1,104,81,0.7788461538461539,direct
WordNetFood_SUB,0-150,Our_Method_k1000_clawback50,2,96,86,0.8958333333333334,indirect
WordNetFood_SUB,0-150,Our_Method_k1000_clawback50,3,71,66,0.9295774647887324,indirect
WordNetFood_SUB,0-150,Our_Method_k1000_clawback50,4,43,38,0.8837209302325582,indirect
WordNetFood_SUB,0-150,Our_Method_k1000_clawback50,5,20,19,0.95,indirect
WordNetFood_SUB,0-150,Our_Method_k1000_clawback50,6,5,5,1.0,indirect
WordNetFood_SUB,0-150,Our_Method_k1000_clawback6,1,104,93,0.8942307692307693,direct
WordNetFood_SUB,0-150,Our_Method_k1000_clawback6,2,96,89,0.9270833333333334,indirect
WordNetFood_SUB,0-150,Our_Method_k1000_clawback6,3,71,66,0.9295774647887324,indirect
WordNetFood_SUB,0-150,Our_Method_k1000_clawback6,4,43,38,0.8837209302325582,indirect
WordNetFood_SUB,0-150,Our_Method_k1000_clawback6,5,20,19,0.95,indirect
WordNetFood_SUB,0-150,Our_Method_k1000_clawback6,6,5,5,1.0,indirect
WordNetFood_SUB,0-150,Our_Method_k1000_clawback75,1,104,80,0.7692307692307693,direct
WordNetFood_SUB,0-150,Our_Method_k1000_clawback75,2,96,82,0.8541666666666666,indirect
WordNetFood_SUB,0-150,Our_Method_k1000_clawback75,3,71,65,0.9154929577464789,indirect
WordNetFood_SUB,0-150,Our_Method_k1000_clawback75,4,43,38,0.8837209302325582,indirect
WordNetFood_SUB,0-150,Our_Method_k1000_clawback75,5,20,19,0.95,indirect
WordNetFood_SUB,0-150,Our_Method_k1000_clawback75,6,5,5,1.0,indirect
WordNetFood_SUB,0-150,Our_Method_k1000_clawback8,1,104,93,0.8942307692307693,direct
WordNetFood_SUB,0-150,Our_Method_k1000_clawback8,2,96,89,0.9270833333333334,indirect
WordNetFood_SUB,0-150,Our_Method_k1000_clawback8,3,71,66,0.9295774647887324,indirect
WordNetFood_SUB,0-150,Our_Method_k1000_clawback8,4,43,38,0.8837209302325582,indirect
WordNetFood_SUB,0-150,Our_Method_k1000_clawback8,5,20,19,0.95,indirect
WordNetFood_SUB,0-150,Our_Method_k1000_clawback8,6,5,5,1.0,indirect
WordNetFood_SUB,0-150,Our_Method_k25_clawback0,1,104,86,0.8269230769230769,direct
WordNetFood_SUB,0-150,Our_Method_k25_clawback0,2,96,88,0.9166666666666666,indirect
WordNetFood_SUB,0-150,Our_Method_k25_clawback0,3,71,67,0.9436619718309859,indirect
WordNetFood_SUB,0-150,Our_Method_k25_clawback0,4,43,41,0.9534883720930233,indirect
WordNetFood_SUB,0-150,Our_Method_k25_clawback0,5,20,20,1.0,indirect
WordNetFood_SUB,0-150,Our_Method_k25_clawback0,6,5,5,1.0,indirect
WordNetFood_SUB,0-150,Our_Method_legacy_json_k1000_clawback0,1,104,2,0.019230769230769232,direct
WordNetFood_SUB,0-150,Our_Method_legacy_json_k1000_clawback0,2,96,13,0.13541666666666666,indirect
WordNetFood_SUB,0-150,Our_Method_legacy_json_k1000_clawback0,3,71,5,0.07042253521126761,indirect
WordNetFood_SUB,0-150,Our_Method_legacy_json_k1000_clawback0,4,43,2,0.046511627906976744,indirect
WordNetFood_SUB,0-150,Our_Method_legacy_json_k1000_clawback0,5,20,0,0.0,indirect
WordNetFood_SUB,0-150,Our_Method_legacy_json_k1000_clawback0,6,5,0,0.0,indirect
WordNetFood_SUB,0-150,Our_Method_legacy_vocab_fix_k1000_clawback0,1,104,83,0.7980769230769231,direct
WordNetFood_SUB,0-150,Our_Method_legacy_vocab_fix_k1000_clawback0,2,96,83,0.8645833333333334,indirect
WordNetFood_SUB,0-150,Our_Method_legacy_vocab_fix_k1000_clawback0,3,71,65,0.9154929577464789,indirect
WordNetFood_SUB,0-150,Our_Method_legacy_vocab_fix_k1000_clawback0,4,43,40,0.9302325581395349,indirect
WordNetFood_SUB,0-150,Our_Method_legacy_vocab_fix_k1000_clawback0,5,20,19,0.95,indirect
WordNetFood_SUB,0-150,Our_Method_legacy_vocab_fix_k1000_clawback0,6,5,5,1.0,indirect
WordNetFood_SUB,0-150,Our_Method_no_conversational_k1000_clawback0,1,104,86,0.8269230769230769,direct
WordNetFood_SUB,0-150,Our_Method_no_conversational_k1000_clawback0,2,96,86,0.8958333333333334,indirect
WordNetFood_SUB,0-150,Our_Method_no_conversational_k1000_clawback0,3,71,66,0.9295774647887324,indirect
WordNetFood_SUB,0-150,Our_Method_no_conversational_k1000_clawback0,4,43,38,0.8837209302325582,indirect
WordNetFood_SUB,0-150,Our_Method_no_conversational_k1000_clawback0,5,20,19,0.95,indirect
WordNetFood_SUB,0-150,Our_Method_no_conversational_k1000_clawback0,6,5,5,1.0,indirect
WordNetFood_SUB,0-150,Our_Method_no_example_k1000_clawback0,1,104,86,0.8269230769230769,direct
WordNetFood_SUB,0-150,Our_Method_no_example_k1000_clawback0,2,96,85,0.8854166666666666,indirect
WordNetFood_SUB,0-150,Our_Method_no_example_k1000_clawback0,3,71,66,0.9295774647887324,indirect
WordNetFood_SUB,0-150,Our_Method_no_example_k1000_clawback0,4,43,39,0.9069767441860465,indirect
WordNetFood_SUB,0-150,Our_Method_no_example_k1000_clawback0,5,20,19,0.95,indirect
WordNetFood_SUB,0-150,Our_Method_no_example_k1000_clawback0,6,5,5,1.0,indirect
WordNetFood_SUB,0-150,Our_Method_no_quantifier_k1000_clawback0,1,104,96,0.9230769230769231,direct
WordNetFood_SUB,0-150,Our_Method_no_quantifier_k1000_clawback0,2,96,93,0.96875,indirect
WordNetFood_SUB,0-150,Our_Method_no_quantifier_k1000_clawback0,3,71,68,0.9577464788732394,indirect
WordNetFood_SUB,0-150,Our_Method_no_quantifier_k1000_clawback0,4,43,41,0.9534883720930233,indirect
WordNetFood_SUB,0-150,Our_Method_no_quantifier_k1000_clawback0,5,20,20,1.0,indirect
WordNetFood_SUB,0-150,Our_Method_no_quantifier_k1000_clawback0,6,5,5,1.0,indirect
WordNetFood_SUB,0-150,Our_Method_no_restriction_k1000_clawback0,1,104,87,0.8365384615384616,direct
WordNetFood_SUB,0-150,Our_Method_no_restriction_k1000_clawback0,2,96,88,0.9166666666666666,indirect
WordNetFood_SUB,0-150,Our_Method_no_restriction_k1000_clawback0,3,71,68,0.9577464788732394,indirect
WordNetFood_SUB,0-150,Our_Method_no_restriction_k1000_clawback0,4,43,41,0.9534883720930233,indirect
WordNetFood_SUB,0-150,Our_Method_no_restriction_k1000_clawback0,5,20,20,1.0,indirect
WordNetFood_SUB,0-150,Our_Method_no_restriction_k1000_clawback0,6,5,5,1.0,indirect
WordNetFood_SUB,0-150,Our_Method_oneway_k1000_clawback0,1,104,85,0.8173076923076923,direct
WordNetFood_SUB,0-150,Our_Method_oneway_k1000_clawback0,2,96,88,0.9166666666666666,indirect
WordNetFood_SUB,0-150,Our_Method_oneway_k1000_clawback0,3,71,66,0.9295774647887324,indirect
WordNetFood_SUB,0-150,Our_Method_oneway_k1000_clawback0,4,43,38,0.8837209302325582,indirect
WordNetFood_SUB,0-150,Our_Method_oneway_k1000_clawback0,5,20,19,0.95,indirect
WordNetFood_SUB,0-150,Our_Method_oneway_k1000_clawback0,6,5,5,1.0,indirect
WordNetFood_SUB,0-150,SBU_Batch,1,104,57,0.5480769230769231,direct
WordNetFood_SUB,0-150,SBU_Batch,2,96,48,0.5,indirect
WordNetFood_SUB,0-150,SBU_Batch,3,71,33,0.4647887323943662,indirect
WordNetFood_SUB,0-150,SBU_Batch,4,43,19,0.4418604651162791,indirect
WordNetFood_SUB,0-150,SBU_Batch,5,20,9,0.45,indirect
WordNetFood_SUB,0-150,SBU_Batch,6,5,1,0.2,indirect
WordNetFood_SUB,0-150,SBU_Embedding,1,104,26,0.25,direct
WordNetFood_SUB,0-150,SBU_Embedding,2,96,9,0.09375,indirect
WordNetFood_SUB,0-150,SBU_Embedding,3,71,3,0.04225352112676056,indirect
WordNetFood_SUB,0-150,SBU_Embedding,4,43,0,0.0,indirect
WordNetFood_SUB,0-150,SBU_Embedding,5,20,0,0.0,indirect
WordNetFood_SUB,0-150,SBU_Embedding,6,5,0,0.0,indirect
WordNetFood_SUB,0-150,SingleCall,1,104,57,0.5480769230769231,direct
WordNetFood_SUB,0-150,SingleCall,2,96,54,0.5625,indirect
WordNetFood_SUB,0-150,SingleCall,3,71,40,0.5633802816901409,indirect
WordNetFood_SUB,0-150,SingleCall,4,43,24,0.5581395348837209,indirect
WordNetFood_SUB,0-150,SingleCall,5,20,11,0.55,indirect
WordNetFood_SUB,0-150,SingleCall,6,5,2,0.4,indirect
WordNetFood_SUB,0-150,SingleCall_gemini31b,1,104,43,0.41346153846153844,direct
WordNetFood_SUB,0-150,SingleCall_gemini31b,2,96,43,0.4479166666666667,indirect
WordNetFood_SUB,0-150,SingleCall_gemini31b,3,71,27,0.38028169014084506,indirect
WordNetFood_SUB,0-150,SingleCall_gemini31b,4,43,11,0.2558139534883721,indirect
WordNetFood_SUB,0-150,SingleCall_gemini31b,5,20,3,0.15,indirect
WordNetFood_SUB,0-150,SingleCall_gemini31b,6,5,1,0.2,indirect
WordNetFood_SUB,0-150,SingleCall_gemma4b,1,104,61,0.5865384615384616,direct
WordNetFood_SUB,0-150,SingleCall_gemma4b,2,96,63,0.65625,indirect
WordNetFood_SUB,0-150,SingleCall_gemma4b,3,71,47,0.6619718309859155,indirect
WordNetFood_SUB,0-150,SingleCall_gemma4b,4,43,30,0.6976744186046512,indirect
WordNetFood_SUB,0-150,SingleCall_gemma4b,5,20,15,0.75,indirect
WordNetFood_SUB,0-150,SingleCall_gemma4b,6,5,4,0.8,indirect
WordNetFood_SUB,0-150,SingleCall_matched,1,104,66,0.6346153846153846,direct
WordNetFood_SUB,0-150,SingleCall_matched,2,96,57,0.59375,indirect
WordNetFood_SUB,0-150,SingleCall_matched,3,71,36,0.5070422535211268,indirect
WordNetFood_SUB,0-150,SingleCall_matched,4,43,20,0.46511627906976744,indirect
WordNetFood_SUB,0-150,SingleCall_matched,5,20,8,0.4,indirect
WordNetFood_SUB,0-150,SingleCall_matched,6,5,1,0.2,indirect
WordNetFood_SUB,0-150,SingleCall_nomerge,1,104,57,0.5480769230769231,direct
WordNetFood_SUB,0-150,SingleCall_nomerge,2,96,54,0.5625,indirect
WordNetFood_SUB,0-150,SingleCall_nomerge,3,71,40,0.5633802816901409,indirect
WordNetFood_SUB,0-150,SingleCall_nomerge,4,43,24,0.5581395348837209,indirect
WordNetFood_SUB,0-150,SingleCall_nomerge,5,20,11,0.55,indirect
WordNetFood_SUB,0-150,SingleCall_nomerge,6,5,2,0.4,indirect
WordNetFood_SUB,0-150,TaxoLLaMA_PPL15.0,1,104,61,0.5865384615384616,direct
WordNetFood_SUB,0-150,TaxoLLaMA_PPL15.0,2,96,46,0.4791666666666667,indirect
WordNetFood_SUB,0-150,TaxoLLaMA_PPL15.0,3,71,28,0.39436619718309857,indirect
WordNetFood_SUB,0-150,TaxoLLaMA_PPL15.0,4,43,12,0.27906976744186046,indirect
WordNetFood_SUB,0-150,TaxoLLaMA_PPL15.0,5,20,2,0.1,indirect
WordNetFood_SUB,0-150,TaxoLLaMA_PPL15.0,6,5,0,0.0,indirect
WordNetFood_SUB,0-150,Vector,1,104,15,0.14423076923076922,direct
WordNetFood_SUB,0-150,Vector,2,96,2,0.020833333333333332,indirect
WordNetFood_SUB,0-150,Vector,3,71,1,0.014084507042253521,indirect
WordNetFood_SUB,0-150,Vector,4,43,0,0.0,indirect
WordNetFood_SUB,0-150,Vector,5,20,0,0.0,indirect
WordNetFood_SUB,0-150,Vector,6,5,0,0.0,indirect
medium_components_FULL,0-150,LLMZero,1,105,73,0.6952380952380952,direct
medium_components_FULL,0-150,LLMZero,2,49,20,0.40816326530612246,indirect
medium_components_FULL,0-150,LLMZero,3,25,9,0.36,indirect
medium_components_FULL,0-150,LLMZero,4,2,0,0.0,indirect
medium_components_FULL,0-150,OurMethod,1,105,83,0.7904761904761904,direct
medium_components_FULL,0-150,OurMethod,2,49,40,0.8163265306122449,indirect
medium_components_FULL,0-150,OurMethod,3,25,15,0.6,indirect
medium_components_FULL,0-150,OurMethod,4,2,0,0.0,indirect
medium_components_FULL,0-150,Our_Method_k=1000,1,105,73,0.6952380952380952,direct
medium_components_FULL,0-150,Our_Method_k=1000,2,49,34,0.6938775510204082,indirect
medium_components_FULL,0-150,Our_Method_k=1000,3,25,11,0.44,indirect
medium_components_FULL,0-150,Our_Method_k=1000,4,2,0,0.0,indirect
medium_components_FULL,0-150,SBU_Batch,1,105,14,0.13333333333333333,direct
medium_components_FULL,0-150,SBU_Batch,2,49,1,0.02040816326530612,indirect
medium_components_FULL,0-150,SBU_Batch,3,25,0,0.0,indirect
medium_components_FULL,0-150,SBU_Batch,4,2,0,0.0,indirect
medium_components_SUB,0-150,LLMZero,1,103,62,0.6019417475728155,direct
medium_components_SUB,0-150,LLMZero,2,48,24,0.5,indirect
medium_components_SUB,0-150,LLMZero,3,25,4,0.16,indirect
medium_components_SUB,0-150,LLMZero,4,2,0,0.0,indirect
medium_components_SUB,0-150,Lexical,1,103,14,0.13592233009708737,direct
medium_components_SUB,0-150,Lexical,2,48,7,0.14583333333333334,indirect
medium_components_SUB,0-150,Lexical,3,25,0,0.0,indirect
medium_components_SUB,0-150,Lexical,4,2,0,0.0,indirect
medium_components_SUB,0-150,OurMethod,1,103,80,0.7766990291262136,direct
medium_components_SUB,0-150,OurMethod,2,48,41,0.8541666666666666,indirect
medium_components_SUB,0-150,OurMethod,3,25,14,0.56,indirect
medium_components_SUB,0-150,OurMethod,4,2,0,0.0,indirect
medium_components_SUB,0-150,Our_Method_+restructure_k1000_clawback0,1,103,83,0.8058252427184466,direct
medium_components_SUB,0-150,Our_Method_+restructure_k1000_clawback0,2,48,37,0.7708333333333334,indirect
medium_components_SUB,0-150,Our_Method_+restructure_k1000_clawback0,3,25,21,0.84,indirect
medium_components_SUB,0-150,Our_Method_+restructure_k1000_clawback0,4,2,2,1.0,indirect
medium_components_SUB,0-150,Our_Method_+restructure_prune_only_top10_+rank_leverage_k1000_clawback0,1,103,82,0.7961165048543689,direct
medium_components_SUB,0-150,Our_Method_+restructure_prune_only_top10_+rank_leverage_k1000_clawback0,2,48,34,0.7083333333333334,indirect
medium_components_SUB,0-150,Our_Method_+restructure_prune_only_top10_+rank_leverage_k1000_clawback0,3,25,21,0.84,indirect
medium_components_SUB,0-150,Our_Method_+restructure_prune_only_top10_+rank_leverage_k1000_clawback0,4,2,2,1.0,indirect
medium_components_SUB,0-150,Our_Method_+restructure_prune_only_top10_+rank_neighborhood_k1000_clawback0,1,103,84,0.8155339805825242,direct
medium_components_SUB,0-150,Our_Method_+restructure_prune_only_top10_+rank_neighborhood_k1000_clawback0,2,48,37,0.7708333333333334,indirect
medium_components_SUB,0-150,Our_Method_+restructure_prune_only_top10_+rank_neighborhood_k1000_clawback0,3,25,21,0.84,indirect
medium_components_SUB,0-150,Our_Method_+restructure_prune_only_top10_+rank_neighborhood_k1000_clawback0,4,2,2,1.0,indirect
medium_components_SUB,0-150,Our_Method_+restructure_prune_only_top10_+rank_salience_k1000_clawback0,1,103,83,0.8058252427184466,direct
medium_components_SUB,0-150,Our_Method_+restructure_prune_only_top10_+rank_salience_k1000_clawback0,2,48,35,0.7291666666666666,indirect
medium_components_SUB,0-150,Our_Method_+restructure_prune_only_top10_+rank_salience_k1000_clawback0,3,25,21,0.84,indirect
medium_components_SUB,0-150,Our_Method_+restructure_prune_only_top10_+rank_salience_k1000_clawback0,4,2,2,1.0,indirect
medium_components_SUB,0-150,Our_Method_+restructure_prune_only_top10_+rank_self_agreement_k1000_clawback0,1,103,83,0.8058252427184466,direct
medium_components_SUB,0-150,Our_Method_+restructure_prune_only_top10_+rank_self_agreement_k1000_clawback0,2,48,35,0.7291666666666666,indirect
medium_components_SUB,0-150,Our_Method_+restructure_prune_only_top10_+rank_self_agreement_k1000_clawback0,3,25,21,0.84,indirect
medium_components_SUB,0-150,Our_Method_+restructure_prune_only_top10_+rank_self_agreement_k1000_clawback0,4,2,1,0.5,indirect
medium_components_SUB,0-150,Our_Method_+restructure_prune_only_top10_k1000_clawback0,1,103,82,0.7961165048543689,direct
medium_components_SUB,0-150,Our_Method_+restructure_prune_only_top10_k1000_clawback0,2,48,34,0.7083333333333334,indirect
medium_components_SUB,0-150,Our_Method_+restructure_prune_only_top10_k1000_clawback0,3,25,21,0.84,indirect
medium_components_SUB,0-150,Our_Method_+restructure_prune_only_top10_k1000_clawback0,4,2,2,1.0,indirect
medium_components_SUB,0-150,Our_Method_+restructure_prune_only_top25_k1000_clawback0,1,103,82,0.7961165048543689,direct
medium_components_SUB,0-150,Our_Method_+restructure_prune_only_top25_k1000_clawback0,2,48,27,0.5625,indirect
medium_components_SUB,0-150,Our_Method_+restructure_prune_only_top25_k1000_clawback0,3,25,21,0.84,indirect
medium_components_SUB,0-150,Our_Method_+restructure_prune_only_top25_k1000_clawback0,4,2,2,1.0,indirect
medium_components_SUB,0-150,Our_Method_+restructure_ranked_k1000_clawback0,1,103,77,0.7475728155339806,direct
medium_components_SUB,0-150,Our_Method_+restructure_ranked_k1000_clawback0,2,48,36,0.75,indirect
medium_components_SUB,0-150,Our_Method_+restructure_ranked_k1000_clawback0,3,25,11,0.44,indirect
medium_components_SUB,0-150,Our_Method_+restructure_ranked_k1000_clawback0,4,2,0,0.0,indirect
medium_components_SUB,0-150,Our_Method_+restructure_ranked_top25_k1000_clawback0,1,103,85,0.8252427184466019,direct
medium_components_SUB,0-150,Our_Method_+restructure_ranked_top25_k1000_clawback0,2,48,37,0.7708333333333334,indirect
medium_components_SUB,0-150,Our_Method_+restructure_ranked_top25_k1000_clawback0,3,25,21,0.84,indirect
medium_components_SUB,0-150,Our_Method_+restructure_ranked_top25_k1000_clawback0,4,2,2,1.0,indirect
medium_components_SUB,0-150,Our_Method_alt_Prompt_k1000_clawback0,1,103,80,0.7766990291262136,direct
medium_components_SUB,0-150,Our_Method_alt_Prompt_k1000_clawback0,2,48,38,0.7916666666666666,indirect
medium_components_SUB,0-150,Our_Method_alt_Prompt_k1000_clawback0,3,25,13,0.52,indirect
medium_components_SUB,0-150,Our_Method_alt_Prompt_k1000_clawback0,4,2,0,0.0,indirect
medium_components_SUB,0-150,Our_Method_alt_Prompt_k=1000,1,103,57,0.5533980582524272,direct
medium_components_SUB,0-150,Our_Method_alt_Prompt_k=1000,2,48,21,0.4375,indirect
medium_components_SUB,0-150,Our_Method_alt_Prompt_k=1000,3,25,11,0.44,indirect
medium_components_SUB,0-150,Our_Method_alt_Prompt_k=1000,4,2,0,0.0,indirect
medium_components_SUB,0-150,Our_Method_direct_k1000_clawback0,1,103,84,0.8155339805825242,direct
medium_components_SUB,0-150,Our_Method_direct_k1000_clawback0,2,48,41,0.8541666666666666,indirect
medium_components_SUB,0-150,Our_Method_direct_k1000_clawback0,3,25,14,0.56,indirect
medium_components_SUB,0-150,Our_Method_direct_k1000_clawback0,4,2,2,1.0,indirect
medium_components_SUB,0-150,Our_Method_full_json_k1000_clawback0,1,103,83,0.8058252427184466,direct
medium_components_SUB,0-150,Our_Method_full_json_k1000_clawback0,2,48,39,0.8125,indirect
medium_components_SUB,0-150,Our_Method_full_json_k1000_clawback0,3,25,13,0.52,indirect
medium_components_SUB,0-150,Our_Method_full_json_k1000_clawback0,4,2,0,0.0,indirect
medium_components_SUB,0-150,Our_Method_full_k1000_clawback0,1,103,81,0.7864077669902912,direct
medium_components_SUB,0-150,Our_Method_full_k1000_clawback0,2,48,40,0.8333333333333334,indirect
medium_components_SUB,0-150,Our_Method_full_k1000_clawback0,3,25,14,0.56,indirect
medium_components_SUB,0-150,Our_Method_full_k1000_clawback0,4,2,0,0.0,indirect
medium_components_SUB,0-150,Our_Method_isa_k1000_clawback0,1,103,81,0.7864077669902912,direct
medium_components_SUB,0-150,Our_Method_isa_k1000_clawback0,2,48,38,0.7916666666666666,indirect
medium_components_SUB,0-150,Our_Method_isa_k1000_clawback0,3,25,14,0.56,indirect
medium_components_SUB,0-150,Our_Method_isa_k1000_clawback0,4,2,0,0.0,indirect
medium_components_SUB,0-150,Our_Method_k1000_clawback0,1,103,90,0.8737864077669902,direct
medium_components_SUB,0-150,Our_Method_k1000_clawback0,2,48,46,0.9583333333333334,indirect
medium_components_SUB,0-150,Our_Method_k1000_clawback0,3,25,25,1.0,indirect
medium_components_SUB,0-150,Our_Method_k1000_clawback0,4,2,2,1.0,indirect
medium_components_SUB,0-150,Our_Method_k1000_clawback10,1,103,69,0.6699029126213593,direct
medium_components_SUB,0-150,Our_Method_k1000_clawback10,2,48,34,0.7083333333333334,indirect
medium_components_SUB,0-150,Our_Method_k1000_clawback10,3,25,14,0.56,indirect
medium_components_SUB,0-150,Our_Method_k1000_clawback10,4,2,0,0.0,indirect
medium_components_SUB,0-150,Our_Method_k1000_clawback100,1,103,55,0.5339805825242718,direct
medium_components_SUB,0-150,Our_Method_k1000_clawback100,2,48,29,0.6041666666666666,indirect
medium_components_SUB,0-150,Our_Method_k1000_clawback100,3,25,13,0.52,indirect
medium_components_SUB,0-150,Our_Method_k1000_clawback100,4,2,0,0.0,indirect
medium_components_SUB,0-150,Our_Method_k1000_clawback25,1,103,81,0.7864077669902912,direct
medium_components_SUB,0-150,Our_Method_k1000_clawback25,2,48,33,0.6875,indirect
medium_components_SUB,0-150,Our_Method_k1000_clawback25,3,25,21,0.84,indirect
medium_components_SUB,0-150,Our_Method_k1000_clawback25,4,2,2,1.0,indirect
medium_components_SUB,0-150,Our_Method_k1000_clawback5,1,103,72,0.6990291262135923,direct
medium_components_SUB,0-150,Our_Method_k1000_clawback5,2,48,35,0.7291666666666666,indirect
medium_components_SUB,0-150,Our_Method_k1000_clawback5,3,25,14,0.56,indirect
medium_components_SUB,0-150,Our_Method_k1000_clawback5,4,2,0,0.0,indirect
medium_components_SUB,0-150,Our_Method_k1000_clawback50,1,103,62,0.6019417475728155,direct
medium_components_SUB,0-150,Our_Method_k1000_clawback50,2,48,32,0.6666666666666666,indirect
medium_components_SUB,0-150,Our_Method_k1000_clawback50,3,25,14,0.56,indirect
medium_components_SUB,0-150,Our_Method_k1000_clawback50,4,2,0,0.0,indirect
medium_components_SUB,0-150,Our_Method_k1000_clawback75,1,103,58,0.5631067961165048,direct
medium_components_SUB,0-150,Our_Method_k1000_clawback75,2,48,31,0.6458333333333334,indirect
medium_components_SUB,0-150,Our_Method_k1000_clawback75,3,25,14,0.56,indirect
medium_components_SUB,0-150,Our_Method_k1000_clawback75,4,2,0,0.0,indirect
medium_components_SUB,0-150,Our_Method_legacy_json_k1000_clawback0,1,103,22,0.21359223300970873,direct
medium_components_SUB,0-150,Our_Method_legacy_json_k1000_clawback0,2,48,15,0.3125,indirect
medium_components_SUB,0-150,Our_Method_legacy_json_k1000_clawback0,3,25,3,0.12,indirect
medium_components_SUB,0-150,Our_Method_legacy_json_k1000_clawback0,4,2,0,0.0,indirect
medium_components_SUB,0-150,Our_Method_no_conversational_k1000_clawback0,1,103,79,0.7669902912621359,direct
medium_components_SUB,0-150,Our_Method_no_conversational_k1000_clawback0,2,48,39,0.8125,indirect
medium_components_SUB,0-150,Our_Method_no_conversational_k1000_clawback0,3,25,21,0.84,indirect
medium_components_SUB,0-150,Our_Method_no_conversational_k1000_clawback0,4,2,2,1.0,indirect
medium_components_SUB,0-150,Our_Method_no_example_k1000_clawback0,1,103,78,0.7572815533980582,direct
medium_components_SUB,0-150,Our_Method_no_example_k1000_clawback0,2,48,38,0.7916666666666666,indirect
medium_components_SUB,0-150,Our_Method_no_example_k1000_clawback0,3,25,14,0.56,indirect
medium_components_SUB,0-150,Our_Method_no_example_k1000_clawback0,4,2,0,0.0,indirect
medium_components_SUB,0-150,Our_Method_no_quantifier_k1000_clawback0,1,103,86,0.8349514563106796,direct
medium_components_SUB,0-150,Our_Method_no_quantifier_k1000_clawback0,2,48,42,0.875,indirect
medium_components_SUB,0-150,Our_Method_no_quantifier_k1000_clawback0,3,25,24,0.96,indirect
medium_components_SUB,0-150,Our_Method_no_quantifier_k1000_clawback0,4,2,2,1.0,indirect
medium_components_SUB,0-150,Our_Method_no_restriction_k1000_clawback0,1,103,68,0.6601941747572816,direct
medium_components_SUB,0-150,Our_Method_no_restriction_k1000_clawback0,2,48,37,0.7708333333333334,indirect
medium_components_SUB,0-150,Our_Method_no_restriction_k1000_clawback0,3,25,15,0.6,indirect
medium_components_SUB,0-150,Our_Method_no_restriction_k1000_clawback0,4,2,0,0.0,indirect
medium_components_SUB,0-150,Our_Method_oneway_k1000_clawback0,1,103,49,0.47572815533980584,direct
medium_components_SUB,0-150,Our_Method_oneway_k1000_clawback0,2,48,30,0.625,indirect
medium_components_SUB,0-150,Our_Method_oneway_k1000_clawback0,3,25,10,0.4,indirect
medium_components_SUB,0-150,Our_Method_oneway_k1000_clawback0,4,2,0,0.0,indirect
medium_components_SUB,0-150,SBU_Batch,1,103,59,0.5728155339805825,direct
medium_components_SUB,0-150,SBU_Batch,2,48,3,0.0625,indirect
medium_components_SUB,0-150,SBU_Batch,3,25,0,0.0,indirect
medium_components_SUB,0-150,SBU_Batch,4,2,0,0.0,indirect
medium_components_SUB,0-150,SBU_Embedding,1,103,27,0.2621359223300971,direct
medium_components_SUB,0-150,SBU_Embedding,2,48,1,0.020833333333333332,indirect
medium_components_SUB,0-150,SBU_Embedding,3,25,0,0.0,indirect
medium_components_SUB,0-150,SBU_Embedding,4,2,0,0.0,indirect
medium_components_SUB,0-150,TaxoLLaMA_PPL15.0,1,103,20,0.1941747572815534,direct
medium_components_SUB,0-150,TaxoLLaMA_PPL15.0,2,48,7,0.14583333333333334,indirect
medium_components_SUB,0-150,TaxoLLaMA_PPL15.0,3,25,0,0.0,indirect
medium_components_SUB,0-150,TaxoLLaMA_PPL15.0,4,2,0,0.0,indirect
medium_components_SUB,0-150,Vector,1,103,16,0.1553398058252427,direct
medium_components_SUB,0-150,Vector,2,48,2,0.041666666666666664,indirect
medium_components_SUB,0-150,Vector,3,25,0,0.0,indirect
medium_components_SUB,0-150,Vector,4,2,0,0.0,indirect
