Dataset,Method,syn_count,n_nodes,gt_incident,gt_recovered,pred_incident,pred_correct,recall,precision,f1
CellOntology_SUB,Density_m1,1,108,1210,1058,1266,939,0.8743801652892562,0.7417061611374408,0.8025971696764204
CellOntology_SUB,Density_m1,2,3,0,0,6,1,,0.16666666666666666,
CellOntology_SUB,Density_m1,3,1,0,0,22,16,,0.7272727272727273,
CellOntology_SUB,Density_m10,1,105,1210,824,947,774,0.6809917355371901,0.8173178458289335,0.7429528653338521
CellOntology_SUB,Density_m10,2,1,0,0,19,16,,0.8421052631578947,
CellOntology_SUB,Density_m100,1,104,1210,590,608,590,0.48760330578512395,0.9703947368421053,0.6490649064906491
CellOntology_SUB,Density_m2,1,106,1210,984,910,784,0.8132231404958677,0.8615384615384616,0.8366838748861222
CellOntology_SUB,Density_m2,2,3,0,0,120,116,,0.9666666666666667,
CellOntology_SUB,Density_m25,1,105,1210,762,812,760,0.6297520661157024,0.9359605911330049,0.752913522593126
CellOntology_SUB,Density_m5,1,105,1210,710,758,696,0.5867768595041323,0.9182058047493403,0.7159975078603822
CellOntology_SUB,Density_m50,1,105,1210,612,580,531,0.5057851239669422,0.9155172413793103,0.6515925290986194
CellOntology_SUB,Density_m50,2,1,0,0,82,65,,0.7926829268292683,
CellOntology_SUB,LLMZero,1,104,1210,62,62,62,0.0512396694214876,1.0,0.09748427672955975
CellOntology_SUB,Lexical,1,104,1210,286,290,286,0.23636363636363636,0.9862068965517241,0.3813333333333333
CellOntology_SUB,OurMethod,1,113,1210,1104,951,620,0.912396694214876,0.6519453207150369,0.7604893939461276
CellOntology_SUB,OurMethod,2,8,0,0,55,27,,0.4909090909090909,
CellOntology_SUB,OurMethod,3,2,0,0,112,105,,0.9375,
CellOntology_SUB,Our_Method_+restructure_k1000_clawback0,1,111,1210,1006,811,553,0.8314049586776859,0.6818742293464858,0.7492518498366326
CellOntology_SUB,Our_Method_+restructure_k1000_clawback0,2,6,0,0,122,114,,0.9344262295081968,
CellOntology_SUB,Our_Method_+restructure_k1000_clawback0,3,1,0,0,21,15,,0.7142857142857143,
CellOntology_SUB,Our_Method_+restructure_prune_only_top10_+rank_leverage_k1000_clawback0,1,111,1210,1060,901,603,0.8760330578512396,0.6692563817980022,0.7588102262137247
CellOntology_SUB,Our_Method_+restructure_prune_only_top10_+rank_leverage_k1000_clawback0,2,7,0,0,124,114,,0.9193548387096774,
CellOntology_SUB,Our_Method_+restructure_prune_only_top10_+rank_leverage_k1000_clawback0,3,1,0,0,35,15,,0.42857142857142855,
CellOntology_SUB,Our_Method_+restructure_prune_only_top10_+rank_neighborhood_k1000_clawback0,1,111,1210,1050,877,596,0.8677685950413223,0.6795895096921323,0.7622365271831475
CellOntology_SUB,Our_Method_+restructure_prune_only_top10_+rank_neighborhood_k1000_clawback0,2,7,0,0,122,113,,0.9262295081967213,
CellOntology_SUB,Our_Method_+restructure_prune_only_top10_+rank_neighborhood_k1000_clawback0,3,1,0,0,35,15,,0.42857142857142855,
CellOntology_SUB,Our_Method_+restructure_prune_only_top10_+rank_salience_k1000_clawback0,1,111,1210,1060,901,603,0.8760330578512396,0.6692563817980022,0.7588102262137247
CellOntology_SUB,Our_Method_+restructure_prune_only_top10_+rank_salience_k1000_clawback0,2,7,0,0,124,114,,0.9193548387096774,
CellOntology_SUB,Our_Method_+restructure_prune_only_top10_+rank_salience_k1000_clawback0,3,1,0,0,35,15,,0.42857142857142855,
CellOntology_SUB,Our_Method_+restructure_prune_only_top10_+rank_self_agreement_k1000_clawback0,1,111,1210,1060,901,603,0.8760330578512396,0.6692563817980022,0.7588102262137247
CellOntology_SUB,Our_Method_+restructure_prune_only_top10_+rank_self_agreement_k1000_clawback0,2,7,0,0,124,114,,0.9193548387096774,
CellOntology_SUB,Our_Method_+restructure_prune_only_top10_+rank_self_agreement_k1000_clawback0,3,1,0,0,35,15,,0.42857142857142855,
CellOntology_SUB,Our_Method_+restructure_prune_only_top10_k1000_clawback0,1,111,1210,1054,877,597,0.8710743801652893,0.6807297605473204,0.7642282149814662
CellOntology_SUB,Our_Method_+restructure_prune_only_top10_k1000_clawback0,2,7,0,0,124,114,,0.9193548387096774,
CellOntology_SUB,Our_Method_+restructure_prune_only_top10_k1000_clawback0,3,1,0,0,35,15,,0.42857142857142855,
CellOntology_SUB,Our_Method_+restructure_prune_only_top25_k1000_clawback0,1,111,1210,1054,875,597,0.8710743801652893,0.6822857142857143,0.7652077683598643
CellOntology_SUB,Our_Method_+restructure_prune_only_top25_k1000_clawback0,2,7,0,0,124,114,,0.9193548387096774,
CellOntology_SUB,Our_Method_+restructure_prune_only_top25_k1000_clawback0,3,1,0,0,35,15,,0.42857142857142855,
CellOntology_SUB,Our_Method_+restructure_ranked_k1000_clawback0,1,108,1210,342,295,262,0.28264462809917357,0.888135593220339,0.4288196023067167
CellOntology_SUB,Our_Method_+restructure_ranked_k1000_clawback0,2,5,0,0,20,17,,0.85,
CellOntology_SUB,Our_Method_+restructure_ranked_k1000_clawback0,4,1,0,0,1,1,,1.0,
CellOntology_SUB,Our_Method_+restructure_ranked_top25_k1000_clawback0,1,111,1210,1054,881,597,0.8710743801652893,0.677639046538025,0.7622766126531246
CellOntology_SUB,Our_Method_+restructure_ranked_top25_k1000_clawback0,2,7,0,0,124,114,,0.9193548387096774,
CellOntology_SUB,Our_Method_+restructure_ranked_top25_k1000_clawback0,3,1,0,0,35,15,,0.42857142857142855,
CellOntology_SUB,Our_Method_alt_Prompt_k1000_clawback0,1,111,1210,1112,1339,879,0.9190082644628099,0.6564600448095593,0.7658576220403218
CellOntology_SUB,Our_Method_alt_Prompt_k1000_clawback0,2,4,0,0,42,14,,0.3333333333333333,
CellOntology_SUB,Our_Method_alt_Prompt_k1000_clawback0,3,2,0,0,9,1,,0.1111111111111111,
CellOntology_SUB,Our_Method_alt_Prompt_k1000_clawback0,4,1,0,0,32,24,,0.75,
CellOntology_SUB,Our_Method_alt_Prompt_k=1000,1,106,1210,788,948,741,0.6512396694214876,0.7816455696202531,0.710508543872906
CellOntology_SUB,Our_Method_alt_Prompt_k=1000,2,1,0,0,5,4,,0.8,
CellOntology_SUB,Our_Method_alt_Prompt_k=1000,4,1,0,0,3,3,,1.0,
CellOntology_SUB,Our_Method_direct_k1000_clawback0,1,110,1210,1100,1362,899,0.9090909090909091,0.6600587371512482,0.7648134756901611
CellOntology_SUB,Our_Method_direct_k1000_clawback0,2,3,0,0,20,8,,0.4,
CellOntology_SUB,Our_Method_direct_k1000_clawback0,3,1,0,0,22,12,,0.5454545454545454,
CellOntology_SUB,Our_Method_direct_k1000_clawback0,4,1,0,0,6,3,,0.5,
CellOntology_SUB,Our_Method_full_json_k1000_clawback0,1,109,1210,1038,959,654,0.8578512396694215,0.6819603753910324,0.7598599045658619
CellOntology_SUB,Our_Method_full_json_k1000_clawback0,2,5,0,0,135,121,,0.8962962962962963,
CellOntology_SUB,Our_Method_full_json_k1000_clawback0,3,1,0,0,2,1,,0.5,
CellOntology_SUB,Our_Method_full_k1000_clawback0,1,112,1210,1090,944,613,0.9008264462809917,0.649364406779661,0.7547001451411597
CellOntology_SUB,Our_Method_full_k1000_clawback0,2,7,0,0,40,25,,0.625,
CellOntology_SUB,Our_Method_full_k1000_clawback0,3,1,0,0,4,1,,0.25,
CellOntology_SUB,Our_Method_full_k1000_clawback0,5,1,0,0,90,89,,0.9888888888888889,
CellOntology_SUB,Our_Method_isa_k1000_clawback0,1,113,1210,1134,1064,794,0.9371900826446281,0.7462406015037594,0.8308857591601778
CellOntology_SUB,Our_Method_isa_k1000_clawback0,2,7,0,0,118,95,,0.8050847457627118,
CellOntology_SUB,Our_Method_isa_k1000_clawback0,3,1,0,0,1,0,,0.0,
CellOntology_SUB,Our_Method_isa_k1000_clawback0,4,1,0,0,27,25,,0.9259259259259259,
CellOntology_SUB,Our_Method_k1000_clawback0,1,105,1210,1176,1579,1125,0.971900826446281,0.7124762507916402,0.8222104970737881
CellOntology_SUB,Our_Method_k1000_clawback0,2,1,0,0,23,17,,0.7391304347826086,
CellOntology_SUB,Our_Method_k1000_clawback0_gemini31b,1,106,1210,1176,1487,1119,0.971900826446281,0.7525218560860794,0.8482567774797579
CellOntology_SUB,Our_Method_k1000_clawback0_gemini31b,2,2,0,0,25,17,,0.68,
CellOntology_SUB,Our_Method_k1000_clawback0_gemma4b,1,111,1210,1060,901,603,0.8760330578512396,0.6692563817980022,0.7588102262137247
CellOntology_SUB,Our_Method_k1000_clawback0_gemma4b,2,7,0,0,124,114,,0.9193548387096774,
CellOntology_SUB,Our_Method_k1000_clawback0_gemma4b,3,1,0,0,35,15,,0.42857142857142855,
CellOntology_SUB,Our_Method_k1000_clawback10,1,110,1210,1062,965,643,0.8776859504132232,0.666321243523316,0.7575363588964201
CellOntology_SUB,Our_Method_k1000_clawback10,2,5,0,0,122,113,,0.9262295081967213,
CellOntology_SUB,Our_Method_k1000_clawback10,3,1,0,0,4,1,,0.25,
CellOntology_SUB,Our_Method_k1000_clawback10,5,1,0,0,1,1,,1.0,
CellOntology_SUB,Our_Method_k1000_clawback100,1,110,1210,1038,912,628,0.8578512396694215,0.6885964912280702,0.7639616158112106
CellOntology_SUB,Our_Method_k1000_clawback100,2,5,0,0,119,113,,0.9495798319327731,
CellOntology_SUB,Our_Method_k1000_clawback100,3,1,0,0,3,1,,0.3333333333333333,
CellOntology_SUB,Our_Method_k1000_clawback15,1,109,1210,1066,1038,647,0.8809917355371901,0.6233140655105973,0.7300836571612457
CellOntology_SUB,Our_Method_k1000_clawback15,2,5,0,0,123,109,,0.8861788617886179,
CellOntology_SUB,Our_Method_k1000_clawback15,7,1,0,0,5,2,,0.4,
CellOntology_SUB,Our_Method_k1000_clawback2,1,109,1210,1066,1042,647,0.8809917355371901,0.6209213051823417,0.7284396945145915
CellOntology_SUB,Our_Method_k1000_clawback2,2,5,0,0,123,109,,0.8861788617886179,
CellOntology_SUB,Our_Method_k1000_clawback2,7,1,0,0,5,2,,0.4,
CellOntology_SUB,Our_Method_k1000_clawback20,1,110,1210,1060,963,641,0.8760330578512396,0.6656282450674974,0.7564727035888643
CellOntology_SUB,Our_Method_k1000_clawback20,2,5,0,0,122,113,,0.9262295081967213,
CellOntology_SUB,Our_Method_k1000_clawback20,3,1,0,0,4,1,,0.25,
CellOntology_SUB,Our_Method_k1000_clawback20,5,1,0,0,1,1,,1.0,
CellOntology_SUB,Our_Method_k1000_clawback25,1,111,1210,1048,843,594,0.8661157024793389,0.7046263345195729,0.7770695866443973
CellOntology_SUB,Our_Method_k1000_clawback25,2,7,0,0,122,113,,0.9262295081967213,
CellOntology_SUB,Our_Method_k1000_clawback25,3,1,0,0,35,15,,0.42857142857142855,
CellOntology_SUB,Our_Method_k1000_clawback30,1,109,1210,1066,1026,647,0.8809917355371901,0.6306042884990254,0.7350603702681359
CellOntology_SUB,Our_Method_k1000_clawback30,2,5,0,0,123,109,,0.8861788617886179,
CellOntology_SUB,Our_Method_k1000_clawback30,7,1,0,0,5,2,,0.4,
CellOntology_SUB,Our_Method_k1000_clawback4,1,109,1210,1066,1042,647,0.8809917355371901,0.6209213051823417,0.7284396945145915
CellOntology_SUB,Our_Method_k1000_clawback4,2,5,0,0,123,109,,0.8861788617886179,
CellOntology_SUB,Our_Method_k1000_clawback4,7,1,0,0,5,2,,0.4,
CellOntology_SUB,Our_Method_k1000_clawback40,1,109,1210,1066,1024,647,0.8809917355371901,0.6318359375,0.735896426372693
CellOntology_SUB,Our_Method_k1000_clawback40,2,5,0,0,123,109,,0.8861788617886179,
CellOntology_SUB,Our_Method_k1000_clawback40,7,1,0,0,5,2,,0.4,
CellOntology_SUB,Our_Method_k1000_clawback5,1,110,1210,1062,973,643,0.8776859504132232,0.6608427543679343,0.7539832037434939
CellOntology_SUB,Our_Method_k1000_clawback5,2,5,0,0,122,113,,0.9262295081967213,
CellOntology_SUB,Our_Method_k1000_clawback5,3,1,0,0,4,1,,0.25,
CellOntology_SUB,Our_Method_k1000_clawback5,5,1,0,0,1,1,,1.0,
CellOntology_SUB,Our_Method_k1000_clawback50,1,110,1210,1056,929,637,0.8727272727272727,0.6856835306781486,0.7679807100606578
CellOntology_SUB,Our_Method_k1000_clawback50,2,5,0,0,119,113,,0.9495798319327731,
CellOntology_SUB,Our_Method_k1000_clawback50,3,1,0,0,3,1,,0.3333333333333333,
CellOntology_SUB,Our_Method_k1000_clawback50,5,1,0,0,1,1,,1.0,
CellOntology_SUB,Our_Method_k1000_clawback6,1,109,1210,1066,1042,647,0.8809917355371901,0.6209213051823417,0.7284396945145915
CellOntology_SUB,Our_Method_k1000_clawback6,2,5,0,0,123,109,,0.8861788617886179,
CellOntology_SUB,Our_Method_k1000_clawback6,7,1,0,0,5,2,,0.4,
CellOntology_SUB,Our_Method_k1000_clawback75,1,110,1210,1042,918,632,0.8611570247933884,0.6884531590413944,0.7651811795435479
CellOntology_SUB,Our_Method_k1000_clawback75,2,5,0,0,119,113,,0.9495798319327731,
CellOntology_SUB,Our_Method_k1000_clawback75,3,1,0,0,3,1,,0.3333333333333333,
CellOntology_SUB,Our_Method_k1000_clawback8,1,109,1210,1066,1042,647,0.8809917355371901,0.6209213051823417,0.7284396945145915
CellOntology_SUB,Our_Method_k1000_clawback8,2,5,0,0,123,109,,0.8861788617886179,
CellOntology_SUB,Our_Method_k1000_clawback8,7,1,0,0,5,2,,0.4,
CellOntology_SUB,Our_Method_k25_clawback0,1,114,1210,1092,1154,594,0.9024793388429752,0.5147313691507799,0.6555615521287498
CellOntology_SUB,Our_Method_k25_clawback0,2,8,0,0,74,23,,0.3108108108108108,
CellOntology_SUB,Our_Method_k25_clawback0,3,3,0,0,136,107,,0.7867647058823529,
CellOntology_SUB,Our_Method_legacy_json_k1000_clawback0,1,106,1210,626,986,599,0.5173553719008265,0.6075050709939148,0.5588177874348187
CellOntology_SUB,Our_Method_legacy_json_k1000_clawback0,2,2,0,0,4,3,,0.75,
CellOntology_SUB,Our_Method_legacy_vocab_fix_k1000_clawback0,1,109,1210,948,609,521,0.7834710743801653,0.8555008210180624,0.8179031614367969
CellOntology_SUB,Our_Method_legacy_vocab_fix_k1000_clawback0,2,4,0,0,122,118,,0.9672131147540983,
CellOntology_SUB,Our_Method_legacy_vocab_fix_k1000_clawback0,3,1,0,0,17,15,,0.8823529411764706,
CellOntology_SUB,Our_Method_no_conversational_k1000_clawback0,1,114,1210,1068,991,794,0.8826446280991735,0.8012108980827447,0.839958635609035
CellOntology_SUB,Our_Method_no_conversational_k1000_clawback0,2,10,0,0,145,108,,0.7448275862068966,
CellOntology_SUB,Our_Method_no_example_k1000_clawback0,1,109,1210,1084,1065,647,0.8958677685950414,0.6075117370892019,0.7240356573221909
CellOntology_SUB,Our_Method_no_example_k1000_clawback0,2,4,0,0,128,116,,0.90625,
CellOntology_SUB,Our_Method_no_example_k1000_clawback0,3,1,0,0,4,1,,0.25,
CellOntology_SUB,Our_Method_no_example_k1000_clawback0,5,1,0,0,3,2,,0.6666666666666666,
CellOntology_SUB,Our_Method_no_quantifier_k1000_clawback0,1,111,1210,1146,1206,859,0.947107438016529,0.7122719734660033,0.8130727418844618
CellOntology_SUB,Our_Method_no_quantifier_k1000_clawback0,2,6,0,0,127,94,,0.7401574803149606,
CellOntology_SUB,Our_Method_no_quantifier_k1000_clawback0,3,1,0,0,35,15,,0.42857142857142855,
CellOntology_SUB,Our_Method_no_restriction_k1000_clawback0,1,112,1210,1072,1012,783,0.8859504132231405,0.7737154150197628,0.8260379649794763
CellOntology_SUB,Our_Method_no_restriction_k1000_clawback0,2,6,0,0,111,88,,0.7927927927927928,
CellOntology_SUB,Our_Method_no_restriction_k1000_clawback0,3,2,0,0,25,15,,0.6,
CellOntology_SUB,Our_Method_oneway_k1000_clawback0,1,109,1210,1034,1292,926,0.8545454545454545,0.7167182662538699,0.7795869382198578
CellOntology_SUB,Our_Method_oneway_k1000_clawback0,2,4,0,0,21,15,,0.7142857142857143,
CellOntology_SUB,Our_Method_oneway_k1000_clawback0,3,1,0,0,3,1,,0.3333333333333333,
CellOntology_SUB,SBU_Batch,1,105,1210,670,790,670,0.5537190082644629,0.8481012658227848,0.67
CellOntology_SUB,SBU_Embedding,1,105,1210,160,430,160,0.1322314049586777,0.37209302325581395,0.19512195121951217
CellOntology_SUB,SingleCall,1,104,1210,382,390,382,0.315702479338843,0.9794871794871794,0.47750000000000004
CellOntology_SUB,SingleCall_gemini31b,1,104,1210,170,150,128,0.14049586776859505,0.8533333333333334,0.24126843330746203
CellOntology_SUB,SingleCall_gemini31b,2,1,0,0,16,16,,1.0,
CellOntology_SUB,SingleCall_gemma4b,1,104,1210,664,742,664,0.5487603305785124,0.894878706199461,0.680327868852459
CellOntology_SUB,SingleCall_matched,1,105,1210,770,994,766,0.6363636363636364,0.7706237424547284,0.6970878835153407
CellOntology_SUB,SingleCall_matched,2,1,0,0,2,0,,0.0,
CellOntology_SUB,SingleCall_nomerge,1,104,1210,122,122,122,0.10082644628099173,1.0,0.18318318318318316
CellOntology_SUB,TaxoLLaMA_PPL15.0,1,104,1210,398,454,398,0.32892561983471075,0.8766519823788547,0.47836538461538464
CellOntology_SUB,Vector,1,104,1210,236,350,236,0.19504132231404958,0.6742857142857143,0.30256410256410254
LLMs4OL_MatOnto_FULL,LLMZero,1,542,3046,390,988,390,0.12803676953381485,0.39473684210526316,0.19335647000495787
LLMs4OL_MatOnto_FULL,LLMZero,2,1,0,0,2,0,,0.0,
LLMs4OL_MatOnto_FULL,Lexical,1,541,3046,484,1046,484,0.15889691398555483,0.4627151051625239,0.23655913978494622
LLMs4OL_MatOnto_FULL,OurMethod,1,547,3046,2776,8356,2658,0.9113591595535128,0.3180947821924366,0.47158918852311177
LLMs4OL_MatOnto_FULL,OurMethod,2,9,0,0,800,28,,0.035,
LLMs4OL_MatOnto_FULL,OurMethod,3,1,0,0,158,66,,0.4177215189873418,
LLMs4OL_MatOnto_FULL,Our_Method_k=1000,1,547,3046,2418,6722,1974,0.793827971109652,0.2936626004165427,0.4287257147476489
LLMs4OL_MatOnto_FULL,Our_Method_k=1000,2,7,0,0,69,8,,0.11594202898550725,
LLMs4OL_MatOnto_FULL,Our_Method_k=1000,3,3,0,0,695,186,,0.26762589928057556,
LLMs4OL_MatOnto_FULL,SBU_Batch,1,563,3046,334,664,334,0.10965200262639527,0.5030120481927711,0.18005390835579513
LLMs4OL_MatOnto_FULL,SBU_Embedding,1,568,3046,174,2274,174,0.05712409717662508,0.07651715039577836,0.06541353383458647
LLMs4OL_MatOnto_SUB,Density_m1,1,101,538,414,411,233,0.7695167286245354,0.5669099756690997,0.6528554218498315
LLMs4OL_MatOnto_SUB,Density_m1,2,2,0,0,39,36,,0.9230769230769231,
LLMs4OL_MatOnto_SUB,Density_m1,3,1,0,0,62,43,,0.6935483870967742,
LLMs4OL_MatOnto_SUB,Density_m10,1,100,538,220,402,220,0.40892193308550184,0.5472636815920398,0.4680851063829787
LLMs4OL_MatOnto_SUB,Density_m100,1,100,538,326,336,214,0.6059479553903345,0.6369047619047619,0.621040824683533
LLMs4OL_MatOnto_SUB,Density_m100,2,2,0,0,52,42,,0.8076923076923077,
LLMs4OL_MatOnto_SUB,Density_m2,1,100,538,284,540,284,0.5278810408921933,0.5259259259259259,0.5269016697588127
LLMs4OL_MatOnto_SUB,Density_m25,1,100,538,238,400,238,0.4423791821561338,0.595,0.5074626865671642
LLMs4OL_MatOnto_SUB,Density_m5,1,100,538,246,315,239,0.45724907063197023,0.7587301587301587,0.5706160953453161
LLMs4OL_MatOnto_SUB,Density_m5,2,1,0,0,7,7,,1.0,
LLMs4OL_MatOnto_SUB,Density_m50,1,100,538,270,441,246,0.5018587360594795,0.5578231292517006,0.5283631243586377
LLMs4OL_MatOnto_SUB,Density_m50,2,1,0,0,21,18,,0.8571428571428571,
LLMs4OL_MatOnto_SUB,LLMZero,1,100,538,146,354,146,0.27137546468401486,0.4124293785310734,0.3273542600896861
LLMs4OL_MatOnto_SUB,Lexical,1,98,538,82,116,82,0.1524163568773234,0.7068965517241379,0.2507645259938838
LLMs4OL_MatOnto_SUB,OurMethod,1,100,538,484,1221,477,0.8996282527881041,0.3906633906633907,0.5447633879588009
LLMs4OL_MatOnto_SUB,OurMethod,2,1,0,0,21,7,,0.3333333333333333,
LLMs4OL_MatOnto_SUB,Our_Method_+restructure_k1000_clawback0,1,101,538,466,763,410,0.8661710037174721,0.5373525557011796,0.6632438755992488
LLMs4OL_MatOnto_SUB,Our_Method_+restructure_k1000_clawback0,2,2,0,0,73,22,,0.3013698630136986,
LLMs4OL_MatOnto_SUB,Our_Method_+restructure_prune_only_top10_+rank_leverage_k1000_clawback0,1,101,538,398,610,346,0.7397769516728625,0.5672131147540984,0.6421031035511788
LLMs4OL_MatOnto_SUB,Our_Method_+restructure_prune_only_top10_+rank_leverage_k1000_clawback0,2,2,0,0,60,22,,0.36666666666666664,
LLMs4OL_MatOnto_SUB,Our_Method_+restructure_prune_only_top10_+rank_neighborhood_k1000_clawback0,1,102,538,340,540,288,0.6319702602230484,0.5333333333333333,0.578477243726074
LLMs4OL_MatOnto_SUB,Our_Method_+restructure_prune_only_top10_+rank_neighborhood_k1000_clawback0,2,2,0,0,48,22,,0.4583333333333333,
LLMs4OL_MatOnto_SUB,Our_Method_+restructure_prune_only_top10_+rank_salience_k1000_clawback0,1,102,538,466,688,410,0.8661710037174721,0.5959302325581395,0.7060762618535518
LLMs4OL_MatOnto_SUB,Our_Method_+restructure_prune_only_top10_+rank_salience_k1000_clawback0,2,2,0,0,62,22,,0.3548387096774194,
LLMs4OL_MatOnto_SUB,Our_Method_+restructure_prune_only_top10_+rank_self_agreement_k1000_clawback0,1,102,538,460,682,404,0.8550185873605948,0.592375366568915,0.6998674379368522
LLMs4OL_MatOnto_SUB,Our_Method_+restructure_prune_only_top10_+rank_self_agreement_k1000_clawback0,2,2,0,0,62,22,,0.3548387096774194,
LLMs4OL_MatOnto_SUB,Our_Method_+restructure_prune_only_top10_k1000_clawback0,1,102,538,462,672,406,0.8587360594795539,0.6041666666666666,0.7093017099899411
LLMs4OL_MatOnto_SUB,Our_Method_+restructure_prune_only_top10_k1000_clawback0,2,2,0,0,50,22,,0.44,
LLMs4OL_MatOnto_SUB,Our_Method_+restructure_prune_only_top25_k1000_clawback0,1,102,538,454,664,398,0.8438661710037175,0.5993975903614458,0.7009271112145544
LLMs4OL_MatOnto_SUB,Our_Method_+restructure_prune_only_top25_k1000_clawback0,2,2,0,0,50,22,,0.44,
LLMs4OL_MatOnto_SUB,Our_Method_+restructure_ranked_k1000_clawback0,1,100,538,486,1079,479,0.9033457249070632,0.4439295644114921,0.5953079928806694
LLMs4OL_MatOnto_SUB,Our_Method_+restructure_ranked_k1000_clawback0,2,1,0,0,23,7,,0.30434782608695654,
LLMs4OL_MatOnto_SUB,Our_Method_+restructure_ranked_top25_k1000_clawback0,1,102,538,462,672,406,0.8587360594795539,0.6041666666666666,0.7093017099899411
LLMs4OL_MatOnto_SUB,Our_Method_+restructure_ranked_top25_k1000_clawback0,2,2,0,0,50,22,,0.44,
LLMs4OL_MatOnto_SUB,Our_Method_alt_Prompt_k1000_clawback0,1,102,538,504,1308,477,0.9368029739776952,0.3646788990825688,0.5249896818065682
LLMs4OL_MatOnto_SUB,Our_Method_alt_Prompt_k1000_clawback0,2,1,0,0,67,14,,0.208955223880597,
LLMs4OL_MatOnto_SUB,Our_Method_alt_Prompt_k1000_clawback0,3,1,0,0,25,13,,0.52,
LLMs4OL_MatOnto_SUB,Our_Method_alt_Prompt_k=1000,1,98,538,82,256,82,0.1524163568773234,0.3203125,0.20654911838790932
LLMs4OL_MatOnto_SUB,Our_Method_direct_k1000_clawback0,1,101,538,488,1004,475,0.9070631970260223,0.47310756972111556,0.6218628521452659
LLMs4OL_MatOnto_SUB,Our_Method_direct_k1000_clawback0,3,1,0,0,20,13,,0.65,
LLMs4OL_MatOnto_SUB,Our_Method_full_json_k1000_clawback0,1,100,538,466,669,351,0.8661710037174721,0.5246636771300448,0.6534902675232525
LLMs4OL_MatOnto_SUB,Our_Method_full_json_k1000_clawback0,6,1,0,0,93,61,,0.6559139784946236,
LLMs4OL_MatOnto_SUB,Our_Method_full_k1000_clawback0,1,101,538,488,1164,467,0.9070631970260223,0.4012027491408935,0.5563337475191571
LLMs4OL_MatOnto_SUB,Our_Method_full_k1000_clawback0,2,2,0,0,88,21,,0.23863636363636365,
LLMs4OL_MatOnto_SUB,Our_Method_isa_k1000_clawback0,1,101,538,476,1005,362,0.8847583643122676,0.36019900497512436,0.5119678638492072
LLMs4OL_MatOnto_SUB,Our_Method_isa_k1000_clawback0,2,1,0,0,25,7,,0.28,
LLMs4OL_MatOnto_SUB,Our_Method_isa_k1000_clawback0,3,1,0,0,96,53,,0.5520833333333334,
LLMs4OL_MatOnto_SUB,Our_Method_k1000_clawback0,1,100,538,460,812,460,0.8550185873605948,0.5665024630541872,0.6814814814814815
LLMs4OL_MatOnto_SUB,Our_Method_k1000_clawback0_gemini31b,1,100,538,460,800,460,0.8550185873605948,0.575,0.6875934230194319
LLMs4OL_MatOnto_SUB,Our_Method_k1000_clawback0_gemma4b,1,102,538,466,688,410,0.8661710037174721,0.5959302325581395,0.7060762618535518
LLMs4OL_MatOnto_SUB,Our_Method_k1000_clawback0_gemma4b,2,2,0,0,62,22,,0.3548387096774194,
LLMs4OL_MatOnto_SUB,Our_Method_k1000_clawback10,1,100,538,458,717,344,0.8513011152416357,0.4797768479776848,0.6136899220578899
LLMs4OL_MatOnto_SUB,Our_Method_k1000_clawback10,2,1,0,0,21,7,,0.3333333333333333,
LLMs4OL_MatOnto_SUB,Our_Method_k1000_clawback10,3,1,0,0,96,53,,0.5520833333333334,
LLMs4OL_MatOnto_SUB,Our_Method_k1000_clawback100,1,100,538,428,632,314,0.7955390334572491,0.49683544303797467,0.6116678955369252
LLMs4OL_MatOnto_SUB,Our_Method_k1000_clawback100,2,1,0,0,20,7,,0.35,
LLMs4OL_MatOnto_SUB,Our_Method_k1000_clawback100,3,1,0,0,96,53,,0.5520833333333334,
LLMs4OL_MatOnto_SUB,Our_Method_k1000_clawback25,1,102,538,460,661,404,0.8550185873605948,0.6111951588502269,0.7128336133422323
LLMs4OL_MatOnto_SUB,Our_Method_k1000_clawback25,2,2,0,0,49,22,,0.4489795918367347,
LLMs4OL_MatOnto_SUB,Our_Method_k1000_clawback5,1,100,538,458,717,344,0.8513011152416357,0.4797768479776848,0.6136899220578899
LLMs4OL_MatOnto_SUB,Our_Method_k1000_clawback5,2,1,0,0,21,7,,0.3333333333333333,
LLMs4OL_MatOnto_SUB,Our_Method_k1000_clawback5,3,1,0,0,96,53,,0.5520833333333334,
LLMs4OL_MatOnto_SUB,Our_Method_k1000_clawback50,1,100,538,446,691,332,0.828996282527881,0.4804630969609262,0.6083458983323816
LLMs4OL_MatOnto_SUB,Our_Method_k1000_clawback50,2,1,0,0,21,7,,0.3333333333333333,
LLMs4OL_MatOnto_SUB,Our_Method_k1000_clawback50,3,1,0,0,96,53,,0.5520833333333334,
LLMs4OL_MatOnto_SUB,Our_Method_k1000_clawback75,1,100,538,444,669,330,0.8252788104089219,0.49327354260089684,0.6174774957014261
LLMs4OL_MatOnto_SUB,Our_Method_k1000_clawback75,2,1,0,0,21,7,,0.3333333333333333,
LLMs4OL_MatOnto_SUB,Our_Method_k1000_clawback75,3,1,0,0,96,53,,0.5520833333333334,
LLMs4OL_MatOnto_SUB,Our_Method_legacy_json_k1000_clawback0,1,98,538,60,162,60,0.11152416356877323,0.37037037037037035,0.1714285714285714
LLMs4OL_MatOnto_SUB,Our_Method_no_conversational_k1000_clawback0,1,100,538,484,1132,477,0.8996282527881041,0.4213780918727915,0.573931590997795
LLMs4OL_MatOnto_SUB,Our_Method_no_conversational_k1000_clawback0,2,1,0,0,24,7,,0.2916666666666667,
LLMs4OL_MatOnto_SUB,Our_Method_no_example_k1000_clawback0,1,100,538,494,916,380,0.9182156133828996,0.4148471615720524,0.5714946783896344
LLMs4OL_MatOnto_SUB,Our_Method_no_example_k1000_clawback0,2,1,0,0,20,7,,0.35,
LLMs4OL_MatOnto_SUB,Our_Method_no_example_k1000_clawback0,3,1,0,0,96,53,,0.5520833333333334,
LLMs4OL_MatOnto_SUB,Our_Method_no_quantifier_k1000_clawback0,1,100,538,514,1544,514,0.9553903345724907,0.3329015544041451,0.4937560038424592
LLMs4OL_MatOnto_SUB,Our_Method_no_restriction_k1000_clawback0,1,100,538,472,1228,465,0.8773234200743495,0.3786644951140065,0.5290038636467715
LLMs4OL_MatOnto_SUB,Our_Method_no_restriction_k1000_clawback0,2,1,0,0,26,7,,0.2692307692307692,
LLMs4OL_MatOnto_SUB,Our_Method_oneway_k1000_clawback0,1,102,538,462,1040,436,0.8587360594795539,0.41923076923076924,0.5634083306295521
LLMs4OL_MatOnto_SUB,Our_Method_oneway_k1000_clawback0,2,1,0,0,59,11,,0.1864406779661017,
LLMs4OL_MatOnto_SUB,Our_Method_oneway_k1000_clawback0,4,1,0,0,17,13,,0.7647058823529411,
LLMs4OL_MatOnto_SUB,SBU_Batch,1,98,538,134,268,134,0.24907063197026022,0.5,0.3325062034739454
LLMs4OL_MatOnto_SUB,SBU_Embedding,1,109,538,72,402,72,0.13382899628252787,0.1791044776119403,0.15319148936170213
LLMs4OL_MatOnto_SUB,SingleCall,1,100,538,144,302,144,0.26765799256505574,0.4768211920529801,0.3428571428571428
LLMs4OL_MatOnto_SUB,SingleCall_gemini31b,1,99,538,418,526,418,0.7769516728624535,0.7946768060836502,0.7857142857142857
LLMs4OL_MatOnto_SUB,SingleCall_gemma4b,1,98,538,290,552,290,0.5390334572490706,0.5253623188405797,0.5321100917431193
LLMs4OL_MatOnto_SUB,SingleCall_matched,1,98,538,240,340,240,0.44609665427509293,0.7058823529411765,0.5466970387243736
LLMs4OL_MatOnto_SUB,SingleCall_nomerge,1,100,538,144,302,144,0.26765799256505574,0.4768211920529801,0.3428571428571428
LLMs4OL_MatOnto_SUB,TaxoLLaMA_PPL15.0,1,100,538,102,722,102,0.1895910780669145,0.14127423822714683,0.1619047619047619
LLMs4OL_MatOnto_SUB,Vector,1,98,538,38,76,38,0.07063197026022305,0.5,0.12377850162866451
LLMs4OL_OBI_SUB,Density_m1,1,102,536,356,505,312,0.664179104477612,0.6178217821782178,0.640162299862829
LLMs4OL_OBI_SUB,Density_m1,2,2,0,0,23,20,,0.8695652173913043,
LLMs4OL_OBI_SUB,Density_m10,1,100,536,274,364,244,0.5111940298507462,0.6703296703296703,0.5800451153912891
LLMs4OL_OBI_SUB,Density_m10,2,2,0,0,14,10,,0.7142857142857143,
LLMs4OL_OBI_SUB,Density_m100,1,100,536,296,631,287,0.5522388059701493,0.4548335974643423,0.49882562946260817
LLMs4OL_OBI_SUB,Density_m100,2,1,0,0,71,3,,0.04225352112676056,
LLMs4OL_OBI_SUB,Density_m2,1,103,536,324,537,275,0.6044776119402985,0.5121042830540037,0.5544699864338432
LLMs4OL_OBI_SUB,Density_m2,2,3,0,0,19,19,,1.0,
LLMs4OL_OBI_SUB,Density_m25,1,100,536,318,428,251,0.5932835820895522,0.5864485981308412,0.589846290274904
LLMs4OL_OBI_SUB,Density_m25,2,2,0,0,34,23,,0.6764705882352942,
LLMs4OL_OBI_SUB,Density_m5,1,102,536,278,479,240,0.5186567164179104,0.5010438413361169,0.5096981688451578
LLMs4OL_OBI_SUB,Density_m5,2,2,0,0,8,3,,0.375,
LLMs4OL_OBI_SUB,Density_m5,3,1,0,0,9,9,,1.0,
LLMs4OL_OBI_SUB,Density_m50,1,100,536,296,574,296,0.5522388059701493,0.5156794425087108,0.5333333333333333
LLMs4OL_OBI_SUB,LLMZero,1,100,536,254,340,254,0.47388059701492535,0.7470588235294118,0.5799086757990868
LLMs4OL_OBI_SUB,Lexical,1,100,536,94,132,94,0.17537313432835822,0.7121212121212122,0.281437125748503
LLMs4OL_OBI_SUB,OurMethod,1,100,536,456,760,456,0.8507462686567164,0.6,0.7037037037037036
LLMs4OL_OBI_SUB,OurMethod_k50,1,100,536,472,932,472,0.8805970149253731,0.5064377682403434,0.6430517711171662
LLMs4OL_OBI_SUB,Our_Method_+restructure_k1000_clawback0,1,102,536,450,816,358,0.8395522388059702,0.4387254901960784,0.5762956815385056
LLMs4OL_OBI_SUB,Our_Method_+restructure_k1000_clawback0,2,3,0,0,66,32,,0.48484848484848486,
LLMs4OL_OBI_SUB,Our_Method_+restructure_prune_only_top10_+rank_leverage_k1000_clawback0,1,102,536,432,761,340,0.8059701492537313,0.4467805519053876,0.5748817985408773
LLMs4OL_OBI_SUB,Our_Method_+restructure_prune_only_top10_+rank_leverage_k1000_clawback0,2,3,0,0,71,32,,0.4507042253521127,
LLMs4OL_OBI_SUB,Our_Method_+restructure_prune_only_top10_+rank_neighborhood_k1000_clawback0,1,102,536,460,835,368,0.8582089552238806,0.4407185628742515,0.5823706282639658
LLMs4OL_OBI_SUB,Our_Method_+restructure_prune_only_top10_+rank_neighborhood_k1000_clawback0,2,3,0,0,109,32,,0.29357798165137616,
LLMs4OL_OBI_SUB,Our_Method_+restructure_prune_only_top10_+rank_salience_k1000_clawback0,1,102,536,460,843,368,0.8582089552238806,0.4365361803084223,0.5787073439220003
LLMs4OL_OBI_SUB,Our_Method_+restructure_prune_only_top10_+rank_salience_k1000_clawback0,2,3,0,0,115,32,,0.2782608695652174,
LLMs4OL_OBI_SUB,Our_Method_+restructure_prune_only_top10_+rank_self_agreement_k1000_clawback0,1,102,536,460,843,368,0.8582089552238806,0.4365361803084223,0.5787073439220003
LLMs4OL_OBI_SUB,Our_Method_+restructure_prune_only_top10_+rank_self_agreement_k1000_clawback0,2,3,0,0,115,32,,0.2782608695652174,
LLMs4OL_OBI_SUB,Our_Method_+restructure_prune_only_top10_k1000_clawback0,1,102,536,460,776,368,0.8582089552238806,0.4742268041237113,0.6108897742363878
LLMs4OL_OBI_SUB,Our_Method_+restructure_prune_only_top10_k1000_clawback0,2,3,0,0,64,32,,0.5,
LLMs4OL_OBI_SUB,Our_Method_+restructure_prune_only_top25_k1000_clawback0,1,102,536,430,701,338,0.8022388059701493,0.48216833095577744,0.6023232586956432
LLMs4OL_OBI_SUB,Our_Method_+restructure_prune_only_top25_k1000_clawback0,2,3,0,0,57,32,,0.5614035087719298,
LLMs4OL_OBI_SUB,Our_Method_+restructure_ranked_k1000_clawback0,1,100,536,448,698,448,0.835820895522388,0.6418338108882522,0.7260940032414911
LLMs4OL_OBI_SUB,Our_Method_+restructure_ranked_top25_k1000_clawback0,1,102,536,460,775,368,0.8582089552238806,0.47483870967741937,0.6113972420667886
LLMs4OL_OBI_SUB,Our_Method_+restructure_ranked_top25_k1000_clawback0,2,3,0,0,69,32,,0.463768115942029,
LLMs4OL_OBI_SUB,Our_Method_alt_Prompt_k1000_clawback0,1,100,536,456,848,456,0.8507462686567164,0.5377358490566038,0.6589595375722543
LLMs4OL_OBI_SUB,Our_Method_alt_Prompt_k=1000,1,100,536,284,386,284,0.5298507462686567,0.7357512953367875,0.616052060737527
LLMs4OL_OBI_SUB,Our_Method_direct_k1000_clawback0,1,100,536,452,766,452,0.8432835820895522,0.5900783289817232,0.6943164362519201
LLMs4OL_OBI_SUB,Our_Method_full_json_k1000_clawback0,1,100,536,450,744,450,0.8395522388059702,0.6048387096774194,0.7031250000000001
LLMs4OL_OBI_SUB,Our_Method_full_k1000_clawback0,1,101,536,446,692,432,0.832089552238806,0.6242774566473989,0.7133569302311805
LLMs4OL_OBI_SUB,Our_Method_full_k1000_clawback0,2,1,0,0,4,2,,0.5,
LLMs4OL_OBI_SUB,Our_Method_isa_k1000_clawback0,1,100,536,456,766,456,0.8507462686567164,0.5953002610966057,0.7004608294930876
LLMs4OL_OBI_SUB,Our_Method_k1000_clawback0,1,100,536,516,798,516,0.9626865671641791,0.6466165413533834,0.7736131934032983
LLMs4OL_OBI_SUB,Our_Method_k1000_clawback0_gemini31b,1,100,536,512,774,512,0.9552238805970149,0.661498708010336,0.7816793893129772
LLMs4OL_OBI_SUB,Our_Method_k1000_clawback0_gemma4b,1,102,536,460,881,368,0.8582089552238806,0.4177071509648127,0.5619178500534432
LLMs4OL_OBI_SUB,Our_Method_k1000_clawback0_gemma4b,2,3,0,0,73,32,,0.4383561643835616,
LLMs4OL_OBI_SUB,Our_Method_k1000_clawback10,1,100,536,446,918,446,0.832089552238806,0.485838779956427,0.6134800550206327
LLMs4OL_OBI_SUB,Our_Method_k1000_clawback100,1,100,536,422,848,422,0.7873134328358209,0.49764150943396224,0.6098265895953757
LLMs4OL_OBI_SUB,Our_Method_k1000_clawback25,1,102,536,456,756,364,0.8507462686567164,0.48148148148148145,0.6149377593360996
LLMs4OL_OBI_SUB,Our_Method_k1000_clawback25,2,3,0,0,52,32,,0.6153846153846154,
LLMs4OL_OBI_SUB,Our_Method_k1000_clawback5,1,100,536,446,926,446,0.832089552238806,0.4816414686825054,0.6101231190150479
LLMs4OL_OBI_SUB,Our_Method_k1000_clawback50,1,100,536,436,874,436,0.8134328358208955,0.4988558352402746,0.6184397163120567
LLMs4OL_OBI_SUB,Our_Method_k1000_clawback75,1,100,536,432,864,432,0.8059701492537313,0.5,0.6171428571428571
LLMs4OL_OBI_SUB,Our_Method_k25_clawback0,1,104,536,468,1021,392,0.8731343283582089,0.38393731635651324,0.5333488385615025
LLMs4OL_OBI_SUB,Our_Method_k25_clawback0,2,3,0,0,17,4,,0.23529411764705882,
LLMs4OL_OBI_SUB,Our_Method_k25_clawback0,3,1,0,0,18,16,,0.8888888888888888,
LLMs4OL_OBI_SUB,Our_Method_k=10,1,101,536,512,1490,505,0.9552238805970149,0.3389261744966443,0.5003289600990751
LLMs4OL_OBI_SUB,Our_Method_k=10,2,1,0,0,4,1,,0.25,
LLMs4OL_OBI_SUB,Our_Method_k=100,1,100,536,448,716,448,0.835820895522388,0.6256983240223464,0.7156549520766773
LLMs4OL_OBI_SUB,Our_Method_legacy_json_k1000_clawback0,1,100,536,242,386,242,0.45149253731343286,0.6269430051813472,0.5249457700650759
LLMs4OL_OBI_SUB,Our_Method_no_conversational_k1000_clawback0,1,100,536,450,770,450,0.8395522388059702,0.5844155844155844,0.6891271056661561
LLMs4OL_OBI_SUB,Our_Method_no_example_k1000_clawback0,1,100,536,442,732,442,0.8246268656716418,0.6038251366120219,0.6971608832807572
LLMs4OL_OBI_SUB,Our_Method_no_quantifier_k1000_clawback0,1,101,536,460,797,453,0.8582089552238806,0.5683814303638645,0.6838543683585263
LLMs4OL_OBI_SUB,Our_Method_no_quantifier_k1000_clawback0,2,1,0,0,3,1,,0.3333333333333333,
LLMs4OL_OBI_SUB,Our_Method_no_restriction_k1000_clawback0,1,100,536,440,724,440,0.8208955223880597,0.6077348066298343,0.6984126984126985
LLMs4OL_OBI_SUB,Our_Method_oneway_k1000_clawback0,1,100,536,446,758,446,0.832089552238806,0.5883905013192612,0.6893353941267387
LLMs4OL_OBI_SUB,SBU_Batch,1,100,536,122,188,122,0.22761194029850745,0.648936170212766,0.3370165745856354
LLMs4OL_OBI_SUB,SBU_Embedding,1,112,536,82,390,82,0.15298507462686567,0.21025641025641026,0.17710583153347734
LLMs4OL_OBI_SUB,SingleCall,1,100,536,272,360,272,0.5074626865671642,0.7555555555555555,0.6071428571428571
LLMs4OL_OBI_SUB,SingleCall_gemini31b,1,100,536,450,602,450,0.8395522388059702,0.7475083056478405,0.7908611599297013
LLMs4OL_OBI_SUB,SingleCall_gemma4b,1,100,536,310,572,310,0.5783582089552238,0.541958041958042,0.5595667870036101
LLMs4OL_OBI_SUB,SingleCall_matched,1,100,536,300,460,300,0.5597014925373134,0.6521739130434783,0.6024096385542168
LLMs4OL_OBI_SUB,SingleCall_nomerge,1,100,536,272,360,272,0.5074626865671642,0.7555555555555555,0.6071428571428571
LLMs4OL_OBI_SUB,TaxoLLaMA_PPL15.0,1,100,536,116,442,116,0.21641791044776118,0.26244343891402716,0.23721881390593047
LLMs4OL_OBI_SUB,Vector,1,100,536,88,134,88,0.16417910447761194,0.6567164179104478,0.2626865671641791
LLMs4OL_PO_FULL,LLMZero,1,1162,8180,0,0,0,0.0,,
LLMs4OL_PO_FULL,Lexical,1,1162,8180,1038,3002,1038,0.12689486552567236,0.3457694870086609,0.18565551779645859
LLMs4OL_PO_FULL,OurMethod,1,1206,8180,6202,19553,4280,0.7581907090464548,0.2188922415997545,0.33970926164155074
LLMs4OL_PO_FULL,OurMethod,2,41,0,0,1706,578,,0.3388042203985932,
LLMs4OL_PO_FULL,OurMethod,3,5,0,0,65,7,,0.1076923076923077,
LLMs4OL_PO_FULL,OurMethod,4,1,0,0,28,1,,0.03571428571428571,
LLMs4OL_PO_FULL,Our_Method_k=1000,1,1204,8180,6232,18866,4242,0.7618581907090465,0.22484893459132832,0.34722157790936764
LLMs4OL_PO_FULL,Our_Method_k=1000,2,42,0,0,1746,646,,0.3699885452462772,
LLMs4OL_PO_FULL,Our_Method_k=1000,3,3,0,0,50,1,,0.02,
LLMs4OL_PO_FULL,Our_Method_k=1000,4,1,0,0,74,1,,0.013513513513513514,
LLMs4OL_PO_FULL,Our_Method_k=1000,5,1,0,0,22,2,,0.09090909090909091,
LLMs4OL_PO_FULL,SBU_Batch,1,1174,8180,380,754,380,0.04645476772616137,0.5039787798408488,0.0850682784866801
LLMs4OL_PO_FULL,SBU_Embedding,1,1215,8180,548,4964,548,0.06699266503667482,0.11039484286865431,0.08338405356055996
LLMs4OL_PO_FULL,Vector,1,1162,8180,1368,26686,1368,0.16723716381418094,0.051262834445027355,0.07847186370676304
LLMs4OL_PO_SUB,Density_m1,1,102,638,502,603,325,0.786833855799373,0.538971807628524,0.63973367630221
LLMs4OL_PO_SUB,Density_m1,2,4,0,0,101,49,,0.48514851485148514,
LLMs4OL_PO_SUB,Density_m1,3,1,0,0,2,0,,0.0,
LLMs4OL_PO_SUB,Density_m10,1,101,638,330,595,325,0.5172413793103449,0.5462184873949579,0.5313351498637602
LLMs4OL_PO_SUB,Density_m10,2,1,0,0,3,1,,0.3333333333333333,
LLMs4OL_PO_SUB,Density_m100,1,100,638,410,416,266,0.6426332288401254,0.6394230769230769,0.6410241339179706
LLMs4OL_PO_SUB,Density_m100,2,1,0,0,94,48,,0.5106382978723404,
LLMs4OL_PO_SUB,Density_m2,1,103,638,472,832,441,0.7398119122257053,0.5300480769230769,0.6176049087472665
LLMs4OL_PO_SUB,Density_m2,2,3,0,0,8,1,,0.125,
LLMs4OL_PO_SUB,Density_m25,1,101,638,336,533,321,0.5266457680250783,0.6022514071294559,0.5619168190556572
LLMs4OL_PO_SUB,Density_m25,2,1,0,0,3,3,,1.0,
LLMs4OL_PO_SUB,Density_m5,1,101,638,376,626,364,0.5893416927899686,0.5814696485623003,0.5853792065148585
LLMs4OL_PO_SUB,Density_m5,2,1,0,0,2,2,,1.0,
LLMs4OL_PO_SUB,Density_m50,1,100,638,436,622,436,0.6833855799373041,0.7009646302250804,0.6920634920634922
LLMs4OL_PO_SUB,LLMZero,1,101,638,334,785,327,0.5235109717868338,0.41656050955414015,0.46395194725752736
LLMs4OL_PO_SUB,LLMZero,3,1,0,0,3,1,,0.3333333333333333,
LLMs4OL_PO_SUB,Lexical,1,98,638,52,92,52,0.08150470219435736,0.5652173913043478,0.14246575342465753
LLMs4OL_PO_SUB,OurMethod,1,101,638,532,841,365,0.8338557993730408,0.4340071343638526,0.5708808993917229
LLMs4OL_PO_SUB,OurMethod,2,3,0,0,109,51,,0.46788990825688076,
LLMs4OL_PO_SUB,Our_Method_+restructure_k1000_clawback0,1,101,638,530,651,352,0.8307210031347962,0.5407066052227343,0.6550492796775315
LLMs4OL_PO_SUB,Our_Method_+restructure_k1000_clawback0,2,4,0,0,41,4,,0.0975609756097561,
LLMs4OL_PO_SUB,Our_Method_+restructure_k1000_clawback0,3,1,0,0,90,48,,0.5333333333333333,
LLMs4OL_PO_SUB,Our_Method_+restructure_prune_only_top10_+rank_leverage_k1000_clawback0,1,101,638,550,620,375,0.8620689655172413,0.6048387096774194,0.7109004739336494
LLMs4OL_PO_SUB,Our_Method_+restructure_prune_only_top10_+rank_leverage_k1000_clawback0,2,4,0,0,36,4,,0.1111111111111111,
LLMs4OL_PO_SUB,Our_Method_+restructure_prune_only_top10_+rank_leverage_k1000_clawback0,3,1,0,0,86,47,,0.5465116279069767,
LLMs4OL_PO_SUB,Our_Method_+restructure_prune_only_top10_+rank_neighborhood_k1000_clawback0,1,101,638,536,631,360,0.8401253918495298,0.5705229793977813,0.6795610463887753
LLMs4OL_PO_SUB,Our_Method_+restructure_prune_only_top10_+rank_neighborhood_k1000_clawback0,2,4,0,0,38,4,,0.10526315789473684,
LLMs4OL_PO_SUB,Our_Method_+restructure_prune_only_top10_+rank_neighborhood_k1000_clawback0,3,1,0,0,87,48,,0.5517241379310345,
LLMs4OL_PO_SUB,Our_Method_+restructure_prune_only_top10_+rank_salience_k1000_clawback0,1,102,638,544,704,375,0.8526645768025078,0.5326704545454546,0.6557103046160078
LLMs4OL_PO_SUB,Our_Method_+restructure_prune_only_top10_+rank_salience_k1000_clawback0,2,4,0,0,29,1,,0.034482758620689655,
LLMs4OL_PO_SUB,Our_Method_+restructure_prune_only_top10_+rank_salience_k1000_clawback0,3,1,0,0,87,48,,0.5517241379310345,
LLMs4OL_PO_SUB,Our_Method_+restructure_prune_only_top10_+rank_self_agreement_k1000_clawback0,1,102,638,558,706,380,0.8746081504702194,0.5382436260623229,0.6663859155106633
LLMs4OL_PO_SUB,Our_Method_+restructure_prune_only_top10_+rank_self_agreement_k1000_clawback0,2,4,0,0,29,4,,0.13793103448275862,
LLMs4OL_PO_SUB,Our_Method_+restructure_prune_only_top10_+rank_self_agreement_k1000_clawback0,3,1,0,0,87,48,,0.5517241379310345,
LLMs4OL_PO_SUB,Our_Method_+restructure_prune_only_top10_k1000_clawback0,1,102,638,542,759,373,0.8495297805642633,0.4914361001317523,0.6226699848464315
LLMs4OL_PO_SUB,Our_Method_+restructure_prune_only_top10_k1000_clawback0,2,4,0,0,38,2,,0.05263157894736842,
LLMs4OL_PO_SUB,Our_Method_+restructure_prune_only_top10_k1000_clawback0,3,1,0,0,87,47,,0.5402298850574713,
LLMs4OL_PO_SUB,Our_Method_+restructure_prune_only_top25_k1000_clawback0,1,102,638,554,693,376,0.8683385579937304,0.5425685425685426,0.6678443756913163
LLMs4OL_PO_SUB,Our_Method_+restructure_prune_only_top25_k1000_clawback0,2,4,0,0,38,4,,0.10526315789473684,
LLMs4OL_PO_SUB,Our_Method_+restructure_prune_only_top25_k1000_clawback0,3,1,0,0,87,48,,0.5517241379310345,
LLMs4OL_PO_SUB,Our_Method_+restructure_ranked_k1000_clawback0,1,101,638,520,676,351,0.8150470219435737,0.5192307692307693,0.6343469028148014
LLMs4OL_PO_SUB,Our_Method_+restructure_ranked_k1000_clawback0,2,3,0,0,96,51,,0.53125,
LLMs4OL_PO_SUB,Our_Method_+restructure_ranked_top25_k1000_clawback0,1,102,638,522,663,355,0.8181818181818182,0.5354449472096531,0.6472852512155591
LLMs4OL_PO_SUB,Our_Method_+restructure_ranked_top25_k1000_clawback0,2,4,0,0,35,2,,0.05714285714285714,
LLMs4OL_PO_SUB,Our_Method_+restructure_ranked_top25_k1000_clawback0,3,1,0,0,86,47,,0.5465116279069767,
LLMs4OL_PO_SUB,Our_Method_alt_Prompt_k1000_clawback0,1,100,638,544,1082,390,0.8526645768025078,0.36044362292051757,0.5066943068538431
LLMs4OL_PO_SUB,Our_Method_alt_Prompt_k1000_clawback0,2,2,0,0,120,50,,0.4166666666666667,
LLMs4OL_PO_SUB,Our_Method_alt_Prompt_k=1000,1,99,638,288,638,288,0.45141065830721006,0.45141065830721006,0.45141065830721006
LLMs4OL_PO_SUB,Our_Method_direct_k1000_clawback0,1,100,638,556,933,402,0.8714733542319749,0.43086816720257237,0.5766384941642674
LLMs4OL_PO_SUB,Our_Method_direct_k1000_clawback0,2,2,0,0,99,50,,0.5050505050505051,
LLMs4OL_PO_SUB,Our_Method_full_json_k1000_clawback0,1,103,638,500,486,288,0.7836990595611285,0.5925925925925926,0.6748776784207863
LLMs4OL_PO_SUB,Our_Method_full_json_k1000_clawback0,2,4,0,0,20,6,,0.3,
LLMs4OL_PO_SUB,Our_Method_full_json_k1000_clawback0,5,1,0,0,84,48,,0.5714285714285714,
LLMs4OL_PO_SUB,Our_Method_full_k1000_clawback0,1,102,638,514,955,481,0.8056426332288401,0.5036649214659686,0.619829820945963
LLMs4OL_PO_SUB,Our_Method_full_k1000_clawback0,2,3,0,0,15,1,,0.06666666666666667,
LLMs4OL_PO_SUB,Our_Method_isa_k1000_clawback0,1,101,638,512,916,494,0.8025078369905956,0.5393013100436681,0.6450895475946358
LLMs4OL_PO_SUB,Our_Method_isa_k1000_clawback0,2,2,0,0,6,0,,0.0,
LLMs4OL_PO_SUB,Our_Method_k1000_clawback0,1,99,638,586,1018,586,0.9184952978056427,0.5756385068762279,0.7077294685990336
LLMs4OL_PO_SUB,Our_Method_k1000_clawback0_gemini31b,1,99,638,588,980,588,0.9216300940438872,0.6,0.726823238566131
LLMs4OL_PO_SUB,Our_Method_k1000_clawback0_gemma4b,1,102,638,558,715,380,0.8746081504702194,0.5314685314685315,0.6611683634492759
LLMs4OL_PO_SUB,Our_Method_k1000_clawback0_gemma4b,2,4,0,0,38,4,,0.10526315789473684,
LLMs4OL_PO_SUB,Our_Method_k1000_clawback0_gemma4b,3,1,0,0,87,48,,0.5517241379310345,
LLMs4OL_PO_SUB,Our_Method_k1000_clawback10,1,100,638,524,718,363,0.8213166144200627,0.5055710306406686,0.6258764843886244
LLMs4OL_PO_SUB,Our_Method_k1000_clawback10,2,2,0,0,94,49,,0.5212765957446809,
LLMs4OL_PO_SUB,Our_Method_k1000_clawback100,1,100,638,510,613,349,0.799373040752351,0.5693311582381729,0.6650202132667777
LLMs4OL_PO_SUB,Our_Method_k1000_clawback100,2,2,0,0,93,49,,0.5268817204301075,
LLMs4OL_PO_SUB,Our_Method_k1000_clawback15,1,101,638,528,752,363,0.8275862068965517,0.48271276595744683,0.609763779527559
LLMs4OL_PO_SUB,Our_Method_k1000_clawback15,2,3,0,0,102,49,,0.4803921568627451,
LLMs4OL_PO_SUB,Our_Method_k1000_clawback2,1,101,638,528,752,363,0.8275862068965517,0.48271276595744683,0.609763779527559
LLMs4OL_PO_SUB,Our_Method_k1000_clawback2,2,3,0,0,102,49,,0.4803921568627451,
LLMs4OL_PO_SUB,Our_Method_k1000_clawback20,1,101,638,528,752,363,0.8275862068965517,0.48271276595744683,0.609763779527559
LLMs4OL_PO_SUB,Our_Method_k1000_clawback20,2,3,0,0,102,49,,0.4803921568627451,
LLMs4OL_PO_SUB,Our_Method_k1000_clawback25,1,102,638,548,688,376,0.8589341692789969,0.5465116279069767,0.6679980288922894
LLMs4OL_PO_SUB,Our_Method_k1000_clawback25,2,4,0,0,35,2,,0.05714285714285714,
LLMs4OL_PO_SUB,Our_Method_k1000_clawback25,3,1,0,0,87,48,,0.5517241379310345,
LLMs4OL_PO_SUB,Our_Method_k1000_clawback30,1,101,638,528,742,363,0.8275862068965517,0.48921832884097033,0.6149285336156697
LLMs4OL_PO_SUB,Our_Method_k1000_clawback30,2,3,0,0,102,49,,0.4803921568627451,
LLMs4OL_PO_SUB,Our_Method_k1000_clawback4,1,101,638,528,752,363,0.8275862068965517,0.48271276595744683,0.609763779527559
LLMs4OL_PO_SUB,Our_Method_k1000_clawback4,2,3,0,0,102,49,,0.4803921568627451,
LLMs4OL_PO_SUB,Our_Method_k1000_clawback40,1,101,638,528,742,363,0.8275862068965517,0.48921832884097033,0.6149285336156697
LLMs4OL_PO_SUB,Our_Method_k1000_clawback40,2,3,0,0,102,49,,0.4803921568627451,
LLMs4OL_PO_SUB,Our_Method_k1000_clawback5,1,100,638,534,738,373,0.8369905956112853,0.505420054200542,0.6302569668357418
LLMs4OL_PO_SUB,Our_Method_k1000_clawback5,2,2,0,0,94,49,,0.5212765957446809,
LLMs4OL_PO_SUB,Our_Method_k1000_clawback50,1,100,638,520,643,359,0.8150470219435737,0.5583203732503889,0.662688453360123
LLMs4OL_PO_SUB,Our_Method_k1000_clawback50,2,2,0,0,93,49,,0.5268817204301075,
LLMs4OL_PO_SUB,Our_Method_k1000_clawback6,1,101,638,528,752,363,0.8275862068965517,0.48271276595744683,0.609763779527559
LLMs4OL_PO_SUB,Our_Method_k1000_clawback6,2,3,0,0,102,49,,0.4803921568627451,
LLMs4OL_PO_SUB,Our_Method_k1000_clawback75,1,100,638,514,625,353,0.8056426332288401,0.5648,0.664058382619898
LLMs4OL_PO_SUB,Our_Method_k1000_clawback75,2,2,0,0,93,49,,0.5268817204301075,
LLMs4OL_PO_SUB,Our_Method_k1000_clawback8,1,101,638,528,752,363,0.8275862068965517,0.48271276595744683,0.609763779527559
LLMs4OL_PO_SUB,Our_Method_k1000_clawback8,2,3,0,0,102,49,,0.4803921568627451,
LLMs4OL_PO_SUB,Our_Method_k25_clawback0,1,101,638,552,989,323,0.8652037617554859,0.32659251769464104,0.47419022821747814
LLMs4OL_PO_SUB,Our_Method_k25_clawback0,2,2,0,0,14,2,,0.14285714285714285,
LLMs4OL_PO_SUB,Our_Method_k25_clawback0,4,1,0,0,89,47,,0.5280898876404494,
LLMs4OL_PO_SUB,Our_Method_legacy_json_k1000_clawback0,1,98,638,230,736,230,0.3605015673981191,0.3125,0.33478893740902477
LLMs4OL_PO_SUB,Our_Method_no_conversational_k1000_clawback0,1,101,638,526,700,351,0.8244514106583072,0.5014285714285714,0.6235911223397249
LLMs4OL_PO_SUB,Our_Method_no_conversational_k1000_clawback0,2,3,0,0,106,55,,0.5188679245283019,
LLMs4OL_PO_SUB,Our_Method_no_example_k1000_clawback0,1,101,638,524,946,514,0.8213166144200627,0.5433403805496829,0.654017065791199
LLMs4OL_PO_SUB,Our_Method_no_example_k1000_clawback0,2,2,0,0,14,0,,0.0,
LLMs4OL_PO_SUB,Our_Method_no_quantifier_k1000_clawback0,1,100,638,516,817,365,0.8087774294670846,0.4467564259485924,0.5755743060500396
LLMs4OL_PO_SUB,Our_Method_no_quantifier_k1000_clawback0,2,2,0,0,105,49,,0.4666666666666667,
LLMs4OL_PO_SUB,Our_Method_no_restriction_k1000_clawback0,1,101,638,524,718,356,0.8213166144200627,0.4958217270194986,0.6183505701405463
LLMs4OL_PO_SUB,Our_Method_no_restriction_k1000_clawback0,2,4,0,0,102,50,,0.49019607843137253,
LLMs4OL_PO_SUB,Our_Method_oneway_k1000_clawback0,1,104,638,496,444,303,0.7774294670846394,0.6824324324324325,0.7268400969197509
LLMs4OL_PO_SUB,Our_Method_oneway_k1000_clawback0,2,6,0,0,136,57,,0.41911764705882354,
LLMs4OL_PO_SUB,SBU_Batch,1,100,638,396,638,396,0.6206896551724138,0.6206896551724138,0.6206896551724138
LLMs4OL_PO_SUB,SBU_Embedding,1,108,638,82,420,82,0.12852664576802508,0.19523809523809524,0.15500945179584125
LLMs4OL_PO_SUB,SingleCall,1,99,638,200,360,200,0.31347962382445144,0.5555555555555556,0.40080160320641284
LLMs4OL_PO_SUB,SingleCall_gemini31b,1,99,638,536,870,536,0.8401253918495298,0.6160919540229886,0.7108753315649868
LLMs4OL_PO_SUB,SingleCall_gemma4b,1,99,638,390,588,390,0.6112852664576802,0.6632653061224489,0.6362153344208809
LLMs4OL_PO_SUB,SingleCall_matched,1,100,638,420,400,267,0.658307210031348,0.6675,0.662871734851306
LLMs4OL_PO_SUB,SingleCall_matched,2,1,0,0,90,51,,0.5666666666666667,
LLMs4OL_PO_SUB,SingleCall_nomerge,1,99,638,200,360,200,0.31347962382445144,0.5555555555555556,0.40080160320641284
LLMs4OL_PO_SUB,TaxoLLaMA_PPL15.0,1,100,638,108,444,108,0.16927899686520376,0.24324324324324326,0.19963031423290203
LLMs4OL_PO_SUB,Vector,1,98,638,84,200,84,0.13166144200626959,0.42,0.20047732696897375
LLMs4OL_PROCO_FULL,Our_Method_k=1000,1,534,3658,2748,7569,2529,0.7512301804264625,0.3341260404280618,0.46253121475330977
LLMs4OL_PROCO_FULL,Our_Method_k=1000,2,13,0,0,203,22,,0.10837438423645321,
LLMs4OL_PROCO_FULL,Our_Method_k=1000,3,4,0,0,60,9,,0.15,
LLMs4OL_PROCO_FULL,SBU_Batch,1,537,3658,474,1076,474,0.12957900492072172,0.44052044609665425,0.20025348542458807
LLMs4OL_SWEET_FULL,LLMZero,1,7255,53932,0,0,0,0.0,,
LLMs4OL_SchemaOrg_FULL,Our_Method_k=1000,1,549,1824,1574,3529,1549,0.8629385964912281,0.4389345423632757,0.5818901191428854
LLMs4OL_SchemaOrg_FULL,Our_Method_k=1000,2,4,0,0,21,15,,0.7142857142857143,
LLMs4OL_SchemaOrg_FULL,SBU_Batch,1,553,1824,660,986,660,0.3618421052631579,0.6693711967545639,0.4697508896797153
LLMs4OL_SchemaOrg_SUB,Density_m1,1,102,288,236,560,236,0.8194444444444444,0.42142857142857143,0.5566037735849056
LLMs4OL_SchemaOrg_SUB,Density_m10,1,102,288,212,402,212,0.7361111111111112,0.527363184079602,0.6144927536231884
LLMs4OL_SchemaOrg_SUB,Density_m100,1,102,288,178,321,172,0.6180555555555556,0.5358255451713395,0.5740105367755968
LLMs4OL_SchemaOrg_SUB,Density_m100,2,1,0,0,3,2,,0.6666666666666666,
LLMs4OL_SchemaOrg_SUB,Density_m2,1,101,288,208,380,208,0.7222222222222222,0.5473684210526316,0.6227544910179641
LLMs4OL_SchemaOrg_SUB,Density_m2,2,1,0,0,2,0,,0.0,
LLMs4OL_SchemaOrg_SUB,Density_m25,1,102,288,174,288,165,0.6041666666666666,0.5729166666666666,0.5881268436578171
LLMs4OL_SchemaOrg_SUB,Density_m25,2,1,0,0,3,2,,0.6666666666666666,
LLMs4OL_SchemaOrg_SUB,Density_m25,6,1,0,0,3,1,,0.3333333333333333,
LLMs4OL_SchemaOrg_SUB,Density_m5,1,102,288,214,320,184,0.7430555555555556,0.575,0.6483140147523709
LLMs4OL_SchemaOrg_SUB,Density_m5,2,1,0,0,14,12,,0.8571428571428571,
LLMs4OL_SchemaOrg_SUB,Density_m50,1,101,288,188,278,182,0.6527777777777778,0.6546762589928058,0.6537256400458541
LLMs4OL_SchemaOrg_SUB,Density_m50,2,2,0,0,4,2,,0.5,
LLMs4OL_SchemaOrg_SUB,LLMZero,1,100,288,160,236,160,0.5555555555555556,0.6779661016949152,0.6106870229007634
LLMs4OL_SchemaOrg_SUB,Lexical,1,98,288,68,82,68,0.2361111111111111,0.8292682926829268,0.3675675675675676
LLMs4OL_SchemaOrg_SUB,OurMethod,1,101,288,256,490,256,0.8888888888888888,0.5224489795918368,0.6580976863753214
LLMs4OL_SchemaOrg_SUB,Our_Method_+restructure_k1000_clawback0,1,102,288,198,398,195,0.6875,0.4899497487437186,0.5721525740197386
LLMs4OL_SchemaOrg_SUB,Our_Method_+restructure_k1000_clawback0,2,1,0,0,4,1,,0.25,
LLMs4OL_SchemaOrg_SUB,Our_Method_+restructure_prune_only_top10_+rank_leverage_k1000_clawback0,1,102,288,216,406,213,0.75,0.5246305418719212,0.617391304347826
LLMs4OL_SchemaOrg_SUB,Our_Method_+restructure_prune_only_top10_+rank_leverage_k1000_clawback0,2,1,0,0,4,1,,0.25,
LLMs4OL_SchemaOrg_SUB,Our_Method_+restructure_prune_only_top10_+rank_neighborhood_k1000_clawback0,1,102,288,216,400,213,0.75,0.5325,0.6228070175438596
LLMs4OL_SchemaOrg_SUB,Our_Method_+restructure_prune_only_top10_+rank_neighborhood_k1000_clawback0,2,1,0,0,4,1,,0.25,
LLMs4OL_SchemaOrg_SUB,Our_Method_+restructure_prune_only_top10_+rank_salience_k1000_clawback0,1,102,288,212,410,209,0.7361111111111112,0.5097560975609756,0.6023709826526729
LLMs4OL_SchemaOrg_SUB,Our_Method_+restructure_prune_only_top10_+rank_salience_k1000_clawback0,2,1,0,0,4,1,,0.25,
LLMs4OL_SchemaOrg_SUB,Our_Method_+restructure_prune_only_top10_+rank_self_agreement_k1000_clawback0,1,102,288,210,406,207,0.7291666666666666,0.5098522167487685,0.6000993953449846
LLMs4OL_SchemaOrg_SUB,Our_Method_+restructure_prune_only_top10_+rank_self_agreement_k1000_clawback0,2,1,0,0,4,1,,0.25,
LLMs4OL_SchemaOrg_SUB,Our_Method_+restructure_prune_only_top10_k1000_clawback0,1,102,288,216,406,213,0.75,0.5246305418719212,0.617391304347826
LLMs4OL_SchemaOrg_SUB,Our_Method_+restructure_prune_only_top10_k1000_clawback0,2,1,0,0,4,1,,0.25,
LLMs4OL_SchemaOrg_SUB,Our_Method_+restructure_prune_only_top25_k1000_clawback0,1,102,288,212,398,209,0.7361111111111112,0.5251256281407035,0.6129710586021804
LLMs4OL_SchemaOrg_SUB,Our_Method_+restructure_prune_only_top25_k1000_clawback0,2,1,0,0,4,1,,0.25,
LLMs4OL_SchemaOrg_SUB,Our_Method_+restructure_ranked_k1000_clawback0,1,101,288,212,314,212,0.7361111111111112,0.6751592356687898,0.7043189368770765
LLMs4OL_SchemaOrg_SUB,Our_Method_+restructure_ranked_top25_k1000_clawback0,1,102,288,218,414,215,0.7569444444444444,0.5193236714975845,0.6160134584549063
LLMs4OL_SchemaOrg_SUB,Our_Method_+restructure_ranked_top25_k1000_clawback0,2,1,0,0,4,1,,0.25,
LLMs4OL_SchemaOrg_SUB,Our_Method_alt_Prompt_k1000_clawback0,1,103,288,260,494,256,0.9027777777777778,0.5182186234817814,0.6584622690039967
LLMs4OL_SchemaOrg_SUB,Our_Method_alt_Prompt_k1000_clawback0,2,1,0,0,2,0,,0.0,
LLMs4OL_SchemaOrg_SUB,Our_Method_alt_Prompt_k=1000,1,99,288,88,170,88,0.3055555555555556,0.5176470588235295,0.38427947598253276
LLMs4OL_SchemaOrg_SUB,Our_Method_direct_k1000_clawback0,1,102,288,274,560,274,0.9513888888888888,0.48928571428571427,0.6462264150943396
LLMs4OL_SchemaOrg_SUB,Our_Method_full_json_k1000_clawback0,1,102,288,216,412,216,0.75,0.5242718446601942,0.6171428571428571
LLMs4OL_SchemaOrg_SUB,Our_Method_full_k1000_clawback0,1,101,288,264,500,264,0.9166666666666666,0.528,0.6700507614213198
LLMs4OL_SchemaOrg_SUB,Our_Method_isa_k1000_clawback0,1,102,288,258,550,258,0.8958333333333334,0.4690909090909091,0.6157517899761337
LLMs4OL_SchemaOrg_SUB,Our_Method_k1000_clawback0,1,101,288,286,384,286,0.9930555555555556,0.7447916666666666,0.851190476190476
LLMs4OL_SchemaOrg_SUB,Our_Method_k1000_clawback0_gemini31b,1,101,288,286,410,286,0.9930555555555556,0.697560975609756,0.8194842406876791
LLMs4OL_SchemaOrg_SUB,Our_Method_k1000_clawback0_gemma4b,1,102,288,218,420,215,0.7569444444444444,0.5119047619047619,0.6107636174094344
LLMs4OL_SchemaOrg_SUB,Our_Method_k1000_clawback0_gemma4b,2,1,0,0,4,1,,0.25,
LLMs4OL_SchemaOrg_SUB,Our_Method_k1000_clawback10,1,103,288,258,486,253,0.8958333333333334,0.5205761316872428,0.6584952484716422
LLMs4OL_SchemaOrg_SUB,Our_Method_k1000_clawback10,3,1,0,0,2,1,,0.5,
LLMs4OL_SchemaOrg_SUB,Our_Method_k1000_clawback100,1,103,288,210,396,205,0.7291666666666666,0.5176767676767676,0.6054852320675105
LLMs4OL_SchemaOrg_SUB,Our_Method_k1000_clawback100,3,1,0,0,2,1,,0.5,
LLMs4OL_SchemaOrg_SUB,Our_Method_k1000_clawback25,1,102,288,206,369,203,0.7152777777777778,0.5501355013550135,0.6219307247282084
LLMs4OL_SchemaOrg_SUB,Our_Method_k1000_clawback25,2,1,0,0,3,1,,0.3333333333333333,
LLMs4OL_SchemaOrg_SUB,Our_Method_k1000_clawback5,1,103,288,262,498,257,0.9097222222222222,0.5160642570281124,0.6585489896915283
LLMs4OL_SchemaOrg_SUB,Our_Method_k1000_clawback5,3,1,0,0,2,1,,0.5,
LLMs4OL_SchemaOrg_SUB,Our_Method_k1000_clawback50,1,103,288,230,424,225,0.7986111111111112,0.5306603773584906,0.6376293740758995
LLMs4OL_SchemaOrg_SUB,Our_Method_k1000_clawback50,3,1,0,0,2,1,,0.5,
LLMs4OL_SchemaOrg_SUB,Our_Method_k1000_clawback75,1,103,288,228,420,223,0.7916666666666666,0.530952380952381,0.6356135613561357
LLMs4OL_SchemaOrg_SUB,Our_Method_k1000_clawback75,3,1,0,0,2,1,,0.5,
LLMs4OL_SchemaOrg_SUB,Our_Method_legacy_json_k1000_clawback0,1,98,288,56,70,56,0.19444444444444445,0.8,0.3128491620111732
LLMs4OL_SchemaOrg_SUB,Our_Method_legacy_vocab_fix_k1000_clawback0,1,102,288,196,317,190,0.6805555555555556,0.5993690851735016,0.6373874644849896
LLMs4OL_SchemaOrg_SUB,Our_Method_legacy_vocab_fix_k1000_clawback0,2,2,0,0,5,2,,0.4,
LLMs4OL_SchemaOrg_SUB,Our_Method_no_conversational_k1000_clawback0,1,101,288,254,482,254,0.8819444444444444,0.5269709543568465,0.6597402597402597
LLMs4OL_SchemaOrg_SUB,Our_Method_no_example_k1000_clawback0,1,101,288,262,518,262,0.9097222222222222,0.5057915057915058,0.6501240694789082
LLMs4OL_SchemaOrg_SUB,Our_Method_no_quantifier_k1000_clawback0,1,101,288,250,470,250,0.8680555555555556,0.5319148936170213,0.6596306068601583
LLMs4OL_SchemaOrg_SUB,Our_Method_no_restriction_k1000_clawback0,1,102,288,264,490,264,0.9166666666666666,0.5387755102040817,0.6786632390745501
LLMs4OL_SchemaOrg_SUB,Our_Method_oneway_k1000_clawback0,1,101,288,234,440,234,0.8125,0.5318181818181819,0.6428571428571429
LLMs4OL_SchemaOrg_SUB,SBU_Batch,1,97,288,0,0,0,0.0,,
LLMs4OL_SchemaOrg_SUB,SBU_Embedding,1,124,288,34,360,34,0.11805555555555555,0.09444444444444444,0.10493827160493828
LLMs4OL_SchemaOrg_SUB,SingleCall,1,101,288,188,268,188,0.6527777777777778,0.7014925373134329,0.6762589928057554
LLMs4OL_SchemaOrg_SUB,SingleCall_gemini31b,1,100,288,146,210,146,0.5069444444444444,0.6952380952380952,0.5863453815261044
LLMs4OL_SchemaOrg_SUB,SingleCall_gemma4b,1,101,288,144,226,144,0.5,0.6371681415929203,0.5603112840466925
LLMs4OL_SchemaOrg_SUB,SingleCall_matched,1,99,288,132,190,132,0.4583333333333333,0.6947368421052632,0.5523012552301254
LLMs4OL_SchemaOrg_SUB,SingleCall_nomerge,1,101,288,188,268,188,0.6527777777777778,0.7014925373134329,0.6762589928057554
LLMs4OL_SchemaOrg_SUB,TaxoLLaMA_PPL15.0,1,102,288,106,474,106,0.3680555555555556,0.22362869198312235,0.2782152230971129
LLMs4OL_SchemaOrg_SUB,Vector,1,97,288,18,46,18,0.0625,0.391304347826087,0.10778443113772455
SemEvalEnvironment_FULL,LLMZero,1,193,1012,844,1348,844,0.83399209486166,0.6261127596439169,0.7152542372881355
SemEvalEnvironment_FULL,OurMethod,1,200,1012,600,1842,549,0.5928853754940712,0.2980456026058632,0.3966791667569853
SemEvalEnvironment_FULL,OurMethod,2,6,0,0,41,2,,0.04878048780487805,
SemEvalEnvironment_FULL,OurMethod,3,1,0,0,63,19,,0.30158730158730157,
SemEvalEnvironment_FULL,Our_Method_k=1000,1,198,1012,626,1876,597,0.6185770750988142,0.31823027718550106,0.4202570647834741
SemEvalEnvironment_FULL,Our_Method_k=1000,2,6,0,0,66,11,,0.16666666666666666,
SemEvalEnvironment_FULL,SBU_Batch,1,198,1012,518,820,518,0.5118577075098815,0.6317073170731707,0.5655021834061136
SemEvalEnvironment_FULL,TaxoLLaMA_PPL15.0,1,193,1012,172,876,172,0.16996047430830039,0.1963470319634703,0.1822033898305085
SemEvalEnvironment_SUB,LLMZero,1,100,504,390,624,390,0.7738095238095238,0.625,0.6914893617021277
SemEvalEnvironment_SUB,Lexical,1,100,504,46,64,46,0.09126984126984126,0.71875,0.1619718309859155
SemEvalEnvironment_SUB,OurMethod,1,102,504,336,686,330,0.6666666666666666,0.48104956268221577,0.558848433530906
SemEvalEnvironment_SUB,OurMethod,2,2,0,0,8,0,,0.0,
SemEvalEnvironment_SUB,Our_Method_+restructure_k1000_clawback0,1,103,504,298,398,247,0.5912698412698413,0.6206030150753769,0.6055814259621871
SemEvalEnvironment_SUB,Our_Method_+restructure_k1000_clawback0,2,5,0,0,40,27,,0.675,
SemEvalEnvironment_SUB,Our_Method_+restructure_prune_only_top10_+rank_leverage_k1000_clawback0,1,102,504,290,374,239,0.5753968253968254,0.6390374331550802,0.6055496339268553
SemEvalEnvironment_SUB,Our_Method_+restructure_prune_only_top10_+rank_leverage_k1000_clawback0,2,5,0,0,54,27,,0.5,
SemEvalEnvironment_SUB,Our_Method_+restructure_prune_only_top10_+rank_neighborhood_k1000_clawback0,1,103,504,308,393,255,0.6111111111111112,0.648854961832061,0.6294177044766072
SemEvalEnvironment_SUB,Our_Method_+restructure_prune_only_top10_+rank_neighborhood_k1000_clawback0,2,5,0,0,51,27,,0.5294117647058824,
SemEvalEnvironment_SUB,Our_Method_+restructure_prune_only_top10_+rank_salience_k1000_clawback0,1,103,504,304,410,254,0.6031746031746031,0.6195121951219512,0.6112342473560889
SemEvalEnvironment_SUB,Our_Method_+restructure_prune_only_top10_+rank_salience_k1000_clawback0,2,5,0,0,52,24,,0.46153846153846156,
SemEvalEnvironment_SUB,Our_Method_+restructure_prune_only_top10_+rank_self_agreement_k1000_clawback0,1,103,504,308,415,259,0.6111111111111112,0.6240963855421687,0.6175354936599112
SemEvalEnvironment_SUB,Our_Method_+restructure_prune_only_top10_+rank_self_agreement_k1000_clawback0,2,5,0,0,51,23,,0.45098039215686275,
SemEvalEnvironment_SUB,Our_Method_+restructure_prune_only_top10_k1000_clawback0,1,102,504,274,350,223,0.5436507936507936,0.6371428571428571,0.5866956004071208
SemEvalEnvironment_SUB,Our_Method_+restructure_prune_only_top10_k1000_clawback0,2,5,0,0,50,27,,0.54,
SemEvalEnvironment_SUB,Our_Method_+restructure_prune_only_top25_k1000_clawback0,1,102,504,274,350,223,0.5436507936507936,0.6371428571428571,0.5866956004071208
SemEvalEnvironment_SUB,Our_Method_+restructure_prune_only_top25_k1000_clawback0,2,5,0,0,50,27,,0.54,
SemEvalEnvironment_SUB,Our_Method_+restructure_ranked_k1000_clawback0,1,103,504,252,509,242,0.5,0.47544204322200395,0.48741188318227596
SemEvalEnvironment_SUB,Our_Method_+restructure_ranked_k1000_clawback0,2,3,0,0,27,8,,0.2962962962962963,
SemEvalEnvironment_SUB,Our_Method_+restructure_ranked_top25_k1000_clawback0,1,103,504,316,411,263,0.626984126984127,0.6399026763990268,0.6333775359336656
SemEvalEnvironment_SUB,Our_Method_+restructure_ranked_top25_k1000_clawback0,2,5,0,0,51,27,,0.5294117647058824,
SemEvalEnvironment_SUB,Our_Method_alt_Prompt_k1000_clawback0,1,102,504,402,985,375,0.7976190476190477,0.38071065989847713,0.5154110467203447
SemEvalEnvironment_SUB,Our_Method_alt_Prompt_k1000_clawback0,2,3,0,0,65,21,,0.3230769230769231,
SemEvalEnvironment_SUB,Our_Method_alt_Prompt_k=1000,1,101,504,116,349,106,0.23015873015873015,0.3037249283667622,0.26187332282659626
SemEvalEnvironment_SUB,Our_Method_alt_Prompt_k=1000,2,1,0,0,15,10,,0.6666666666666666,
SemEvalEnvironment_SUB,Our_Method_direct_k1000_clawback0,1,102,504,414,621,288,0.8214285714285714,0.463768115942029,0.5928312525171163
SemEvalEnvironment_SUB,Our_Method_direct_k1000_clawback0,2,1,0,0,5,0,,0.0,
SemEvalEnvironment_SUB,Our_Method_direct_k1000_clawback0,3,1,0,0,41,21,,0.5121951219512195,
SemEvalEnvironment_SUB,Our_Method_direct_k1000_clawback0,4,1,0,0,75,75,,1.0,
SemEvalEnvironment_SUB,Our_Method_full_json_k1000_clawback0,1,103,504,316,701,305,0.626984126984127,0.43509272467902993,0.5137033760086985
SemEvalEnvironment_SUB,Our_Method_full_json_k1000_clawback0,2,3,0,0,11,3,,0.2727272727272727,
SemEvalEnvironment_SUB,Our_Method_full_k1000_clawback0,1,102,504,336,682,331,0.6666666666666666,0.48533724340175954,0.5617310140008486
SemEvalEnvironment_SUB,Our_Method_full_k1000_clawback0,2,2,0,0,8,1,,0.125,
SemEvalEnvironment_SUB,Our_Method_isa_k1000_clawback0,1,103,504,364,634,342,0.7222222222222222,0.5394321766561514,0.6175857758021948
SemEvalEnvironment_SUB,Our_Method_isa_k1000_clawback0,2,3,0,0,18,6,,0.3333333333333333,
SemEvalEnvironment_SUB,Our_Method_isa_k1000_clawback0,3,1,0,0,24,12,,0.5,
SemEvalEnvironment_SUB,Our_Method_k1000_clawback0,1,103,504,330,605,303,0.6547619047619048,0.5008264462809917,0.5675413353312786
SemEvalEnvironment_SUB,Our_Method_k1000_clawback0,2,3,0,0,61,23,,0.3770491803278688,
SemEvalEnvironment_SUB,Our_Method_k1000_clawback10,1,103,504,326,563,311,0.6468253968253969,0.5523978685612788,0.5958939938051381
SemEvalEnvironment_SUB,Our_Method_k1000_clawback10,2,3,0,0,35,11,,0.3142857142857143,
SemEvalEnvironment_SUB,Our_Method_k1000_clawback100,1,103,504,290,421,278,0.5753968253968254,0.6603325415676959,0.6149457288655311
SemEvalEnvironment_SUB,Our_Method_k1000_clawback100,2,3,0,0,31,8,,0.25806451612903225,
SemEvalEnvironment_SUB,Our_Method_k1000_clawback25,1,102,504,246,305,196,0.4880952380952381,0.6426229508196721,0.5547999585764093
SemEvalEnvironment_SUB,Our_Method_k1000_clawback25,2,5,0,0,47,26,,0.5531914893617021,
SemEvalEnvironment_SUB,Our_Method_k1000_clawback5,1,103,504,326,572,311,0.6468253968253969,0.5437062937062938,0.5907999627057015
SemEvalEnvironment_SUB,Our_Method_k1000_clawback5,2,3,0,0,36,11,,0.3055555555555556,
SemEvalEnvironment_SUB,Our_Method_k1000_clawback50,1,103,504,304,465,291,0.6031746031746031,0.6258064516129033,0.6142821431547371
SemEvalEnvironment_SUB,Our_Method_k1000_clawback50,2,3,0,0,33,9,,0.2727272727272727,
SemEvalEnvironment_SUB,Our_Method_k1000_clawback75,1,103,504,292,434,279,0.5793650793650794,0.6428571428571429,0.6094619666048239
SemEvalEnvironment_SUB,Our_Method_k1000_clawback75,2,3,0,0,32,9,,0.28125,
SemEvalEnvironment_SUB,Our_Method_legacy_json_k1000_clawback0,1,100,504,70,140,70,0.1388888888888889,0.5,0.2173913043478261
SemEvalEnvironment_SUB,Our_Method_no_conversational_k1000_clawback0,1,102,504,326,734,323,0.6468253968253969,0.44005449591280654,0.5237716252648752
SemEvalEnvironment_SUB,Our_Method_no_conversational_k1000_clawback0,2,2,0,0,8,1,,0.125,
SemEvalEnvironment_SUB,Our_Method_no_example_k1000_clawback0,1,103,504,338,660,322,0.6706349206349206,0.48787878787878786,0.5648419173361565
SemEvalEnvironment_SUB,Our_Method_no_example_k1000_clawback0,2,3,0,0,48,12,,0.25,
SemEvalEnvironment_SUB,Our_Method_no_quantifier_k1000_clawback0,1,104,504,382,791,358,0.7579365079365079,0.4525916561314791,0.5667538344861311
SemEvalEnvironment_SUB,Our_Method_no_quantifier_k1000_clawback0,2,5,0,0,41,10,,0.24390243902439024,
SemEvalEnvironment_SUB,Our_Method_no_restriction_k1000_clawback0,1,104,504,370,716,353,0.7341269841269841,0.4930167597765363,0.5898851031542435
SemEvalEnvironment_SUB,Our_Method_no_restriction_k1000_clawback0,2,4,0,0,48,3,,0.0625,
SemEvalEnvironment_SUB,Our_Method_oneway_k1000_clawback0,1,102,504,296,448,214,0.5873015873015873,0.47767857142857145,0.5268480936855413
SemEvalEnvironment_SUB,Our_Method_oneway_k1000_clawback0,2,5,0,0,82,56,,0.6829268292682927,
SemEvalEnvironment_SUB,SBU_Batch,1,100,504,346,492,346,0.6865079365079365,0.7032520325203252,0.6947791164658634
SemEvalEnvironment_SUB,SBU_Embedding,1,111,504,66,404,66,0.13095238095238096,0.16336633663366337,0.14537444933920707
SemEvalEnvironment_SUB,TaxoLLaMA_PPL15.0,1,100,504,96,518,96,0.19047619047619047,0.18532818532818532,0.18786692759295498
SemEvalEnvironment_SUB,Vector,1,100,504,46,164,46,0.09126984126984126,0.2804878048780488,0.1377245508982036
SemEvalFood_FULL,LLMZero,1,1251,11510,86,98,86,0.007471763683753258,0.8775510204081632,0.014817367332873881
SemEvalFood_FULL,Our_Method_k=1000,1,1260,11510,9810,21669,5932,0.8523023457862728,0.2737551340624856,0.4144053871278929
SemEvalFood_FULL,Our_Method_k=1000,2,9,0,0,693,70,,0.10101010101010101,
SemEvalFood_FULL,Our_Method_k=1000,5,1,0,0,1232,1232,,1.0,
SemEvalFood_FULL,SBU_Batch,1,1459,11510,1534,3004,1534,0.13327541268462206,0.5106524633821571,0.2113821138211382
SemEvalFood_SUB,Density_m1,1,102,818,706,538,359,0.863080684596577,0.6672862453531598,0.7526585398446896
SemEvalFood_SUB,Density_m1,2,2,0,0,11,4,,0.36363636363636365,
SemEvalFood_SUB,Density_m1,6,1,0,0,91,91,,1.0,
SemEvalFood_SUB,Density_m10,1,100,818,358,440,358,0.43765281173594134,0.8136363636363636,0.5691573926868044
SemEvalFood_SUB,Density_m100,1,100,818,450,628,447,0.5501222493887531,0.7117834394904459,0.6205977360446497
SemEvalFood_SUB,Density_m100,2,1,0,0,2,1,,0.5,
SemEvalFood_SUB,Density_m2,1,100,818,584,615,425,0.7139364303178484,0.6910569105691057,0.7023103804417029
SemEvalFood_SUB,Density_m2,2,1,0,0,81,81,,1.0,
SemEvalFood_SUB,Density_m25,1,100,818,280,476,280,0.3422982885085575,0.5882352941176471,0.43276661514683157
SemEvalFood_SUB,Density_m5,1,100,818,360,480,360,0.4400977995110024,0.75,0.5546995377503852
SemEvalFood_SUB,Density_m50,1,102,818,326,503,288,0.39853300733496333,0.5725646123260437,0.46995460028731456
SemEvalFood_SUB,Density_m50,2,1,0,0,2,0,,0.0,
SemEvalFood_SUB,Density_m50,4,1,0,0,27,26,,0.9629629629629629,
SemEvalFood_SUB,LLMZero,1,100,818,394,730,394,0.48166259168704156,0.5397260273972603,0.5090439276485789
SemEvalFood_SUB,Lexical,1,100,818,44,50,44,0.05378973105134474,0.88,0.10138248847926266
SemEvalFood_SUB,OurMethod,1,103,818,684,1074,618,0.8361858190709046,0.5754189944134078,0.6817165803860854
SemEvalFood_SUB,OurMethod,2,3,0,0,92,46,,0.5,
SemEvalFood_SUB,Our_Method_+restructure_k1000_clawback0,1,103,818,254,467,203,0.3105134474327628,0.4346895074946467,0.36225550809352514
SemEvalFood_SUB,Our_Method_+restructure_k1000_clawback0,2,3,0,0,31,21,,0.6774193548387096,
SemEvalFood_SUB,Our_Method_+restructure_prune_only_top10_+rank_leverage_k1000_clawback0,1,102,818,668,537,275,0.8166259168704156,0.5121042830540037,0.6294695939115863
SemEvalFood_SUB,Our_Method_+restructure_prune_only_top10_+rank_leverage_k1000_clawback0,2,3,0,0,33,25,,0.7575757575757576,
SemEvalFood_SUB,Our_Method_+restructure_prune_only_top10_+rank_leverage_k1000_clawback0,9,1,0,0,84,84,,1.0,
SemEvalFood_SUB,Our_Method_+restructure_prune_only_top10_+rank_neighborhood_k1000_clawback0,1,103,818,678,509,267,0.8288508557457213,0.5245579567779961,0.6424966460103495
SemEvalFood_SUB,Our_Method_+restructure_prune_only_top10_+rank_neighborhood_k1000_clawback0,2,3,0,0,34,26,,0.7647058823529411,
SemEvalFood_SUB,Our_Method_+restructure_prune_only_top10_+rank_neighborhood_k1000_clawback0,9,1,0,0,87,87,,1.0,
SemEvalFood_SUB,Our_Method_+restructure_prune_only_top10_+rank_salience_k1000_clawback0,1,103,818,680,534,273,0.8312958435207825,0.5112359550561798,0.6331147239075497
SemEvalFood_SUB,Our_Method_+restructure_prune_only_top10_+rank_salience_k1000_clawback0,2,3,0,0,33,26,,0.7878787878787878,
SemEvalFood_SUB,Our_Method_+restructure_prune_only_top10_+rank_salience_k1000_clawback0,9,1,0,0,85,85,,1.0,
SemEvalFood_SUB,Our_Method_+restructure_prune_only_top10_+rank_self_agreement_k1000_clawback0,1,104,818,686,597,276,0.8386308068459658,0.4623115577889447,0.5960428767058602
SemEvalFood_SUB,Our_Method_+restructure_prune_only_top10_+rank_self_agreement_k1000_clawback0,2,3,0,0,35,26,,0.7428571428571429,
SemEvalFood_SUB,Our_Method_+restructure_prune_only_top10_+rank_self_agreement_k1000_clawback0,9,1,0,0,86,86,,1.0,
SemEvalFood_SUB,Our_Method_+restructure_prune_only_top10_k1000_clawback0,1,103,818,690,521,279,0.843520782396088,0.5355086372360844,0.6551167918980725
SemEvalFood_SUB,Our_Method_+restructure_prune_only_top10_k1000_clawback0,2,3,0,0,34,26,,0.7647058823529411,
SemEvalFood_SUB,Our_Method_+restructure_prune_only_top10_k1000_clawback0,9,1,0,0,87,87,,1.0,
SemEvalFood_SUB,Our_Method_+restructure_prune_only_top25_k1000_clawback0,1,104,818,686,591,279,0.8386308068459658,0.4720812182741117,0.6041019619725779
SemEvalFood_SUB,Our_Method_+restructure_prune_only_top25_k1000_clawback0,2,3,0,0,36,26,,0.7222222222222222,
SemEvalFood_SUB,Our_Method_+restructure_prune_only_top25_k1000_clawback0,9,1,0,0,85,85,,1.0,
SemEvalFood_SUB,Our_Method_+restructure_ranked_k1000_clawback0,1,102,818,18,25,11,0.022004889975550123,0.44,0.04191363251481795
SemEvalFood_SUB,Our_Method_+restructure_ranked_k1000_clawback0,2,1,0,0,1,0,,0.0,
SemEvalFood_SUB,Our_Method_+restructure_ranked_k1000_clawback0,3,1,0,0,2,1,,0.5,
SemEvalFood_SUB,Our_Method_+restructure_ranked_top25_k1000_clawback0,1,104,818,690,596,280,0.843520782396088,0.4697986577181208,0.6034859748859874
SemEvalFood_SUB,Our_Method_+restructure_ranked_top25_k1000_clawback0,2,3,0,0,36,26,,0.7222222222222222,
SemEvalFood_SUB,Our_Method_+restructure_ranked_top25_k1000_clawback0,9,1,0,0,86,86,,1.0,
SemEvalFood_SUB,Our_Method_alt_Prompt_k1000_clawback0,1,106,818,720,1204,524,0.8801955990220048,0.43521594684385384,0.5824415366279896
SemEvalFood_SUB,Our_Method_alt_Prompt_k1000_clawback0,2,4,0,0,127,100,,0.7874015748031497,
SemEvalFood_SUB,Our_Method_alt_Prompt_k1000_clawback0,3,1,0,0,36,0,,0.0,
SemEvalFood_SUB,Our_Method_alt_Prompt_k1000_clawback0,4,1,0,0,61,14,,0.22950819672131148,
SemEvalFood_SUB,Our_Method_alt_Prompt_k=1000,1,100,818,152,346,152,0.18581907090464547,0.4393063583815029,0.2611683848797251
SemEvalFood_SUB,Our_Method_direct_k1000_clawback0,1,102,818,700,751,327,0.8557457212713936,0.43541944074567246,0.5771660115029766
SemEvalFood_SUB,Our_Method_direct_k1000_clawback0,2,1,0,0,42,16,,0.38095238095238093,
SemEvalFood_SUB,Our_Method_direct_k1000_clawback0,3,1,0,0,17,11,,0.6470588235294118,
SemEvalFood_SUB,Our_Method_direct_k1000_clawback0,4,1,0,0,92,92,,1.0,
SemEvalFood_SUB,Our_Method_full_json_k1000_clawback0,1,102,818,662,806,422,0.8092909535452323,0.5235732009925558,0.6358083134570216
SemEvalFood_SUB,Our_Method_full_json_k1000_clawback0,2,2,0,0,92,48,,0.5217391304347826,
SemEvalFood_SUB,Our_Method_full_json_k1000_clawback0,4,1,0,0,84,84,,1.0,
SemEvalFood_SUB,Our_Method_full_k1000_clawback0,1,103,818,700,919,408,0.8557457212713936,0.4439608269858542,0.5846205493304293
SemEvalFood_SUB,Our_Method_full_k1000_clawback0,2,2,0,0,8,2,,0.25,
SemEvalFood_SUB,Our_Method_full_k1000_clawback0,6,1,0,0,91,90,,0.989010989010989,
SemEvalFood_SUB,Our_Method_isa_k1000_clawback0,1,105,818,688,756,467,0.8410757946210269,0.6177248677248677,0.7123021635366806
SemEvalFood_SUB,Our_Method_isa_k1000_clawback0,2,3,0,0,20,11,,0.55,
SemEvalFood_SUB,Our_Method_isa_k1000_clawback0,3,1,0,0,15,11,,0.7333333333333333,
SemEvalFood_SUB,Our_Method_isa_k1000_clawback0,4,1,0,0,87,79,,0.9080459770114943,
SemEvalFood_SUB,Our_Method_k1000_clawback0,1,102,818,690,969,668,0.843520782396088,0.6893704850361198,0.758694818416604
SemEvalFood_SUB,Our_Method_k1000_clawback0,2,2,0,0,11,10,,0.9090909090909091,
SemEvalFood_SUB,Our_Method_k1000_clawback0_gemini31b,1,101,818,714,1121,703,0.8728606356968215,0.6271186440677966,0.7298596530003316
SemEvalFood_SUB,Our_Method_k1000_clawback0_gemini31b,2,1,0,0,1,1,,1.0,
SemEvalFood_SUB,Our_Method_k1000_clawback0_gemma4b,1,103,818,690,551,279,0.843520782396088,0.5063520871143375,0.6328277548766297
SemEvalFood_SUB,Our_Method_k1000_clawback0_gemma4b,2,3,0,0,34,26,,0.7647058823529411,
SemEvalFood_SUB,Our_Method_k1000_clawback0_gemma4b,9,1,0,0,87,87,,1.0,
SemEvalFood_SUB,Our_Method_k1000_clawback10,1,101,818,694,718,412,0.8484107579462102,0.5738161559888579,0.6846049600865788
SemEvalFood_SUB,Our_Method_k1000_clawback10,2,1,0,0,1,1,,1.0,
SemEvalFood_SUB,Our_Method_k1000_clawback10,3,1,0,0,93,93,,1.0,
SemEvalFood_SUB,Our_Method_k1000_clawback100,1,101,818,648,558,376,0.7921760391198044,0.6738351254480287,0.7282291616852374
SemEvalFood_SUB,Our_Method_k1000_clawback100,2,1,0,0,1,1,,1.0,
SemEvalFood_SUB,Our_Method_k1000_clawback100,3,1,0,0,91,91,,1.0,
SemEvalFood_SUB,Our_Method_k1000_clawback25,1,104,818,676,541,270,0.8264058679706602,0.49907578558225507,0.6223234499877254
SemEvalFood_SUB,Our_Method_k1000_clawback25,2,3,0,0,34,25,,0.7352941176470589,
SemEvalFood_SUB,Our_Method_k1000_clawback25,9,1,0,0,85,85,,1.0,
SemEvalFood_SUB,Our_Method_k1000_clawback5,1,101,818,696,748,414,0.8508557457212714,0.553475935828877,0.6706794218280847
SemEvalFood_SUB,Our_Method_k1000_clawback5,2,1,0,0,1,1,,1.0,
SemEvalFood_SUB,Our_Method_k1000_clawback5,3,1,0,0,93,93,,1.0,
SemEvalFood_SUB,Our_Method_k1000_clawback50,1,101,818,662,624,390,0.8092909535452323,0.625,0.705305774557852
SemEvalFood_SUB,Our_Method_k1000_clawback50,2,1,0,0,1,1,,1.0,
SemEvalFood_SUB,Our_Method_k1000_clawback50,3,1,0,0,91,91,,1.0,
SemEvalFood_SUB,Our_Method_k1000_clawback75,1,101,818,648,576,376,0.7921760391198044,0.6527777777777778,0.7157528612723556
SemEvalFood_SUB,Our_Method_k1000_clawback75,2,1,0,0,1,1,,1.0,
SemEvalFood_SUB,Our_Method_k1000_clawback75,3,1,0,0,91,91,,1.0,
SemEvalFood_SUB,Our_Method_k25_clawback0,1,106,818,696,1047,306,0.8508557457212714,0.2922636103151863,0.43507997793712083
SemEvalFood_SUB,Our_Method_k25_clawback0,2,4,0,0,120,17,,0.14166666666666666,
SemEvalFood_SUB,Our_Method_k25_clawback0,3,1,0,0,17,6,,0.35294117647058826,
SemEvalFood_SUB,Our_Method_k25_clawback0,7,1,0,0,84,81,,0.9642857142857143,
SemEvalFood_SUB,Our_Method_legacy_json_k1000_clawback0,1,100,818,152,296,152,0.18581907090464547,0.5135135135135135,0.2728904847396768
SemEvalFood_SUB,Our_Method_no_conversational_k1000_clawback0,1,102,818,692,801,385,0.8459657701711492,0.48064918851435706,0.6130079542395384
SemEvalFood_SUB,Our_Method_no_conversational_k1000_clawback0,2,1,0,0,1,1,,1.0,
SemEvalFood_SUB,Our_Method_no_conversational_k1000_clawback0,3,1,0,0,42,17,,0.40476190476190477,
SemEvalFood_SUB,Our_Method_no_conversational_k1000_clawback0,4,1,0,0,92,91,,0.9891304347826086,
SemEvalFood_SUB,Our_Method_no_example_k1000_clawback0,1,103,818,650,741,450,0.7946210268948656,0.6072874493927125,0.6884377758164166
SemEvalFood_SUB,Our_Method_no_example_k1000_clawback0,2,3,0,0,12,4,,0.3333333333333333,
SemEvalFood_SUB,Our_Method_no_example_k1000_clawback0,5,1,0,0,83,82,,0.9879518072289156,
SemEvalFood_SUB,Our_Method_no_quantifier_k1000_clawback0,1,103,818,702,918,354,0.8581907090464548,0.38562091503267976,0.5321324870879051
SemEvalFood_SUB,Our_Method_no_quantifier_k1000_clawback0,2,2,0,0,15,9,,0.6,
SemEvalFood_SUB,Our_Method_no_quantifier_k1000_clawback0,3,1,0,0,19,11,,0.5789473684210527,
SemEvalFood_SUB,Our_Method_no_quantifier_k1000_clawback0,8,1,0,0,86,84,,0.9767441860465116,
SemEvalFood_SUB,Our_Method_no_restriction_k1000_clawback0,1,102,818,680,1143,622,0.8312958435207825,0.5441819772528433,0.657773188308881
SemEvalFood_SUB,Our_Method_no_restriction_k1000_clawback0,2,2,0,0,89,46,,0.5168539325842697,
SemEvalFood_SUB,Our_Method_oneway_k1000_clawback0,1,102,818,660,492,353,0.8068459657701712,0.717479674796748,0.7595431917245067
SemEvalFood_SUB,Our_Method_oneway_k1000_clawback0,2,2,0,0,3,2,,0.6666666666666666,
SemEvalFood_SUB,Our_Method_oneway_k1000_clawback0,9,1,0,0,83,83,,1.0,
SemEvalFood_SUB,SBU_Batch,1,100,818,222,312,222,0.2713936430317848,0.7115384615384616,0.39292035398230085
SemEvalFood_SUB,SBU_Embedding,1,108,818,100,428,100,0.12224938875305623,0.2336448598130841,0.16051364365971107
SemEvalFood_SUB,SingleCall,1,100,818,188,196,188,0.22982885085574573,0.9591836734693877,0.3708086785009862
SemEvalFood_SUB,SingleCall_gemini31b,1,100,818,326,336,326,0.39853300733496333,0.9702380952380952,0.5649913344887348
SemEvalFood_SUB,SingleCall_gemma4b,1,100,818,354,420,354,0.43276283618581907,0.8428571428571429,0.5718901453957996
SemEvalFood_SUB,SingleCall_matched,1,100,818,360,450,360,0.4400977995110024,0.8,0.5678233438485805
SemEvalFood_SUB,SingleCall_nomerge,1,100,818,188,196,188,0.22982885085574573,0.9591836734693877,0.3708086785009862
SemEvalFood_SUB,TaxoLLaMA_PPL15.0,1,100,818,254,520,254,0.3105134474327628,0.48846153846153845,0.37967115097159937
SemEvalFood_SUB,Vector,1,100,818,46,64,46,0.05623471882640587,0.71875,0.10430839002267574
SemEvalScience_FULL,Our_Method_k=1000,1,95,484,390,459,358,0.8057851239669421,0.7799564270152506,0.7926604254546074
SemEvalScience_FULL,Our_Method_k=1000,2,1,0,0,31,30,,0.967741935483871,
SemEvalScience_FULL,SBU_Batch,1,94,484,466,496,466,0.9628099173553719,0.9395161290322581,0.9510204081632653
SemEvalScience_SUB,LLMZero,1,94,484,446,478,446,0.9214876033057852,0.9330543933054394,0.9272349272349273
SemEvalScience_SUB,Lexical,1,94,484,56,72,56,0.11570247933884298,0.7777777777777778,0.2014388489208633
SemEvalScience_SUB,OurMethod,1,95,484,398,476,366,0.8223140495867769,0.7689075630252101,0.794714560055866
SemEvalScience_SUB,OurMethod,2,1,0,0,32,30,,0.9375,
SemEvalScience_SUB,Our_Method_+restructure_k1000_clawback0,1,95,484,358,455,352,0.7396694214876033,0.7736263736263737,0.756266916323089
SemEvalScience_SUB,Our_Method_+restructure_k1000_clawback0,2,1,0,0,3,2,,0.6666666666666666,
SemEvalScience_SUB,Our_Method_+restructure_prune_only_top10_+rank_leverage_k1000_clawback0,1,95,484,360,465,354,0.743801652892562,0.7612903225806451,0.7524443814652119
SemEvalScience_SUB,Our_Method_+restructure_prune_only_top10_+rank_leverage_k1000_clawback0,2,1,0,0,3,2,,0.6666666666666666,
SemEvalScience_SUB,Our_Method_+restructure_prune_only_top10_+rank_neighborhood_k1000_clawback0,1,95,484,348,447,342,0.71900826446281,0.7651006711409396,0.74133871510259
SemEvalScience_SUB,Our_Method_+restructure_prune_only_top10_+rank_neighborhood_k1000_clawback0,2,1,0,0,3,2,,0.6666666666666666,
SemEvalScience_SUB,Our_Method_+restructure_prune_only_top10_+rank_salience_k1000_clawback0,1,95,484,356,489,350,0.7355371900826446,0.7157464212678937,0.7255068649485856
SemEvalScience_SUB,Our_Method_+restructure_prune_only_top10_+rank_salience_k1000_clawback0,2,1,0,0,3,2,,0.6666666666666666,
SemEvalScience_SUB,Our_Method_+restructure_prune_only_top10_+rank_self_agreement_k1000_clawback0,1,95,484,356,489,350,0.7355371900826446,0.7157464212678937,0.7255068649485856
SemEvalScience_SUB,Our_Method_+restructure_prune_only_top10_+rank_self_agreement_k1000_clawback0,2,1,0,0,3,2,,0.6666666666666666,
SemEvalScience_SUB,Our_Method_+restructure_prune_only_top10_k1000_clawback0,1,95,484,360,479,354,0.743801652892562,0.7390396659707724,0.7414130131248254
SemEvalScience_SUB,Our_Method_+restructure_prune_only_top10_k1000_clawback0,2,1,0,0,3,2,,0.6666666666666666,
SemEvalScience_SUB,Our_Method_+restructure_prune_only_top25_k1000_clawback0,1,95,484,350,451,344,0.7231404958677686,0.7627494456762749,0.7424170484605945
SemEvalScience_SUB,Our_Method_+restructure_prune_only_top25_k1000_clawback0,2,1,0,0,3,2,,0.6666666666666666,
SemEvalScience_SUB,Our_Method_+restructure_ranked_k1000_clawback0,1,94,484,412,552,412,0.8512396694214877,0.7463768115942029,0.7953667953667954
SemEvalScience_SUB,Our_Method_+restructure_ranked_top25_k1000_clawback0,1,95,484,358,443,352,0.7396694214876033,0.7945823927765236,0.7661432019503771
SemEvalScience_SUB,Our_Method_+restructure_ranked_top25_k1000_clawback0,2,1,0,0,3,2,,0.6666666666666666,
SemEvalScience_SUB,Our_Method_alt_Prompt_k1000_clawback0,1,96,484,462,575,417,0.9545454545454546,0.7252173913043478,0.8242270224481152
SemEvalScience_SUB,Our_Method_alt_Prompt_k1000_clawback0,2,1,0,0,41,37,,0.9024390243902439,
SemEvalScience_SUB,Our_Method_alt_Prompt_k=1000,1,94,484,144,162,144,0.2975206611570248,0.8888888888888888,0.4458204334365326
SemEvalScience_SUB,Our_Method_direct_k1000_clawback0,1,94,484,460,742,460,0.9504132231404959,0.6199460916442049,0.7504078303425775
SemEvalScience_SUB,Our_Method_full_json_k1000_clawback0,1,95,484,422,481,384,0.871900826446281,0.7983367983367984,0.8334987835551053
SemEvalScience_SUB,Our_Method_full_json_k1000_clawback0,2,1,0,0,37,36,,0.972972972972973,
SemEvalScience_SUB,Our_Method_full_k1000_clawback0,1,95,484,402,480,370,0.8305785123966942,0.7708333333333334,0.7995914417804538
SemEvalScience_SUB,Our_Method_full_k1000_clawback0,2,1,0,0,32,30,,0.9375,
SemEvalScience_SUB,Our_Method_isa_k1000_clawback0,1,95,484,396,566,392,0.8181818181818182,0.6925795053003534,0.7501594726770148
SemEvalScience_SUB,Our_Method_isa_k1000_clawback0,2,1,0,0,2,0,,0.0,
SemEvalScience_SUB,Our_Method_k1000_clawback0,1,95,484,400,486,368,0.8264462809917356,0.757201646090535,0.7903101108152221
SemEvalScience_SUB,Our_Method_k1000_clawback0,2,1,0,0,32,30,,0.9375,
SemEvalScience_SUB,Our_Method_k1000_clawback10,1,95,484,368,445,345,0.7603305785123967,0.7752808988764045,0.7677329624478442
SemEvalScience_SUB,Our_Method_k1000_clawback10,2,1,0,0,23,21,,0.9130434782608695,
SemEvalScience_SUB,Our_Method_k1000_clawback100,1,95,484,326,370,308,0.6735537190082644,0.8324324324324325,0.7446123726324845
SemEvalScience_SUB,Our_Method_k1000_clawback100,2,1,0,0,16,16,,1.0,
SemEvalScience_SUB,Our_Method_k1000_clawback25,1,95,484,344,435,338,0.7107438016528925,0.7770114942528735,0.7424017980282985
SemEvalScience_SUB,Our_Method_k1000_clawback25,2,1,0,0,3,2,,0.6666666666666666,
SemEvalScience_SUB,Our_Method_k1000_clawback5,1,95,484,368,447,345,0.7603305785123967,0.7718120805369127,0.7660283097418819
SemEvalScience_SUB,Our_Method_k1000_clawback5,2,1,0,0,23,21,,0.9130434782608695,
SemEvalScience_SUB,Our_Method_k1000_clawback50,1,95,484,342,395,321,0.7066115702479339,0.8126582278481013,0.7559338139602141
SemEvalScience_SUB,Our_Method_k1000_clawback50,2,1,0,0,19,19,,1.0,
SemEvalScience_SUB,Our_Method_k1000_clawback75,1,95,484,336,379,315,0.6942148760330579,0.8311345646437994,0.7565295706994897
SemEvalScience_SUB,Our_Method_k1000_clawback75,2,1,0,0,19,19,,1.0,
SemEvalScience_SUB,Our_Method_legacy_json_k1000_clawback0,1,94,484,130,172,130,0.26859504132231404,0.7558139534883721,0.39634146341463417
SemEvalScience_SUB,Our_Method_no_conversational_k1000_clawback0,1,95,484,402,482,370,0.8305785123966942,0.7676348547717843,0.7978672045144886
SemEvalScience_SUB,Our_Method_no_conversational_k1000_clawback0,2,1,0,0,30,30,,1.0,
SemEvalScience_SUB,Our_Method_no_example_k1000_clawback0,1,95,484,396,476,366,0.8181818181818182,0.7689075630252101,0.7927797833935019
SemEvalScience_SUB,Our_Method_no_example_k1000_clawback0,2,1,0,0,30,28,,0.9333333333333333,
SemEvalScience_SUB,Our_Method_no_quantifier_k1000_clawback0,1,95,484,408,584,376,0.8429752066115702,0.6438356164383562,0.7300692910987588
SemEvalScience_SUB,Our_Method_no_quantifier_k1000_clawback0,2,1,0,0,34,30,,0.8823529411764706,
SemEvalScience_SUB,Our_Method_no_restriction_k1000_clawback0,1,94,484,394,540,394,0.8140495867768595,0.7296296296296296,0.76953125
SemEvalScience_SUB,Our_Method_oneway_k1000_clawback0,1,95,484,392,435,359,0.8099173553719008,0.825287356321839,0.8175301211818424
SemEvalScience_SUB,Our_Method_oneway_k1000_clawback0,2,1,0,0,31,31,,1.0,
SemEvalScience_SUB,SBU_Batch,1,94,484,482,508,482,0.9958677685950413,0.9488188976377953,0.971774193548387
SemEvalScience_SUB,SBU_Embedding,1,98,484,78,410,78,0.16115702479338842,0.1902439024390244,0.174496644295302
SemEvalScience_SUB,TaxoLLaMA_PPL15.0,1,94,484,244,364,244,0.5041322314049587,0.6703296703296703,0.5754716981132075
SemEvalScience_SUB,Vector,1,94,484,40,110,40,0.08264462809917356,0.36363636363636365,0.13468013468013468
WordNetFood_SUB,Density_m1,1,101,678,610,674,435,0.8997050147492626,0.6454005934718101,0.7516251929695357
WordNetFood_SUB,Density_m1,2,2,0,0,190,123,,0.6473684210526316,
WordNetFood_SUB,Density_m10,1,100,678,452,552,452,0.6666666666666666,0.8188405797101449,0.734959349593496
WordNetFood_SUB,Density_m100,1,100,678,488,667,367,0.7197640117994101,0.5502248875562219,0.6236780064145201
WordNetFood_SUB,Density_m100,2,3,0,0,85,83,,0.9764705882352941,
WordNetFood_SUB,Density_m2,1,102,678,600,737,454,0.8849557522123894,0.6160108548168249,0.7263883777859553
WordNetFood_SUB,Density_m2,2,3,0,0,103,96,,0.9320388349514563,
WordNetFood_SUB,Density_m25,1,100,678,516,692,516,0.7610619469026548,0.7456647398843931,0.7532846715328467
WordNetFood_SUB,Density_m5,1,100,678,442,572,442,0.6519174041297935,0.7727272727272727,0.7071999999999999
WordNetFood_SUB,Density_m50,1,100,678,456,639,363,0.672566371681416,0.568075117370892,0.6159204313318375
WordNetFood_SUB,Density_m50,2,1,0,0,91,91,,1.0,
WordNetFood_SUB,LLMZero,1,100,678,472,646,472,0.696165191740413,0.7306501547987616,0.7129909365558913
WordNetFood_SUB,Lexical,1,100,678,38,46,38,0.05604719764011799,0.8260869565217391,0.10497237569060773
WordNetFood_SUB,OurMethod,1,100,678,610,742,422,0.8997050147492626,0.568733153638814,0.6969201446795608
WordNetFood_SUB,OurMethod,4,1,0,0,94,94,,1.0,
WordNetFood_SUB,Our_Method_+restructure_k1000_clawback0,1,101,678,406,428,269,0.5988200589970502,0.6285046728971962,0.6133033834058683
WordNetFood_SUB,Our_Method_+restructure_k1000_clawback0,2,2,0,0,53,28,,0.5283018867924528,
WordNetFood_SUB,Our_Method_+restructure_k1000_clawback0,7,1,0,0,45,45,,1.0,
WordNetFood_SUB,Our_Method_+restructure_prune_only_top10_+rank_leverage_k1000_clawback0,1,101,678,584,563,356,0.8613569321533924,0.6323268206039077,0.7292830082783781
WordNetFood_SUB,Our_Method_+restructure_prune_only_top10_+rank_leverage_k1000_clawback0,2,2,0,0,38,29,,0.7631578947368421,
WordNetFood_SUB,Our_Method_+restructure_prune_only_top10_+rank_leverage_k1000_clawback0,7,1,0,0,81,81,,1.0,
WordNetFood_SUB,Our_Method_+restructure_prune_only_top10_+rank_neighborhood_k1000_clawback0,1,102,678,594,531,347,0.8761061946902655,0.6534839924670434,0.74859446502506
WordNetFood_SUB,Our_Method_+restructure_prune_only_top10_+rank_neighborhood_k1000_clawback0,2,2,0,0,37,29,,0.7837837837837838,
WordNetFood_SUB,Our_Method_+restructure_prune_only_top10_+rank_neighborhood_k1000_clawback0,7,1,0,0,88,88,,1.0,
WordNetFood_SUB,Our_Method_+restructure_prune_only_top10_+rank_salience_k1000_clawback0,1,102,678,602,812,361,0.887905604719764,0.4445812807881773,0.5924954538142975
WordNetFood_SUB,Our_Method_+restructure_prune_only_top10_+rank_salience_k1000_clawback0,2,2,0,0,40,29,,0.725,
WordNetFood_SUB,Our_Method_+restructure_prune_only_top10_+rank_salience_k1000_clawback0,7,1,0,0,88,86,,0.9772727272727273,
WordNetFood_SUB,Our_Method_+restructure_prune_only_top10_+rank_self_agreement_k1000_clawback0,1,102,678,610,566,363,0.8997050147492626,0.6413427561837456,0.7488661997314728
WordNetFood_SUB,Our_Method_+restructure_prune_only_top10_+rank_self_agreement_k1000_clawback0,2,2,0,0,38,29,,0.7631578947368421,
WordNetFood_SUB,Our_Method_+restructure_prune_only_top10_+rank_self_agreement_k1000_clawback0,7,1,0,0,88,88,,1.0,
WordNetFood_SUB,Our_Method_+restructure_prune_only_top10_k1000_clawback0,1,102,678,604,543,357,0.8908554572271387,0.6574585635359116,0.7565655821395114
WordNetFood_SUB,Our_Method_+restructure_prune_only_top10_k1000_clawback0,2,2,0,0,37,29,,0.7837837837837838,
WordNetFood_SUB,Our_Method_+restructure_prune_only_top10_k1000_clawback0,7,1,0,0,88,88,,1.0,
WordNetFood_SUB,Our_Method_+restructure_prune_only_top25_k1000_clawback0,1,102,678,592,525,348,0.8731563421828908,0.6628571428571428,0.7536104648610685
WordNetFood_SUB,Our_Method_+restructure_prune_only_top25_k1000_clawback0,2,2,0,0,36,29,,0.8055555555555556,
WordNetFood_SUB,Our_Method_+restructure_prune_only_top25_k1000_clawback0,7,1,0,0,87,87,,1.0,
WordNetFood_SUB,Our_Method_+restructure_ranked_k1000_clawback0,1,100,678,600,640,412,0.8849557522123894,0.64375,0.745323636889902
WordNetFood_SUB,Our_Method_+restructure_ranked_k1000_clawback0,4,1,0,0,94,94,,1.0,
WordNetFood_SUB,Our_Method_+restructure_ranked_top25_k1000_clawback0,1,102,678,598,537,351,0.8820058997050148,0.6536312849162011,0.7508370535714285
WordNetFood_SUB,Our_Method_+restructure_ranked_top25_k1000_clawback0,2,2,0,0,37,29,,0.7837837837837838,
WordNetFood_SUB,Our_Method_+restructure_ranked_top25_k1000_clawback0,7,1,0,0,88,88,,1.0,
WordNetFood_SUB,Our_Method_alt_Prompt_k1000_clawback0,1,101,678,612,1023,420,0.9026548672566371,0.41055718475073316,0.5644045689893681
WordNetFood_SUB,Our_Method_alt_Prompt_k1000_clawback0,2,1,0,0,3,1,,0.3333333333333333,
WordNetFood_SUB,Our_Method_alt_Prompt_k1000_clawback0,4,1,0,0,92,91,,0.9891304347826086,
WordNetFood_SUB,Our_Method_alt_Prompt_k=1000,1,100,678,210,414,210,0.30973451327433627,0.5072463768115942,0.3846153846153846
WordNetFood_SUB,Our_Method_direct_k1000_clawback0,1,101,678,644,1097,586,0.9498525073746312,0.5341841385597083,0.6838054097932913
WordNetFood_SUB,Our_Method_direct_k1000_clawback0,6,1,0,0,87,38,,0.4367816091954023,
WordNetFood_SUB,Our_Method_full_json_k1000_clawback0,1,101,678,618,686,420,0.911504424778761,0.6122448979591837,0.7324878511319188
WordNetFood_SUB,Our_Method_full_json_k1000_clawback0,2,1,0,0,35,9,,0.2571428571428571,
WordNetFood_SUB,Our_Method_full_json_k1000_clawback0,3,1,0,0,93,93,,1.0,
WordNetFood_SUB,Our_Method_full_k1000_clawback0,1,101,678,622,676,416,0.9174041297935103,0.6153846153846154,0.7366395262768319
WordNetFood_SUB,Our_Method_full_k1000_clawback0,2,1,0,0,28,10,,0.35714285714285715,
WordNetFood_SUB,Our_Method_full_k1000_clawback0,4,1,0,0,94,94,,1.0,
WordNetFood_SUB,Our_Method_isa_k1000_clawback0,1,103,678,622,1098,534,0.9174041297935103,0.48633879781420764,0.6356850856644158
WordNetFood_SUB,Our_Method_isa_k1000_clawback0,2,2,0,0,137,53,,0.38686131386861317,
WordNetFood_SUB,Our_Method_isa_k1000_clawback0,3,1,0,0,7,3,,0.42857142857142855,
WordNetFood_SUB,Our_Method_k1000_clawback0,1,100,678,654,707,519,0.9646017699115044,0.7340876944837341,0.833704222238597
WordNetFood_SUB,Our_Method_k1000_clawback0,2,1,0,0,97,97,,1.0,
WordNetFood_SUB,Our_Method_k1000_clawback0_gemini31b,1,101,678,658,698,522,0.9705014749262537,0.7478510028653295,0.844751598622725
WordNetFood_SUB,Our_Method_k1000_clawback0_gemini31b,2,2,0,0,98,96,,0.9795918367346939,
WordNetFood_SUB,Our_Method_k1000_clawback0_gemma4b,1,102,678,610,570,363,0.8997050147492626,0.6368421052631579,0.745789085471208
WordNetFood_SUB,Our_Method_k1000_clawback0_gemma4b,2,2,0,0,38,29,,0.7631578947368421,
WordNetFood_SUB,Our_Method_k1000_clawback0_gemma4b,7,1,0,0,88,88,,1.0,
WordNetFood_SUB,Our_Method_k1000_clawback10,1,100,678,610,647,419,0.8997050147492626,0.6476043276661515,0.7531174862099853
WordNetFood_SUB,Our_Method_k1000_clawback10,4,1,0,0,95,95,,1.0,
WordNetFood_SUB,Our_Method_k1000_clawback100,1,100,678,570,559,385,0.8407079646017699,0.6887298747763864,0.7571679950315702
WordNetFood_SUB,Our_Method_k1000_clawback100,4,1,0,0,93,93,,1.0,
WordNetFood_SUB,Our_Method_k1000_clawback15,1,101,678,620,827,429,0.9144542772861357,0.5187424425634825,0.6619694824054693
WordNetFood_SUB,Our_Method_k1000_clawback15,2,1,0,0,75,1,,0.013333333333333334,
WordNetFood_SUB,Our_Method_k1000_clawback15,3,1,0,0,94,94,,1.0,
WordNetFood_SUB,Our_Method_k1000_clawback2,1,101,678,620,827,429,0.9144542772861357,0.5187424425634825,0.6619694824054693
WordNetFood_SUB,Our_Method_k1000_clawback2,2,1,0,0,75,1,,0.013333333333333334,
WordNetFood_SUB,Our_Method_k1000_clawback2,3,1,0,0,94,94,,1.0,
WordNetFood_SUB,Our_Method_k1000_clawback20,1,100,678,602,633,411,0.887905604719764,0.6492890995260664,0.750077305054841
WordNetFood_SUB,Our_Method_k1000_clawback20,4,1,0,0,95,95,,1.0,
WordNetFood_SUB,Our_Method_k1000_clawback25,1,102,678,580,477,336,0.855457227138643,0.7044025157232704,0.7726159042793597
WordNetFood_SUB,Our_Method_k1000_clawback25,2,2,0,0,36,29,,0.8055555555555556,
WordNetFood_SUB,Our_Method_k1000_clawback25,7,1,0,0,87,87,,1.0,
WordNetFood_SUB,Our_Method_k1000_clawback30,1,101,678,620,819,429,0.9144542772861357,0.5238095238095238,0.6660806719406192
WordNetFood_SUB,Our_Method_k1000_clawback30,2,1,0,0,75,1,,0.013333333333333334,
WordNetFood_SUB,Our_Method_k1000_clawback30,3,1,0,0,94,94,,1.0,
WordNetFood_SUB,Our_Method_k1000_clawback4,1,101,678,620,827,429,0.9144542772861357,0.5187424425634825,0.6619694824054693
WordNetFood_SUB,Our_Method_k1000_clawback4,2,1,0,0,75,1,,0.013333333333333334,
WordNetFood_SUB,Our_Method_k1000_clawback4,3,1,0,0,94,94,,1.0,
WordNetFood_SUB,Our_Method_k1000_clawback40,1,101,678,620,819,429,0.9144542772861357,0.5238095238095238,0.6660806719406192
WordNetFood_SUB,Our_Method_k1000_clawback40,2,1,0,0,75,1,,0.013333333333333334,
WordNetFood_SUB,Our_Method_k1000_clawback40,3,1,0,0,94,94,,1.0,
WordNetFood_SUB,Our_Method_k1000_clawback5,1,100,678,610,653,419,0.8997050147492626,0.6416539050535988,0.7490782694325423
WordNetFood_SUB,Our_Method_k1000_clawback5,4,1,0,0,95,95,,1.0,
WordNetFood_SUB,Our_Method_k1000_clawback50,1,100,678,590,600,402,0.8702064896755162,0.67,0.7570911458832092
WordNetFood_SUB,Our_Method_k1000_clawback50,4,1,0,0,94,94,,1.0,
WordNetFood_SUB,Our_Method_k1000_clawback6,1,101,678,620,827,429,0.9144542772861357,0.5187424425634825,0.6619694824054693
WordNetFood_SUB,Our_Method_k1000_clawback6,2,1,0,0,75,1,,0.013333333333333334,
WordNetFood_SUB,Our_Method_k1000_clawback6,3,1,0,0,94,94,,1.0,
WordNetFood_SUB,Our_Method_k1000_clawback75,1,100,678,578,581,393,0.8525073746312685,0.6764199655765921,0.7543236278624942
WordNetFood_SUB,Our_Method_k1000_clawback75,4,1,0,0,93,93,,1.0,
WordNetFood_SUB,Our_Method_k1000_clawback8,1,101,678,620,827,429,0.9144542772861357,0.5187424425634825,0.6619694824054693
WordNetFood_SUB,Our_Method_k1000_clawback8,2,1,0,0,75,1,,0.013333333333333334,
WordNetFood_SUB,Our_Method_k1000_clawback8,3,1,0,0,94,94,,1.0,
WordNetFood_SUB,Our_Method_k25_clawback0,1,105,678,614,803,356,0.9056047197640118,0.44333748443337484,0.5952642257049877
WordNetFood_SUB,Our_Method_k25_clawback0,2,4,0,0,51,24,,0.47058823529411764,
WordNetFood_SUB,Our_Method_k25_clawback0,7,1,0,0,86,86,,1.0,
WordNetFood_SUB,Our_Method_legacy_json_k1000_clawback0,1,100,678,44,136,44,0.06489675516224189,0.3235294117647059,0.10810810810810811
WordNetFood_SUB,Our_Method_legacy_vocab_fix_k1000_clawback0,1,100,678,590,512,390,0.8702064896755162,0.76171875,0.8123565754633716
WordNetFood_SUB,Our_Method_legacy_vocab_fix_k1000_clawback0,4,1,0,0,96,96,,1.0,
WordNetFood_SUB,Our_Method_no_conversational_k1000_clawback0,1,100,678,600,867,449,0.8849557522123894,0.5178777393310265,0.653390280637674
WordNetFood_SUB,Our_Method_no_conversational_k1000_clawback0,3,1,0,0,95,95,,1.0,
WordNetFood_SUB,Our_Method_no_example_k1000_clawback0,1,101,678,600,938,439,0.8849557522123894,0.4680170575692964,0.6122434748652438
WordNetFood_SUB,Our_Method_no_example_k1000_clawback0,4,1,0,0,88,87,,0.9886363636363636,
WordNetFood_SUB,Our_Method_no_quantifier_k1000_clawback0,1,102,678,646,839,424,0.9528023598820059,0.5053635280095352,0.6604345446347409
WordNetFood_SUB,Our_Method_no_quantifier_k1000_clawback0,2,1,0,0,40,11,,0.275,
WordNetFood_SUB,Our_Method_no_quantifier_k1000_clawback0,3,1,0,0,9,3,,0.3333333333333333,
WordNetFood_SUB,Our_Method_no_quantifier_k1000_clawback0,4,1,0,0,92,92,,1.0,
WordNetFood_SUB,Our_Method_no_restriction_k1000_clawback0,1,100,678,618,974,469,0.911504424778761,0.4815195071868583,0.6301502096935149
WordNetFood_SUB,Our_Method_no_restriction_k1000_clawback0,3,1,0,0,94,93,,0.9893617021276596,
WordNetFood_SUB,Our_Method_oneway_k1000_clawback0,1,101,678,602,605,398,0.887905604719764,0.6578512396694215,0.7557589732104837
WordNetFood_SUB,Our_Method_oneway_k1000_clawback0,2,1,0,0,36,9,,0.25,
WordNetFood_SUB,Our_Method_oneway_k1000_clawback0,4,1,0,0,93,93,,1.0,
WordNetFood_SUB,SBU_Batch,1,100,678,334,452,334,0.49262536873156343,0.7389380530973452,0.5911504424778762
WordNetFood_SUB,SBU_Embedding,1,107,678,76,406,76,0.11209439528023599,0.18719211822660098,0.14022140221402213
WordNetFood_SUB,SingleCall,1,100,678,376,436,376,0.5545722713864307,0.8623853211009175,0.6750448833034112
WordNetFood_SUB,SingleCall_gemini31b,1,100,678,256,378,256,0.3775811209439528,0.6772486772486772,0.48484848484848486
WordNetFood_SUB,SingleCall_gemma4b,1,100,678,440,508,440,0.6489675516224189,0.8661417322834646,0.7419898819561552
WordNetFood_SUB,SingleCall_matched,1,100,678,376,646,376,0.5545722713864307,0.5820433436532507,0.56797583081571
WordNetFood_SUB,SingleCall_nomerge,1,100,678,376,436,376,0.5545722713864307,0.8623853211009175,0.6750448833034112
WordNetFood_SUB,TaxoLLaMA_PPL15.0,1,100,678,298,574,298,0.43952802359882004,0.519163763066202,0.47603833865814693
WordNetFood_SUB,Vector,1,100,678,36,52,36,0.05309734513274336,0.6923076923076923,0.09863013698630137
medium_components_FULL,LLMZero,1,102,362,204,176,134,0.56353591160221,0.7613636363636364,0.6476804245841824
medium_components_FULL,LLMZero,4,1,0,0,54,54,,1.0,
medium_components_FULL,OurMethod,1,103,362,276,314,272,0.7624309392265194,0.8662420382165605,0.8110280454604382
medium_components_FULL,OurMethod,3,1,0,0,2,0,,0.0,
medium_components_FULL,Our_Method_k=1000,1,102,362,236,245,233,0.6519337016574586,0.9510204081632653,0.7735745536907559
medium_components_FULL,Our_Method_k=1000,2,1,0,0,1,1,,1.0,
medium_components_FULL,SBU_Batch,1,102,362,30,30,30,0.08287292817679558,1.0,0.15306122448979592
medium_components_SUB,LLMZero,1,100,356,180,184,180,0.5056179775280899,0.9782608695652174,0.6666666666666667
medium_components_SUB,Lexical,1,100,356,42,42,42,0.11797752808988764,1.0,0.21105527638190955
medium_components_SUB,OurMethod,1,101,356,270,288,263,0.7584269662921348,0.9131944444444444,0.8286461129133894
medium_components_SUB,OurMethod,2,1,0,0,2,1,,0.5,
medium_components_SUB,Our_Method_+restructure_k1000_clawback0,1,102,356,286,294,278,0.8033707865168539,0.9455782312925171,0.8686930489696917
medium_components_SUB,Our_Method_+restructure_k1000_clawback0,2,2,0,0,2,2,,1.0,
medium_components_SUB,Our_Method_+restructure_prune_only_top10_+rank_leverage_k1000_clawback0,1,102,356,278,293,270,0.7808988764044944,0.9215017064846417,0.8453940329102234
medium_components_SUB,Our_Method_+restructure_prune_only_top10_+rank_leverage_k1000_clawback0,2,2,0,0,3,2,,0.6666666666666666,
medium_components_SUB,Our_Method_+restructure_prune_only_top10_+rank_neighborhood_k1000_clawback0,1,102,356,288,301,280,0.8089887640449438,0.9302325581395349,0.8653846153846153
medium_components_SUB,Our_Method_+restructure_prune_only_top10_+rank_neighborhood_k1000_clawback0,2,2,0,0,3,2,,0.6666666666666666,
medium_components_SUB,Our_Method_+restructure_prune_only_top10_+rank_salience_k1000_clawback0,1,102,356,282,289,274,0.7921348314606742,0.9480968858131488,0.8631270874990226
medium_components_SUB,Our_Method_+restructure_prune_only_top10_+rank_salience_k1000_clawback0,2,2,0,0,3,2,,0.6666666666666666,
medium_components_SUB,Our_Method_+restructure_prune_only_top10_+rank_self_agreement_k1000_clawback0,1,102,356,280,287,272,0.7865168539325843,0.9477351916376306,0.8596324890514244
medium_components_SUB,Our_Method_+restructure_prune_only_top10_+rank_self_agreement_k1000_clawback0,2,2,0,0,3,2,,0.6666666666666666,
medium_components_SUB,Our_Method_+restructure_prune_only_top10_k1000_clawback0,1,102,356,278,285,270,0.7808988764044944,0.9473684210526315,0.8561163387510693
medium_components_SUB,Our_Method_+restructure_prune_only_top10_k1000_clawback0,2,2,0,0,3,2,,0.6666666666666666,
medium_components_SUB,Our_Method_+restructure_prune_only_top25_k1000_clawback0,1,102,356,264,275,256,0.7415730337078652,0.9309090909090909,0.8255240142668687
medium_components_SUB,Our_Method_+restructure_prune_only_top25_k1000_clawback0,2,2,0,0,3,2,,0.6666666666666666,
medium_components_SUB,Our_Method_+restructure_ranked_k1000_clawback0,1,100,356,248,258,244,0.6966292134831461,0.9457364341085271,0.8022910479422997
medium_components_SUB,Our_Method_+restructure_ranked_k1000_clawback0,2,2,0,0,2,2,,1.0,
medium_components_SUB,Our_Method_+restructure_ranked_top25_k1000_clawback0,1,102,356,290,297,282,0.8146067415730337,0.9494949494949495,0.8768938784701
medium_components_SUB,Our_Method_+restructure_ranked_top25_k1000_clawback0,2,2,0,0,3,2,,0.6666666666666666,
medium_components_SUB,Our_Method_alt_Prompt_k1000_clawback0,1,102,356,262,293,255,0.7359550561797753,0.8703071672354948,0.7975123249734402
medium_components_SUB,Our_Method_alt_Prompt_k1000_clawback0,2,2,0,0,5,1,,0.2,
medium_components_SUB,Our_Method_alt_Prompt_k=1000,1,100,356,178,188,178,0.5,0.9468085106382979,0.6544117647058824
medium_components_SUB,Our_Method_direct_k1000_clawback0,1,100,356,282,466,282,0.7921348314606742,0.6051502145922747,0.6861313868613138
medium_components_SUB,Our_Method_full_json_k1000_clawback0,1,100,356,270,294,270,0.7584269662921348,0.9183673469387755,0.8307692307692308
medium_components_SUB,Our_Method_full_k1000_clawback0,1,101,356,270,279,262,0.7584269662921348,0.9390681003584229,0.8391359533101623
medium_components_SUB,Our_Method_full_k1000_clawback0,2,3,0,0,5,2,,0.4,
medium_components_SUB,Our_Method_isa_k1000_clawback0,1,100,356,266,286,266,0.7471910112359551,0.9300699300699301,0.8286604361370716
medium_components_SUB,Our_Method_k1000_clawback0,1,102,356,326,389,316,0.9157303370786517,0.8123393316195373,0.8609418745560153
medium_components_SUB,Our_Method_k1000_clawback0,2,2,0,0,3,2,,0.6666666666666666,
medium_components_SUB,Our_Method_k1000_clawback10,1,102,356,234,243,227,0.6573033707865169,0.934156378600823,0.7716489678515914
medium_components_SUB,Our_Method_k1000_clawback10,2,1,0,0,1,1,,1.0,
medium_components_SUB,Our_Method_k1000_clawback100,1,101,356,194,197,191,0.5449438202247191,0.9695431472081218,0.6977234639501383
medium_components_SUB,Our_Method_k1000_clawback100,2,1,0,0,1,1,,1.0,
medium_components_SUB,Our_Method_k1000_clawback25,1,102,356,274,279,266,0.7696629213483146,0.953405017921147,0.8517371539423402
medium_components_SUB,Our_Method_k1000_clawback25,2,2,0,0,3,2,,0.6666666666666666,
medium_components_SUB,Our_Method_k1000_clawback5,1,102,356,242,253,235,0.6797752808988764,0.9288537549407114,0.7850309898817001
medium_components_SUB,Our_Method_k1000_clawback5,2,1,0,0,1,1,,1.0,
medium_components_SUB,Our_Method_k1000_clawback50,1,102,356,216,219,209,0.6067415730337079,0.954337899543379,0.7418411279455747
medium_components_SUB,Our_Method_k1000_clawback50,2,1,0,0,1,1,,1.0,
medium_components_SUB,Our_Method_k1000_clawback75,1,102,356,206,209,199,0.5786516853932584,0.9521531100478469,0.7198370471825668
medium_components_SUB,Our_Method_k1000_clawback75,2,1,0,0,1,1,,1.0,
medium_components_SUB,Our_Method_legacy_json_k1000_clawback0,1,100,356,80,136,80,0.2247191011235955,0.5882352941176471,0.3252032520325203
medium_components_SUB,Our_Method_no_conversational_k1000_clawback0,1,101,356,282,298,282,0.7921348314606742,0.9463087248322147,0.8623853211009175
medium_components_SUB,Our_Method_no_example_k1000_clawback0,1,101,356,260,276,255,0.7303370786516854,0.9239130434782609,0.8157991878922112
medium_components_SUB,Our_Method_no_example_k1000_clawback0,3,1,0,0,2,1,,0.5,
medium_components_SUB,Our_Method_no_quantifier_k1000_clawback0,1,101,356,308,430,306,0.8651685393258427,0.7116279069767442,0.7809227097971629
medium_components_SUB,Our_Method_no_restriction_k1000_clawback0,1,102,356,240,254,230,0.6741573033707865,0.905511811023622,0.7728927471296555
medium_components_SUB,Our_Method_no_restriction_k1000_clawback0,2,3,0,0,4,2,,0.5,
medium_components_SUB,Our_Method_oneway_k1000_clawback0,1,101,356,178,188,173,0.5,0.9202127659574468,0.6479400749063671
medium_components_SUB,Our_Method_oneway_k1000_clawback0,2,2,0,0,2,1,,0.5,
medium_components_SUB,SBU_Batch,1,100,356,124,126,124,0.34831460674157305,0.9841269841269841,0.5145228215767634
medium_components_SUB,SBU_Embedding,1,100,356,56,490,56,0.15730337078651685,0.11428571428571428,0.13238770685579196
medium_components_SUB,TaxoLLaMA_PPL15.0,1,100,356,54,496,54,0.15168539325842698,0.10887096774193548,0.12676056338028172
medium_components_SUB,Vector,1,100,356,36,48,36,0.10112359550561797,0.75,0.17821782178217818
