dataset,parent,child,leverage,neighborhood_agreement,votes,salience,is_fp
CellOntology_SUB200,"cell (cell, contractile cell, electrically active cell, electrically responsive cell, eukaryotic cell, muscle cell)",neuron,56,1.0,2,8,0
CellOntology_SUB200,"cell (cell, contractile cell, electrically active cell, electrically responsive cell, eukaryotic cell, muscle cell)",interlobulary artery endothelial cell,2,1.0,2,4,0
CellOntology_SUB200,"cell (cell, contractile cell, electrically active cell, electrically responsive cell, eukaryotic cell, muscle cell)",phagocyte,16,1.0,2,4,0
CellOntology_SUB200,"cell (cell, contractile cell, electrically active cell, electrically responsive cell, eukaryotic cell, muscle cell)",alpha-beta t cell,6,1.0,2,4,0
CellOntology_SUB200,"cell (cell, contractile cell, electrically active cell, electrically responsive cell, eukaryotic cell, muscle cell)",duct epithelial cell,10,1.0,2,4,0
CellOntology_SUB200,"cell (cell, contractile cell, electrically active cell, electrically responsive cell, eukaryotic cell, muscle cell)","afferent neuron (afferent neuron, sensory neuron)",6,1.0,2,15,0
CellOntology_SUB200,"cell (cell, contractile cell, electrically active cell, electrically responsive cell, eukaryotic cell, muscle cell)",mature alpha-beta t cell,4,1.0,2,3,0
CellOntology_SUB200,"cell (cell, contractile cell, electrically active cell, electrically responsive cell, eukaryotic cell, muscle cell)",brush border epithelial cell,8,1.0,2,4,0
CellOntology_SUB200,"cell (cell, contractile cell, electrically active cell, electrically responsive cell, eukaryotic cell, muscle cell)",androgen secreting cell,2,1.0,2,4,0
CellOntology_SUB200,"cell (cell, contractile cell, electrically active cell, electrically responsive cell, eukaryotic cell, muscle cell)",kidney blood vessel cell,12,1.0,2,4,0
CellOntology_SUB200,"cell (cell, contractile cell, electrically active cell, electrically responsive cell, eukaryotic cell, muscle cell)",peptide hormone secreting cell,8,1.0,2,3,0
CellOntology_SUB200,"cell (cell, contractile cell, electrically active cell, electrically responsive cell, eukaryotic cell, muscle cell)",olfactory epithelial cell,2,1.0,2,4,0
CellOntology_SUB200,"cell (cell, contractile cell, electrically active cell, electrically responsive cell, eukaryotic cell, muscle cell)",splenic macrophage,4,1.0,2,4,0
CellOntology_SUB200,"cell (cell, contractile cell, electrically active cell, electrically responsive cell, eukaryotic cell, muscle cell)","germline-derived nurse cell (germline-derived nurse cell, invertebrate nurse cell)",2,1.0,2,7,0
CellOntology_SUB200,"cell (cell, contractile cell, electrically active cell, electrically responsive cell, eukaryotic cell, muscle cell)",kidney arterial blood vessel cell,8,1.0,2,4,0
CellOntology_SUB200,"cell (cell, contractile cell, electrically active cell, electrically responsive cell, eukaryotic cell, muscle cell)",sensory epithelial cell,10,1.0,2,6,0
CellOntology_SUB200,"cell (cell, contractile cell, electrically active cell, electrically responsive cell, eukaryotic cell, muscle cell)",lymphocyte of b lineage cd19-positive,16,1.0,2,4,0
CellOntology_SUB200,"cell (cell, contractile cell, electrically active cell, electrically responsive cell, eukaryotic cell, muscle cell)",mature t cell,6,1.0,2,4,0
CellOntology_SUB200,"cell (cell, contractile cell, electrically active cell, electrically responsive cell, eukaryotic cell, muscle cell)","blood vessel endothelial cell (blood vessel endothelial cell, endothelial cell of vascular tree)",10,1.0,2,7,0
CellOntology_SUB200,"cell (cell, contractile cell, electrically active cell, electrically responsive cell, eukaryotic cell, muscle cell)",multinucleate cell,14,1.0,2,4,0
CellOntology_SUB200,"cell (cell, contractile cell, electrically active cell, electrically responsive cell, eukaryotic cell, muscle cell)",leukocyte,58,1.0,2,4,0
CellOntology_SUB200,"cell (cell, contractile cell, electrically active cell, electrically responsive cell, eukaryotic cell, muscle cell)",kidney medulla cell,2,1.0,2,4,0
CellOntology_SUB200,"cell (cell, contractile cell, electrically active cell, electrically responsive cell, eukaryotic cell, muscle cell)",strial intermediate cell,2,1.0,2,4,0
CellOntology_SUB200,"cell (cell, contractile cell, electrically active cell, electrically responsive cell, eukaryotic cell, muscle cell)",epithelial cell,112,1.0,2,4,0
CellOntology_SUB200,"cell (cell, contractile cell, electrically active cell, electrically responsive cell, eukaryotic cell, muscle cell)",kidney cell,34,1.0,2,4,0
CellOntology_SUB200,"cell (cell, contractile cell, electrically active cell, electrically responsive cell, eukaryotic cell, muscle cell)",interstitial cell,10,1.0,2,4,0
CellOntology_SUB200,"cell (cell, contractile cell, electrically active cell, electrically responsive cell, eukaryotic cell, muscle cell)",wf4 amacrine cell,2,1.0,2,8,0
CellOntology_SUB200,"cell (cell, contractile cell, electrically active cell, electrically responsive cell, eukaryotic cell, muscle cell)",be cell,4,1.0,2,4,0
CellOntology_SUB200,"cell (cell, contractile cell, electrically active cell, electrically responsive cell, eukaryotic cell, muscle cell)",phagocyte sensu vertebrata,14,1.0,2,4,0
CellOntology_SUB200,"cell (cell, contractile cell, electrically active cell, electrically responsive cell, eukaryotic cell, muscle cell)",pericyte,8,1.0,2,7,0
CellOntology_SUB200,"cell (cell, contractile cell, electrically active cell, electrically responsive cell, eukaryotic cell, muscle cell)",cycling myeloid cell,2,1.0,2,4,0
CellOntology_SUB200,"cell (cell, contractile cell, electrically active cell, electrically responsive cell, eukaryotic cell, muscle cell)",gaba-gly neuron,4,1.0,2,8,0
CellOntology_SUB200,"cell (cell, contractile cell, electrically active cell, electrically responsive cell, eukaryotic cell, muscle cell)",neural cell,82,1.0,2,5,0
CellOntology_SUB200,"cell (cell, contractile cell, electrically active cell, electrically responsive cell, eukaryotic cell, muscle cell)",glial cell,18,1.0,2,4,0
CellOntology_SUB200,"cell (cell, contractile cell, electrically active cell, electrically responsive cell, eukaryotic cell, muscle cell)",neuron associated cell,24,1.0,1,2,0
CellOntology_SUB200,"cell (cell, contractile cell, electrically active cell, electrically responsive cell, eukaryotic cell, muscle cell)",nucleate cell,340,1.0,2,5,0
CellOntology_SUB200,"cell (cell, contractile cell, electrically active cell, electrically responsive cell, eukaryotic cell, muscle cell)",kidney cortex artery cell,6,1.0,2,4,0
CellOntology_SUB200,"cell (cell, contractile cell, electrically active cell, electrically responsive cell, eukaryotic cell, muscle cell)",neurecto-epithelial cell,6,1.0,2,4,0
CellOntology_SUB200,"cell (cell, contractile cell, electrically active cell, electrically responsive cell, eukaryotic cell, muscle cell)",secondary lymphoid organ macrophage,6,1.0,2,4,0
CellOntology_SUB200,"cell (cell, contractile cell, electrically active cell, electrically responsive cell, eukaryotic cell, muscle cell)",striated muscle cell,16,1.0,2,11,0
CellOntology_SUB200,"cell (cell, contractile cell, electrically active cell, electrically responsive cell, eukaryotic cell, muscle cell)",myeloid cell,18,1.0,2,4,0
CellOntology_SUB200,"cell (cell, contractile cell, electrically active cell, electrically responsive cell, eukaryotic cell, muscle cell)",branched duct epithelial cell,6,1.0,2,4,0
CellOntology_SUB200,"cell (cell, contractile cell, electrically active cell, electrically responsive cell, eukaryotic cell, muscle cell)",brain macroglial cell,8,1.0,2,4,0
CellOntology_SUB200,"cell (cell, contractile cell, electrically active cell, electrically responsive cell, eukaryotic cell, muscle cell)",spermatid,2,1.0,2,4,0
CellOntology_SUB200,"cell (cell, contractile cell, electrically active cell, electrically responsive cell, eukaryotic cell, muscle cell)",secretory cell,144,1.0,2,2,0
CellOntology_SUB200,"cell (cell, contractile cell, electrically active cell, electrically responsive cell, eukaryotic cell, muscle cell)",lymphocyte of b lineage,22,1.0,2,4,0
CellOntology_SUB200,"cell (cell, contractile cell, electrically active cell, electrically responsive cell, eukaryotic cell, muscle cell)",astrocyte,8,1.0,2,4,0
CellOntology_SUB200,"cell (cell, contractile cell, electrically active cell, electrically responsive cell, eukaryotic cell, muscle cell)",mesothelial fibroblast of the leptomeninx,6,1.0,2,4,0
CellOntology_SUB200,"cell (cell, contractile cell, electrically active cell, electrically responsive cell, eukaryotic cell, muscle cell)",peripheral sensory neuron,4,1.0,2,8,0
CellOntology_SUB200,"cell (cell, contractile cell, electrically active cell, electrically responsive cell, eukaryotic cell, muscle cell)",macrophage,10,1.0,2,4,0
CellOntology_SUB200,"cell (cell, contractile cell, electrically active cell, electrically responsive cell, eukaryotic cell, muscle cell)",autonomic neuron,14,1.0,2,8,0
CellOntology_SUB200,"cell (cell, contractile cell, electrically active cell, electrically responsive cell, eukaryotic cell, muscle cell)",mucus secreting cell,6,1.0,2,3,0
CellOntology_SUB200,"cell (cell, contractile cell, electrically active cell, electrically responsive cell, eukaryotic cell, muscle cell)",cholangiocyte,4,1.0,2,4,0
CellOntology_SUB200,"cell (cell, contractile cell, electrically active cell, electrically responsive cell, eukaryotic cell, muscle cell)",ecto-epithelial cell,12,1.0,2,4,0
CellOntology_SUB200,"cell (cell, contractile cell, electrically active cell, electrically responsive cell, eukaryotic cell, muscle cell)",kidney interstitial cell,8,1.0,2,4,0
CellOntology_SUB200,"cell (cell, contractile cell, electrically active cell, electrically responsive cell, eukaryotic cell, muscle cell)",splenic metallophillic macrophage,2,1.0,2,4,0
CellOntology_SUB200,"cell (cell, contractile cell, electrically active cell, electrically responsive cell, eukaryotic cell, muscle cell)",myeloid leukocyte,14,1.0,2,4,0
CellOntology_SUB200,"cell (cell, contractile cell, electrically active cell, electrically responsive cell, eukaryotic cell, muscle cell)",enterocyte of epithelium of large intestine,4,1.0,2,4,0
CellOntology_SUB200,"cell (cell, contractile cell, electrically active cell, electrically responsive cell, eukaryotic cell, muscle cell)",epididymis secretory cell,2,1.0,2,4,0
CellOntology_SUB200,"cell (cell, contractile cell, electrically active cell, electrically responsive cell, eukaryotic cell, muscle cell)",wide field retinal amacrine cell,4,1.0,2,8,0
CellOntology_SUB200,"cell (cell, contractile cell, electrically active cell, electrically responsive cell, eukaryotic cell, muscle cell)",vascular leptomeningeal cell,4,1.0,2,4,0
CellOntology_SUB200,"cell (cell, contractile cell, electrically active cell, electrically responsive cell, eukaryotic cell, muscle cell)",intestinal epithelial cell,16,1.0,2,4,0
CellOntology_SUB200,"cell (cell, contractile cell, electrically active cell, electrically responsive cell, eukaryotic cell, muscle cell)",skeletal muscle fiber,6,1.0,2,12,0
CellOntology_SUB200,"cell (cell, contractile cell, electrically active cell, electrically responsive cell, eukaryotic cell, muscle cell)",supporting cell,30,1.0,2,3,0
CellOntology_SUB200,"cell (cell, contractile cell, electrically active cell, electrically responsive cell, eukaryotic cell, muscle cell)","enterocyte (enterocyte, gut absorptive cell)",6,1.0,2,7,0
CellOntology_SUB200,"cell (cell, contractile cell, electrically active cell, electrically responsive cell, eukaryotic cell, muscle cell)",multi fate stem cell,10,1.0,2,3,0
CellOntology_SUB200,"cell (cell, contractile cell, electrically active cell, electrically responsive cell, eukaryotic cell, muscle cell)",mononuclear leukocyte,50,1.0,2,4,0
CellOntology_SUB200,"cell (cell, contractile cell, electrically active cell, electrically responsive cell, eukaryotic cell, muscle cell)",fast muscle myoblast,2,1.0,2,4,0
CellOntology_SUB200,"cell (cell, contractile cell, electrically active cell, electrically responsive cell, eukaryotic cell, muscle cell)",cell of skeletal muscle,14,1.0,2,9,0
CellOntology_SUB200,"cell (cell, contractile cell, electrically active cell, electrically responsive cell, eukaryotic cell, muscle cell)",glomerular mesangial cell,2,1.0,2,8,0
CellOntology_SUB200,"cell (cell, contractile cell, electrically active cell, electrically responsive cell, eukaryotic cell, muscle cell)",schlemms canal endothelial cell,2,1.0,2,4,0
CellOntology_SUB200,"cell (cell, contractile cell, electrically active cell, electrically responsive cell, eukaryotic cell, muscle cell)",mesenchymal stem cell of orbital adipose tissue,2,1.0,2,4,0
CellOntology_SUB200,"cell (cell, contractile cell, electrically active cell, electrically responsive cell, eukaryotic cell, muscle cell)",single nucleate cell,192,1.0,2,4,0
CellOntology_SUB200,"cell (cell, contractile cell, electrically active cell, electrically responsive cell, eukaryotic cell, muscle cell)",l56 non-martinotti sst gabaergic interneuron mmus,2,1.0,2,8,0
CellOntology_SUB200,"cell (cell, contractile cell, electrically active cell, electrically responsive cell, eukaryotic cell, muscle cell)",t cell,12,1.0,2,4,0
CellOntology_SUB200,"cell (cell, contractile cell, electrically active cell, electrically responsive cell, eukaryotic cell, muscle cell)",myoblast,6,1.0,2,4,0
CellOntology_SUB200,"cell (cell, contractile cell, electrically active cell, electrically responsive cell, eukaryotic cell, muscle cell)",renal cortical epithelial cell,2,1.0,2,4,0
CellOntology_SUB200,"cell (cell, contractile cell, electrically active cell, electrically responsive cell, eukaryotic cell, muscle cell)",cultured cell,4,1.0,2,2,0
CellOntology_SUB200,"cell (cell, contractile cell, electrically active cell, electrically responsive cell, eukaryotic cell, muscle cell)","germ cell (germ cell, germ line cell)",8,1.0,2,5,0
CellOntology_SUB200,"cell (cell, contractile cell, electrically active cell, electrically responsive cell, eukaryotic cell, muscle cell)",respiratory tract epithelial cell,6,1.0,2,3,0
CellOntology_SUB200,"cell (cell, contractile cell, electrically active cell, electrically responsive cell, eukaryotic cell, muscle cell)",myotube,2,1.0,2,11,0
CellOntology_SUB200,"cell (cell, contractile cell, electrically active cell, electrically responsive cell, eukaryotic cell, muscle cell)",glomerular cell,4,1.0,2,3,0
CellOntology_SUB200,"cell (cell, contractile cell, electrically active cell, electrically responsive cell, eukaryotic cell, muscle cell)",sympathetic neuron,8,1.0,2,7,0
CellOntology_SUB200,"cell (cell, contractile cell, electrically active cell, electrically responsive cell, eukaryotic cell, muscle cell)",mononuclear phagocyte,12,1.0,2,3,0
CellOntology_SUB200,"cell (cell, contractile cell, electrically active cell, electrically responsive cell, eukaryotic cell, muscle cell)",enteroglial cell,2,1.0,2,3,0
CellOntology_SUB200,"cell (cell, contractile cell, electrically active cell, electrically responsive cell, eukaryotic cell, muscle cell)",b cell,18,1.0,2,3,0
CellOntology_SUB200,"cell (cell, contractile cell, electrically active cell, electrically responsive cell, eukaryotic cell, muscle cell)",visceral muscle cell,2,1.0,2,11,0
CellOntology_SUB200,"cell (cell, contractile cell, electrically active cell, electrically responsive cell, eukaryotic cell, muscle cell)",epithelial cell of nephron,2,1.0,2,3,0
CellOntology_SUB200,"cell (cell, contractile cell, electrically active cell, electrically responsive cell, eukaryotic cell, muscle cell)",astrocyte of the cerebral cortex,4,1.0,2,3,0
CellOntology_SUB200,"cell (cell, contractile cell, electrically active cell, electrically responsive cell, eukaryotic cell, muscle cell)",prebcr-positive large pre-b-ii cell,2,1.0,2,3,0
CellOntology_SUB200,"cell (cell, contractile cell, electrically active cell, electrically responsive cell, eukaryotic cell, muscle cell)",male germ cell,4,1.0,2,3,0
CellOntology_SUB200,"cell (cell, contractile cell, electrically active cell, electrically responsive cell, eukaryotic cell, muscle cell)",auditory epithelial cell,2,1.0,2,3,0
CellOntology_SUB200,"cell (cell, contractile cell, electrically active cell, electrically responsive cell, eukaryotic cell, muscle cell)",neural crest derived neuron,16,1.0,2,7,0
CellOntology_SUB200,"cell (cell, contractile cell, electrically active cell, electrically responsive cell, eukaryotic cell, muscle cell)",gabaergic interneuron,8,1.0,2,7,0
CellOntology_SUB200,"cell (cell, contractile cell, electrically active cell, electrically responsive cell, eukaryotic cell, muscle cell)",cell in vitro,6,1.0,2,2,0
CellOntology_SUB200,"cell (cell, contractile cell, electrically active cell, electrically responsive cell, eukaryotic cell, muscle cell)",endo-epithelial cell,48,1.0,2,3,0
CellOntology_SUB200,"cell (cell, contractile cell, electrically active cell, electrically responsive cell, eukaryotic cell, muscle cell)",epithelial cell of appendix,4,1.0,2,3,0
CellOntology_SUB200,"cell (cell, contractile cell, electrically active cell, electrically responsive cell, eukaryotic cell, muscle cell)",hematopoietic cell,66,1.0,1,1,0
CellOntology_SUB200,"cell (cell, contractile cell, electrically active cell, electrically responsive cell, eukaryotic cell, muscle cell)",glycinergic neuron,8,1.0,2,7,0
CellOntology_SUB200,"cell (cell, contractile cell, electrically active cell, electrically responsive cell, eukaryotic cell, muscle cell)",cortical interneuron,6,1.0,2,7,0
CellOntology_SUB200,"cell (cell, contractile cell, electrically active cell, electrically responsive cell, eukaryotic cell, muscle cell)",seromucus secreting cell,2,1.0,2,2,0
CellOntology_SUB200,"cell (cell, contractile cell, electrically active cell, electrically responsive cell, eukaryotic cell, muscle cell)",intrinsic primary afferent neuron of myenteric plexus,2,1.0,2,7,0
CellOntology_SUB200,"cell (cell, contractile cell, electrically active cell, electrically responsive cell, eukaryotic cell, muscle cell)",epithelial melanocyte,4,1.0,2,3,0
CellOntology_SUB200,"cell (cell, contractile cell, electrically active cell, electrically responsive cell, eukaryotic cell, muscle cell)",endothelial cell,12,1.0,2,3,0
CellOntology_SUB200,"cell (cell, contractile cell, electrically active cell, electrically responsive cell, eukaryotic cell, muscle cell)",kidney cortical cell,18,1.0,2,3,0
CellOntology_SUB200,"cell (cell, contractile cell, electrically active cell, electrically responsive cell, eukaryotic cell, muscle cell)",melanocyte,6,1.0,2,3,0
CellOntology_SUB200,"cell (cell, contractile cell, electrically active cell, electrically responsive cell, eukaryotic cell, muscle cell)",thoracic ganglion thnpy neuron,2,1.0,2,7,0
CellOntology_SUB200,"cell (cell, contractile cell, electrically active cell, electrically responsive cell, eukaryotic cell, muscle cell)",extracellular matrix secreting cell,60,1.0,2,2,0
CellOntology_SUB200,"cell (cell, contractile cell, electrically active cell, electrically responsive cell, eukaryotic cell, muscle cell)",enteric neuron,4,1.0,2,7,0
CellOntology_SUB200,"cell (cell, contractile cell, electrically active cell, electrically responsive cell, eukaryotic cell, muscle cell)",professional antigen presenting cell,30,1.0,2,3,0
CellOntology_SUB200,"cell (cell, contractile cell, electrically active cell, electrically responsive cell, eukaryotic cell, muscle cell)",endocrine cell,14,1.0,2,3,0
CellOntology_SUB200,"cell (cell, contractile cell, electrically active cell, electrically responsive cell, eukaryotic cell, muscle cell)",tissue-resident macrophage,8,1.0,2,3,0
CellOntology_SUB200,"cell (cell, contractile cell, electrically active cell, electrically responsive cell, eukaryotic cell, muscle cell)",syncytial cell,12,1.0,2,2,0
CellOntology_SUB200,"cell (cell, contractile cell, electrically active cell, electrically responsive cell, eukaryotic cell, muscle cell)",vein endothelial cell,2,1.0,2,3,0
CellOntology_SUB200,"cell (cell, contractile cell, electrically active cell, electrically responsive cell, eukaryotic cell, muscle cell)",progenitor cell,4,1.0,2,2,0
CellOntology_SUB200,"cell (cell, contractile cell, electrically active cell, electrically responsive cell, eukaryotic cell, muscle cell)",cerebral cortex glial cell,6,1.0,2,3,0
CellOntology_SUB200,"cell (cell, contractile cell, electrically active cell, electrically responsive cell, eukaryotic cell, muscle cell)",gamete-nursing cell,4,1.0,2,3,0
CellOntology_SUB200,"cell (cell, contractile cell, electrically active cell, electrically responsive cell, eukaryotic cell, muscle cell)",muscle precursor cell,8,1.0,2,3,0
CellOntology_SUB200,"cell (cell, contractile cell, electrically active cell, electrically responsive cell, eukaryotic cell, muscle cell)",large mucus secreting cholangiocyte,2,1.0,2,3,0
CellOntology_SUB200,"cell (cell, contractile cell, electrically active cell, electrically responsive cell, eukaryotic cell, muscle cell)",interneuron,20,1.0,2,7,0
CellOntology_SUB200,"cell (cell, contractile cell, electrically active cell, electrically responsive cell, eukaryotic cell, muscle cell)",central nervous system neuron,20,1.0,2,7,0
CellOntology_SUB200,"cell (cell, contractile cell, electrically active cell, electrically responsive cell, eukaryotic cell, muscle cell)",mesenchymal stem cell of adipose tissue,4,1.0,2,3,0
CellOntology_SUB200,"cell (cell, contractile cell, electrically active cell, electrically responsive cell, eukaryotic cell, muscle cell)",interlobular artery cell,4,1.0,2,2,0
CellOntology_SUB200,"cell (cell, contractile cell, electrically active cell, electrically responsive cell, eukaryotic cell, muscle cell)",vlmc nn vascular leptomeningeal cell mmus,2,1.0,2,3,0
CellOntology_SUB200,"cell (cell, contractile cell, electrically active cell, electrically responsive cell, eukaryotic cell, muscle cell)",smooth muscle cell,10,1.0,2,11,0
CellOntology_SUB200,"cell (cell, contractile cell, electrically active cell, electrically responsive cell, eukaryotic cell, muscle cell)",superior cervical ganglion cgrp neuron,2,1.0,2,7,0
CellOntology_SUB200,"cell (cell, contractile cell, electrically active cell, electrically responsive cell, eukaryotic cell, muscle cell)",columnarcuboidal epithelial cell,14,1.0,2,3,0
CellOntology_SUB200,"cell (cell, contractile cell, electrically active cell, electrically responsive cell, eukaryotic cell, muscle cell)",mesothelial fibroblast,8,1.0,2,3,0
CellOntology_SUB200,"cell (cell, contractile cell, electrically active cell, electrically responsive cell, eukaryotic cell, muscle cell)",polyploid cell,16,1.0,2,3,0
CellOntology_SUB200,"cell (cell, contractile cell, electrically active cell, electrically responsive cell, eukaryotic cell, muscle cell)",connective tissue cell,58,1.0,2,3,0
CellOntology_SUB200,"cell (cell, contractile cell, electrically active cell, electrically responsive cell, eukaryotic cell, muscle cell)",kidney epithelial cell,6,1.0,2,3,0
CellOntology_SUB200,"cell (cell, contractile cell, electrically active cell, electrically responsive cell, eukaryotic cell, muscle cell)",splenocyte,6,1.0,2,3,0
CellOntology_SUB200,"cell (cell, contractile cell, electrically active cell, electrically responsive cell, eukaryotic cell, muscle cell)",experimentally modified cell in vitro,2,1.0,2,2,0
CellOntology_SUB200,"cell (cell, contractile cell, electrically active cell, electrically responsive cell, eukaryotic cell, muscle cell)",endothelial cell of artery,4,1.0,2,3,0
CellOntology_SUB200,"cell (cell, contractile cell, electrically active cell, electrically responsive cell, eukaryotic cell, muscle cell)",mature b cell,6,1.0,2,3,0
CellOntology_SUB200,"cell (cell, contractile cell, electrically active cell, electrically responsive cell, eukaryotic cell, muscle cell)",non-striated muscle cell,12,1.0,2,11,0
CellOntology_SUB200,"cell (cell, contractile cell, electrically active cell, electrically responsive cell, eukaryotic cell, muscle cell)",perivascular cell,14,1.0,2,3,0
CellOntology_SUB200,"cell (cell, contractile cell, electrically active cell, electrically responsive cell, eukaryotic cell, muscle cell)",cerebral cortex gabaergic interneuron,4,1.0,2,7,0
CellOntology_SUB200,"cell (cell, contractile cell, electrically active cell, electrically responsive cell, eukaryotic cell, muscle cell)",inhibitory interneuron,16,1.0,2,7,0
CellOntology_SUB200,"cell (cell, contractile cell, electrically active cell, electrically responsive cell, eukaryotic cell, muscle cell)",gabaergic neuron,16,1.0,2,7,0
CellOntology_SUB200,"cell (cell, contractile cell, electrically active cell, electrically responsive cell, eukaryotic cell, muscle cell)",epithelial cell of alimentary canal,24,1.0,2,3,0
CellOntology_SUB200,"cell (cell, contractile cell, electrically active cell, electrically responsive cell, eukaryotic cell, muscle cell)",intestinal enteroendocrine cell,4,1.0,2,3,0
CellOntology_SUB200,"cell (cell, contractile cell, electrically active cell, electrically responsive cell, eukaryotic cell, muscle cell)",large pre-b-ii cell,4,1.0,2,3,0
CellOntology_SUB200,"cell (cell, contractile cell, electrically active cell, electrically responsive cell, eukaryotic cell, muscle cell)",supporting cell sensu nematoda and protostomia,4,1.0,2,3,0
CellOntology_SUB200,"cell (cell, contractile cell, electrically active cell, electrically responsive cell, eukaryotic cell, muscle cell)",epithelial cell of large intestine,8,1.0,2,3,0
CellOntology_SUB200,"cell (cell, contractile cell, electrically active cell, electrically responsive cell, eukaryotic cell, muscle cell)",chemoreceptor cell,8,1.0,2,7,0
CellOntology_SUB200,"cell (cell, contractile cell, electrically active cell, electrically responsive cell, eukaryotic cell, muscle cell)",pigment cell,8,1.0,2,2,0
CellOntology_SUB200,"cell (cell, contractile cell, electrically active cell, electrically responsive cell, eukaryotic cell, muscle cell)",secretory epithelial cell,12,1.0,2,3,0
CellOntology_SUB200,"cell (cell, contractile cell, electrically active cell, electrically responsive cell, eukaryotic cell, muscle cell)",macroglial cell,12,1.0,2,3,0
CellOntology_SUB200,"cell (cell, contractile cell, electrically active cell, electrically responsive cell, eukaryotic cell, muscle cell)",juxtacanalicular tissue cell,2,1.0,2,3,0
CellOntology_SUB200,"cell (cell, contractile cell, electrically active cell, electrically responsive cell, eukaryotic cell, muscle cell)",sphincter associated smooth muscle cell,2,1.0,2,11,0
CellOntology_SUB200,"cell (cell, contractile cell, electrically active cell, electrically responsive cell, eukaryotic cell, muscle cell)",epithelial cell of upper respiratory tract,4,1.0,2,3,0
CellOntology_SUB200,"cell (cell, contractile cell, electrically active cell, electrically responsive cell, eukaryotic cell, muscle cell)",intrafusal muscle fiber,4,1.0,2,11,0
CellOntology_SUB200,"cell (cell, contractile cell, electrically active cell, electrically responsive cell, eukaryotic cell, muscle cell)",superior cervical ganglion thnpy neuron,2,1.0,2,7,0
CellOntology_SUB200,"cell (cell, contractile cell, electrically active cell, electrically responsive cell, eukaryotic cell, muscle cell)",b cell cd19-positive,8,1.0,2,3,0
CellOntology_SUB200,"cell (cell, contractile cell, electrically active cell, electrically responsive cell, eukaryotic cell, muscle cell)",amacrine cell,6,1.0,2,7,0
CellOntology_SUB200,"cell (cell, contractile cell, electrically active cell, electrically responsive cell, eukaryotic cell, muscle cell)",enterocyte of appendix,2,1.0,2,3,0
CellOntology_SUB200,"cell (cell, contractile cell, electrically active cell, electrically responsive cell, eukaryotic cell, muscle cell)",interlaminar astrocyte,2,1.0,2,3,0
CellOntology_SUB200,"cell (cell, contractile cell, electrically active cell, electrically responsive cell, eukaryotic cell, muscle cell)",enteroendocrine cell,6,1.0,2,5,0
CellOntology_SUB200,"cell (cell, contractile cell, electrically active cell, electrically responsive cell, eukaryotic cell, muscle cell)",lymphocyte,34,1.0,2,3,0
CellOntology_SUB200,"cell (cell, contractile cell, electrically active cell, electrically responsive cell, eukaryotic cell, muscle cell)",trabecular meshwork cell,4,1.0,2,3,0
CellOntology_SUB200,"cell (cell, contractile cell, electrically active cell, electrically responsive cell, eukaryotic cell, muscle cell)",stem cell of gastric gland,2,1.0,2,3,0
CellOntology_SUB200,"cell (cell, contractile cell, electrically active cell, electrically responsive cell, eukaryotic cell, muscle cell)",neuron of the forebrain,16,1.0,2,7,0
CellOntology_SUB200,"cell (cell, contractile cell, electrically active cell, electrically responsive cell, eukaryotic cell, muscle cell)",cartwheel cell,2,1.0,2,7,0
CellOntology_SUB200,"cell (cell, contractile cell, electrically active cell, electrically responsive cell, eukaryotic cell, muscle cell)",steroid hormone secreting cell,4,1.0,2,3,0
CellOntology_SUB200,"cell (cell, contractile cell, electrically active cell, electrically responsive cell, eukaryotic cell, muscle cell)",mucosal-associated invariant t cell,2,1.0,2,3,0
CellOntology_SUB200,"cell (cell, contractile cell, electrically active cell, electrically responsive cell, eukaryotic cell, muscle cell)",scolopale cell,2,1.0,2,3,0
CellOntology_SUB200,"cell (cell, contractile cell, electrically active cell, electrically responsive cell, eukaryotic cell, muscle cell)",retinal cell,8,1.0,2,3,0
CellOntology_SUB200,"cell (cell, contractile cell, electrically active cell, electrically responsive cell, eukaryotic cell, muscle cell)",stuff accumulating cell,28,1.0,2,2,0
CellOntology_SUB200,"cell (cell, contractile cell, electrically active cell, electrically responsive cell, eukaryotic cell, muscle cell)",pre-b-ii cell,6,1.0,2,3,0
CellOntology_SUB200,"cell (cell, contractile cell, electrically active cell, electrically responsive cell, eukaryotic cell, muscle cell)",cerebral cortex neuron,8,1.0,2,7,0
CellOntology_SUB200,"cell (cell, contractile cell, electrically active cell, electrically responsive cell, eukaryotic cell, muscle cell)",precursor b cell,8,1.0,2,3,0
CellOntology_SUB200,"cell (cell, contractile cell, electrically active cell, electrically responsive cell, eukaryotic cell, muscle cell)",astrocyte of the forebrain,6,1.0,2,3,0
CellOntology_SUB200,"cell (cell, contractile cell, electrically active cell, electrically responsive cell, eukaryotic cell, muscle cell)",kidney corpuscule cell,6,1.0,2,3,0
CellOntology_SUB200,"cell (cell, contractile cell, electrically active cell, electrically responsive cell, eukaryotic cell, muscle cell)",peripheral nervous system neuron,20,1.0,2,7,0
CellOntology_SUB200,"cell (cell, contractile cell, electrically active cell, electrically responsive cell, eukaryotic cell, muscle cell)",stromal cell,40,1.0,2,3,0
CellOntology_SUB200,"cell (cell, contractile cell, electrically active cell, electrically responsive cell, eukaryotic cell, muscle cell)",mural cell,16,1.0,2,6,0
CellOntology_SUB200,"cell (cell, contractile cell, electrically active cell, electrically responsive cell, eukaryotic cell, muscle cell)",mesangial cell,4,1.0,2,7,0
CellOntology_SUB200,"cell (cell, contractile cell, electrically active cell, electrically responsive cell, eukaryotic cell, muscle cell)",skeletal muscle myoblast,4,1.0,2,3,0
CellOntology_SUB200,"cell (cell, contractile cell, electrically active cell, electrically responsive cell, eukaryotic cell, muscle cell)",nuclear chain fiber,2,1.0,2,9,0
CellOntology_SUB200,"cell (cell, contractile cell, electrically active cell, electrically responsive cell, eukaryotic cell, muscle cell)",epithelial cell of stomach,4,1.0,2,3,0
CellOntology_SUB200,"cell (cell, contractile cell, electrically active cell, electrically responsive cell, eukaryotic cell, muscle cell)",precursor cell,34,1.0,2,2,0
CellOntology_SUB200,"cell (cell, contractile cell, electrically active cell, electrically responsive cell, eukaryotic cell, muscle cell)",stem cell,12,1.0,2,2,0
CellOntology_SUB200,"cell (cell, contractile cell, electrically active cell, electrically responsive cell, eukaryotic cell, muscle cell)",type l enteroendocrine cell,2,1.0,2,3,0
CellOntology_SUB200,"cell (cell, contractile cell, electrically active cell, electrically responsive cell, eukaryotic cell, muscle cell)",be1 cell,2,1.0,2,3,0
CellOntology_SUB200,"cell (cell, contractile cell, electrically active cell, electrically responsive cell, eukaryotic cell, muscle cell)",renal interstitial pericyte,2,1.0,2,6,0
CellOntology_SUB200,"cell (cell, contractile cell, electrically active cell, electrically responsive cell, eukaryotic cell, muscle cell)",sensory receptor cell,20,1.0,2,5,0
CellOntology_SUB200,"cell (cell, contractile cell, electrically active cell, electrically responsive cell, eukaryotic cell, muscle cell)",strial basal cell,2,1.0,2,3,0
CellOntology_SUB200,"cell (cell, contractile cell, electrically active cell, electrically responsive cell, eukaryotic cell, muscle cell)",mesenchymal stem cell,6,1.0,2,3,0
CellOntology_SUB200,"cell (cell, contractile cell, electrically active cell, electrically responsive cell, eukaryotic cell, muscle cell)",fibroblast,16,1.0,2,3,0
CellOntology_SUB200,"cell (cell, contractile cell, electrically active cell, electrically responsive cell, eukaryotic cell, muscle cell)",motile cell,70,1.0,2,2,0
CellOntology_SUB200,neuron,"afferent neuron (afferent neuron, sensory neuron)",18,1.0,2,4,0
CellOntology_SUB200,neuron,gaba-gly neuron,12,1.0,2,2,0
CellOntology_SUB200,neuron,peripheral sensory neuron,12,1.0,2,2,0
CellOntology_SUB200,neuron,autonomic neuron,42,1.0,2,2,0
CellOntology_SUB200,neuron,wf4 amacrine cell,6,1.0,2,2,0
CellOntology_SUB200,neuron,wide field retinal amacrine cell,12,1.0,2,2,0
CellOntology_SUB200,neuron,l56 non-martinotti sst gabaergic interneuron mmus,6,1.0,2,2,0
CellOntology_SUB200,neuron,sympathetic neuron,24,1.0,2,2,0
CellOntology_SUB200,neuron,neural crest derived neuron,48,1.0,2,2,0
CellOntology_SUB200,neuron,gabaergic interneuron,24,1.0,2,2,0
CellOntology_SUB200,neuron,glycinergic neuron,24,1.0,2,2,0
CellOntology_SUB200,neuron,cortical interneuron,18,1.0,2,2,0
CellOntology_SUB200,neuron,intrinsic primary afferent neuron of myenteric plexus,6,1.0,2,2,0
CellOntology_SUB200,neuron,thoracic ganglion thnpy neuron,6,1.0,2,2,0
CellOntology_SUB200,neuron,enteric neuron,12,1.0,2,2,0
CellOntology_SUB200,neuron,interneuron,60,1.0,2,2,0
CellOntology_SUB200,neuron,central nervous system neuron,60,1.0,2,2,0
CellOntology_SUB200,neuron,superior cervical ganglion cgrp neuron,6,1.0,2,2,0
CellOntology_SUB200,neuron,cerebral cortex gabaergic interneuron,12,1.0,2,2,0
CellOntology_SUB200,neuron,inhibitory interneuron,48,1.0,2,2,0
CellOntology_SUB200,neuron,gabaergic neuron,48,1.0,2,2,0
CellOntology_SUB200,neuron,superior cervical ganglion thnpy neuron,6,1.0,2,2,0
CellOntology_SUB200,neuron,amacrine cell,18,1.0,2,2,0
CellOntology_SUB200,neuron,neuron of the forebrain,48,1.0,2,2,0
CellOntology_SUB200,neuron,cartwheel cell,6,1.0,2,2,0
CellOntology_SUB200,neuron,cerebral cortex neuron,24,1.0,2,2,0
CellOntology_SUB200,neuron,peripheral nervous system neuron,60,1.0,2,2,0
CellOntology_SUB200,nucleate cell,neuron,84,1.0,1,1,1
CellOntology_SUB200,nucleate cell,interlobulary artery endothelial cell,3,1.0,1,1,1
CellOntology_SUB200,nucleate cell,alpha-beta t cell,9,0.5,1,1,0
CellOntology_SUB200,nucleate cell,duct epithelial cell,15,1.0,1,1,1
CellOntology_SUB200,nucleate cell,"afferent neuron (afferent neuron, sensory neuron)",9,1.0,1,2,1
CellOntology_SUB200,nucleate cell,brush border epithelial cell,12,1.0,1,1,1
CellOntology_SUB200,nucleate cell,kidney blood vessel cell,18,0.8,1,1,1
CellOntology_SUB200,nucleate cell,olfactory epithelial cell,3,1.0,1,1,1
CellOntology_SUB200,nucleate cell,splenic macrophage,6,1.0,1,1,0
CellOntology_SUB200,nucleate cell,"germline-derived nurse cell (germline-derived nurse cell, invertebrate nurse cell)",3,1.0,1,2,1
CellOntology_SUB200,nucleate cell,kidney arterial blood vessel cell,12,0.6666666666666666,1,1,1
CellOntology_SUB200,nucleate cell,sensory epithelial cell,15,1.0,1,1,1
CellOntology_SUB200,nucleate cell,lymphocyte of b lineage cd19-positive,24,1.0,1,1,0
CellOntology_SUB200,nucleate cell,mature t cell,9,0.5,1,1,0
CellOntology_SUB200,nucleate cell,"blood vessel endothelial cell (blood vessel endothelial cell, endothelial cell of vascular tree)",15,1.0,1,2,1
CellOntology_SUB200,nucleate cell,multinucleate cell,21,1.0,2,2,0
CellOntology_SUB200,nucleate cell,leukocyte,87,0.9285714285714286,1,1,0
CellOntology_SUB200,nucleate cell,kidney medulla cell,3,1.0,1,1,1
CellOntology_SUB200,nucleate cell,strial intermediate cell,3,1.0,1,1,1
CellOntology_SUB200,nucleate cell,kidney cell,51,0.9375,1,1,1
CellOntology_SUB200,nucleate cell,interstitial cell,15,1.0,1,1,1
CellOntology_SUB200,nucleate cell,wf4 amacrine cell,3,1.0,1,1,1
CellOntology_SUB200,nucleate cell,be cell,6,1.0,1,1,0
CellOntology_SUB200,nucleate cell,phagocyte sensu vertebrata,21,1.0,1,1,1
CellOntology_SUB200,nucleate cell,pericyte,12,1.0,1,1,1
CellOntology_SUB200,nucleate cell,cycling myeloid cell,3,1.0,1,1,1
CellOntology_SUB200,nucleate cell,gaba-gly neuron,6,1.0,1,1,1
CellOntology_SUB200,nucleate cell,glial cell,27,1.0,1,1,1
CellOntology_SUB200,nucleate cell,kidney cortex artery cell,9,0.5,1,1,1
CellOntology_SUB200,nucleate cell,neurecto-epithelial cell,9,1.0,1,1,1
CellOntology_SUB200,nucleate cell,secondary lymphoid organ macrophage,9,1.0,1,1,0
CellOntology_SUB200,nucleate cell,striated muscle cell,24,1.0,1,1,1
CellOntology_SUB200,nucleate cell,branched duct epithelial cell,9,1.0,1,1,1
CellOntology_SUB200,nucleate cell,brain macroglial cell,12,1.0,1,1,1
CellOntology_SUB200,nucleate cell,spermatid,3,1.0,1,1,1
CellOntology_SUB200,nucleate cell,lymphocyte of b lineage,33,1.0,1,1,0
CellOntology_SUB200,nucleate cell,astrocyte,12,1.0,1,1,1
CellOntology_SUB200,nucleate cell,mesothelial fibroblast of the leptomeninx,9,1.0,1,1,1
CellOntology_SUB200,nucleate cell,peripheral sensory neuron,6,1.0,1,1,1
CellOntology_SUB200,nucleate cell,macrophage,15,1.0,1,1,0
CellOntology_SUB200,nucleate cell,autonomic neuron,21,1.0,1,1,1
CellOntology_SUB200,nucleate cell,cholangiocyte,6,1.0,1,1,1
CellOntology_SUB200,nucleate cell,neural cell,123,0.95,1,1,1
CellOntology_SUB200,nucleate cell,kidney interstitial cell,12,1.0,1,1,1
CellOntology_SUB200,nucleate cell,splenic metallophillic macrophage,3,1.0,1,1,0
CellOntology_SUB200,nucleate cell,myeloid leukocyte,21,1.0,1,1,0
CellOntology_SUB200,nucleate cell,enterocyte of epithelium of large intestine,6,1.0,1,1,1
CellOntology_SUB200,nucleate cell,epididymis secretory cell,3,1.0,1,1,1
CellOntology_SUB200,nucleate cell,wide field retinal amacrine cell,6,1.0,1,1,1
CellOntology_SUB200,nucleate cell,vascular leptomeningeal cell,6,1.0,1,1,1
CellOntology_SUB200,nucleate cell,intestinal epithelial cell,24,0.8571428571428571,1,1,1
CellOntology_SUB200,nucleate cell,skeletal muscle fiber,9,1.0,1,1,0
CellOntology_SUB200,nucleate cell,"enterocyte (enterocyte, gut absorptive cell)",9,1.0,1,2,1
CellOntology_SUB200,nucleate cell,mononuclear leukocyte,75,0.9583333333333334,1,1,0
CellOntology_SUB200,nucleate cell,fast muscle myoblast,3,1.0,1,1,1
CellOntology_SUB200,nucleate cell,cell of skeletal muscle,21,1.0,1,1,1
CellOntology_SUB200,nucleate cell,glomerular mesangial cell,3,1.0,1,1,1
CellOntology_SUB200,nucleate cell,schlemms canal endothelial cell,3,1.0,1,1,1
CellOntology_SUB200,nucleate cell,mesenchymal stem cell of orbital adipose tissue,3,1.0,1,1,1
CellOntology_SUB200,nucleate cell,single nucleate cell,288,0.9894736842105263,2,2,0
CellOntology_SUB200,nucleate cell,l56 non-martinotti sst gabaergic interneuron mmus,3,1.0,1,1,1
CellOntology_SUB200,nucleate cell,t cell,18,0.8,1,1,0
CellOntology_SUB200,nucleate cell,myoblast,9,1.0,1,1,1
CellOntology_SUB200,nucleate cell,renal cortical epithelial cell,3,1.0,1,1,1
CellOntology_SUB200,nucleate cell,"germ cell (germ cell, germ line cell)",12,1.0,1,1,1
CellOntology_SUB200,nucleate cell,myotube,3,1.0,1,1,0
CellOntology_SUB200,nucleate cell,glomerular cell,6,1.0,1,1,1
CellOntology_SUB200,nucleate cell,sympathetic neuron,12,1.0,1,1,1
CellOntology_SUB200,nucleate cell,mononuclear phagocyte,18,1.0,1,1,0
CellOntology_SUB200,nucleate cell,enteroglial cell,3,1.0,1,1,1
CellOntology_SUB200,nucleate cell,b cell,27,1.0,1,1,0
CellOntology_SUB200,nucleate cell,visceral muscle cell,3,1.0,1,1,1
CellOntology_SUB200,nucleate cell,epithelial cell of nephron,3,1.0,1,1,1
CellOntology_SUB200,nucleate cell,astrocyte of the cerebral cortex,6,1.0,1,1,1
CellOntology_SUB200,nucleate cell,prebcr-positive large pre-b-ii cell,3,1.0,1,1,0
CellOntology_SUB200,nucleate cell,male germ cell,6,1.0,1,1,1
CellOntology_SUB200,nucleate cell,auditory epithelial cell,3,1.0,1,1,1
CellOntology_SUB200,nucleate cell,neural crest derived neuron,24,1.0,1,1,1
CellOntology_SUB200,nucleate cell,gabaergic interneuron,12,1.0,1,1,1
CellOntology_SUB200,nucleate cell,glycinergic neuron,12,1.0,1,1,1
CellOntology_SUB200,nucleate cell,cortical interneuron,9,1.0,1,1,1
CellOntology_SUB200,nucleate cell,intrinsic primary afferent neuron of myenteric plexus,3,1.0,1,1,1
CellOntology_SUB200,nucleate cell,epithelial melanocyte,6,1.0,1,1,1
CellOntology_SUB200,nucleate cell,endothelial cell,18,1.0,1,1,1
CellOntology_SUB200,nucleate cell,kidney cortical cell,27,0.875,1,1,1
CellOntology_SUB200,nucleate cell,melanocyte,9,1.0,1,1,1
CellOntology_SUB200,nucleate cell,thoracic ganglion thnpy neuron,3,1.0,1,1,1
CellOntology_SUB200,nucleate cell,enteric neuron,6,1.0,1,1,1
CellOntology_SUB200,nucleate cell,professional antigen presenting cell,45,1.0,1,1,0
CellOntology_SUB200,nucleate cell,endocrine cell,21,0.6666666666666666,1,1,1
CellOntology_SUB200,nucleate cell,tissue-resident macrophage,12,1.0,1,1,0
CellOntology_SUB200,nucleate cell,syncytial cell,18,1.0,2,2,0
CellOntology_SUB200,nucleate cell,vein endothelial cell,3,1.0,1,1,1
CellOntology_SUB200,nucleate cell,cerebral cortex glial cell,9,1.0,1,1,1
CellOntology_SUB200,nucleate cell,muscle precursor cell,12,1.0,1,1,1
CellOntology_SUB200,nucleate cell,large mucus secreting cholangiocyte,3,1.0,1,1,1
CellOntology_SUB200,nucleate cell,interneuron,30,1.0,1,1,1
CellOntology_SUB200,nucleate cell,central nervous system neuron,30,1.0,1,1,1
CellOntology_SUB200,nucleate cell,mesenchymal stem cell of adipose tissue,6,1.0,1,1,1
CellOntology_SUB200,nucleate cell,vlmc nn vascular leptomeningeal cell mmus,3,1.0,1,1,1
CellOntology_SUB200,nucleate cell,smooth muscle cell,15,1.0,1,1,1
CellOntology_SUB200,nucleate cell,superior cervical ganglion cgrp neuron,3,1.0,1,1,1
CellOntology_SUB200,nucleate cell,columnarcuboidal epithelial cell,21,1.0,1,1,1
CellOntology_SUB200,nucleate cell,mesothelial fibroblast,12,1.0,1,1,1
CellOntology_SUB200,nucleate cell,polyploid cell,24,1.0,2,2,1
CellOntology_SUB200,nucleate cell,kidney epithelial cell,9,1.0,1,1,1
CellOntology_SUB200,nucleate cell,endothelial cell of artery,6,1.0,1,1,1
CellOntology_SUB200,nucleate cell,mature b cell,9,1.0,1,1,0
CellOntology_SUB200,nucleate cell,non-striated muscle cell,18,1.0,1,1,1
CellOntology_SUB200,nucleate cell,perivascular cell,21,1.0,1,1,1
CellOntology_SUB200,nucleate cell,cerebral cortex gabaergic interneuron,6,1.0,1,1,1
CellOntology_SUB200,nucleate cell,inhibitory interneuron,24,1.0,1,1,1
CellOntology_SUB200,nucleate cell,gabaergic neuron,24,1.0,1,1,1
CellOntology_SUB200,nucleate cell,epithelial cell of alimentary canal,36,0.9090909090909091,1,1,1
CellOntology_SUB200,nucleate cell,intestinal enteroendocrine cell,6,1.0,1,1,1
CellOntology_SUB200,nucleate cell,large pre-b-ii cell,6,1.0,1,1,0
CellOntology_SUB200,nucleate cell,epithelial cell of large intestine,12,0.6666666666666666,1,1,1
CellOntology_SUB200,nucleate cell,chemoreceptor cell,12,1.0,1,1,1
CellOntology_SUB200,nucleate cell,secretory epithelial cell,18,1.0,1,1,1
CellOntology_SUB200,nucleate cell,macroglial cell,18,1.0,1,1,1
CellOntology_SUB200,nucleate cell,juxtacanalicular tissue cell,3,1.0,1,1,1
CellOntology_SUB200,nucleate cell,sphincter associated smooth muscle cell,3,1.0,1,1,1
CellOntology_SUB200,nucleate cell,epithelial cell of upper respiratory tract,6,1.0,1,1,1
CellOntology_SUB200,nucleate cell,intrafusal muscle fiber,6,1.0,1,1,0
CellOntology_SUB200,nucleate cell,superior cervical ganglion thnpy neuron,3,1.0,1,1,1
CellOntology_SUB200,nucleate cell,b cell cd19-positive,12,1.0,1,1,0
CellOntology_SUB200,nucleate cell,amacrine cell,9,1.0,1,1,1
CellOntology_SUB200,nucleate cell,enterocyte of appendix,3,1.0,1,1,1
CellOntology_SUB200,nucleate cell,interlaminar astrocyte,3,1.0,1,1,1
CellOntology_SUB200,nucleate cell,enteroendocrine cell,9,1.0,1,1,1
CellOntology_SUB200,nucleate cell,lymphocyte,51,0.9375,1,1,0
CellOntology_SUB200,nucleate cell,trabecular meshwork cell,6,1.0,1,1,1
CellOntology_SUB200,nucleate cell,stem cell of gastric gland,3,1.0,1,1,1
CellOntology_SUB200,nucleate cell,neuron of the forebrain,24,1.0,1,1,1
CellOntology_SUB200,nucleate cell,cartwheel cell,3,1.0,1,1,1
CellOntology_SUB200,nucleate cell,steroid hormone secreting cell,6,0.0,1,1,1
CellOntology_SUB200,nucleate cell,mucosal-associated invariant t cell,3,1.0,1,1,0
CellOntology_SUB200,nucleate cell,scolopale cell,3,1.0,1,1,1
CellOntology_SUB200,nucleate cell,retinal cell,12,1.0,1,1,1
CellOntology_SUB200,nucleate cell,pre-b-ii cell,9,1.0,1,1,0
CellOntology_SUB200,nucleate cell,cerebral cortex neuron,12,1.0,1,1,1
CellOntology_SUB200,nucleate cell,precursor b cell,12,1.0,1,1,0
CellOntology_SUB200,nucleate cell,astrocyte of the forebrain,9,1.0,1,1,1
CellOntology_SUB200,nucleate cell,kidney corpuscule cell,9,1.0,1,1,1
CellOntology_SUB200,nucleate cell,peripheral nervous system neuron,30,1.0,1,1,1
CellOntology_SUB200,nucleate cell,stromal cell,60,1.0,1,1,1
CellOntology_SUB200,nucleate cell,mural cell,24,1.0,1,1,1
CellOntology_SUB200,nucleate cell,mesangial cell,6,1.0,1,1,1
CellOntology_SUB200,nucleate cell,skeletal muscle myoblast,6,1.0,1,1,1
CellOntology_SUB200,nucleate cell,nuclear chain fiber,3,1.0,1,1,0
CellOntology_SUB200,nucleate cell,epithelial cell of stomach,6,1.0,1,1,1
CellOntology_SUB200,nucleate cell,precursor cell,51,0.8125,1,1,1
CellOntology_SUB200,nucleate cell,type l enteroendocrine cell,3,1.0,1,1,1
CellOntology_SUB200,nucleate cell,be1 cell,3,1.0,1,1,0
CellOntology_SUB200,nucleate cell,renal interstitial pericyte,3,1.0,1,1,1
CellOntology_SUB200,nucleate cell,strial basal cell,3,1.0,1,1,1
CellOntology_SUB200,nucleate cell,mesenchymal stem cell,9,1.0,1,1,1
CellOntology_SUB200,nucleate cell,fibroblast,24,1.0,1,1,1
CellOntology_SUB200,neural cell,neuron,112,1.0,2,2,0
CellOntology_SUB200,neural cell,"afferent neuron (afferent neuron, sensory neuron)",12,1.0,2,4,0
CellOntology_SUB200,neural cell,wf4 amacrine cell,4,1.0,2,2,0
CellOntology_SUB200,neural cell,gaba-gly neuron,8,1.0,2,2,0
CellOntology_SUB200,neural cell,glial cell,36,1.0,2,2,0
CellOntology_SUB200,neural cell,brain macroglial cell,16,1.0,2,2,0
CellOntology_SUB200,neural cell,astrocyte,16,1.0,2,2,0
CellOntology_SUB200,neural cell,peripheral sensory neuron,8,1.0,2,2,0
CellOntology_SUB200,neural cell,autonomic neuron,28,1.0,2,2,0
CellOntology_SUB200,neural cell,wide field retinal amacrine cell,8,1.0,2,2,0
CellOntology_SUB200,neural cell,l56 non-martinotti sst gabaergic interneuron mmus,4,1.0,2,2,0
CellOntology_SUB200,neural cell,sympathetic neuron,16,1.0,2,2,0
CellOntology_SUB200,neural cell,enteroglial cell,4,1.0,2,2,0
CellOntology_SUB200,neural cell,astrocyte of the cerebral cortex,8,1.0,2,2,0
CellOntology_SUB200,neural cell,neural crest derived neuron,32,1.0,2,2,0
CellOntology_SUB200,neural cell,gabaergic interneuron,16,1.0,2,2,0
CellOntology_SUB200,neural cell,glycinergic neuron,16,1.0,2,2,0
CellOntology_SUB200,neural cell,cortical interneuron,12,1.0,2,2,0
CellOntology_SUB200,neural cell,intrinsic primary afferent neuron of myenteric plexus,4,1.0,2,2,0
CellOntology_SUB200,neural cell,neuron associated cell,48,0.8181818181818182,1,1,0
CellOntology_SUB200,neural cell,thoracic ganglion thnpy neuron,4,1.0,2,2,0
CellOntology_SUB200,neural cell,enteric neuron,8,1.0,2,2,0
CellOntology_SUB200,neural cell,cerebral cortex glial cell,12,1.0,2,2,0
CellOntology_SUB200,neural cell,interneuron,40,1.0,2,2,0
CellOntology_SUB200,neural cell,central nervous system neuron,40,1.0,2,2,0
CellOntology_SUB200,neural cell,superior cervical ganglion cgrp neuron,4,1.0,2,2,0
CellOntology_SUB200,neural cell,cerebral cortex gabaergic interneuron,8,1.0,2,2,0
CellOntology_SUB200,neural cell,inhibitory interneuron,32,1.0,2,2,0
CellOntology_SUB200,neural cell,gabaergic neuron,32,1.0,2,2,0
CellOntology_SUB200,neural cell,macroglial cell,24,1.0,2,2,0
CellOntology_SUB200,neural cell,superior cervical ganglion thnpy neuron,4,1.0,2,2,0
CellOntology_SUB200,neural cell,amacrine cell,12,1.0,2,2,0
CellOntology_SUB200,neural cell,interlaminar astrocyte,4,1.0,2,2,0
CellOntology_SUB200,neural cell,neuron of the forebrain,32,1.0,2,2,0
CellOntology_SUB200,neural cell,cartwheel cell,4,1.0,2,2,0
CellOntology_SUB200,neural cell,cerebral cortex neuron,16,1.0,2,2,0
CellOntology_SUB200,neural cell,astrocyte of the forebrain,12,1.0,2,2,0
CellOntology_SUB200,neural cell,peripheral nervous system neuron,40,1.0,2,2,0
CellOntology_SUB200,electrically signaling cell,neuron,28,1.0,2,2,0
CellOntology_SUB200,electrically signaling cell,"afferent neuron (afferent neuron, sensory neuron)",3,1.0,2,4,0
CellOntology_SUB200,electrically signaling cell,wf4 amacrine cell,1,1.0,2,2,0
CellOntology_SUB200,electrically signaling cell,gaba-gly neuron,2,1.0,2,2,0
CellOntology_SUB200,electrically signaling cell,peripheral sensory neuron,2,1.0,2,2,0
CellOntology_SUB200,electrically signaling cell,autonomic neuron,7,1.0,2,2,0
CellOntology_SUB200,electrically signaling cell,wide field retinal amacrine cell,2,1.0,2,2,0
CellOntology_SUB200,electrically signaling cell,"cell (cell, contractile cell, electrically active cell, electrically responsive cell, eukaryotic cell, muscle cell)",192,0.21465968586387435,1,1,1
CellOntology_SUB200,electrically signaling cell,striated muscle cell,8,0.42857142857142855,1,1,1
CellOntology_SUB200,electrically signaling cell,skeletal muscle fiber,3,1.0,1,1,1
CellOntology_SUB200,electrically signaling cell,l56 non-martinotti sst gabaergic interneuron mmus,1,1.0,2,2,0
CellOntology_SUB200,electrically signaling cell,sympathetic neuron,4,1.0,2,2,0
CellOntology_SUB200,electrically signaling cell,visceral muscle cell,1,1.0,1,1,1
CellOntology_SUB200,electrically signaling cell,neural crest derived neuron,8,1.0,2,2,0
CellOntology_SUB200,electrically signaling cell,gabaergic interneuron,4,1.0,2,2,0
CellOntology_SUB200,electrically signaling cell,glycinergic neuron,4,1.0,2,2,0
CellOntology_SUB200,electrically signaling cell,cortical interneuron,3,1.0,2,2,0
CellOntology_SUB200,electrically signaling cell,intrinsic primary afferent neuron of myenteric plexus,1,1.0,2,2,0
CellOntology_SUB200,electrically signaling cell,thoracic ganglion thnpy neuron,1,1.0,2,2,0
CellOntology_SUB200,electrically signaling cell,enteric neuron,2,1.0,2,2,0
CellOntology_SUB200,electrically signaling cell,interneuron,10,1.0,2,2,0
CellOntology_SUB200,electrically signaling cell,central nervous system neuron,10,1.0,2,2,0
CellOntology_SUB200,electrically signaling cell,smooth muscle cell,5,0.5,1,1,1
CellOntology_SUB200,electrically signaling cell,superior cervical ganglion cgrp neuron,1,1.0,2,2,0
CellOntology_SUB200,electrically signaling cell,non-striated muscle cell,6,0.6,1,1,1
CellOntology_SUB200,electrically signaling cell,cerebral cortex gabaergic interneuron,2,1.0,2,2,0
CellOntology_SUB200,electrically signaling cell,inhibitory interneuron,8,1.0,2,2,0
CellOntology_SUB200,electrically signaling cell,gabaergic neuron,8,1.0,2,2,0
CellOntology_SUB200,electrically signaling cell,chemoreceptor cell,4,0.3333333333333333,2,2,1
CellOntology_SUB200,electrically signaling cell,sphincter associated smooth muscle cell,1,1.0,1,1,1
CellOntology_SUB200,electrically signaling cell,intrafusal muscle fiber,2,1.0,1,1,1
CellOntology_SUB200,electrically signaling cell,superior cervical ganglion thnpy neuron,1,1.0,2,2,0
CellOntology_SUB200,electrically signaling cell,amacrine cell,3,1.0,2,2,0
CellOntology_SUB200,electrically signaling cell,neuron of the forebrain,8,1.0,2,2,0
CellOntology_SUB200,electrically signaling cell,cartwheel cell,1,1.0,2,2,0
CellOntology_SUB200,electrically signaling cell,cerebral cortex neuron,4,1.0,2,2,0
CellOntology_SUB200,electrically signaling cell,peripheral nervous system neuron,10,1.0,2,2,0
CellOntology_SUB200,electrically signaling cell,nuclear chain fiber,1,1.0,1,1,1
CellOntology_SUB200,electrically signaling cell,sensory receptor cell,10,0.7777777777777778,1,1,1
CellOntology_SUB200,electrically signaling cell,sensory epithelial cell,5,0.5,1,1,1
CellOntology_SUB200,electrically signaling cell,auditory epithelial cell,1,1.0,1,1,1
CellOntology_SUB200,electrically signaling cell,enteroendocrine cell,3,0.0,1,1,1
CellOntology_SUB200,secretory cell,neuron,84,0.5925925925925926,1,1,1
CellOntology_SUB200,secretory cell,"afferent neuron (afferent neuron, sensory neuron)",9,0.5,1,1,1
CellOntology_SUB200,secretory cell,androgen secreting cell,3,1.0,2,2,0
CellOntology_SUB200,secretory cell,peptide hormone secreting cell,12,1.0,2,2,0
CellOntology_SUB200,secretory cell,gaba-gly neuron,6,1.0,1,1,0
CellOntology_SUB200,secretory cell,mucus secreting cell,9,1.0,2,2,0
CellOntology_SUB200,secretory cell,epididymis secretory cell,3,1.0,2,2,0
CellOntology_SUB200,secretory cell,seromucus secreting cell,3,1.0,2,2,0
CellOntology_SUB200,secretory cell,extracellular matrix secreting cell,90,0.1724137931034483,2,2,1
CellOntology_SUB200,secretory cell,endocrine cell,21,1.0,2,2,0
CellOntology_SUB200,secretory cell,secretory epithelial cell,18,1.0,2,2,0
CellOntology_SUB200,secretory cell,steroid hormone secreting cell,6,1.0,2,2,0
CellOntology_SUB200,secretory cell,enteroendocrine cell,9,1.0,2,2,0
CellOntology_SUB200,secretory cell,intestinal enteroendocrine cell,6,1.0,2,2,0
CellOntology_SUB200,secretory cell,type l enteroendocrine cell,3,1.0,2,2,0
CellOntology_SUB200,secretory cell,large mucus secreting cholangiocyte,3,1.0,2,2,0
CellOntology_SUB200,secretory cell,fibroblast,24,0.5714285714285714,2,2,1
CellOntology_SUB200,secretory cell,mesothelial fibroblast,12,1.0,2,2,1
CellOntology_SUB200,secretory cell,mesothelial fibroblast of the leptomeninx,9,1.0,2,2,1
CellOntology_SUB200,secretory cell,vascular leptomeningeal cell,6,1.0,2,2,1
CellOntology_SUB200,secretory cell,vlmc nn vascular leptomeningeal cell mmus,3,1.0,2,2,1
CellOntology_SUB200,secretory cell,l56 non-martinotti sst gabaergic interneuron mmus,3,1.0,1,1,0
CellOntology_SUB200,secretory cell,sympathetic neuron,12,1.0,1,1,1
CellOntology_SUB200,secretory cell,gabaergic interneuron,12,1.0,1,1,0
CellOntology_SUB200,secretory cell,glycinergic neuron,12,0.6666666666666666,1,1,0
CellOntology_SUB200,secretory cell,intrinsic primary afferent neuron of myenteric plexus,3,1.0,1,1,1
CellOntology_SUB200,secretory cell,thoracic ganglion thnpy neuron,3,1.0,1,1,1
CellOntology_SUB200,secretory cell,superior cervical ganglion cgrp neuron,3,1.0,1,1,1
CellOntology_SUB200,secretory cell,cerebral cortex gabaergic interneuron,6,1.0,1,1,0
CellOntology_SUB200,secretory cell,gabaergic neuron,24,0.7142857142857143,1,1,0
CellOntology_SUB200,secretory cell,superior cervical ganglion thnpy neuron,3,1.0,1,1,1
CellOntology_SUB200,secretory cell,amacrine cell,9,0.0,1,1,1
CellOntology_SUB200,secretory cell,cartwheel cell,3,1.0,1,1,0
CellOntology_SUB200,secretory cell,scolopale cell,3,1.0,1,1,1
CellOntology_SUB200,secretory cell,cerebral cortex neuron,12,0.6666666666666666,1,1,1
CellOntology_SUB200,secretory cell,peripheral nervous system neuron,30,0.5555555555555556,1,1,1
CellOntology_SUB200,"afferent neuron (afferent neuron, sensory neuron)",peripheral sensory neuron,18,1.0,2,4,0
CellOntology_SUB200,"afferent neuron (afferent neuron, sensory neuron)",intrinsic primary afferent neuron of myenteric plexus,9,1.0,2,4,0
CellOntology_SUB200,gaba-gly neuron,cartwheel cell,10,1.0,2,2,0
CellOntology_SUB200,peripheral sensory neuron,intrinsic primary afferent neuron of myenteric plexus,11,1.0,2,2,0
CellOntology_SUB200,autonomic neuron,sympathetic neuron,40,1.0,2,2,0
CellOntology_SUB200,autonomic neuron,enteric neuron,20,1.0,2,2,0
CellOntology_SUB200,autonomic neuron,intrinsic primary afferent neuron of myenteric plexus,10,1.0,2,2,0
CellOntology_SUB200,autonomic neuron,superior cervical ganglion cgrp neuron,10,1.0,2,2,0
CellOntology_SUB200,autonomic neuron,superior cervical ganglion thnpy neuron,10,1.0,2,2,0
CellOntology_SUB200,autonomic neuron,thoracic ganglion thnpy neuron,10,1.0,2,2,0
CellOntology_SUB200,wide field retinal amacrine cell,wf4 amacrine cell,15,1.0,2,2,0
CellOntology_SUB200,sympathetic neuron,thoracic ganglion thnpy neuron,11,1.0,2,2,0
CellOntology_SUB200,sympathetic neuron,superior cervical ganglion cgrp neuron,11,1.0,2,2,0
CellOntology_SUB200,sympathetic neuron,superior cervical ganglion thnpy neuron,11,1.0,2,2,0
CellOntology_SUB200,neural crest derived neuron,autonomic neuron,63,1.0,1,1,1
CellOntology_SUB200,neural crest derived neuron,sympathetic neuron,36,1.0,2,2,1
CellOntology_SUB200,neural crest derived neuron,enteric neuron,18,1.0,2,2,0
CellOntology_SUB200,neural crest derived neuron,intrinsic primary afferent neuron of myenteric plexus,9,1.0,2,2,0
CellOntology_SUB200,neural crest derived neuron,superior cervical ganglion cgrp neuron,9,1.0,2,2,1
CellOntology_SUB200,neural crest derived neuron,superior cervical ganglion thnpy neuron,9,1.0,2,2,1
CellOntology_SUB200,neural crest derived neuron,thoracic ganglion thnpy neuron,9,1.0,2,2,1
CellOntology_SUB200,gabaergic interneuron,l56 non-martinotti sst gabaergic interneuron mmus,11,1.0,2,2,0
CellOntology_SUB200,gabaergic interneuron,cerebral cortex gabaergic interneuron,22,1.0,2,2,0
CellOntology_SUB200,gabaergic interneuron,cartwheel cell,11,1.0,2,2,1
CellOntology_SUB200,glycinergic neuron,gaba-gly neuron,14,1.0,2,2,0
CellOntology_SUB200,glycinergic neuron,cartwheel cell,7,1.0,2,2,0
CellOntology_SUB200,glycinergic neuron,wf4 amacrine cell,7,1.0,1,1,1
CellOntology_SUB200,cortical interneuron,l56 non-martinotti sst gabaergic interneuron mmus,12,1.0,2,2,0
CellOntology_SUB200,cortical interneuron,cerebral cortex gabaergic interneuron,24,1.0,2,2,0
CellOntology_SUB200,enteric neuron,intrinsic primary afferent neuron of myenteric plexus,11,1.0,2,2,0
CellOntology_SUB200,interneuron,wf4 amacrine cell,8,1.0,2,2,0
CellOntology_SUB200,interneuron,wide field retinal amacrine cell,16,1.0,2,2,0
CellOntology_SUB200,interneuron,l56 non-martinotti sst gabaergic interneuron mmus,8,1.0,2,2,0
CellOntology_SUB200,interneuron,gabaergic interneuron,32,1.0,2,2,0
CellOntology_SUB200,interneuron,cortical interneuron,24,1.0,2,2,0
CellOntology_SUB200,interneuron,cerebral cortex gabaergic interneuron,16,1.0,2,2,0
CellOntology_SUB200,interneuron,inhibitory interneuron,64,1.0,2,2,0
CellOntology_SUB200,interneuron,amacrine cell,24,1.0,2,2,0
CellOntology_SUB200,interneuron,cartwheel cell,8,1.0,2,2,1
CellOntology_SUB200,central nervous system neuron,wf4 amacrine cell,7,1.0,2,2,0
CellOntology_SUB200,central nervous system neuron,wide field retinal amacrine cell,14,1.0,2,2,0
CellOntology_SUB200,central nervous system neuron,l56 non-martinotti sst gabaergic interneuron mmus,7,1.0,2,2,0
CellOntology_SUB200,central nervous system neuron,cortical interneuron,21,1.0,2,2,0
CellOntology_SUB200,central nervous system neuron,cerebral cortex gabaergic interneuron,14,1.0,2,2,0
CellOntology_SUB200,central nervous system neuron,amacrine cell,21,1.0,2,2,0
CellOntology_SUB200,central nervous system neuron,neuron of the forebrain,56,1.0,2,2,0
CellOntology_SUB200,central nervous system neuron,cartwheel cell,7,1.0,2,2,0
CellOntology_SUB200,central nervous system neuron,cerebral cortex neuron,28,1.0,2,2,0
CellOntology_SUB200,cerebral cortex gabaergic interneuron,l56 non-martinotti sst gabaergic interneuron mmus,16,1.0,2,2,0
CellOntology_SUB200,inhibitory interneuron,wf4 amacrine cell,9,1.0,2,2,1
CellOntology_SUB200,inhibitory interneuron,wide field retinal amacrine cell,18,1.0,2,2,1
CellOntology_SUB200,inhibitory interneuron,l56 non-martinotti sst gabaergic interneuron mmus,9,1.0,2,2,0
CellOntology_SUB200,inhibitory interneuron,gabaergic interneuron,36,1.0,2,2,0
CellOntology_SUB200,inhibitory interneuron,cerebral cortex gabaergic interneuron,18,1.0,2,2,0
CellOntology_SUB200,inhibitory interneuron,amacrine cell,27,1.0,1,1,1
CellOntology_SUB200,inhibitory interneuron,cartwheel cell,9,1.0,2,2,1
CellOntology_SUB200,gabaergic neuron,gaba-gly neuron,16,1.0,2,2,0
CellOntology_SUB200,gabaergic neuron,l56 non-martinotti sst gabaergic interneuron mmus,8,1.0,2,2,0
CellOntology_SUB200,gabaergic neuron,gabaergic interneuron,32,1.0,2,2,0
CellOntology_SUB200,gabaergic neuron,cerebral cortex gabaergic interneuron,16,1.0,2,2,0
CellOntology_SUB200,gabaergic neuron,cartwheel cell,8,1.0,2,2,0
CellOntology_SUB200,gabaergic neuron,wf4 amacrine cell,8,1.0,1,1,1
CellOntology_SUB200,gabaergic neuron,wide field retinal amacrine cell,16,1.0,1,1,1
CellOntology_SUB200,amacrine cell,wf4 amacrine cell,13,1.0,2,2,0
CellOntology_SUB200,amacrine cell,wide field retinal amacrine cell,26,1.0,2,2,0
CellOntology_SUB200,neuron of the forebrain,l56 non-martinotti sst gabaergic interneuron mmus,8,1.0,2,2,0
CellOntology_SUB200,neuron of the forebrain,cortical interneuron,24,1.0,2,2,0
CellOntology_SUB200,neuron of the forebrain,cerebral cortex gabaergic interneuron,16,1.0,2,2,0
CellOntology_SUB200,neuron of the forebrain,cerebral cortex neuron,32,1.0,2,2,0
CellOntology_SUB200,neuron of the forebrain,amacrine cell,24,1.0,1,1,1
CellOntology_SUB200,neuron of the forebrain,wf4 amacrine cell,8,1.0,1,1,1
CellOntology_SUB200,neuron of the forebrain,wide field retinal amacrine cell,16,1.0,1,1,1
CellOntology_SUB200,cerebral cortex neuron,l56 non-martinotti sst gabaergic interneuron mmus,10,1.0,2,2,0
CellOntology_SUB200,cerebral cortex neuron,cortical interneuron,30,1.0,2,2,0
CellOntology_SUB200,cerebral cortex neuron,cerebral cortex gabaergic interneuron,20,1.0,2,2,0
CellOntology_SUB200,peripheral nervous system neuron,peripheral sensory neuron,14,1.0,2,2,0
CellOntology_SUB200,peripheral nervous system neuron,autonomic neuron,49,1.0,2,2,0
CellOntology_SUB200,peripheral nervous system neuron,sympathetic neuron,28,1.0,2,2,0
CellOntology_SUB200,peripheral nervous system neuron,neural crest derived neuron,56,1.0,1,1,1
CellOntology_SUB200,peripheral nervous system neuron,intrinsic primary afferent neuron of myenteric plexus,7,1.0,2,2,0
CellOntology_SUB200,peripheral nervous system neuron,thoracic ganglion thnpy neuron,7,1.0,2,2,0
CellOntology_SUB200,peripheral nervous system neuron,enteric neuron,14,1.0,2,2,0
CellOntology_SUB200,peripheral nervous system neuron,superior cervical ganglion cgrp neuron,7,1.0,2,2,0
CellOntology_SUB200,peripheral nervous system neuron,superior cervical ganglion thnpy neuron,7,1.0,2,2,0
CellOntology_SUB200,single nucleate cell,interlobulary artery endothelial cell,4,1.0,1,1,1
CellOntology_SUB200,single nucleate cell,alpha-beta t cell,12,1.0,2,2,0
CellOntology_SUB200,single nucleate cell,"afferent neuron (afferent neuron, sensory neuron)",12,0.0,1,1,1
CellOntology_SUB200,single nucleate cell,mature alpha-beta t cell,8,1.0,2,2,0
CellOntology_SUB200,single nucleate cell,olfactory epithelial cell,4,1.0,1,1,1
CellOntology_SUB200,single nucleate cell,splenic macrophage,8,1.0,2,2,0
CellOntology_SUB200,single nucleate cell,lymphocyte of b lineage cd19-positive,32,1.0,2,2,0
CellOntology_SUB200,single nucleate cell,mature t cell,12,1.0,2,2,0
CellOntology_SUB200,single nucleate cell,"blood vessel endothelial cell (blood vessel endothelial cell, endothelial cell of vascular tree)",20,0.75,1,2,1
CellOntology_SUB200,single nucleate cell,strial intermediate cell,4,1.0,1,1,1
CellOntology_SUB200,single nucleate cell,be cell,8,1.0,1,1,0
CellOntology_SUB200,single nucleate cell,pericyte,16,1.0,1,1,1
CellOntology_SUB200,single nucleate cell,secondary lymphoid organ macrophage,12,1.0,2,2,0
CellOntology_SUB200,single nucleate cell,spermatid,4,1.0,1,1,1
CellOntology_SUB200,single nucleate cell,lymphocyte of b lineage,44,1.0,2,2,0
CellOntology_SUB200,single nucleate cell,astrocyte,16,0.6666666666666666,1,1,1
CellOntology_SUB200,single nucleate cell,mesothelial fibroblast of the leptomeninx,12,1.0,1,1,1
CellOntology_SUB200,single nucleate cell,cholangiocyte,8,1.0,1,1,1
CellOntology_SUB200,single nucleate cell,splenic metallophillic macrophage,4,1.0,2,2,0
CellOntology_SUB200,single nucleate cell,enterocyte of epithelium of large intestine,8,1.0,1,1,1
CellOntology_SUB200,single nucleate cell,epididymis secretory cell,4,1.0,1,1,1
CellOntology_SUB200,single nucleate cell,vascular leptomeningeal cell,8,1.0,1,1,1
CellOntology_SUB200,single nucleate cell,mononuclear leukocyte,100,1.0,2,2,0
CellOntology_SUB200,single nucleate cell,fast muscle myoblast,4,1.0,1,1,1
CellOntology_SUB200,single nucleate cell,glomerular mesangial cell,4,1.0,1,1,1
CellOntology_SUB200,single nucleate cell,schlemms canal endothelial cell,4,1.0,1,1,1
CellOntology_SUB200,single nucleate cell,mesenchymal stem cell of orbital adipose tissue,4,1.0,1,1,1
CellOntology_SUB200,single nucleate cell,b cell,36,1.0,2,2,0
CellOntology_SUB200,single nucleate cell,b cell cd19-positive,16,1.0,2,2,0
CellOntology_SUB200,single nucleate cell,large pre-b-ii cell,8,1.0,2,2,0
CellOntology_SUB200,single nucleate cell,lymphocyte,68,1.0,2,2,0
CellOntology_SUB200,single nucleate cell,macrophage,20,1.0,1,1,0
CellOntology_SUB200,single nucleate cell,mature b cell,12,1.0,2,2,0
CellOntology_SUB200,single nucleate cell,mononuclear phagocyte,24,1.0,2,2,0
CellOntology_SUB200,single nucleate cell,mucosal-associated invariant t cell,4,1.0,2,2,0
CellOntology_SUB200,single nucleate cell,pre-b-ii cell,12,1.0,2,2,0
CellOntology_SUB200,single nucleate cell,prebcr-positive large pre-b-ii cell,4,1.0,2,2,0
CellOntology_SUB200,single nucleate cell,precursor b cell,16,1.0,2,2,0
CellOntology_SUB200,single nucleate cell,t cell,24,1.0,2,2,0
CellOntology_SUB200,single nucleate cell,tissue-resident macrophage,16,1.0,1,1,0
CellOntology_SUB200,single nucleate cell,l56 non-martinotti sst gabaergic interneuron mmus,4,1.0,1,1,1
CellOntology_SUB200,single nucleate cell,myoblast,12,1.0,1,1,1
CellOntology_SUB200,single nucleate cell,sympathetic neuron,16,0.6666666666666666,1,1,1
CellOntology_SUB200,single nucleate cell,astrocyte of the cerebral cortex,8,0.0,1,1,1
CellOntology_SUB200,single nucleate cell,male germ cell,8,1.0,1,1,1
CellOntology_SUB200,single nucleate cell,neural crest derived neuron,32,0.5714285714285714,1,1,1
CellOntology_SUB200,single nucleate cell,epithelial melanocyte,8,1.0,1,1,1
CellOntology_SUB200,single nucleate cell,melanocyte,12,1.0,1,1,1
CellOntology_SUB200,single nucleate cell,enteric neuron,8,0.0,1,1,1
CellOntology_SUB200,single nucleate cell,professional antigen presenting cell,60,1.0,1,1,1
CellOntology_SUB200,single nucleate cell,vein endothelial cell,4,1.0,1,1,1
CellOntology_SUB200,single nucleate cell,"enterocyte (enterocyte, gut absorptive cell)",12,1.0,1,1,1
CellOntology_SUB200,single nucleate cell,large mucus secreting cholangiocyte,4,1.0,1,1,1
CellOntology_SUB200,single nucleate cell,interneuron,40,0.4444444444444444,1,1,1
CellOntology_SUB200,single nucleate cell,mesenchymal stem cell of adipose tissue,8,1.0,1,1,1
CellOntology_SUB200,single nucleate cell,vlmc nn vascular leptomeningeal cell mmus,4,1.0,1,1,1
CellOntology_SUB200,single nucleate cell,smooth muscle cell,20,0.75,1,1,1
CellOntology_SUB200,single nucleate cell,superior cervical ganglion cgrp neuron,4,1.0,1,1,1
CellOntology_SUB200,single nucleate cell,mesothelial fibroblast,16,1.0,1,1,1
CellOntology_SUB200,single nucleate cell,perivascular cell,28,1.0,1,1,1
CellOntology_SUB200,single nucleate cell,cerebral cortex gabaergic interneuron,8,1.0,1,1,1
CellOntology_SUB200,single nucleate cell,gabaergic neuron,32,0.42857142857142855,1,1,1
CellOntology_SUB200,single nucleate cell,sphincter associated smooth muscle cell,4,1.0,1,1,1
CellOntology_SUB200,single nucleate cell,superior cervical ganglion thnpy neuron,4,1.0,1,1,1
CellOntology_SUB200,single nucleate cell,amacrine cell,12,0.0,1,1,1
CellOntology_SUB200,single nucleate cell,enterocyte of appendix,4,1.0,1,1,1
CellOntology_SUB200,single nucleate cell,enteroendocrine cell,12,0.0,1,1,1
CellOntology_SUB200,single nucleate cell,trabecular meshwork cell,8,0.0,1,1,1
CellOntology_SUB200,single nucleate cell,stem cell of gastric gland,4,1.0,1,1,1
CellOntology_SUB200,single nucleate cell,cartwheel cell,4,1.0,1,1,1
CellOntology_SUB200,single nucleate cell,cerebral cortex neuron,16,0.6666666666666666,1,1,1
CellOntology_SUB200,single nucleate cell,astrocyte of the forebrain,12,0.5,1,1,1
CellOntology_SUB200,single nucleate cell,mesangial cell,8,1.0,1,1,1
CellOntology_SUB200,single nucleate cell,skeletal muscle myoblast,8,1.0,1,1,1
CellOntology_SUB200,single nucleate cell,be1 cell,4,1.0,1,1,0
CellOntology_SUB200,single nucleate cell,renal interstitial pericyte,4,1.0,1,1,1
CellOntology_SUB200,single nucleate cell,strial basal cell,4,1.0,1,1,1
CellOntology_SUB200,single nucleate cell,mesenchymal stem cell,12,1.0,1,1,1
CellOntology_SUB200,single nucleate cell,fibroblast,32,0.8571428571428571,1,1,1
CellOntology_SUB200,epithelial cell,interlobulary artery endothelial cell,3,1.0,2,2,1
CellOntology_SUB200,epithelial cell,duct epithelial cell,15,1.0,2,2,0
CellOntology_SUB200,epithelial cell,brush border epithelial cell,12,1.0,2,2,0
CellOntology_SUB200,epithelial cell,olfactory epithelial cell,3,1.0,2,2,0
CellOntology_SUB200,epithelial cell,sensory epithelial cell,15,1.0,2,2,0
CellOntology_SUB200,epithelial cell,"blood vessel endothelial cell (blood vessel endothelial cell, endothelial cell of vascular tree)",15,1.0,2,4,1
CellOntology_SUB200,epithelial cell,strial basal cell,3,1.0,2,2,0
CellOntology_SUB200,epithelial cell,branched duct epithelial cell,9,1.0,2,2,0
CellOntology_SUB200,epithelial cell,cholangiocyte,6,1.0,2,2,0
CellOntology_SUB200,epithelial cell,neurecto-epithelial cell,9,0.5,2,2,0
CellOntology_SUB200,epithelial cell,ecto-epithelial cell,18,0.8,2,2,0
CellOntology_SUB200,epithelial cell,enterocyte of epithelium of large intestine,6,1.0,2,2,0
CellOntology_SUB200,epithelial cell,epididymis secretory cell,3,1.0,2,2,0
CellOntology_SUB200,epithelial cell,intestinal epithelial cell,24,1.0,2,2,0
CellOntology_SUB200,epithelial cell,supporting cell,45,0.21428571428571427,1,1,1
CellOntology_SUB200,epithelial cell,"enterocyte (enterocyte, gut absorptive cell)",9,1.0,2,4,0
CellOntology_SUB200,epithelial cell,schlemms canal endothelial cell,3,1.0,2,2,1
CellOntology_SUB200,epithelial cell,renal cortical epithelial cell,3,1.0,2,2,0
CellOntology_SUB200,epithelial cell,respiratory tract epithelial cell,9,1.0,2,2,0
CellOntology_SUB200,epithelial cell,enteroglial cell,3,1.0,1,1,1
CellOntology_SUB200,epithelial cell,epithelial cell of nephron,3,1.0,2,2,0
CellOntology_SUB200,epithelial cell,auditory epithelial cell,3,1.0,2,2,0
CellOntology_SUB200,epithelial cell,endo-epithelial cell,72,1.0,2,2,0
CellOntology_SUB200,epithelial cell,epithelial cell of appendix,6,1.0,2,2,0
CellOntology_SUB200,epithelial cell,endothelial cell,18,1.0,2,2,1
CellOntology_SUB200,epithelial cell,vein endothelial cell,3,1.0,2,2,1
CellOntology_SUB200,epithelial cell,large mucus secreting cholangiocyte,3,1.0,2,2,0
CellOntology_SUB200,epithelial cell,columnarcuboidal epithelial cell,21,1.0,2,2,0
CellOntology_SUB200,epithelial cell,kidney epithelial cell,9,1.0,2,2,0
CellOntology_SUB200,epithelial cell,endothelial cell of artery,6,1.0,2,2,1
CellOntology_SUB200,epithelial cell,epithelial cell of alimentary canal,36,1.0,2,2,0
CellOntology_SUB200,epithelial cell,intestinal enteroendocrine cell,6,1.0,2,2,0
CellOntology_SUB200,epithelial cell,supporting cell sensu nematoda and protostomia,6,1.0,1,1,1
CellOntology_SUB200,epithelial cell,epithelial cell of large intestine,12,1.0,2,2,0
CellOntology_SUB200,epithelial cell,secretory epithelial cell,18,1.0,2,2,0
CellOntology_SUB200,epithelial cell,epithelial cell of upper respiratory tract,6,1.0,2,2,0
CellOntology_SUB200,epithelial cell,enterocyte of appendix,3,1.0,2,2,0
CellOntology_SUB200,epithelial cell,enteroendocrine cell,9,1.0,2,2,0
CellOntology_SUB200,epithelial cell,stem cell of gastric gland,3,1.0,2,2,0
CellOntology_SUB200,epithelial cell,scolopale cell,3,1.0,1,1,1
CellOntology_SUB200,epithelial cell,epithelial cell of stomach,6,1.0,2,2,0
CellOntology_SUB200,epithelial cell,type l enteroendocrine cell,3,1.0,2,2,0
CellOntology_SUB200,epithelial cell,epithelial melanocyte,6,0.0,1,1,1
CellOntology_SUB200,endothelial cell,interlobulary artery endothelial cell,6,1.0,2,2,0
CellOntology_SUB200,endothelial cell,"blood vessel endothelial cell (blood vessel endothelial cell, endothelial cell of vascular tree)",30,1.0,2,4,0
CellOntology_SUB200,endothelial cell,schlemms canal endothelial cell,6,1.0,2,2,0
CellOntology_SUB200,endothelial cell,vein endothelial cell,6,1.0,2,2,0
CellOntology_SUB200,endothelial cell,endothelial cell of artery,12,1.0,2,2,0
CellOntology_SUB200,"blood vessel endothelial cell (blood vessel endothelial cell, endothelial cell of vascular tree)",interlobulary artery endothelial cell,8,1.0,2,4,0
CellOntology_SUB200,"blood vessel endothelial cell (blood vessel endothelial cell, endothelial cell of vascular tree)",vein endothelial cell,8,1.0,2,4,0
CellOntology_SUB200,"blood vessel endothelial cell (blood vessel endothelial cell, endothelial cell of vascular tree)",endothelial cell of artery,16,1.0,2,4,0
CellOntology_SUB200,"blood vessel endothelial cell (blood vessel endothelial cell, endothelial cell of vascular tree)",schlemms canal endothelial cell,8,1.0,1,1,0
CellOntology_SUB200,endothelial cell of artery,interlobulary artery endothelial cell,9,1.0,2,2,0
CellOntology_SUB200,interlobular artery cell,interlobulary artery endothelial cell,9,1.0,2,2,0
CellOntology_SUB200,kidney cortex artery cell,interlobulary artery endothelial cell,8,1.0,2,2,0
CellOntology_SUB200,kidney cortex artery cell,interlobular artery cell,16,1.0,2,2,0
CellOntology_SUB200,kidney arterial blood vessel cell,interlobulary artery endothelial cell,6,1.0,2,2,0
CellOntology_SUB200,kidney arterial blood vessel cell,kidney cortex artery cell,18,1.0,2,2,0
CellOntology_SUB200,kidney arterial blood vessel cell,interlobular artery cell,12,1.0,2,2,0
CellOntology_SUB200,kidney blood vessel cell,interlobulary artery endothelial cell,5,1.0,2,2,0
CellOntology_SUB200,kidney blood vessel cell,kidney arterial blood vessel cell,20,1.0,2,2,0
CellOntology_SUB200,kidney blood vessel cell,kidney cortex artery cell,15,1.0,2,2,0
CellOntology_SUB200,kidney blood vessel cell,interlobular artery cell,10,1.0,2,2,0
CellOntology_SUB200,kidney blood vessel cell,glomerular mesangial cell,5,1.0,1,1,1
CellOntology_SUB200,kidney cortical cell,interlobulary artery endothelial cell,5,1.0,2,2,0
CellOntology_SUB200,kidney cortical cell,kidney cortex artery cell,15,1.0,2,2,0
CellOntology_SUB200,kidney cortical cell,glomerular mesangial cell,5,1.0,2,2,0
CellOntology_SUB200,kidney cortical cell,renal cortical epithelial cell,5,1.0,2,2,0
CellOntology_SUB200,kidney cortical cell,glomerular cell,10,1.0,2,2,0
CellOntology_SUB200,kidney cortical cell,interlobular artery cell,10,1.0,2,2,0
CellOntology_SUB200,kidney cortical cell,kidney corpuscule cell,15,1.0,2,2,0
CellOntology_SUB200,kidney cortical cell,mesangial cell,10,1.0,2,2,0
CellOntology_SUB200,kidney cell,interlobulary artery endothelial cell,4,1.0,2,2,0
CellOntology_SUB200,kidney cell,kidney blood vessel cell,24,1.0,2,2,0
CellOntology_SUB200,kidney cell,kidney arterial blood vessel cell,16,1.0,2,2,0
CellOntology_SUB200,kidney cell,kidney medulla cell,4,1.0,2,2,0
CellOntology_SUB200,kidney cell,kidney cortex artery cell,12,1.0,2,2,0
CellOntology_SUB200,kidney cell,kidney interstitial cell,16,1.0,2,2,0
CellOntology_SUB200,kidney cell,renal cortical epithelial cell,4,1.0,2,2,0
CellOntology_SUB200,kidney cell,glomerular cell,8,1.0,2,2,0
CellOntology_SUB200,kidney cell,epithelial cell of nephron,4,1.0,2,2,0
CellOntology_SUB200,kidney cell,kidney cortical cell,36,1.0,2,2,0
CellOntology_SUB200,kidney cell,kidney epithelial cell,12,1.0,2,2,0
CellOntology_SUB200,kidney cell,kidney corpuscule cell,12,1.0,2,2,0
CellOntology_SUB200,kidney cell,renal interstitial pericyte,4,1.0,2,2,0
CellOntology_SUB200,kidney cell,glomerular mesangial cell,4,1.0,2,2,0
CellOntology_SUB200,kidney cell,mesangial cell,8,1.0,2,2,0
CellOntology_SUB200,kidney cell,interlobular artery cell,8,1.0,2,2,0
CellOntology_SUB200,phagocyte,phagocyte sensu vertebrata,28,1.0,2,2,0
CellOntology_SUB200,phagocyte,mononuclear phagocyte,24,1.0,2,2,0
CellOntology_SUB200,phagocyte,macrophage,20,1.0,2,2,0
CellOntology_SUB200,phagocyte,splenic macrophage,8,1.0,2,2,0
CellOntology_SUB200,phagocyte,secondary lymphoid organ macrophage,12,1.0,2,2,0
CellOntology_SUB200,phagocyte,splenic metallophillic macrophage,4,1.0,2,2,0
CellOntology_SUB200,phagocyte,tissue-resident macrophage,16,1.0,2,2,0
CellOntology_SUB200,phagocyte sensu vertebrata,splenic macrophage,18,1.0,2,2,0
CellOntology_SUB200,phagocyte sensu vertebrata,mononuclear phagocyte,54,1.0,2,2,0
CellOntology_SUB200,phagocyte sensu vertebrata,macrophage,45,1.0,2,2,0
CellOntology_SUB200,phagocyte sensu vertebrata,secondary lymphoid organ macrophage,27,1.0,2,2,0
CellOntology_SUB200,phagocyte sensu vertebrata,splenic metallophillic macrophage,9,1.0,2,2,0
CellOntology_SUB200,phagocyte sensu vertebrata,tissue-resident macrophage,36,1.0,2,2,0
CellOntology_SUB200,mononuclear phagocyte,splenic macrophage,28,1.0,2,2,0
CellOntology_SUB200,mononuclear phagocyte,secondary lymphoid organ macrophage,42,1.0,2,2,0
CellOntology_SUB200,mononuclear phagocyte,macrophage,70,1.0,2,2,0
CellOntology_SUB200,mononuclear phagocyte,splenic metallophillic macrophage,14,1.0,2,2,0
CellOntology_SUB200,mononuclear phagocyte,tissue-resident macrophage,56,1.0,2,2,0
CellOntology_SUB200,macrophage,splenic macrophage,32,1.0,2,2,0
CellOntology_SUB200,macrophage,secondary lymphoid organ macrophage,48,1.0,2,2,0
CellOntology_SUB200,macrophage,splenic metallophillic macrophage,16,1.0,2,2,0
CellOntology_SUB200,macrophage,tissue-resident macrophage,64,1.0,2,2,0
CellOntology_SUB200,splenic macrophage,splenic metallophillic macrophage,20,1.0,2,2,0
CellOntology_SUB200,secondary lymphoid organ macrophage,splenic macrophage,36,1.0,2,2,0
CellOntology_SUB200,secondary lymphoid organ macrophage,splenic metallophillic macrophage,18,1.0,2,2,0
CellOntology_SUB200,tissue-resident macrophage,splenic macrophage,34,1.0,2,2,0
CellOntology_SUB200,tissue-resident macrophage,secondary lymphoid organ macrophage,51,1.0,2,2,0
CellOntology_SUB200,tissue-resident macrophage,splenic metallophillic macrophage,17,1.0,2,2,0
CellOntology_SUB200,alpha-beta t cell,mature alpha-beta t cell,22,1.0,2,2,0
CellOntology_SUB200,alpha-beta t cell,mucosal-associated invariant t cell,11,1.0,2,2,0
CellOntology_SUB200,mature alpha-beta t cell,mucosal-associated invariant t cell,13,1.0,2,2,0
CellOntology_SUB200,leukocyte,alpha-beta t cell,18,1.0,2,2,0
CellOntology_SUB200,leukocyte,mature alpha-beta t cell,12,1.0,2,2,0
CellOntology_SUB200,leukocyte,splenic macrophage,12,1.0,2,2,0
CellOntology_SUB200,leukocyte,lymphocyte of b lineage cd19-positive,48,1.0,2,2,0
CellOntology_SUB200,leukocyte,mature t cell,18,1.0,2,2,0
CellOntology_SUB200,leukocyte,b cell,54,1.0,2,2,0
CellOntology_SUB200,leukocyte,b cell cd19-positive,24,1.0,2,2,0
CellOntology_SUB200,leukocyte,be cell,12,1.0,2,2,0
CellOntology_SUB200,leukocyte,be1 cell,6,1.0,2,2,0
CellOntology_SUB200,leukocyte,large pre-b-ii cell,12,1.0,2,2,0
CellOntology_SUB200,leukocyte,lymphocyte,102,1.0,2,2,0
CellOntology_SUB200,leukocyte,lymphocyte of b lineage,66,1.0,2,2,0
CellOntology_SUB200,leukocyte,macrophage,30,1.0,2,2,0
CellOntology_SUB200,leukocyte,mature b cell,18,1.0,2,2,0
CellOntology_SUB200,leukocyte,mononuclear leukocyte,150,1.0,2,2,0
CellOntology_SUB200,leukocyte,mononuclear phagocyte,36,1.0,2,2,0
CellOntology_SUB200,leukocyte,mucosal-associated invariant t cell,6,1.0,2,2,0
CellOntology_SUB200,leukocyte,myeloid leukocyte,42,1.0,2,2,0
CellOntology_SUB200,leukocyte,phagocyte sensu vertebrata,42,1.0,2,2,1
CellOntology_SUB200,leukocyte,pre-b-ii cell,18,1.0,2,2,0
CellOntology_SUB200,leukocyte,prebcr-positive large pre-b-ii cell,6,1.0,2,2,0
CellOntology_SUB200,leukocyte,precursor b cell,24,1.0,2,2,0
CellOntology_SUB200,leukocyte,professional antigen presenting cell,90,1.0,2,2,0
CellOntology_SUB200,leukocyte,secondary lymphoid organ macrophage,18,1.0,2,2,0
CellOntology_SUB200,leukocyte,splenic metallophillic macrophage,6,1.0,2,2,0
CellOntology_SUB200,leukocyte,splenocyte,18,1.0,1,1,0
CellOntology_SUB200,leukocyte,t cell,36,1.0,2,2,0
CellOntology_SUB200,leukocyte,tissue-resident macrophage,24,1.0,2,2,0
CellOntology_SUB200,mononuclear leukocyte,alpha-beta t cell,24,1.0,2,2,0
CellOntology_SUB200,mononuclear leukocyte,mature alpha-beta t cell,16,1.0,2,2,0
CellOntology_SUB200,mononuclear leukocyte,splenic macrophage,16,1.0,2,2,0
CellOntology_SUB200,mononuclear leukocyte,lymphocyte of b lineage cd19-positive,64,1.0,2,2,0
CellOntology_SUB200,mononuclear leukocyte,mature t cell,24,1.0,2,2,0
CellOntology_SUB200,mononuclear leukocyte,be cell,16,1.0,1,1,0
CellOntology_SUB200,mononuclear leukocyte,secondary lymphoid organ macrophage,24,1.0,2,2,0
CellOntology_SUB200,mononuclear leukocyte,lymphocyte of b lineage,88,1.0,2,2,0
CellOntology_SUB200,mononuclear leukocyte,macrophage,40,1.0,2,2,0
CellOntology_SUB200,mononuclear leukocyte,splenic metallophillic macrophage,8,1.0,2,2,0
CellOntology_SUB200,mononuclear leukocyte,t cell,48,1.0,2,2,0
CellOntology_SUB200,mononuclear leukocyte,mononuclear phagocyte,48,1.0,2,2,0
CellOntology_SUB200,mononuclear leukocyte,b cell,72,1.0,2,2,0
CellOntology_SUB200,mononuclear leukocyte,prebcr-positive large pre-b-ii cell,8,1.0,2,2,0
CellOntology_SUB200,mononuclear leukocyte,professional antigen presenting cell,120,1.0,2,2,1
CellOntology_SUB200,mononuclear leukocyte,tissue-resident macrophage,32,1.0,2,2,0
CellOntology_SUB200,mononuclear leukocyte,mature b cell,24,1.0,2,2,0
CellOntology_SUB200,mononuclear leukocyte,large pre-b-ii cell,16,1.0,2,2,0
CellOntology_SUB200,mononuclear leukocyte,b cell cd19-positive,32,1.0,2,2,0
CellOntology_SUB200,mononuclear leukocyte,lymphocyte,136,1.0,2,2,0
CellOntology_SUB200,mononuclear leukocyte,mucosal-associated invariant t cell,8,1.0,2,2,0
CellOntology_SUB200,mononuclear leukocyte,pre-b-ii cell,24,1.0,2,2,0
CellOntology_SUB200,mononuclear leukocyte,precursor b cell,32,1.0,2,2,0
CellOntology_SUB200,mononuclear leukocyte,be1 cell,8,1.0,1,1,0
CellOntology_SUB200,t cell,alpha-beta t cell,30,1.0,2,2,0
CellOntology_SUB200,t cell,mature alpha-beta t cell,20,1.0,2,2,0
CellOntology_SUB200,t cell,mature t cell,30,1.0,2,2,0
CellOntology_SUB200,t cell,mucosal-associated invariant t cell,10,1.0,2,2,0
CellOntology_SUB200,t cell,be1 cell,10,1.0,1,1,1
CellOntology_SUB200,hematopoietic cell,alpha-beta t cell,9,1.0,2,2,0
CellOntology_SUB200,hematopoietic cell,mature alpha-beta t cell,6,1.0,2,2,0
CellOntology_SUB200,hematopoietic cell,splenic macrophage,6,1.0,2,2,0
CellOntology_SUB200,hematopoietic cell,lymphocyte of b lineage cd19-positive,24,1.0,2,2,0
CellOntology_SUB200,hematopoietic cell,mature t cell,9,1.0,2,2,0
CellOntology_SUB200,hematopoietic cell,leukocyte,87,0.9642857142857143,2,2,0
CellOntology_SUB200,hematopoietic cell,be cell,6,1.0,1,1,0
CellOntology_SUB200,hematopoietic cell,phagocyte sensu vertebrata,21,1.0,2,2,1
CellOntology_SUB200,hematopoietic cell,cycling myeloid cell,3,1.0,2,2,0
CellOntology_SUB200,hematopoietic cell,secondary lymphoid organ macrophage,9,1.0,2,2,0
CellOntology_SUB200,hematopoietic cell,myeloid cell,27,1.0,2,2,0
CellOntology_SUB200,hematopoietic cell,lymphocyte of b lineage,33,1.0,2,2,0
CellOntology_SUB200,hematopoietic cell,macrophage,15,1.0,2,2,0
CellOntology_SUB200,hematopoietic cell,splenic metallophillic macrophage,3,1.0,2,2,0
CellOntology_SUB200,hematopoietic cell,myeloid leukocyte,21,1.0,2,2,0
CellOntology_SUB200,hematopoietic cell,mononuclear leukocyte,75,1.0,2,2,0
CellOntology_SUB200,hematopoietic cell,t cell,18,1.0,2,2,0
CellOntology_SUB200,hematopoietic cell,mononuclear phagocyte,18,1.0,2,2,0
CellOntology_SUB200,hematopoietic cell,b cell,27,1.0,2,2,0
CellOntology_SUB200,hematopoietic cell,prebcr-positive large pre-b-ii cell,3,1.0,2,2,0
CellOntology_SUB200,hematopoietic cell,phagocyte,24,1.0,1,1,1
CellOntology_SUB200,hematopoietic cell,pre-b-ii cell,9,1.0,2,2,0
CellOntology_SUB200,hematopoietic cell,professional antigen presenting cell,45,1.0,2,2,0
CellOntology_SUB200,hematopoietic cell,tissue-resident macrophage,12,1.0,2,2,0
CellOntology_SUB200,hematopoietic cell,mature b cell,9,1.0,2,2,0
CellOntology_SUB200,hematopoietic cell,large pre-b-ii cell,6,1.0,2,2,0
CellOntology_SUB200,hematopoietic cell,b cell cd19-positive,12,1.0,2,2,0
CellOntology_SUB200,hematopoietic cell,lymphocyte,51,1.0,2,2,0
CellOntology_SUB200,hematopoietic cell,mucosal-associated invariant t cell,3,1.0,2,2,0
CellOntology_SUB200,hematopoietic cell,precursor b cell,12,1.0,2,2,0
CellOntology_SUB200,hematopoietic cell,be1 cell,3,1.0,1,1,0
CellOntology_SUB200,lymphocyte,alpha-beta t cell,27,1.0,2,2,0
CellOntology_SUB200,lymphocyte,mature alpha-beta t cell,18,1.0,2,2,0
CellOntology_SUB200,lymphocyte,lymphocyte of b lineage cd19-positive,72,1.0,2,2,0
CellOntology_SUB200,lymphocyte,mature t cell,27,1.0,2,2,0
CellOntology_SUB200,lymphocyte,be cell,18,1.0,2,2,0
CellOntology_SUB200,lymphocyte,lymphocyte of b lineage,99,1.0,2,2,0
CellOntology_SUB200,lymphocyte,t cell,54,1.0,2,2,0
CellOntology_SUB200,lymphocyte,b cell,81,1.0,2,2,0
CellOntology_SUB200,lymphocyte,prebcr-positive large pre-b-ii cell,9,1.0,2,2,0
CellOntology_SUB200,lymphocyte,mature b cell,27,1.0,2,2,0
CellOntology_SUB200,lymphocyte,large pre-b-ii cell,18,1.0,2,2,0
CellOntology_SUB200,lymphocyte,b cell cd19-positive,36,1.0,2,2,0
CellOntology_SUB200,lymphocyte,mucosal-associated invariant t cell,9,1.0,2,2,0
CellOntology_SUB200,lymphocyte,pre-b-ii cell,27,1.0,2,2,0
CellOntology_SUB200,lymphocyte,precursor b cell,36,1.0,2,2,0
CellOntology_SUB200,lymphocyte,be1 cell,9,1.0,2,2,0
CellOntology_SUB200,motile cell,alpha-beta t cell,9,1.0,2,2,0
CellOntology_SUB200,motile cell,splenic macrophage,6,1.0,2,2,0
CellOntology_SUB200,motile cell,lymphocyte of b lineage cd19-positive,24,1.0,2,2,0
CellOntology_SUB200,motile cell,mature t cell,9,1.0,2,2,0
CellOntology_SUB200,motile cell,leukocyte,87,0.9642857142857143,2,2,0
CellOntology_SUB200,motile cell,be cell,6,1.0,1,1,0
CellOntology_SUB200,motile cell,phagocyte sensu vertebrata,21,1.0,1,1,0
CellOntology_SUB200,motile cell,lymphocyte of b lineage,33,1.0,2,2,0
CellOntology_SUB200,motile cell,macrophage,15,1.0,2,2,0
CellOntology_SUB200,motile cell,splenic metallophillic macrophage,3,1.0,2,2,0
CellOntology_SUB200,motile cell,myeloid leukocyte,21,1.0,2,2,0
CellOntology_SUB200,motile cell,mononuclear leukocyte,75,1.0,2,2,0
CellOntology_SUB200,motile cell,mesenchymal stem cell of orbital adipose tissue,3,1.0,1,1,1
CellOntology_SUB200,motile cell,t cell,18,1.0,2,2,0
CellOntology_SUB200,motile cell,mononuclear phagocyte,18,1.0,2,2,0
CellOntology_SUB200,motile cell,b cell,27,1.0,2,2,0
CellOntology_SUB200,motile cell,prebcr-positive large pre-b-ii cell,3,1.0,2,2,0
CellOntology_SUB200,motile cell,professional antigen presenting cell,45,1.0,2,2,0
CellOntology_SUB200,motile cell,tissue-resident macrophage,12,1.0,2,2,0
CellOntology_SUB200,motile cell,mesothelial fibroblast,12,0.0,1,1,1
CellOntology_SUB200,motile cell,mature b cell,9,1.0,2,2,0
CellOntology_SUB200,motile cell,large pre-b-ii cell,6,1.0,2,2,0
CellOntology_SUB200,motile cell,b cell cd19-positive,12,1.0,2,2,0
CellOntology_SUB200,motile cell,lymphocyte,51,1.0,2,2,0
CellOntology_SUB200,motile cell,mucosal-associated invariant t cell,3,1.0,2,2,0
CellOntology_SUB200,motile cell,pre-b-ii cell,9,1.0,2,2,0
CellOntology_SUB200,motile cell,be1 cell,3,1.0,1,1,0
CellOntology_SUB200,motile cell,mature alpha-beta t cell,6,1.0,1,1,0
CellOntology_SUB200,motile cell,secondary lymphoid organ macrophage,9,1.0,1,1,0
CellOntology_SUB200,motile cell,precursor b cell,12,1.0,1,1,0
CellOntology_SUB200,duct epithelial cell,branched duct epithelial cell,15,1.0,2,2,0
CellOntology_SUB200,duct epithelial cell,cholangiocyte,10,1.0,2,2,0
CellOntology_SUB200,duct epithelial cell,large mucus secreting cholangiocyte,5,1.0,2,2,0
CellOntology_SUB200,duct epithelial cell,epididymis secretory cell,5,1.0,1,1,0
CellOntology_SUB200,branched duct epithelial cell,cholangiocyte,12,1.0,2,2,0
CellOntology_SUB200,branched duct epithelial cell,large mucus secreting cholangiocyte,6,1.0,2,2,0
CellOntology_SUB200,cholangiocyte,large mucus secreting cholangiocyte,10,1.0,2,2,0
CellOntology_SUB200,sensory receptor cell,"afferent neuron (afferent neuron, sensory neuron)",9,0.0,1,1,1
CellOntology_SUB200,sensory receptor cell,sensory epithelial cell,15,0.25,2,2,0
CellOntology_SUB200,sensory receptor cell,chemoreceptor cell,12,0.3333333333333333,2,2,0
CellOntology_SUB200,sensory receptor cell,enteroendocrine cell,9,0.0,1,1,1
CellOntology_SUB200,mature t cell,mature alpha-beta t cell,22,1.0,2,2,0
CellOntology_SUB200,mature t cell,mucosal-associated invariant t cell,11,1.0,2,2,0
CellOntology_SUB200,brush border epithelial cell,"enterocyte (enterocyte, gut absorptive cell)",15,1.0,2,4,0
CellOntology_SUB200,brush border epithelial cell,enterocyte of epithelium of large intestine,10,1.0,2,2,0
CellOntology_SUB200,brush border epithelial cell,enterocyte of appendix,5,1.0,2,2,0
CellOntology_SUB200,"enterocyte (enterocyte, gut absorptive cell)",enterocyte of epithelium of large intestine,22,1.0,2,4,0
CellOntology_SUB200,"enterocyte (enterocyte, gut absorptive cell)",enterocyte of appendix,11,1.0,2,4,0
CellOntology_SUB200,enterocyte of epithelium of large intestine,enterocyte of appendix,13,1.0,2,2,0
CellOntology_SUB200,steroid hormone secreting cell,androgen secreting cell,7,1.0,2,2,0
CellOntology_SUB200,endocrine cell,androgen secreting cell,5,1.0,2,2,1
CellOntology_SUB200,endocrine cell,peptide hormone secreting cell,20,1.0,2,2,1
CellOntology_SUB200,endocrine cell,enteroendocrine cell,15,1.0,2,2,0
CellOntology_SUB200,endocrine cell,intestinal enteroendocrine cell,10,1.0,2,2,0
CellOntology_SUB200,endocrine cell,steroid hormone secreting cell,10,1.0,2,2,1
CellOntology_SUB200,endocrine cell,type l enteroendocrine cell,5,1.0,2,2,0
CellOntology_SUB200,peptide hormone secreting cell,type l enteroendocrine cell,6,1.0,2,2,0
CellOntology_SUB200,peptide hormone secreting cell,enteroendocrine cell,18,0.5,1,1,1
CellOntology_SUB200,ecto-epithelial cell,olfactory epithelial cell,4,1.0,2,2,0
CellOntology_SUB200,ecto-epithelial cell,neurecto-epithelial cell,12,0.5,2,2,0
CellOntology_SUB200,ecto-epithelial cell,auditory epithelial cell,4,1.0,2,2,1
CellOntology_SUB200,ecto-epithelial cell,epithelial melanocyte,8,0.0,1,1,1
CellOntology_SUB200,epithelial cell of upper respiratory tract,olfactory epithelial cell,7,1.0,2,2,0
CellOntology_SUB200,respiratory tract epithelial cell,olfactory epithelial cell,5,1.0,2,2,0
CellOntology_SUB200,respiratory tract epithelial cell,epithelial cell of upper respiratory tract,10,1.0,2,2,0
CellOntology_SUB200,myeloid cell,splenic macrophage,8,1.0,2,2,0
CellOntology_SUB200,myeloid cell,cycling myeloid cell,4,1.0,2,2,0
CellOntology_SUB200,myeloid cell,secondary lymphoid organ macrophage,12,1.0,2,2,0
CellOntology_SUB200,myeloid cell,macrophage,20,1.0,2,2,0
CellOntology_SUB200,myeloid cell,splenic metallophillic macrophage,4,1.0,2,2,0
CellOntology_SUB200,myeloid cell,myeloid leukocyte,28,1.0,2,2,0
CellOntology_SUB200,myeloid cell,mononuclear phagocyte,24,1.0,2,2,1
CellOntology_SUB200,myeloid cell,tissue-resident macrophage,16,1.0,2,2,0
CellOntology_SUB200,myeloid leukocyte,splenic macrophage,16,1.0,2,2,0
CellOntology_SUB200,myeloid leukocyte,secondary lymphoid organ macrophage,24,1.0,2,2,0
CellOntology_SUB200,myeloid leukocyte,macrophage,40,1.0,2,2,0
CellOntology_SUB200,myeloid leukocyte,splenic metallophillic macrophage,8,1.0,2,2,0
CellOntology_SUB200,myeloid leukocyte,tissue-resident macrophage,32,1.0,2,2,0
CellOntology_SUB200,myeloid leukocyte,mononuclear phagocyte,48,1.0,2,2,1
CellOntology_SUB200,professional antigen presenting cell,splenic macrophage,18,1.0,2,2,0
CellOntology_SUB200,professional antigen presenting cell,be cell,18,1.0,2,2,0
CellOntology_SUB200,professional antigen presenting cell,secondary lymphoid organ macrophage,27,1.0,2,2,0
CellOntology_SUB200,professional antigen presenting cell,macrophage,45,1.0,2,2,0
CellOntology_SUB200,professional antigen presenting cell,splenic metallophillic macrophage,9,1.0,2,2,0
CellOntology_SUB200,professional antigen presenting cell,b cell,81,0.5,2,2,1
CellOntology_SUB200,professional antigen presenting cell,tissue-resident macrophage,36,1.0,2,2,0
CellOntology_SUB200,professional antigen presenting cell,mature b cell,27,1.0,2,2,0
CellOntology_SUB200,professional antigen presenting cell,b cell cd19-positive,36,1.0,2,2,1
CellOntology_SUB200,professional antigen presenting cell,be1 cell,9,1.0,2,2,0
CellOntology_SUB200,splenocyte,splenic macrophage,14,1.0,2,2,0
CellOntology_SUB200,splenocyte,splenic metallophillic macrophage,7,1.0,2,2,0
CellOntology_SUB200,striated muscle cell,skeletal muscle fiber,12,1.0,2,2,0
CellOntology_SUB200,striated muscle cell,intrafusal muscle fiber,8,1.0,2,2,0
CellOntology_SUB200,striated muscle cell,nuclear chain fiber,4,1.0,2,2,0
CellOntology_SUB200,striated muscle cell,cell of skeletal muscle,28,0.6666666666666666,1,1,1
CellOntology_SUB200,striated muscle cell,myotube,4,1.0,1,1,0
CellOntology_SUB200,skeletal muscle fiber,intrafusal muscle fiber,18,1.0,2,2,0
CellOntology_SUB200,skeletal muscle fiber,nuclear chain fiber,9,1.0,2,2,0
CellOntology_SUB200,smooth muscle cell,visceral muscle cell,6,1.0,1,1,1
CellOntology_SUB200,smooth muscle cell,sphincter associated smooth muscle cell,6,1.0,2,2,0
CellOntology_SUB200,smooth muscle cell,mesangial cell,12,1.0,1,1,1
CellOntology_SUB200,smooth muscle cell,glomerular mesangial cell,6,1.0,1,1,1
CellOntology_SUB200,non-striated muscle cell,smooth muscle cell,20,0.5,2,2,0
CellOntology_SUB200,non-striated muscle cell,visceral muscle cell,4,1.0,1,1,1
CellOntology_SUB200,non-striated muscle cell,sphincter associated smooth muscle cell,4,1.0,2,2,0
CellOntology_SUB200,chemoreceptor cell,enteroendocrine cell,15,0.0,1,1,1
CellOntology_SUB200,intrafusal muscle fiber,nuclear chain fiber,10,1.0,2,2,0
CellOntology_SUB200,sensory epithelial cell,auditory epithelial cell,6,1.0,2,2,0
CellOntology_SUB200,sensory epithelial cell,enteroendocrine cell,18,0.0,1,1,1
CellOntology_SUB200,gamete-nursing cell,"germline-derived nurse cell (germline-derived nurse cell, invertebrate nurse cell)",5,1.0,2,4,0
CellOntology_SUB200,supporting cell,"germline-derived nurse cell (germline-derived nurse cell, invertebrate nurse cell)",4,1.0,2,4,1
CellOntology_SUB200,supporting cell,glial cell,36,1.0,1,1,1
CellOntology_SUB200,supporting cell,brain macroglial cell,16,1.0,1,1,1
CellOntology_SUB200,supporting cell,astrocyte,16,1.0,1,1,1
CellOntology_SUB200,supporting cell,enteroglial cell,4,1.0,2,2,1
CellOntology_SUB200,supporting cell,astrocyte of the cerebral cortex,8,1.0,2,2,1
CellOntology_SUB200,supporting cell,neuron associated cell,48,1.0,1,1,1
CellOntology_SUB200,supporting cell,cerebral cortex glial cell,12,1.0,2,2,1
CellOntology_SUB200,supporting cell,gamete-nursing cell,8,1.0,2,2,1
CellOntology_SUB200,supporting cell,supporting cell sensu nematoda and protostomia,8,1.0,2,2,0
CellOntology_SUB200,supporting cell,macroglial cell,24,1.0,2,2,1
CellOntology_SUB200,supporting cell,interlaminar astrocyte,4,1.0,2,2,1
CellOntology_SUB200,supporting cell,scolopale cell,4,1.0,2,2,0
CellOntology_SUB200,supporting cell,astrocyte of the forebrain,12,1.0,2,2,1
CellOntology_SUB200,"germ cell (germ cell, germ line cell)","germline-derived nurse cell (germline-derived nurse cell, invertebrate nurse cell)",4,1.0,2,4,0
CellOntology_SUB200,"germ cell (germ cell, germ line cell)",spermatid,4,1.0,2,4,0
CellOntology_SUB200,"germ cell (germ cell, germ line cell)",male germ cell,8,1.0,2,4,0
CellOntology_SUB200,mesangial cell,glomerular mesangial cell,18,1.0,2,2,0
CellOntology_SUB200,lymphocyte of b lineage,lymphocyte of b lineage cd19-positive,80,1.0,2,2,0
CellOntology_SUB200,lymphocyte of b lineage,be cell,20,1.0,2,2,0
CellOntology_SUB200,lymphocyte of b lineage,b cell,90,1.0,2,2,0
CellOntology_SUB200,lymphocyte of b lineage,mature b cell,30,1.0,2,2,0
CellOntology_SUB200,lymphocyte of b lineage,precursor b cell,40,1.0,2,2,0
CellOntology_SUB200,lymphocyte of b lineage,pre-b-ii cell,30,1.0,2,2,0
CellOntology_SUB200,lymphocyte of b lineage,large pre-b-ii cell,20,1.0,2,2,0
CellOntology_SUB200,lymphocyte of b lineage,prebcr-positive large pre-b-ii cell,10,1.0,2,2,0
CellOntology_SUB200,lymphocyte of b lineage,b cell cd19-positive,40,1.0,2,2,0
CellOntology_SUB200,lymphocyte of b lineage,be1 cell,10,1.0,2,2,0
CellOntology_SUB200,lymphocyte of b lineage cd19-positive,b cell cd19-positive,56,0.3333333333333333,2,2,0
CellOntology_SUB200,lymphocyte of b lineage cd19-positive,prebcr-positive large pre-b-ii cell,14,1.0,1,1,0
CellOntology_SUB200,lymphocyte of b lineage cd19-positive,mature b cell,42,0.0,1,1,0
CellOntology_SUB200,lymphocyte of b lineage cd19-positive,large pre-b-ii cell,28,1.0,1,1,0
CellOntology_SUB200,lymphocyte of b lineage cd19-positive,pre-b-ii cell,42,1.0,1,1,0
CellOntology_SUB200,connective tissue cell,lymphocyte of b lineage cd19-positive,40,0.0,1,1,1
CellOntology_SUB200,connective tissue cell,interstitial cell,25,1.0,2,2,1
CellOntology_SUB200,connective tissue cell,pericyte,20,1.0,1,1,0
CellOntology_SUB200,connective tissue cell,mesothelial fibroblast of the leptomeninx,15,1.0,2,2,0
CellOntology_SUB200,connective tissue cell,kidney interstitial cell,20,1.0,2,2,1
CellOntology_SUB200,connective tissue cell,vascular leptomeningeal cell,10,1.0,2,2,0
CellOntology_SUB200,connective tissue cell,glomerular mesangial cell,5,1.0,2,2,0
CellOntology_SUB200,connective tissue cell,mesenchymal stem cell of orbital adipose tissue,5,1.0,2,2,0
CellOntology_SUB200,connective tissue cell,mesenchymal stem cell of adipose tissue,10,1.0,2,2,0
CellOntology_SUB200,connective tissue cell,vlmc nn vascular leptomeningeal cell mmus,5,1.0,2,2,0
CellOntology_SUB200,connective tissue cell,mesothelial fibroblast,20,1.0,2,2,0
CellOntology_SUB200,connective tissue cell,fibroblast,40,1.0,2,2,0
CellOntology_SUB200,connective tissue cell,stromal cell,100,0.9473684210526315,2,2,0
CellOntology_SUB200,connective tissue cell,trabecular meshwork cell,10,1.0,1,1,0
CellOntology_SUB200,connective tissue cell,juxtacanalicular tissue cell,5,1.0,2,2,0
CellOntology_SUB200,connective tissue cell,mesangial cell,10,1.0,2,2,0
CellOntology_SUB200,connective tissue cell,mesenchymal stem cell,15,1.0,2,2,0
CellOntology_SUB200,connective tissue cell,renal interstitial pericyte,5,1.0,2,2,0
CellOntology_SUB200,connective tissue cell,strial basal cell,5,1.0,1,1,1
CellOntology_SUB200,connective tissue cell,perivascular cell,35,1.0,1,1,1
CellOntology_SUB200,b cell cd19-positive,mature b cell,51,1.0,2,2,0
CellOntology_SUB200,b cell cd19-positive,be cell,34,1.0,1,1,0
CellOntology_SUB200,b cell cd19-positive,be1 cell,17,1.0,1,1,0
CellOntology_SUB200,endo-epithelial cell,"blood vessel endothelial cell (blood vessel endothelial cell, endothelial cell of vascular tree)",20,0.75,1,2,1
CellOntology_SUB200,endo-epithelial cell,cholangiocyte,8,1.0,2,2,1
CellOntology_SUB200,endo-epithelial cell,enterocyte of epithelium of large intestine,8,1.0,2,2,0
CellOntology_SUB200,endo-epithelial cell,intestinal epithelial cell,32,1.0,2,2,0
CellOntology_SUB200,endo-epithelial cell,"enterocyte (enterocyte, gut absorptive cell)",12,1.0,2,4,0
CellOntology_SUB200,endo-epithelial cell,schlemms canal endothelial cell,4,1.0,1,1,1
CellOntology_SUB200,endo-epithelial cell,respiratory tract epithelial cell,12,0.5,2,2,0
CellOntology_SUB200,endo-epithelial cell,enterocyte of appendix,4,1.0,2,2,0
CellOntology_SUB200,endo-epithelial cell,enteroendocrine cell,12,1.0,2,2,1
CellOntology_SUB200,endo-epithelial cell,epithelial cell of alimentary canal,48,1.0,2,2,0
CellOntology_SUB200,endo-epithelial cell,epithelial cell of appendix,8,1.0,2,2,0
CellOntology_SUB200,endo-epithelial cell,epithelial cell of large intestine,16,1.0,2,2,0
CellOntology_SUB200,endo-epithelial cell,epithelial cell of stomach,8,1.0,2,2,0
CellOntology_SUB200,endo-epithelial cell,epithelial cell of upper respiratory tract,8,0.0,2,2,0
CellOntology_SUB200,endo-epithelial cell,intestinal enteroendocrine cell,8,1.0,2,2,0
CellOntology_SUB200,endo-epithelial cell,large mucus secreting cholangiocyte,4,1.0,2,2,1
CellOntology_SUB200,endo-epithelial cell,stem cell of gastric gland,4,1.0,2,2,0
CellOntology_SUB200,endo-epithelial cell,type l enteroendocrine cell,4,1.0,2,2,0
CellOntology_SUB200,endo-epithelial cell,endothelial cell,24,0.8,1,1,1
CellOntology_SUB200,endo-epithelial cell,vein endothelial cell,4,1.0,1,1,1
CellOntology_SUB200,endo-epithelial cell,endothelial cell of artery,8,0.0,1,1,1
CellOntology_SUB200,multinucleate cell,syncytial cell,30,1.0,2,2,0
CellOntology_SUB200,multinucleate cell,myotube,5,1.0,2,2,0
CellOntology_SUB200,multinucleate cell,skeletal muscle fiber,15,1.0,2,2,0
CellOntology_SUB200,multinucleate cell,intrafusal muscle fiber,10,1.0,2,2,0
CellOntology_SUB200,multinucleate cell,nuclear chain fiber,5,1.0,2,2,0
CellOntology_SUB200,multinucleate cell,"germline-derived nurse cell (germline-derived nurse cell, invertebrate nurse cell)",5,1.0,1,1,1
CellOntology_SUB200,syncytial cell,skeletal muscle fiber,18,1.0,2,2,0
CellOntology_SUB200,syncytial cell,myotube,6,1.0,2,2,0
CellOntology_SUB200,syncytial cell,"germline-derived nurse cell (germline-derived nurse cell, invertebrate nurse cell)",6,1.0,1,1,1
CellOntology_SUB200,syncytial cell,intrafusal muscle fiber,12,1.0,2,2,0
CellOntology_SUB200,syncytial cell,nuclear chain fiber,6,1.0,2,2,0
CellOntology_SUB200,b cell,be cell,24,1.0,2,2,0
CellOntology_SUB200,b cell,mature b cell,36,1.0,2,2,0
CellOntology_SUB200,b cell,b cell cd19-positive,48,1.0,2,2,0
CellOntology_SUB200,b cell,precursor b cell,48,1.0,1,1,0
CellOntology_SUB200,b cell,pre-b-ii cell,36,1.0,1,1,0
CellOntology_SUB200,b cell,large pre-b-ii cell,24,1.0,1,1,0
CellOntology_SUB200,b cell,prebcr-positive large pre-b-ii cell,12,1.0,1,1,0
CellOntology_SUB200,b cell,be1 cell,12,1.0,2,2,0
CellOntology_SUB200,be cell,be1 cell,19,1.0,2,2,0
CellOntology_SUB200,large pre-b-ii cell,prebcr-positive large pre-b-ii cell,20,1.0,2,2,0
CellOntology_SUB200,mature b cell,be cell,36,1.0,2,2,0
CellOntology_SUB200,mature b cell,be1 cell,18,1.0,2,2,0
CellOntology_SUB200,pre-b-ii cell,prebcr-positive large pre-b-ii cell,19,1.0,2,2,0
CellOntology_SUB200,pre-b-ii cell,large pre-b-ii cell,38,1.0,2,2,0
CellOntology_SUB200,precursor b cell,prebcr-positive large pre-b-ii cell,14,1.0,2,2,0
CellOntology_SUB200,precursor b cell,large pre-b-ii cell,28,1.0,2,2,0
CellOntology_SUB200,precursor b cell,pre-b-ii cell,42,1.0,2,2,0
CellOntology_SUB200,melanocyte,strial intermediate cell,7,1.0,1,1,0
CellOntology_SUB200,melanocyte,epithelial melanocyte,14,1.0,2,2,0
CellOntology_SUB200,pigment cell,strial intermediate cell,4,1.0,2,2,0
CellOntology_SUB200,pigment cell,epithelial melanocyte,8,1.0,2,2,0
CellOntology_SUB200,pigment cell,melanocyte,12,1.0,2,2,0
CellOntology_SUB200,stuff accumulating cell,strial intermediate cell,3,1.0,1,1,0
CellOntology_SUB200,stuff accumulating cell,phagocyte sensu vertebrata,21,0.0,1,1,0
CellOntology_SUB200,stuff accumulating cell,epithelial melanocyte,6,1.0,2,2,0
CellOntology_SUB200,stuff accumulating cell,melanocyte,9,1.0,2,2,0
CellOntology_SUB200,stuff accumulating cell,pigment cell,12,1.0,2,2,0
CellOntology_SUB200,stuff accumulating cell,steroid hormone secreting cell,6,0.0,1,1,1
CellOntology_SUB200,neurecto-epithelial cell,epithelial melanocyte,12,0.0,1,1,1
CellOntology_SUB200,intestinal epithelial cell,enterocyte of epithelium of large intestine,14,1.0,2,2,0
CellOntology_SUB200,intestinal epithelial cell,"enterocyte (enterocyte, gut absorptive cell)",21,1.0,2,4,0
CellOntology_SUB200,intestinal epithelial cell,epithelial cell of appendix,14,1.0,2,2,0
CellOntology_SUB200,intestinal epithelial cell,intestinal enteroendocrine cell,14,1.0,2,2,0
CellOntology_SUB200,intestinal epithelial cell,epithelial cell of large intestine,28,1.0,2,2,0
CellOntology_SUB200,intestinal epithelial cell,enterocyte of appendix,7,1.0,2,2,0
CellOntology_SUB200,intestinal epithelial cell,type l enteroendocrine cell,7,1.0,2,2,0
CellOntology_SUB200,epithelial cell of appendix,enterocyte of appendix,9,1.0,2,2,0
CellOntology_SUB200,columnarcuboidal epithelial cell,cholangiocyte,10,1.0,1,1,1
CellOntology_SUB200,columnarcuboidal epithelial cell,enterocyte of epithelium of large intestine,10,1.0,2,2,0
CellOntology_SUB200,columnarcuboidal epithelial cell,epididymis secretory cell,5,1.0,1,1,1
CellOntology_SUB200,columnarcuboidal epithelial cell,"enterocyte (enterocyte, gut absorptive cell)",15,1.0,2,3,0
CellOntology_SUB200,columnarcuboidal epithelial cell,large mucus secreting cholangiocyte,5,1.0,1,1,1
CellOntology_SUB200,columnarcuboidal epithelial cell,enterocyte of appendix,5,1.0,2,2,0
CellOntology_SUB200,kidney epithelial cell,renal cortical epithelial cell,6,1.0,2,2,0
CellOntology_SUB200,kidney epithelial cell,epithelial cell of nephron,6,1.0,2,2,0
CellOntology_SUB200,epithelial cell of alimentary canal,enterocyte of epithelium of large intestine,12,1.0,2,2,0
CellOntology_SUB200,epithelial cell of alimentary canal,intestinal epithelial cell,48,1.0,2,2,0
CellOntology_SUB200,epithelial cell of alimentary canal,"enterocyte (enterocyte, gut absorptive cell)",18,1.0,2,4,0
CellOntology_SUB200,epithelial cell of alimentary canal,epithelial cell of appendix,12,1.0,2,2,0
CellOntology_SUB200,epithelial cell of alimentary canal,enterocyte of appendix,6,1.0,2,2,0
CellOntology_SUB200,epithelial cell of alimentary canal,enteroendocrine cell,18,1.0,2,2,1
CellOntology_SUB200,epithelial cell of alimentary canal,epithelial cell of large intestine,24,1.0,2,2,0
CellOntology_SUB200,epithelial cell of alimentary canal,epithelial cell of stomach,12,1.0,2,2,0
CellOntology_SUB200,epithelial cell of alimentary canal,intestinal enteroendocrine cell,12,1.0,2,2,0
CellOntology_SUB200,epithelial cell of alimentary canal,stem cell of gastric gland,6,1.0,2,2,0
CellOntology_SUB200,epithelial cell of alimentary canal,type l enteroendocrine cell,6,1.0,2,2,0
CellOntology_SUB200,intestinal enteroendocrine cell,type l enteroendocrine cell,17,1.0,2,2,0
CellOntology_SUB200,supporting cell sensu nematoda and protostomia,scolopale cell,8,1.0,2,2,0
CellOntology_SUB200,epithelial cell of large intestine,enterocyte of epithelium of large intestine,16,1.0,2,2,0
CellOntology_SUB200,epithelial cell of large intestine,epithelial cell of appendix,16,1.0,2,2,0
CellOntology_SUB200,epithelial cell of large intestine,enterocyte of appendix,8,1.0,2,2,0
CellOntology_SUB200,secretory epithelial cell,epididymis secretory cell,6,1.0,2,2,0
CellOntology_SUB200,secretory epithelial cell,large mucus secreting cholangiocyte,6,1.0,2,2,0
CellOntology_SUB200,secretory epithelial cell,intestinal enteroendocrine cell,12,1.0,2,2,0
CellOntology_SUB200,secretory epithelial cell,enteroendocrine cell,18,1.0,2,2,0
CellOntology_SUB200,secretory epithelial cell,type l enteroendocrine cell,6,1.0,2,2,0
CellOntology_SUB200,enteroendocrine cell,intestinal enteroendocrine cell,30,1.0,2,2,0
CellOntology_SUB200,enteroendocrine cell,type l enteroendocrine cell,15,1.0,2,2,0
CellOntology_SUB200,epithelial cell of stomach,stem cell of gastric gland,7,1.0,2,2,0
CellOntology_SUB200,kidney interstitial cell,glomerular mesangial cell,10,1.0,1,1,0
CellOntology_SUB200,kidney interstitial cell,mesangial cell,20,1.0,1,1,0
CellOntology_SUB200,kidney interstitial cell,renal interstitial pericyte,10,1.0,2,2,0
CellOntology_SUB200,glomerular cell,glomerular mesangial cell,7,1.0,2,2,0
CellOntology_SUB200,kidney corpuscule cell,glomerular mesangial cell,6,1.0,2,2,0
CellOntology_SUB200,kidney corpuscule cell,glomerular cell,12,1.0,2,2,0
CellOntology_SUB200,interstitial cell,kidney interstitial cell,32,0.3333333333333333,2,2,0
CellOntology_SUB200,interstitial cell,renal interstitial pericyte,8,1.0,2,2,0
CellOntology_SUB200,retinal cell,wf4 amacrine cell,4,1.0,2,2,0
CellOntology_SUB200,retinal cell,wide field retinal amacrine cell,8,1.0,2,2,0
CellOntology_SUB200,retinal cell,amacrine cell,12,1.0,2,2,0
CellOntology_SUB200,pericyte,mesangial cell,22,1.0,2,2,0
CellOntology_SUB200,pericyte,glomerular mesangial cell,11,1.0,2,2,0
CellOntology_SUB200,pericyte,renal interstitial pericyte,11,1.0,2,2,0
CellOntology_SUB200,perivascular cell,pericyte,40,1.0,2,2,0
CellOntology_SUB200,perivascular cell,glomerular mesangial cell,10,1.0,1,1,0
CellOntology_SUB200,perivascular cell,renal interstitial pericyte,10,1.0,2,2,0
CellOntology_SUB200,perivascular cell,vascular leptomeningeal cell,20,1.0,1,1,1
CellOntology_SUB200,perivascular cell,vlmc nn vascular leptomeningeal cell mmus,10,1.0,1,1,1
CellOntology_SUB200,perivascular cell,mesangial cell,20,1.0,1,1,0
CellOntology_SUB200,mural cell,pericyte,16,1.0,2,2,0
CellOntology_SUB200,mural cell,glomerular mesangial cell,4,1.0,2,2,0
CellOntology_SUB200,mural cell,perivascular cell,28,0.6666666666666666,1,1,1
CellOntology_SUB200,mural cell,mesangial cell,8,1.0,2,2,0
CellOntology_SUB200,mural cell,renal interstitial pericyte,4,1.0,2,2,0
CellOntology_SUB200,glial cell,brain macroglial cell,32,1.0,2,2,0
CellOntology_SUB200,glial cell,astrocyte,32,1.0,2,2,0
CellOntology_SUB200,glial cell,enteroglial cell,8,1.0,2,2,0
CellOntology_SUB200,glial cell,astrocyte of the cerebral cortex,16,1.0,2,2,0
CellOntology_SUB200,glial cell,interlaminar astrocyte,8,1.0,2,2,0
CellOntology_SUB200,glial cell,astrocyte of the forebrain,24,1.0,2,2,0
CellOntology_SUB200,glial cell,cerebral cortex glial cell,24,1.0,2,2,0
CellOntology_SUB200,glial cell,macroglial cell,48,1.0,2,2,0
CellOntology_SUB200,brain macroglial cell,astrocyte of the cerebral cortex,20,1.0,2,2,0
CellOntology_SUB200,brain macroglial cell,astrocyte of the forebrain,30,1.0,2,2,0
CellOntology_SUB200,brain macroglial cell,interlaminar astrocyte,10,1.0,2,2,0
CellOntology_SUB200,astrocyte,astrocyte of the cerebral cortex,22,1.0,2,2,0
CellOntology_SUB200,astrocyte,astrocyte of the forebrain,33,1.0,2,2,0
CellOntology_SUB200,astrocyte,interlaminar astrocyte,11,1.0,2,2,0
CellOntology_SUB200,astrocyte of the cerebral cortex,interlaminar astrocyte,15,1.0,2,2,0
CellOntology_SUB200,astrocyte of the forebrain,astrocyte of the cerebral cortex,26,1.0,2,2,0
CellOntology_SUB200,astrocyte of the forebrain,interlaminar astrocyte,13,1.0,2,2,0
CellOntology_SUB200,neuron associated cell,glial cell,63,1.0,2,2,0
CellOntology_SUB200,neuron associated cell,brain macroglial cell,28,1.0,2,2,0
CellOntology_SUB200,neuron associated cell,enteroglial cell,7,1.0,2,2,0
CellOntology_SUB200,neuron associated cell,astrocyte of the cerebral cortex,14,1.0,2,2,0
CellOntology_SUB200,neuron associated cell,astrocyte,28,1.0,1,1,0
CellOntology_SUB200,neuron associated cell,cerebral cortex glial cell,21,1.0,2,2,0
CellOntology_SUB200,neuron associated cell,supporting cell sensu nematoda and protostomia,14,1.0,2,2,1
CellOntology_SUB200,neuron associated cell,macroglial cell,42,1.0,2,2,0
CellOntology_SUB200,neuron associated cell,interlaminar astrocyte,7,1.0,2,2,0
CellOntology_SUB200,neuron associated cell,scolopale cell,7,1.0,2,2,1
CellOntology_SUB200,neuron associated cell,astrocyte of the forebrain,21,1.0,2,2,0
CellOntology_SUB200,cerebral cortex glial cell,astrocyte of the cerebral cortex,18,1.0,2,2,0
CellOntology_SUB200,cerebral cortex glial cell,interlaminar astrocyte,9,1.0,2,2,0
CellOntology_SUB200,macroglial cell,brain macroglial cell,36,1.0,2,2,0
CellOntology_SUB200,macroglial cell,astrocyte,36,1.0,2,2,0
CellOntology_SUB200,macroglial cell,astrocyte of the cerebral cortex,18,1.0,2,2,0
CellOntology_SUB200,macroglial cell,interlaminar astrocyte,9,1.0,2,2,0
CellOntology_SUB200,macroglial cell,astrocyte of the forebrain,27,1.0,2,2,0
CellOntology_SUB200,male germ cell,spermatid,6,1.0,2,2,0
CellOntology_SUB200,mucus secreting cell,large mucus secreting cholangiocyte,4,1.0,2,2,0
CellOntology_SUB200,mucus secreting cell,seromucus secreting cell,4,1.0,1,1,1
CellOntology_SUB200,extracellular matrix secreting cell,mesothelial fibroblast of the leptomeninx,12,1.0,2,2,1
CellOntology_SUB200,extracellular matrix secreting cell,vascular leptomeningeal cell,8,1.0,2,2,1
CellOntology_SUB200,extracellular matrix secreting cell,interstitial cell,20,1.0,1,1,1
CellOntology_SUB200,extracellular matrix secreting cell,kidney interstitial cell,16,1.0,1,1,1
CellOntology_SUB200,extracellular matrix secreting cell,glomerular mesangial cell,4,1.0,1,1,1
CellOntology_SUB200,extracellular matrix secreting cell,vlmc nn vascular leptomeningeal cell mmus,4,1.0,2,2,1
CellOntology_SUB200,extracellular matrix secreting cell,mesothelial fibroblast,16,1.0,2,2,1
CellOntology_SUB200,extracellular matrix secreting cell,connective tissue cell,116,0.4642857142857143,1,1,1
CellOntology_SUB200,extracellular matrix secreting cell,juxtacanalicular tissue cell,4,1.0,1,1,0
CellOntology_SUB200,extracellular matrix secreting cell,trabecular meshwork cell,8,1.0,1,1,1
CellOntology_SUB200,extracellular matrix secreting cell,stromal cell,80,0.631578947368421,1,1,1
CellOntology_SUB200,extracellular matrix secreting cell,mesangial cell,8,1.0,1,1,1
CellOntology_SUB200,extracellular matrix secreting cell,renal interstitial pericyte,4,1.0,1,1,1
CellOntology_SUB200,extracellular matrix secreting cell,fibroblast,32,0.8571428571428571,2,2,1
CellOntology_SUB200,fibroblast,mesothelial fibroblast of the leptomeninx,27,1.0,2,2,0
CellOntology_SUB200,fibroblast,vascular leptomeningeal cell,18,1.0,2,2,0
CellOntology_SUB200,fibroblast,vlmc nn vascular leptomeningeal cell mmus,9,1.0,2,2,0
CellOntology_SUB200,fibroblast,mesothelial fibroblast,36,1.0,2,2,0
CellOntology_SUB200,fibroblast,juxtacanalicular tissue cell,9,1.0,1,1,1
CellOntology_SUB200,fibroblast,strial basal cell,9,1.0,1,1,1
CellOntology_SUB200,fibroblast,trabecular meshwork cell,18,1.0,1,1,1
CellOntology_SUB200,mesothelial fibroblast,mesothelial fibroblast of the leptomeninx,33,1.0,2,2,0
CellOntology_SUB200,mesothelial fibroblast,vascular leptomeningeal cell,22,1.0,2,2,0
CellOntology_SUB200,mesothelial fibroblast,vlmc nn vascular leptomeningeal cell mmus,11,1.0,2,2,0
CellOntology_SUB200,mesothelial fibroblast of the leptomeninx,vascular leptomeningeal cell,24,1.0,2,2,0
CellOntology_SUB200,mesothelial fibroblast of the leptomeninx,vlmc nn vascular leptomeningeal cell mmus,12,1.0,2,2,0
CellOntology_SUB200,vascular leptomeningeal cell,vlmc nn vascular leptomeningeal cell mmus,15,1.0,2,2,0
CellOntology_SUB200,stromal cell,kidney interstitial cell,28,1.0,2,2,1
CellOntology_SUB200,stromal cell,vascular leptomeningeal cell,14,1.0,1,1,0
CellOntology_SUB200,stromal cell,glomerular mesangial cell,7,1.0,2,2,1
CellOntology_SUB200,stromal cell,mesenchymal stem cell of orbital adipose tissue,7,1.0,2,2,1
CellOntology_SUB200,stromal cell,mesenchymal stem cell of adipose tissue,14,1.0,2,2,1
CellOntology_SUB200,stromal cell,vlmc nn vascular leptomeningeal cell mmus,7,1.0,1,1,0
CellOntology_SUB200,stromal cell,mesothelial fibroblast,28,0.6666666666666666,1,1,0
CellOntology_SUB200,stromal cell,perivascular cell,49,0.8333333333333334,1,1,1
CellOntology_SUB200,stromal cell,interstitial cell,35,1.0,1,1,1
CellOntology_SUB200,stromal cell,renal interstitial pericyte,7,1.0,2,2,1
CellOntology_SUB200,stromal cell,mesangial cell,14,1.0,2,2,1
CellOntology_SUB200,stromal cell,trabecular meshwork cell,14,1.0,1,1,1
CellOntology_SUB200,stromal cell,juxtacanalicular tissue cell,7,1.0,1,1,0
CellOntology_SUB200,stromal cell,strial basal cell,7,1.0,1,1,1
CellOntology_SUB200,stromal cell,strial intermediate cell,7,1.0,1,1,1
CellOntology_SUB200,stromal cell,mesenchymal stem cell,21,1.0,2,2,1
CellOntology_SUB200,stromal cell,fibroblast,56,0.8571428571428571,1,1,0
CellOntology_SUB200,cell of skeletal muscle,skeletal muscle fiber,15,1.0,2,2,0
CellOntology_SUB200,cell of skeletal muscle,fast muscle myoblast,5,1.0,1,1,1
CellOntology_SUB200,cell of skeletal muscle,intrafusal muscle fiber,10,1.0,2,2,0
CellOntology_SUB200,cell of skeletal muscle,nuclear chain fiber,5,1.0,2,2,0
CellOntology_SUB200,cell of skeletal muscle,myotube,5,1.0,1,1,1
CellOntology_SUB200,cell of skeletal muscle,skeletal muscle myoblast,10,1.0,1,1,1
CellOntology_SUB200,multi fate stem cell,mesenchymal stem cell,18,1.0,2,2,0
CellOntology_SUB200,multi fate stem cell,mesenchymal stem cell of adipose tissue,12,1.0,2,2,0
CellOntology_SUB200,multi fate stem cell,mesenchymal stem cell of orbital adipose tissue,6,1.0,2,2,0
CellOntology_SUB200,multi fate stem cell,stem cell of gastric gland,6,1.0,1,1,0
CellOntology_SUB200,stem cell,multi fate stem cell,25,1.0,2,2,0
CellOntology_SUB200,stem cell,mesenchymal stem cell of orbital adipose tissue,5,1.0,2,2,0
CellOntology_SUB200,stem cell,mesenchymal stem cell of adipose tissue,10,1.0,2,2,0
CellOntology_SUB200,stem cell,stem cell of gastric gland,5,1.0,2,2,0
CellOntology_SUB200,stem cell,mesenchymal stem cell,15,1.0,2,2,0
CellOntology_SUB200,mesenchymal stem cell,mesenchymal stem cell of orbital adipose tissue,12,1.0,2,2,0
CellOntology_SUB200,mesenchymal stem cell,mesenchymal stem cell of adipose tissue,24,1.0,2,2,0
CellOntology_SUB200,mesenchymal stem cell of adipose tissue,mesenchymal stem cell of orbital adipose tissue,13,1.0,2,2,0
CellOntology_SUB200,muscle precursor cell,fast muscle myoblast,5,1.0,2,2,0
CellOntology_SUB200,muscle precursor cell,myoblast,15,1.0,2,2,0
CellOntology_SUB200,muscle precursor cell,skeletal muscle myoblast,10,1.0,2,2,0
CellOntology_SUB200,myoblast,fast muscle myoblast,7,1.0,2,2,0
CellOntology_SUB200,myoblast,skeletal muscle myoblast,14,1.0,2,2,0
CellOntology_SUB200,precursor cell,fast muscle myoblast,4,1.0,2,2,0
CellOntology_SUB200,precursor cell,mesenchymal stem cell of orbital adipose tissue,4,1.0,2,2,0
CellOntology_SUB200,precursor cell,myoblast,12,1.0,2,2,0
CellOntology_SUB200,precursor cell,prebcr-positive large pre-b-ii cell,4,1.0,2,2,1
CellOntology_SUB200,precursor cell,progenitor cell,8,1.0,2,2,0
CellOntology_SUB200,precursor cell,muscle precursor cell,16,1.0,2,2,0
CellOntology_SUB200,precursor cell,mesenchymal stem cell of adipose tissue,8,1.0,2,2,0
CellOntology_SUB200,precursor cell,large pre-b-ii cell,8,1.0,2,2,1
CellOntology_SUB200,precursor cell,pre-b-ii cell,12,1.0,2,2,1
CellOntology_SUB200,precursor cell,precursor b cell,16,1.0,2,2,1
CellOntology_SUB200,precursor cell,skeletal muscle myoblast,8,1.0,2,2,0
CellOntology_SUB200,precursor cell,cycling myeloid cell,4,1.0,1,1,1
CellOntology_SUB200,precursor cell,mesenchymal stem cell,12,1.0,2,2,0
CellOntology_SUB200,precursor cell,multi fate stem cell,20,1.0,1,1,0
CellOntology_SUB200,precursor cell,stem cell,24,1.0,2,2,0
CellOntology_SUB200,precursor cell,stem cell of gastric gland,4,1.0,1,1,0
CellOntology_SUB200,progenitor cell,fast muscle myoblast,5,1.0,1,1,0
CellOntology_SUB200,skeletal muscle myoblast,fast muscle myoblast,10,1.0,2,2,0
CellOntology_SUB200,cultured cell,experimentally modified cell in vitro,4,1.0,1,1,1
CellOntology_SUB200,cell in vitro,cultured cell,6,1.0,2,2,0
CellOntology_SUB200,cell in vitro,experimentally modified cell in vitro,3,1.0,2,2,0
CellOntology_SUB200,epithelial melanocyte,strial intermediate cell,11,1.0,1,1,0
CellOntology_SUB200,polyploid cell,"germline-derived nurse cell (germline-derived nurse cell, invertebrate nurse cell)",4,1.0,2,3,0
CellOntology_SUB200,polyploid cell,multinucleate cell,28,1.0,1,1,1
CellOntology_SUB200,polyploid cell,syncytial cell,24,1.0,1,1,1
CellOntology_SUB200,polyploid cell,myotube,4,1.0,1,1,1
CellOntology_SUB200,polyploid cell,skeletal muscle fiber,12,1.0,1,1,1
CellOntology_SUB200,polyploid cell,intrafusal muscle fiber,8,1.0,1,1,1
CellOntology_SUB200,polyploid cell,nuclear chain fiber,4,1.0,1,1,1
CellOntology_SUB200,trabecular meshwork cell,juxtacanalicular tissue cell,10,1.0,2,2,0
