dataset,parent,child,leverage,neighborhood_agreement,votes,salience,is_fp
CellOntology_SUB200,neuron,"afferent neuron (afferent neuron, sensory neuron)",28,1.0,2,4,0
CellOntology_SUB200,neuron,wf4 amacrine cell,7,1.0,2,2,0
CellOntology_SUB200,neuron,gaba-gly neuron,7,1.0,2,2,0
CellOntology_SUB200,neuron,peripheral sensory neuron,14,1.0,2,2,0
CellOntology_SUB200,neuron,autonomic neuron,49,1.0,2,2,0
CellOntology_SUB200,neuron,wide field retinal amacrine cell,21,1.0,2,2,0
CellOntology_SUB200,neuron,l56 non-martinotti sst gabaergic interneuron mmus,7,1.0,2,2,0
CellOntology_SUB200,neuron,sympathetic neuron,28,1.0,2,2,0
CellOntology_SUB200,neuron,neural crest derived neuron,63,1.0,2,2,0
CellOntology_SUB200,neuron,gabaergic interneuron,49,1.0,2,2,0
CellOntology_SUB200,neuron,"glycinergic neuron (glycinergic neuron, inhibitory interneuron)",70,1.0,2,5,0
CellOntology_SUB200,neuron,cortical interneuron,28,1.0,2,2,0
CellOntology_SUB200,neuron,intrinsic primary afferent neuron of myenteric plexus,7,1.0,2,2,0
CellOntology_SUB200,neuron,thoracic ganglion thnpy neuron,7,1.0,2,2,0
CellOntology_SUB200,neuron,enteric neuron,14,1.0,2,2,0
CellOntology_SUB200,neuron,interneuron,77,1.0,2,2,0
CellOntology_SUB200,neuron,central nervous system neuron,105,1.0,2,2,0
CellOntology_SUB200,neuron,superior cervical ganglion cgrp neuron,7,1.0,2,2,0
CellOntology_SUB200,neuron,cerebral cortex gabaergic interneuron,21,1.0,2,2,0
CellOntology_SUB200,neuron,gabaergic neuron,77,1.0,2,2,0
CellOntology_SUB200,neuron,superior cervical ganglion thnpy neuron,7,1.0,2,2,0
CellOntology_SUB200,neuron,amacrine cell,28,1.0,2,2,0
CellOntology_SUB200,neuron,neuron of the forebrain,42,1.0,2,2,0
CellOntology_SUB200,neuron,cartwheel cell,7,1.0,2,2,0
CellOntology_SUB200,neuron,cerebral cortex neuron,35,1.0,2,2,0
CellOntology_SUB200,neuron,peripheral nervous system neuron,77,1.0,2,2,0
CellOntology_SUB200,"afferent neuron (afferent neuron, sensory neuron)",peripheral sensory neuron,18,0.0,2,4,0
CellOntology_SUB200,"afferent neuron (afferent neuron, sensory neuron)",intrinsic primary afferent neuron of myenteric plexus,9,1.0,2,4,0
CellOntology_SUB200,"electrically active cell (electrically active cell, electrically responsive cell, electrically signaling cell)",neuron,135,1.0,2,5,0
CellOntology_SUB200,"electrically active cell (electrically active cell, electrically responsive cell, electrically signaling cell)","afferent neuron (afferent neuron, sensory neuron)",20,1.0,2,11,0
CellOntology_SUB200,"electrically active cell (electrically active cell, electrically responsive cell, electrically signaling cell)",muscle cell,70,0.6923076923076923,2,6,0
CellOntology_SUB200,"electrically active cell (electrically active cell, electrically responsive cell, electrically signaling cell)",sensory epithelial cell,25,0.75,1,1,1
CellOntology_SUB200,"electrically active cell (electrically active cell, electrically responsive cell, electrically signaling cell)",strial intermediate cell,5,1.0,1,1,1
CellOntology_SUB200,"electrically active cell (electrically active cell, electrically responsive cell, electrically signaling cell)",wf4 amacrine cell,5,1.0,2,6,0
CellOntology_SUB200,"electrically active cell (electrically active cell, electrically responsive cell, electrically signaling cell)",gaba-gly neuron,5,1.0,2,6,0
CellOntology_SUB200,"electrically active cell (electrically active cell, electrically responsive cell, electrically signaling cell)",striated muscle cell,50,0.6666666666666666,2,4,0
CellOntology_SUB200,"electrically active cell (electrically active cell, electrically responsive cell, electrically signaling cell)",peripheral sensory neuron,10,1.0,2,6,0
CellOntology_SUB200,"electrically active cell (electrically active cell, electrically responsive cell, electrically signaling cell)",autonomic neuron,35,1.0,2,5,0
CellOntology_SUB200,"electrically active cell (electrically active cell, electrically responsive cell, electrically signaling cell)",neural cell,240,0.5957446808510638,2,4,1
CellOntology_SUB200,"electrically active cell (electrically active cell, electrically responsive cell, electrically signaling cell)",wide field retinal amacrine cell,15,1.0,2,6,0
CellOntology_SUB200,"electrically active cell (electrically active cell, electrically responsive cell, electrically signaling cell)",skeletal muscle fiber,15,0.5,2,6,0
CellOntology_SUB200,"electrically active cell (electrically active cell, electrically responsive cell, electrically signaling cell)",fast muscle myoblast,5,1.0,1,3,1
CellOntology_SUB200,"electrically active cell (electrically active cell, electrically responsive cell, electrically signaling cell)",cell of skeletal muscle,35,0.5,2,6,1
CellOntology_SUB200,"electrically active cell (electrically active cell, electrically responsive cell, electrically signaling cell)",l56 non-martinotti sst gabaergic interneuron mmus,5,1.0,2,6,0
CellOntology_SUB200,"electrically active cell (electrically active cell, electrically responsive cell, electrically signaling cell)",sympathetic neuron,20,1.0,2,6,0
CellOntology_SUB200,"electrically active cell (electrically active cell, electrically responsive cell, electrically signaling cell)",visceral muscle cell,10,1.0,2,6,0
CellOntology_SUB200,"electrically active cell (electrically active cell, electrically responsive cell, electrically signaling cell)",auditory epithelial cell,5,1.0,1,1,1
CellOntology_SUB200,"electrically active cell (electrically active cell, electrically responsive cell, electrically signaling cell)",neural crest derived neuron,45,1.0,1,3,0
CellOntology_SUB200,"electrically active cell (electrically active cell, electrically responsive cell, electrically signaling cell)",gabaergic interneuron,35,1.0,2,6,0
CellOntology_SUB200,"electrically active cell (electrically active cell, electrically responsive cell, electrically signaling cell)","glycinergic neuron (glycinergic neuron, inhibitory interneuron)",50,1.0,2,15,0
CellOntology_SUB200,"electrically active cell (electrically active cell, electrically responsive cell, electrically signaling cell)",cortical interneuron,20,1.0,2,6,0
CellOntology_SUB200,"electrically active cell (electrically active cell, electrically responsive cell, electrically signaling cell)",intrinsic primary afferent neuron of myenteric plexus,5,1.0,2,6,0
CellOntology_SUB200,"electrically active cell (electrically active cell, electrically responsive cell, electrically signaling cell)",thoracic ganglion thnpy neuron,5,1.0,2,6,0
CellOntology_SUB200,"electrically active cell (electrically active cell, electrically responsive cell, electrically signaling cell)",enteric neuron,10,1.0,1,3,0
CellOntology_SUB200,"electrically active cell (electrically active cell, electrically responsive cell, electrically signaling cell)",interneuron,55,1.0,2,5,0
CellOntology_SUB200,"electrically active cell (electrically active cell, electrically responsive cell, electrically signaling cell)",central nervous system neuron,75,1.0,2,6,0
CellOntology_SUB200,"electrically active cell (electrically active cell, electrically responsive cell, electrically signaling cell)",smooth muscle cell,15,1.0,1,3,0
CellOntology_SUB200,"electrically active cell (electrically active cell, electrically responsive cell, electrically signaling cell)",superior cervical ganglion cgrp neuron,5,1.0,2,6,0
CellOntology_SUB200,"electrically active cell (electrically active cell, electrically responsive cell, electrically signaling cell)",non-striated muscle cell,20,1.0,1,1,0
CellOntology_SUB200,"electrically active cell (electrically active cell, electrically responsive cell, electrically signaling cell)",cerebral cortex gabaergic interneuron,15,1.0,2,6,0
CellOntology_SUB200,"electrically active cell (electrically active cell, electrically responsive cell, electrically signaling cell)",gabaergic neuron,55,1.0,2,5,0
CellOntology_SUB200,"electrically active cell (electrically active cell, electrically responsive cell, electrically signaling cell)",chemoreceptor cell,15,0.5,1,1,1
CellOntology_SUB200,"electrically active cell (electrically active cell, electrically responsive cell, electrically signaling cell)",contractile cell,100,0.5263157894736842,1,1,1
CellOntology_SUB200,"electrically active cell (electrically active cell, electrically responsive cell, electrically signaling cell)",sphincter associated smooth muscle cell,5,1.0,1,1,0
CellOntology_SUB200,"electrically active cell (electrically active cell, electrically responsive cell, electrically signaling cell)",intrafusal muscle fiber,5,1.0,1,2,0
CellOntology_SUB200,"electrically active cell (electrically active cell, electrically responsive cell, electrically signaling cell)",superior cervical ganglion thnpy neuron,5,1.0,2,6,0
CellOntology_SUB200,"electrically active cell (electrically active cell, electrically responsive cell, electrically signaling cell)",amacrine cell,20,1.0,2,6,0
CellOntology_SUB200,"electrically active cell (electrically active cell, electrically responsive cell, electrically signaling cell)",neuron of the forebrain,30,1.0,2,6,0
CellOntology_SUB200,"electrically active cell (electrically active cell, electrically responsive cell, electrically signaling cell)",cartwheel cell,5,1.0,1,3,0
CellOntology_SUB200,"electrically active cell (electrically active cell, electrically responsive cell, electrically signaling cell)",scolopale cell,5,1.0,1,1,1
CellOntology_SUB200,"electrically active cell (electrically active cell, electrically responsive cell, electrically signaling cell)",cerebral cortex neuron,25,1.0,2,6,0
CellOntology_SUB200,"electrically active cell (electrically active cell, electrically responsive cell, electrically signaling cell)",peripheral nervous system neuron,55,1.0,2,6,0
CellOntology_SUB200,"electrically active cell (electrically active cell, electrically responsive cell, electrically signaling cell)",sensory receptor cell,35,0.8333333333333334,2,4,1
CellOntology_SUB200,peripheral sensory neuron,thoracic ganglion thnpy neuron,11,1.0,1,1,1
CellOntology_SUB200,autonomic neuron,sympathetic neuron,40,1.0,2,2,0
CellOntology_SUB200,autonomic neuron,enteric neuron,20,1.0,2,2,0
CellOntology_SUB200,autonomic neuron,intrinsic primary afferent neuron of myenteric plexus,10,1.0,1,1,0
CellOntology_SUB200,autonomic neuron,thoracic ganglion thnpy neuron,10,1.0,1,1,0
CellOntology_SUB200,autonomic neuron,superior cervical ganglion cgrp neuron,10,1.0,1,1,0
CellOntology_SUB200,autonomic neuron,superior cervical ganglion thnpy neuron,10,1.0,1,1,0
CellOntology_SUB200,neural cell,neuron,162,1.0,2,2,0
CellOntology_SUB200,neural cell,"afferent neuron (afferent neuron, sensory neuron)",24,1.0,2,4,0
CellOntology_SUB200,neural cell,wf4 amacrine cell,6,1.0,2,2,0
CellOntology_SUB200,neural cell,gaba-gly neuron,6,1.0,2,2,0
CellOntology_SUB200,neural cell,glial cell,66,0.9,2,3,0
CellOntology_SUB200,neural cell,neurecto-epithelial cell,6,1.0,1,1,1
CellOntology_SUB200,neural cell,brain macroglial cell,36,1.0,2,2,0
CellOntology_SUB200,neural cell,astrocyte,24,1.0,2,2,0
CellOntology_SUB200,neural cell,peripheral sensory neuron,12,1.0,2,2,0
CellOntology_SUB200,neural cell,autonomic neuron,42,1.0,2,2,0
CellOntology_SUB200,neural cell,wide field retinal amacrine cell,18,1.0,2,2,0
CellOntology_SUB200,neural cell,l56 non-martinotti sst gabaergic interneuron mmus,6,1.0,2,2,0
CellOntology_SUB200,neural cell,sympathetic neuron,24,1.0,2,2,0
CellOntology_SUB200,neural cell,enteroglial cell,6,1.0,2,2,0
CellOntology_SUB200,neural cell,astrocyte of the cerebral cortex,12,1.0,2,2,0
CellOntology_SUB200,neural cell,neural crest derived neuron,54,1.0,2,2,0
CellOntology_SUB200,neural cell,gabaergic interneuron,42,1.0,2,2,0
CellOntology_SUB200,neural cell,"glycinergic neuron (glycinergic neuron, inhibitory interneuron)",60,1.0,2,5,0
CellOntology_SUB200,neural cell,cortical interneuron,24,1.0,2,2,0
CellOntology_SUB200,neural cell,intrinsic primary afferent neuron of myenteric plexus,6,1.0,2,2,0
CellOntology_SUB200,neural cell,thoracic ganglion thnpy neuron,6,1.0,2,2,0
CellOntology_SUB200,neural cell,enteric neuron,12,1.0,2,2,0
CellOntology_SUB200,neural cell,cerebral cortex glial cell,30,1.0,2,2,0
CellOntology_SUB200,neural cell,interneuron,66,1.0,2,2,0
CellOntology_SUB200,neural cell,central nervous system neuron,90,1.0,2,2,0
CellOntology_SUB200,neural cell,superior cervical ganglion cgrp neuron,6,1.0,2,2,0
CellOntology_SUB200,neural cell,cerebral cortex gabaergic interneuron,18,1.0,2,2,0
CellOntology_SUB200,neural cell,gabaergic neuron,66,1.0,2,2,0
CellOntology_SUB200,neural cell,macroglial cell,48,1.0,2,2,0
CellOntology_SUB200,neural cell,superior cervical ganglion thnpy neuron,6,1.0,2,2,0
CellOntology_SUB200,neural cell,amacrine cell,24,1.0,2,2,0
CellOntology_SUB200,neural cell,interlaminar astrocyte,6,1.0,2,2,0
CellOntology_SUB200,neural cell,neuron of the forebrain,36,1.0,2,2,0
CellOntology_SUB200,neural cell,cartwheel cell,6,1.0,2,2,0
CellOntology_SUB200,neural cell,retinal cell,30,1.0,2,2,0
CellOntology_SUB200,neural cell,cerebral cortex neuron,30,1.0,2,2,0
CellOntology_SUB200,neural cell,astrocyte of the forebrain,18,1.0,2,2,0
CellOntology_SUB200,neural cell,peripheral nervous system neuron,66,1.0,2,2,0
CellOntology_SUB200,neural cell,vascular leptomeningeal cell,12,0.0,1,2,0
CellOntology_SUB200,neural cell,neuron associated cell,108,0.5882352941176471,1,1,0
CellOntology_SUB200,wide field retinal amacrine cell,wf4 amacrine cell,15,1.0,2,2,0
CellOntology_SUB200,wide field retinal amacrine cell,cartwheel cell,15,1.0,1,1,1
CellOntology_SUB200,sympathetic neuron,thoracic ganglion thnpy neuron,11,1.0,1,1,0
CellOntology_SUB200,sympathetic neuron,superior cervical ganglion cgrp neuron,11,1.0,1,1,0
CellOntology_SUB200,sympathetic neuron,superior cervical ganglion thnpy neuron,11,1.0,1,1,0
CellOntology_SUB200,neural crest derived neuron,sympathetic neuron,36,1.0,2,2,1
CellOntology_SUB200,neural crest derived neuron,peripheral sensory neuron,18,1.0,1,1,1
CellOntology_SUB200,neural crest derived neuron,autonomic neuron,63,1.0,1,1,1
CellOntology_SUB200,neural crest derived neuron,intrinsic primary afferent neuron of myenteric plexus,9,1.0,1,1,0
CellOntology_SUB200,neural crest derived neuron,enteric neuron,18,1.0,2,2,0
CellOntology_SUB200,neural crest derived neuron,thoracic ganglion thnpy neuron,9,1.0,2,2,1
CellOntology_SUB200,neural crest derived neuron,superior cervical ganglion cgrp neuron,9,1.0,2,2,1
CellOntology_SUB200,neural crest derived neuron,superior cervical ganglion thnpy neuron,9,1.0,2,2,1
CellOntology_SUB200,cell,neuron,27,1.0,2,2,0
CellOntology_SUB200,cell,interlobulary artery endothelial cell,1,1.0,2,2,0
CellOntology_SUB200,cell,phagocyte,8,1.0,2,2,0
CellOntology_SUB200,cell,alpha-beta t cell,2,1.0,2,2,0
CellOntology_SUB200,cell,duct epithelial cell,4,1.0,2,2,0
CellOntology_SUB200,cell,"afferent neuron (afferent neuron, sensory neuron)",4,1.0,2,4,0
CellOntology_SUB200,cell,mature alpha-beta t cell,1,1.0,2,2,0
CellOntology_SUB200,cell,brush border epithelial cell,4,1.0,2,2,0
CellOntology_SUB200,cell,androgen secreting cell,1,1.0,2,2,0
CellOntology_SUB200,cell,kidney blood vessel cell,4,1.0,2,2,0
CellOntology_SUB200,cell,peptide hormone secreting cell,4,1.0,2,2,0
CellOntology_SUB200,cell,olfactory epithelial cell,2,1.0,2,2,0
CellOntology_SUB200,cell,splenic macrophage,2,1.0,2,2,0
CellOntology_SUB200,cell,invertebrate nurse cell,2,1.0,2,2,0
CellOntology_SUB200,cell,muscle cell,14,1.0,2,2,0
CellOntology_SUB200,cell,kidney arterial blood vessel cell,3,1.0,2,2,0
CellOntology_SUB200,cell,sensory epithelial cell,5,1.0,2,2,0
CellOntology_SUB200,cell,"b cell cd19-positive (b cell cd19-positive, lymphocyte of b lineage cd19-positive)",2,1.0,2,4,0
CellOntology_SUB200,cell,mature t cell,3,1.0,2,2,0
CellOntology_SUB200,cell,"blood vessel endothelial cell (blood vessel endothelial cell, endothelial cell of vascular tree)",8,1.0,2,4,0
CellOntology_SUB200,cell,multinucleate cell,13,1.0,2,2,0
CellOntology_SUB200,cell,leukocyte,30,1.0,2,2,0
CellOntology_SUB200,cell,kidney medulla cell,1,1.0,2,2,0
CellOntology_SUB200,cell,strial intermediate cell,1,1.0,2,2,0
CellOntology_SUB200,cell,epithelial cell,50,1.0,2,2,0
CellOntology_SUB200,cell,kidney cell,16,1.0,2,2,0
CellOntology_SUB200,cell,interstitial cell,3,1.0,2,2,0
CellOntology_SUB200,cell,wf4 amacrine cell,1,1.0,2,2,0
CellOntology_SUB200,cell,phagocyte sensu vertebrata,7,1.0,2,2,0
CellOntology_SUB200,cell,pericyte,4,1.0,2,2,0
CellOntology_SUB200,cell,cycling myeloid cell,1,1.0,2,2,0
CellOntology_SUB200,cell,gaba-gly neuron,1,1.0,2,2,0
CellOntology_SUB200,cell,glial cell,11,1.0,2,3,0
CellOntology_SUB200,cell,"interlobular artery cell (interlobular artery cell, kidney cortex artery cell)",2,1.0,2,4,0
CellOntology_SUB200,cell,neurecto-epithelial cell,1,1.0,2,2,0
CellOntology_SUB200,cell,secondary lymphoid organ macrophage,3,1.0,2,2,0
CellOntology_SUB200,cell,striated muscle cell,10,1.0,2,2,0
CellOntology_SUB200,cell,myeloid cell,22,1.0,2,2,0
CellOntology_SUB200,cell,branched duct epithelial cell,1,1.0,2,2,0
CellOntology_SUB200,cell,brain macroglial cell,6,1.0,2,2,0
CellOntology_SUB200,cell,spermatid,1,1.0,2,2,0
CellOntology_SUB200,cell,secretory cell,50,1.0,2,2,0
CellOntology_SUB200,cell,lymphocyte of b lineage,7,1.0,2,2,0
CellOntology_SUB200,cell,astrocyte,4,1.0,2,2,0
CellOntology_SUB200,cell,mesothelial fibroblast of the leptomeninx,1,1.0,2,2,0
CellOntology_SUB200,cell,peripheral sensory neuron,2,1.0,2,2,0
CellOntology_SUB200,cell,macrophage,5,1.0,2,2,0
CellOntology_SUB200,cell,autonomic neuron,7,1.0,2,2,0
CellOntology_SUB200,cell,mucus secreting cell,3,1.0,2,2,0
CellOntology_SUB200,cell,cholangiocyte,2,1.0,2,2,0
CellOntology_SUB200,cell,neural cell,48,1.0,2,3,0
CellOntology_SUB200,cell,ecto-epithelial cell,2,1.0,2,2,0
CellOntology_SUB200,cell,kidney interstitial cell,2,1.0,2,2,0
CellOntology_SUB200,cell,splenic metallophillic macrophage,1,1.0,2,2,0
CellOntology_SUB200,cell,myeloid leukocyte,8,1.0,2,2,0
CellOntology_SUB200,cell,enterocyte of epithelium of large intestine,2,1.0,2,2,0
CellOntology_SUB200,cell,epididymis secretory cell,1,1.0,2,2,0
CellOntology_SUB200,cell,wide field retinal amacrine cell,3,1.0,2,2,0
CellOntology_SUB200,cell,vascular leptomeningeal cell,2,1.0,2,3,0
CellOntology_SUB200,cell,intestinal epithelial cell,9,1.0,2,2,0
CellOntology_SUB200,cell,skeletal muscle fiber,3,1.0,2,2,0
CellOntology_SUB200,cell,supporting cell,17,1.0,2,2,0
CellOntology_SUB200,cell,"enterocyte (enterocyte, gut absorptive cell)",3,1.0,2,4,0
CellOntology_SUB200,cell,multi fate stem cell,4,1.0,2,2,0
CellOntology_SUB200,cell,mononuclear leukocyte,23,1.0,2,2,0
CellOntology_SUB200,cell,fast muscle myoblast,1,1.0,2,2,0
CellOntology_SUB200,cell,cell of skeletal muscle,7,1.0,2,2,0
CellOntology_SUB200,cell,glomerular mesangial cell,1,1.0,2,2,0
CellOntology_SUB200,cell,schlemms canal endothelial cell,1,1.0,2,2,0
CellOntology_SUB200,cell,mesenchymal stem cell of orbital adipose tissue,1,1.0,2,2,0
CellOntology_SUB200,cell,l56 non-martinotti sst gabaergic interneuron mmus,1,1.0,2,2,0
CellOntology_SUB200,cell,t cell,5,1.0,2,2,0
CellOntology_SUB200,cell,myoblast,3,1.0,2,2,0
CellOntology_SUB200,cell,renal cortical epithelial cell,1,1.0,2,2,0
CellOntology_SUB200,cell,cultured cell,2,1.0,2,2,0
CellOntology_SUB200,cell,"germ cell (germ cell, germ line cell)",4,1.0,2,4,0
CellOntology_SUB200,cell,respiratory tract epithelial cell,4,1.0,2,2,0
CellOntology_SUB200,cell,myotube,1,1.0,2,2,0
CellOntology_SUB200,cell,"glomerular cell (glomerular cell, kidney corpuscule cell)",3,1.0,2,4,0
CellOntology_SUB200,cell,sympathetic neuron,4,1.0,2,2,0
CellOntology_SUB200,cell,mononuclear phagocyte,6,1.0,2,2,0
CellOntology_SUB200,cell,enteroglial cell,1,1.0,2,2,0
CellOntology_SUB200,cell,b cell,10,1.0,2,2,0
CellOntology_SUB200,cell,visceral muscle cell,2,1.0,2,2,0
CellOntology_SUB200,cell,epithelial cell of nephron,2,1.0,2,2,0
CellOntology_SUB200,cell,astrocyte of the cerebral cortex,2,1.0,2,2,0
CellOntology_SUB200,cell,prebcr-positive large pre-b-ii cell,1,1.0,2,2,0
CellOntology_SUB200,cell,male germ cell,2,1.0,2,2,0
CellOntology_SUB200,cell,auditory epithelial cell,1,1.0,2,2,0
CellOntology_SUB200,cell,neural crest derived neuron,9,1.0,2,2,0
CellOntology_SUB200,cell,"electrically active cell (electrically active cell, electrically responsive cell, electrically signaling cell)",75,1.0,2,4,0
CellOntology_SUB200,cell,be cell,8,1.0,1,1,0
CellOntology_SUB200,cell,single nucleate cell,185,1.0,1,1,0
CellOntology_SUB200,cell,germline-derived nurse cell,1,1.0,2,2,0
CellOntology_SUB200,cell,gabaergic interneuron,7,1.0,2,2,0
CellOntology_SUB200,cell,cell in vitro,3,1.0,2,2,0
CellOntology_SUB200,cell,endo-epithelial cell,9,1.0,2,2,0
CellOntology_SUB200,cell,epithelial cell of appendix,2,1.0,2,2,0
CellOntology_SUB200,cell,hematopoietic cell,32,1.0,2,2,0
CellOntology_SUB200,cell,"glycinergic neuron (glycinergic neuron, inhibitory interneuron)",10,1.0,2,5,0
CellOntology_SUB200,cell,cortical interneuron,4,1.0,2,2,0
CellOntology_SUB200,cell,seromucus secreting cell,1,1.0,2,2,0
CellOntology_SUB200,cell,intrinsic primary afferent neuron of myenteric plexus,1,1.0,2,2,0
CellOntology_SUB200,cell,epithelial melanocyte,1,1.0,2,2,0
CellOntology_SUB200,cell,endothelial cell,18,1.0,2,2,0
CellOntology_SUB200,cell,neuron associated cell,18,1.0,1,1,0
CellOntology_SUB200,cell,kidney cortical cell,7,1.0,2,2,0
CellOntology_SUB200,cell,melanocyte,2,1.0,2,2,0
CellOntology_SUB200,cell,thoracic ganglion thnpy neuron,1,1.0,2,2,0
CellOntology_SUB200,cell,extracellular matrix secreting cell,37,1.0,1,1,0
CellOntology_SUB200,cell,enteric neuron,2,1.0,2,2,0
CellOntology_SUB200,cell,professional antigen presenting cell,19,1.0,2,2,0
CellOntology_SUB200,cell,endocrine cell,7,1.0,2,2,0
CellOntology_SUB200,cell,tissue-resident macrophage,4,1.0,2,2,0
CellOntology_SUB200,cell,syncytial cell,5,1.0,2,2,0
CellOntology_SUB200,cell,vein endothelial cell,1,1.0,2,2,0
CellOntology_SUB200,cell,progenitor cell,19,1.0,1,1,0
CellOntology_SUB200,cell,cerebral cortex glial cell,5,1.0,2,2,0
CellOntology_SUB200,cell,gamete-nursing cell,3,1.0,2,2,0
CellOntology_SUB200,cell,muscle precursor cell,4,1.0,2,2,0
CellOntology_SUB200,cell,large mucus secreting cholangiocyte,1,1.0,2,2,0
CellOntology_SUB200,cell,interneuron,11,1.0,2,2,0
CellOntology_SUB200,cell,central nervous system neuron,15,1.0,2,2,0
CellOntology_SUB200,cell,mesenchymal stem cell of adipose tissue,2,1.0,2,2,0
CellOntology_SUB200,cell,vlmc nn vascular leptomeningeal cell mmus,1,1.0,1,1,0
CellOntology_SUB200,cell,smooth muscle cell,3,1.0,2,2,0
CellOntology_SUB200,cell,superior cervical ganglion cgrp neuron,1,1.0,2,2,0
CellOntology_SUB200,cell,columnarcuboidal epithelial cell,1,1.0,2,2,0
CellOntology_SUB200,cell,mesothelial fibroblast,2,1.0,2,2,0
CellOntology_SUB200,cell,polyploid cell,1,1.0,2,2,0
CellOntology_SUB200,cell,connective tissue cell,43,1.0,2,2,0
CellOntology_SUB200,cell,kidney epithelial cell,4,1.0,1,1,0
CellOntology_SUB200,cell,splenocyte,10,1.0,2,2,0
CellOntology_SUB200,cell,experimentally modified cell in vitro,1,1.0,2,2,0
CellOntology_SUB200,cell,endothelial cell of artery,2,1.0,2,2,0
CellOntology_SUB200,cell,mature b cell,1,1.0,2,2,0
CellOntology_SUB200,cell,non-striated muscle cell,4,1.0,2,2,0
CellOntology_SUB200,cell,"mural cell (mural cell, perivascular cell)",8,1.0,2,3,0
CellOntology_SUB200,cell,cerebral cortex gabaergic interneuron,3,1.0,2,2,0
CellOntology_SUB200,cell,gabaergic neuron,11,1.0,2,2,0
CellOntology_SUB200,cell,epithelial cell of alimentary canal,12,1.0,2,2,0
CellOntology_SUB200,cell,intestinal enteroendocrine cell,2,1.0,2,2,0
CellOntology_SUB200,cell,large pre-b-ii cell,2,1.0,2,2,0
CellOntology_SUB200,cell,supporting cell sensu nematoda and protostomia,1,1.0,2,2,0
CellOntology_SUB200,cell,epithelial cell of large intestine,4,1.0,2,2,0
CellOntology_SUB200,cell,chemoreceptor cell,3,1.0,2,2,0
CellOntology_SUB200,cell,pigment cell,3,1.0,2,2,0
CellOntology_SUB200,cell,secretory epithelial cell,12,1.0,1,1,0
CellOntology_SUB200,cell,contractile cell,20,1.0,2,2,0
CellOntology_SUB200,cell,macroglial cell,8,1.0,2,2,0
CellOntology_SUB200,cell,juxtacanalicular tissue cell,1,1.0,2,2,0
CellOntology_SUB200,cell,sphincter associated smooth muscle cell,1,1.0,2,2,0
CellOntology_SUB200,cell,epithelial cell of upper respiratory tract,3,1.0,2,2,0
CellOntology_SUB200,cell,intrafusal muscle fiber,1,1.0,2,2,0
CellOntology_SUB200,cell,superior cervical ganglion thnpy neuron,1,1.0,2,2,0
CellOntology_SUB200,cell,amacrine cell,4,1.0,2,2,0
CellOntology_SUB200,cell,enterocyte of appendix,1,1.0,2,2,0
CellOntology_SUB200,cell,interlaminar astrocyte,1,1.0,2,2,0
CellOntology_SUB200,cell,enteroendocrine cell,3,1.0,2,2,0
CellOntology_SUB200,cell,lymphocyte,16,1.0,2,2,0
CellOntology_SUB200,cell,trabecular meshwork cell,2,1.0,2,2,0
CellOntology_SUB200,cell,stem cell of gastric gland,1,1.0,2,2,0
CellOntology_SUB200,cell,eukaryotic cell,191,1.0,2,2,0
CellOntology_SUB200,cell,neuron of the forebrain,6,1.0,2,2,0
CellOntology_SUB200,cell,cartwheel cell,1,1.0,2,2,0
CellOntology_SUB200,cell,steroid hormone secreting cell,2,1.0,2,2,0
CellOntology_SUB200,cell,mucosal-associated invariant t cell,1,1.0,2,2,0
CellOntology_SUB200,cell,scolopale cell,1,1.0,2,2,0
CellOntology_SUB200,cell,retinal cell,5,1.0,2,2,0
CellOntology_SUB200,cell,stuff accumulating cell,1,1.0,1,1,0
CellOntology_SUB200,cell,pre-b-ii cell,3,1.0,2,2,0
CellOntology_SUB200,cell,cerebral cortex neuron,5,1.0,2,2,0
CellOntology_SUB200,cell,precursor b cell,9,1.0,2,2,0
CellOntology_SUB200,cell,astrocyte of the forebrain,3,1.0,2,2,0
CellOntology_SUB200,cell,peripheral nervous system neuron,11,1.0,2,2,0
CellOntology_SUB200,cell,stromal cell,36,1.0,1,1,0
CellOntology_SUB200,cell,mesangial cell,2,1.0,2,2,0
CellOntology_SUB200,cell,skeletal muscle myoblast,2,1.0,2,2,0
CellOntology_SUB200,cell,nuclear chain fiber,1,1.0,1,1,0
CellOntology_SUB200,cell,epithelial cell of stomach,2,1.0,2,2,0
CellOntology_SUB200,cell,precursor cell,20,1.0,2,2,0
CellOntology_SUB200,cell,stem cell,6,1.0,2,2,0
CellOntology_SUB200,cell,type l enteroendocrine cell,1,1.0,2,2,0
CellOntology_SUB200,cell,be1 cell,1,1.0,2,2,0
CellOntology_SUB200,cell,renal interstitial pericyte,1,1.0,2,2,0
CellOntology_SUB200,cell,sensory receptor cell,7,1.0,2,2,0
CellOntology_SUB200,cell,strial basal cell,1,1.0,2,2,0
CellOntology_SUB200,cell,mesenchymal stem cell,3,1.0,2,2,0
CellOntology_SUB200,cell,fibroblast,3,1.0,2,2,0
CellOntology_SUB200,cell,motile cell,31,1.0,2,2,0
CellOntology_SUB200,cell,nucleate cell,190,1.0,2,2,0
CellOntology_SUB200,gabaergic interneuron,wf4 amacrine cell,12,1.0,2,2,1
CellOntology_SUB200,gabaergic interneuron,l56 non-martinotti sst gabaergic interneuron mmus,12,1.0,2,2,0
CellOntology_SUB200,gabaergic interneuron,wide field retinal amacrine cell,36,1.0,1,1,1
CellOntology_SUB200,gabaergic interneuron,cortical interneuron,48,1.0,1,1,1
CellOntology_SUB200,gabaergic interneuron,cerebral cortex gabaergic interneuron,36,1.0,2,2,0
CellOntology_SUB200,gabaergic interneuron,cartwheel cell,12,1.0,1,1,1
CellOntology_SUB200,"glycinergic neuron (glycinergic neuron, inhibitory interneuron)",gaba-gly neuron,11,1.0,2,4,0
CellOntology_SUB200,"glycinergic neuron (glycinergic neuron, inhibitory interneuron)",wf4 amacrine cell,11,1.0,2,2,1
CellOntology_SUB200,"glycinergic neuron (glycinergic neuron, inhibitory interneuron)",l56 non-martinotti sst gabaergic interneuron mmus,11,1.0,2,2,0
CellOntology_SUB200,"glycinergic neuron (glycinergic neuron, inhibitory interneuron)",gabaergic interneuron,77,1.0,2,2,0
CellOntology_SUB200,"glycinergic neuron (glycinergic neuron, inhibitory interneuron)",cerebral cortex gabaergic interneuron,33,1.0,2,2,0
CellOntology_SUB200,"glycinergic neuron (glycinergic neuron, inhibitory interneuron)",cortical interneuron,44,1.0,1,1,1
CellOntology_SUB200,"glycinergic neuron (glycinergic neuron, inhibitory interneuron)",wide field retinal amacrine cell,33,1.0,1,1,1
CellOntology_SUB200,"glycinergic neuron (glycinergic neuron, inhibitory interneuron)",amacrine cell,44,1.0,1,1,1
CellOntology_SUB200,"glycinergic neuron (glycinergic neuron, inhibitory interneuron)",cartwheel cell,11,1.0,1,1,0
CellOntology_SUB200,cortical interneuron,l56 non-martinotti sst gabaergic interneuron mmus,15,1.0,2,2,0
CellOntology_SUB200,cortical interneuron,cerebral cortex gabaergic interneuron,45,1.0,2,2,0
CellOntology_SUB200,cortical interneuron,cartwheel cell,15,1.0,1,1,1
CellOntology_SUB200,enteric neuron,intrinsic primary afferent neuron of myenteric plexus,11,1.0,2,2,0
CellOntology_SUB200,interneuron,wf4 amacrine cell,9,1.0,2,2,0
CellOntology_SUB200,interneuron,gaba-gly neuron,9,1.0,2,2,1
CellOntology_SUB200,interneuron,wide field retinal amacrine cell,27,1.0,2,2,0
CellOntology_SUB200,interneuron,l56 non-martinotti sst gabaergic interneuron mmus,9,1.0,2,2,0
CellOntology_SUB200,interneuron,gabaergic interneuron,63,1.0,2,2,0
CellOntology_SUB200,interneuron,"glycinergic neuron (glycinergic neuron, inhibitory interneuron)",90,1.0,2,4,0
CellOntology_SUB200,interneuron,cortical interneuron,36,1.0,2,2,0
CellOntology_SUB200,interneuron,cerebral cortex gabaergic interneuron,27,1.0,2,2,0
CellOntology_SUB200,interneuron,amacrine cell,36,1.0,2,2,0
CellOntology_SUB200,interneuron,cartwheel cell,9,1.0,1,1,1
CellOntology_SUB200,central nervous system neuron,l56 non-martinotti sst gabaergic interneuron mmus,8,1.0,2,2,0
CellOntology_SUB200,central nervous system neuron,cortical interneuron,32,1.0,2,2,0
CellOntology_SUB200,central nervous system neuron,wf4 amacrine cell,8,1.0,1,1,0
CellOntology_SUB200,central nervous system neuron,gaba-gly neuron,8,1.0,1,1,1
CellOntology_SUB200,central nervous system neuron,wide field retinal amacrine cell,24,1.0,1,1,0
CellOntology_SUB200,central nervous system neuron,gabaergic interneuron,56,1.0,1,1,0
CellOntology_SUB200,central nervous system neuron,"glycinergic neuron (glycinergic neuron, inhibitory interneuron)",80,1.0,1,2,0
CellOntology_SUB200,central nervous system neuron,interneuron,88,1.0,1,1,0
CellOntology_SUB200,central nervous system neuron,cerebral cortex gabaergic interneuron,24,1.0,2,2,0
CellOntology_SUB200,central nervous system neuron,gabaergic neuron,88,1.0,1,1,1
CellOntology_SUB200,central nervous system neuron,amacrine cell,32,1.0,2,2,0
CellOntology_SUB200,central nervous system neuron,neuron of the forebrain,48,1.0,2,2,0
CellOntology_SUB200,central nervous system neuron,cartwheel cell,8,1.0,1,1,0
CellOntology_SUB200,central nervous system neuron,cerebral cortex neuron,40,1.0,2,2,0
CellOntology_SUB200,cerebral cortex gabaergic interneuron,l56 non-martinotti sst gabaergic interneuron mmus,16,1.0,2,2,0
CellOntology_SUB200,cerebral cortex gabaergic interneuron,cartwheel cell,16,1.0,1,1,1
CellOntology_SUB200,gabaergic neuron,wf4 amacrine cell,9,1.0,2,2,1
CellOntology_SUB200,gabaergic neuron,gaba-gly neuron,9,1.0,1,1,0
CellOntology_SUB200,gabaergic neuron,wide field retinal amacrine cell,27,1.0,1,1,1
CellOntology_SUB200,gabaergic neuron,l56 non-martinotti sst gabaergic interneuron mmus,9,1.0,2,2,0
CellOntology_SUB200,gabaergic neuron,gabaergic interneuron,63,1.0,2,2,0
CellOntology_SUB200,gabaergic neuron,cerebral cortex gabaergic interneuron,27,1.0,2,2,0
CellOntology_SUB200,gabaergic neuron,cortical interneuron,36,1.0,1,1,1
CellOntology_SUB200,gabaergic neuron,"glycinergic neuron (glycinergic neuron, inhibitory interneuron)",90,1.0,1,1,1
CellOntology_SUB200,gabaergic neuron,amacrine cell,36,1.0,1,1,1
CellOntology_SUB200,gabaergic neuron,cartwheel cell,9,1.0,1,1,0
CellOntology_SUB200,amacrine cell,wf4 amacrine cell,13,1.0,2,2,0
CellOntology_SUB200,amacrine cell,wide field retinal amacrine cell,39,1.0,2,2,0
CellOntology_SUB200,amacrine cell,cartwheel cell,13,1.0,1,1,1
CellOntology_SUB200,neuron of the forebrain,l56 non-martinotti sst gabaergic interneuron mmus,9,1.0,2,2,0
CellOntology_SUB200,neuron of the forebrain,cerebral cortex gabaergic interneuron,27,0.5,2,2,0
CellOntology_SUB200,neuron of the forebrain,cerebral cortex neuron,45,0.75,2,2,0
CellOntology_SUB200,neuron of the forebrain,cortical interneuron,36,0.6666666666666666,1,1,0
CellOntology_SUB200,cerebral cortex neuron,l56 non-martinotti sst gabaergic interneuron mmus,10,1.0,2,2,0
CellOntology_SUB200,cerebral cortex neuron,cortical interneuron,40,0.6666666666666666,2,2,0
CellOntology_SUB200,cerebral cortex neuron,cerebral cortex gabaergic interneuron,30,0.5,2,2,0
CellOntology_SUB200,peripheral nervous system neuron,peripheral sensory neuron,16,1.0,2,2,0
CellOntology_SUB200,peripheral nervous system neuron,autonomic neuron,56,1.0,2,2,0
CellOntology_SUB200,peripheral nervous system neuron,sympathetic neuron,32,1.0,2,2,0
CellOntology_SUB200,peripheral nervous system neuron,neural crest derived neuron,72,1.0,1,1,1
CellOntology_SUB200,peripheral nervous system neuron,intrinsic primary afferent neuron of myenteric plexus,8,1.0,2,2,0
CellOntology_SUB200,peripheral nervous system neuron,thoracic ganglion thnpy neuron,8,1.0,2,2,0
CellOntology_SUB200,peripheral nervous system neuron,enteric neuron,16,1.0,2,2,0
CellOntology_SUB200,peripheral nervous system neuron,superior cervical ganglion cgrp neuron,8,1.0,2,2,0
CellOntology_SUB200,peripheral nervous system neuron,superior cervical ganglion thnpy neuron,8,1.0,2,2,0
CellOntology_SUB200,peripheral nervous system neuron,"afferent neuron (afferent neuron, sensory neuron)",32,1.0,1,2,1
CellOntology_SUB200,eukaryotic cell,neuron,54,1.0,2,2,0
CellOntology_SUB200,eukaryotic cell,alpha-beta t cell,4,1.0,2,2,0
CellOntology_SUB200,eukaryotic cell,"afferent neuron (afferent neuron, sensory neuron)",8,1.0,2,4,0
CellOntology_SUB200,eukaryotic cell,mature alpha-beta t cell,2,1.0,2,2,0
CellOntology_SUB200,eukaryotic cell,brush border epithelial cell,8,1.0,2,2,0
CellOntology_SUB200,eukaryotic cell,kidney blood vessel cell,8,1.0,2,2,0
CellOntology_SUB200,eukaryotic cell,olfactory epithelial cell,4,1.0,2,2,0
CellOntology_SUB200,eukaryotic cell,splenic macrophage,4,1.0,2,2,0
CellOntology_SUB200,eukaryotic cell,invertebrate nurse cell,4,1.0,2,2,0
CellOntology_SUB200,eukaryotic cell,muscle cell,28,1.0,2,2,0
CellOntology_SUB200,eukaryotic cell,"b cell cd19-positive (b cell cd19-positive, lymphocyte of b lineage cd19-positive)",4,1.0,2,4,0
CellOntology_SUB200,eukaryotic cell,mature t cell,6,1.0,2,2,0
CellOntology_SUB200,eukaryotic cell,multinucleate cell,26,1.0,2,2,0
CellOntology_SUB200,eukaryotic cell,kidney medulla cell,2,1.0,2,2,0
CellOntology_SUB200,eukaryotic cell,strial intermediate cell,2,1.0,2,2,0
CellOntology_SUB200,eukaryotic cell,epithelial cell,100,1.0,2,2,0
CellOntology_SUB200,eukaryotic cell,kidney cell,32,1.0,2,2,0
CellOntology_SUB200,eukaryotic cell,wf4 amacrine cell,2,1.0,2,2,0
CellOntology_SUB200,eukaryotic cell,phagocyte sensu vertebrata,14,1.0,2,2,0
CellOntology_SUB200,eukaryotic cell,cycling myeloid cell,2,1.0,2,2,0
CellOntology_SUB200,eukaryotic cell,gaba-gly neuron,2,1.0,2,2,0
CellOntology_SUB200,eukaryotic cell,secondary lymphoid organ macrophage,6,1.0,2,2,0
CellOntology_SUB200,eukaryotic cell,striated muscle cell,20,1.0,2,2,0
CellOntology_SUB200,eukaryotic cell,myeloid cell,44,1.0,2,2,0
CellOntology_SUB200,eukaryotic cell,branched duct epithelial cell,2,1.0,2,2,0
CellOntology_SUB200,eukaryotic cell,spermatid,2,1.0,2,2,0
CellOntology_SUB200,eukaryotic cell,secretory cell,100,1.0,2,2,1
CellOntology_SUB200,eukaryotic cell,lymphocyte of b lineage,14,1.0,2,2,0
CellOntology_SUB200,eukaryotic cell,astrocyte,8,1.0,2,2,0
CellOntology_SUB200,eukaryotic cell,mesothelial fibroblast of the leptomeninx,2,1.0,1,1,0
CellOntology_SUB200,eukaryotic cell,peripheral sensory neuron,4,1.0,2,2,0
CellOntology_SUB200,eukaryotic cell,autonomic neuron,14,1.0,2,2,0
CellOntology_SUB200,eukaryotic cell,neural cell,96,1.0,2,2,0
CellOntology_SUB200,eukaryotic cell,splenic metallophillic macrophage,2,1.0,2,2,0
CellOntology_SUB200,eukaryotic cell,enterocyte of epithelium of large intestine,4,1.0,2,2,0
CellOntology_SUB200,eukaryotic cell,epididymis secretory cell,2,1.0,2,2,0
CellOntology_SUB200,eukaryotic cell,wide field retinal amacrine cell,6,1.0,2,2,0
CellOntology_SUB200,eukaryotic cell,vascular leptomeningeal cell,4,1.0,2,2,0
CellOntology_SUB200,eukaryotic cell,skeletal muscle fiber,6,1.0,2,2,0
CellOntology_SUB200,eukaryotic cell,mononuclear leukocyte,46,1.0,2,2,0
CellOntology_SUB200,eukaryotic cell,cell of skeletal muscle,14,1.0,2,2,0
CellOntology_SUB200,eukaryotic cell,glomerular mesangial cell,2,1.0,2,2,0
CellOntology_SUB200,eukaryotic cell,schlemms canal endothelial cell,2,1.0,2,2,0
CellOntology_SUB200,eukaryotic cell,mesenchymal stem cell of orbital adipose tissue,2,1.0,2,2,0
CellOntology_SUB200,eukaryotic cell,t cell,10,1.0,2,2,0
CellOntology_SUB200,eukaryotic cell,renal cortical epithelial cell,2,1.0,2,2,0
CellOntology_SUB200,eukaryotic cell,"germ cell (germ cell, germ line cell)",8,1.0,2,4,1
CellOntology_SUB200,eukaryotic cell,respiratory tract epithelial cell,8,1.0,2,2,0
CellOntology_SUB200,eukaryotic cell,myotube,2,1.0,2,2,0
CellOntology_SUB200,eukaryotic cell,"glomerular cell (glomerular cell, kidney corpuscule cell)",6,1.0,2,3,0
CellOntology_SUB200,eukaryotic cell,sympathetic neuron,8,1.0,2,2,0
CellOntology_SUB200,eukaryotic cell,enteroglial cell,2,1.0,2,2,0
CellOntology_SUB200,eukaryotic cell,b cell,20,1.0,2,2,0
CellOntology_SUB200,eukaryotic cell,visceral muscle cell,4,1.0,2,2,0
CellOntology_SUB200,eukaryotic cell,epithelial cell of nephron,4,1.0,2,2,0
CellOntology_SUB200,eukaryotic cell,astrocyte of the cerebral cortex,4,1.0,2,2,0
CellOntology_SUB200,eukaryotic cell,prebcr-positive large pre-b-ii cell,2,1.0,2,2,0
CellOntology_SUB200,eukaryotic cell,male germ cell,4,1.0,2,2,1
CellOntology_SUB200,eukaryotic cell,auditory epithelial cell,2,1.0,2,2,0
CellOntology_SUB200,eukaryotic cell,gabaergic interneuron,14,1.0,2,2,0
CellOntology_SUB200,eukaryotic cell,cell in vitro,6,1.0,2,2,1
CellOntology_SUB200,eukaryotic cell,epithelial cell of appendix,4,1.0,2,2,0
CellOntology_SUB200,eukaryotic cell,hematopoietic cell,64,1.0,2,2,1
CellOntology_SUB200,eukaryotic cell,"glycinergic neuron (glycinergic neuron, inhibitory interneuron)",20,1.0,2,5,0
CellOntology_SUB200,eukaryotic cell,cortical interneuron,8,1.0,2,2,0
CellOntology_SUB200,eukaryotic cell,intrinsic primary afferent neuron of myenteric plexus,2,1.0,2,2,0
CellOntology_SUB200,eukaryotic cell,epithelial melanocyte,2,1.0,2,2,0
CellOntology_SUB200,eukaryotic cell,endothelial cell,36,1.0,2,2,0
CellOntology_SUB200,eukaryotic cell,melanocyte,4,1.0,2,2,0
CellOntology_SUB200,eukaryotic cell,thoracic ganglion thnpy neuron,2,1.0,2,2,0
CellOntology_SUB200,eukaryotic cell,tissue-resident macrophage,8,1.0,2,2,0
CellOntology_SUB200,eukaryotic cell,syncytial cell,10,1.0,2,2,0
CellOntology_SUB200,eukaryotic cell,vein endothelial cell,2,1.0,2,2,0
CellOntology_SUB200,eukaryotic cell,"enterocyte (enterocyte, gut absorptive cell)",6,1.0,2,3,0
CellOntology_SUB200,eukaryotic cell,interneuron,22,1.0,2,2,0
CellOntology_SUB200,eukaryotic cell,central nervous system neuron,30,1.0,2,2,0
CellOntology_SUB200,eukaryotic cell,mesenchymal stem cell of adipose tissue,4,1.0,2,2,0
CellOntology_SUB200,eukaryotic cell,smooth muscle cell,6,1.0,2,2,0
CellOntology_SUB200,eukaryotic cell,superior cervical ganglion cgrp neuron,2,1.0,2,2,0
CellOntology_SUB200,eukaryotic cell,columnarcuboidal epithelial cell,2,1.0,2,2,0
CellOntology_SUB200,eukaryotic cell,polyploid cell,2,1.0,2,2,1
CellOntology_SUB200,eukaryotic cell,endothelial cell of artery,4,1.0,2,2,0
CellOntology_SUB200,eukaryotic cell,mature b cell,2,1.0,2,2,0
CellOntology_SUB200,eukaryotic cell,non-striated muscle cell,8,1.0,2,2,0
CellOntology_SUB200,eukaryotic cell,cerebral cortex gabaergic interneuron,6,1.0,2,2,0
CellOntology_SUB200,eukaryotic cell,gabaergic neuron,22,1.0,2,2,0
CellOntology_SUB200,eukaryotic cell,epithelial cell of alimentary canal,24,1.0,2,2,0
CellOntology_SUB200,eukaryotic cell,epithelial cell of large intestine,8,1.0,2,2,0
CellOntology_SUB200,eukaryotic cell,sphincter associated smooth muscle cell,2,1.0,2,2,0
CellOntology_SUB200,eukaryotic cell,epithelial cell of upper respiratory tract,6,1.0,2,2,0
CellOntology_SUB200,eukaryotic cell,superior cervical ganglion thnpy neuron,2,1.0,2,2,0
CellOntology_SUB200,eukaryotic cell,enterocyte of appendix,2,1.0,2,2,0
CellOntology_SUB200,eukaryotic cell,interlaminar astrocyte,2,1.0,2,2,0
CellOntology_SUB200,eukaryotic cell,enteroendocrine cell,6,1.0,2,2,0
CellOntology_SUB200,eukaryotic cell,lymphocyte,32,1.0,2,2,0
CellOntology_SUB200,eukaryotic cell,trabecular meshwork cell,4,1.0,2,2,0
CellOntology_SUB200,eukaryotic cell,stem cell of gastric gland,2,1.0,2,2,0
CellOntology_SUB200,eukaryotic cell,interlobulary artery endothelial cell,2,1.0,1,1,0
CellOntology_SUB200,eukaryotic cell,phagocyte,16,1.0,1,1,1
CellOntology_SUB200,eukaryotic cell,duct epithelial cell,8,1.0,1,1,0
CellOntology_SUB200,eukaryotic cell,androgen secreting cell,2,1.0,1,1,1
CellOntology_SUB200,eukaryotic cell,peptide hormone secreting cell,8,1.0,1,1,1
CellOntology_SUB200,eukaryotic cell,"electrically active cell (electrically active cell, electrically responsive cell, electrically signaling cell)",150,1.0,1,3,1
CellOntology_SUB200,eukaryotic cell,kidney arterial blood vessel cell,6,1.0,1,1,0
CellOntology_SUB200,eukaryotic cell,sensory epithelial cell,10,1.0,1,1,0
CellOntology_SUB200,eukaryotic cell,"blood vessel endothelial cell (blood vessel endothelial cell, endothelial cell of vascular tree)",16,1.0,2,3,0
CellOntology_SUB200,eukaryotic cell,leukocyte,60,1.0,1,1,0
CellOntology_SUB200,eukaryotic cell,interstitial cell,6,1.0,1,1,0
CellOntology_SUB200,eukaryotic cell,be cell,16,1.0,1,1,0
CellOntology_SUB200,eukaryotic cell,pericyte,8,1.0,1,1,0
CellOntology_SUB200,eukaryotic cell,glial cell,22,1.0,1,1,0
CellOntology_SUB200,eukaryotic cell,"interlobular artery cell (interlobular artery cell, kidney cortex artery cell)",4,1.0,1,2,0
CellOntology_SUB200,eukaryotic cell,neurecto-epithelial cell,2,1.0,1,1,0
CellOntology_SUB200,eukaryotic cell,brain macroglial cell,12,1.0,1,1,0
CellOntology_SUB200,eukaryotic cell,macrophage,10,1.0,1,1,0
CellOntology_SUB200,eukaryotic cell,mucus secreting cell,6,1.0,1,1,1
CellOntology_SUB200,eukaryotic cell,cholangiocyte,4,1.0,1,1,0
CellOntology_SUB200,eukaryotic cell,ecto-epithelial cell,4,1.0,1,1,0
CellOntology_SUB200,eukaryotic cell,kidney interstitial cell,4,1.0,1,1,0
CellOntology_SUB200,eukaryotic cell,myeloid leukocyte,16,1.0,1,1,0
CellOntology_SUB200,eukaryotic cell,intestinal epithelial cell,18,1.0,1,1,0
CellOntology_SUB200,eukaryotic cell,supporting cell,34,1.0,1,1,1
CellOntology_SUB200,eukaryotic cell,multi fate stem cell,8,1.0,1,1,1
CellOntology_SUB200,eukaryotic cell,fast muscle myoblast,2,1.0,1,1,0
CellOntology_SUB200,eukaryotic cell,single nucleate cell,370,1.0,1,1,0
CellOntology_SUB200,eukaryotic cell,l56 non-martinotti sst gabaergic interneuron mmus,2,1.0,1,1,0
CellOntology_SUB200,eukaryotic cell,myoblast,6,1.0,1,1,0
CellOntology_SUB200,eukaryotic cell,cultured cell,4,1.0,1,1,1
CellOntology_SUB200,eukaryotic cell,mononuclear phagocyte,12,1.0,1,1,0
CellOntology_SUB200,eukaryotic cell,neural crest derived neuron,18,1.0,1,1,0
CellOntology_SUB200,eukaryotic cell,germline-derived nurse cell,2,1.0,1,1,1
CellOntology_SUB200,eukaryotic cell,endo-epithelial cell,18,1.0,1,1,0
CellOntology_SUB200,eukaryotic cell,seromucus secreting cell,2,1.0,1,1,1
CellOntology_SUB200,eukaryotic cell,neuron associated cell,36,1.0,1,1,0
CellOntology_SUB200,eukaryotic cell,kidney cortical cell,14,1.0,1,1,0
CellOntology_SUB200,eukaryotic cell,extracellular matrix secreting cell,74,1.0,1,1,0
CellOntology_SUB200,eukaryotic cell,enteric neuron,4,1.0,1,1,0
CellOntology_SUB200,eukaryotic cell,professional antigen presenting cell,38,1.0,1,1,0
CellOntology_SUB200,eukaryotic cell,endocrine cell,14,1.0,1,1,0
CellOntology_SUB200,eukaryotic cell,progenitor cell,38,1.0,1,1,1
CellOntology_SUB200,eukaryotic cell,cerebral cortex glial cell,10,1.0,1,1,0
CellOntology_SUB200,eukaryotic cell,gamete-nursing cell,6,1.0,1,1,1
CellOntology_SUB200,eukaryotic cell,muscle precursor cell,8,1.0,1,1,0
CellOntology_SUB200,eukaryotic cell,large mucus secreting cholangiocyte,2,1.0,1,1,0
CellOntology_SUB200,eukaryotic cell,vlmc nn vascular leptomeningeal cell mmus,2,1.0,1,1,0
CellOntology_SUB200,eukaryotic cell,mesothelial fibroblast,4,1.0,1,1,0
CellOntology_SUB200,eukaryotic cell,connective tissue cell,86,1.0,1,1,0
CellOntology_SUB200,eukaryotic cell,kidney epithelial cell,8,1.0,1,1,0
CellOntology_SUB200,eukaryotic cell,splenocyte,20,1.0,1,1,0
CellOntology_SUB200,eukaryotic cell,experimentally modified cell in vitro,2,1.0,1,1,1
CellOntology_SUB200,eukaryotic cell,"mural cell (mural cell, perivascular cell)",16,1.0,1,2,1
CellOntology_SUB200,eukaryotic cell,intestinal enteroendocrine cell,4,1.0,1,1,0
CellOntology_SUB200,eukaryotic cell,large pre-b-ii cell,4,1.0,1,1,0
CellOntology_SUB200,eukaryotic cell,supporting cell sensu nematoda and protostomia,2,1.0,1,1,1
CellOntology_SUB200,eukaryotic cell,chemoreceptor cell,6,1.0,1,1,0
CellOntology_SUB200,eukaryotic cell,pigment cell,6,1.0,1,1,1
CellOntology_SUB200,eukaryotic cell,secretory epithelial cell,24,1.0,1,1,0
CellOntology_SUB200,eukaryotic cell,contractile cell,40,1.0,1,1,1
CellOntology_SUB200,eukaryotic cell,macroglial cell,16,1.0,1,1,0
CellOntology_SUB200,eukaryotic cell,juxtacanalicular tissue cell,2,1.0,1,1,0
CellOntology_SUB200,eukaryotic cell,intrafusal muscle fiber,2,1.0,1,1,0
CellOntology_SUB200,eukaryotic cell,amacrine cell,8,1.0,1,1,0
CellOntology_SUB200,eukaryotic cell,neuron of the forebrain,12,1.0,2,2,0
CellOntology_SUB200,eukaryotic cell,cartwheel cell,2,1.0,2,2,0
CellOntology_SUB200,eukaryotic cell,steroid hormone secreting cell,4,1.0,1,1,1
CellOntology_SUB200,eukaryotic cell,mucosal-associated invariant t cell,2,1.0,2,2,0
CellOntology_SUB200,eukaryotic cell,scolopale cell,2,1.0,2,2,0
CellOntology_SUB200,eukaryotic cell,retinal cell,10,1.0,2,2,0
CellOntology_SUB200,eukaryotic cell,stuff accumulating cell,2,1.0,1,1,1
CellOntology_SUB200,eukaryotic cell,pre-b-ii cell,6,1.0,2,2,0
CellOntology_SUB200,eukaryotic cell,cerebral cortex neuron,10,1.0,2,2,0
CellOntology_SUB200,eukaryotic cell,precursor b cell,18,1.0,2,2,0
CellOntology_SUB200,eukaryotic cell,astrocyte of the forebrain,6,1.0,2,2,0
CellOntology_SUB200,eukaryotic cell,peripheral nervous system neuron,22,1.0,2,2,0
CellOntology_SUB200,eukaryotic cell,stromal cell,72,1.0,1,1,0
CellOntology_SUB200,eukaryotic cell,mesangial cell,4,1.0,1,1,0
CellOntology_SUB200,eukaryotic cell,skeletal muscle myoblast,4,1.0,1,1,0
CellOntology_SUB200,eukaryotic cell,nuclear chain fiber,2,1.0,1,1,0
CellOntology_SUB200,eukaryotic cell,epithelial cell of stomach,4,1.0,2,2,0
CellOntology_SUB200,eukaryotic cell,precursor cell,40,1.0,1,1,1
CellOntology_SUB200,eukaryotic cell,stem cell,12,1.0,2,2,1
CellOntology_SUB200,eukaryotic cell,type l enteroendocrine cell,2,1.0,2,2,0
CellOntology_SUB200,eukaryotic cell,be1 cell,2,1.0,2,2,0
CellOntology_SUB200,eukaryotic cell,renal interstitial pericyte,2,1.0,1,1,0
CellOntology_SUB200,eukaryotic cell,sensory receptor cell,14,1.0,2,2,0
CellOntology_SUB200,eukaryotic cell,strial basal cell,2,1.0,2,2,0
CellOntology_SUB200,eukaryotic cell,mesenchymal stem cell,6,1.0,2,2,0
CellOntology_SUB200,eukaryotic cell,fibroblast,6,1.0,2,2,0
CellOntology_SUB200,eukaryotic cell,motile cell,62,1.0,2,2,1
CellOntology_SUB200,eukaryotic cell,nucleate cell,380,1.0,2,2,1
CellOntology_SUB200,nucleate cell,neuron,81,1.0,2,2,1
CellOntology_SUB200,nucleate cell,alpha-beta t cell,6,1.0,2,2,0
CellOntology_SUB200,nucleate cell,"afferent neuron (afferent neuron, sensory neuron)",12,1.0,2,4,1
CellOntology_SUB200,nucleate cell,mature alpha-beta t cell,3,1.0,2,2,0
CellOntology_SUB200,nucleate cell,brush border epithelial cell,12,1.0,2,2,1
CellOntology_SUB200,nucleate cell,kidney blood vessel cell,12,1.0,2,2,1
CellOntology_SUB200,nucleate cell,olfactory epithelial cell,6,1.0,2,2,1
CellOntology_SUB200,nucleate cell,splenic macrophage,6,1.0,2,2,0
CellOntology_SUB200,nucleate cell,invertebrate nurse cell,6,1.0,2,2,1
CellOntology_SUB200,nucleate cell,"b cell cd19-positive (b cell cd19-positive, lymphocyte of b lineage cd19-positive)",6,1.0,2,4,0
CellOntology_SUB200,nucleate cell,mature t cell,9,1.0,2,2,0
CellOntology_SUB200,nucleate cell,multinucleate cell,39,1.0,2,2,0
CellOntology_SUB200,nucleate cell,kidney medulla cell,3,1.0,2,2,1
CellOntology_SUB200,nucleate cell,strial intermediate cell,3,1.0,2,2,1
CellOntology_SUB200,nucleate cell,epithelial cell,150,1.0,2,2,1
CellOntology_SUB200,nucleate cell,kidney cell,48,1.0,2,2,1
CellOntology_SUB200,nucleate cell,wf4 amacrine cell,3,1.0,2,2,1
CellOntology_SUB200,nucleate cell,phagocyte sensu vertebrata,21,1.0,2,2,1
CellOntology_SUB200,nucleate cell,cycling myeloid cell,3,1.0,2,2,1
CellOntology_SUB200,nucleate cell,gaba-gly neuron,3,1.0,2,2,1
CellOntology_SUB200,nucleate cell,secondary lymphoid organ macrophage,9,1.0,2,2,0
CellOntology_SUB200,nucleate cell,striated muscle cell,30,1.0,2,2,1
CellOntology_SUB200,nucleate cell,myeloid cell,66,1.0,2,2,1
CellOntology_SUB200,nucleate cell,branched duct epithelial cell,3,1.0,2,2,1
CellOntology_SUB200,nucleate cell,spermatid,3,1.0,2,2,1
CellOntology_SUB200,nucleate cell,secretory cell,150,1.0,2,2,1
CellOntology_SUB200,nucleate cell,lymphocyte of b lineage,21,1.0,2,2,0
CellOntology_SUB200,nucleate cell,astrocyte,12,1.0,2,2,1
CellOntology_SUB200,nucleate cell,mesothelial fibroblast of the leptomeninx,3,1.0,1,1,1
CellOntology_SUB200,nucleate cell,peripheral sensory neuron,6,1.0,2,2,1
CellOntology_SUB200,nucleate cell,autonomic neuron,21,1.0,2,2,1
CellOntology_SUB200,nucleate cell,neural cell,144,1.0,2,2,1
CellOntology_SUB200,nucleate cell,splenic metallophillic macrophage,3,1.0,2,2,0
CellOntology_SUB200,nucleate cell,enterocyte of epithelium of large intestine,6,1.0,2,2,1
CellOntology_SUB200,nucleate cell,epididymis secretory cell,3,1.0,2,2,1
CellOntology_SUB200,nucleate cell,wide field retinal amacrine cell,9,1.0,2,2,1
CellOntology_SUB200,nucleate cell,vascular leptomeningeal cell,6,1.0,2,2,1
CellOntology_SUB200,nucleate cell,skeletal muscle fiber,9,1.0,2,2,0
CellOntology_SUB200,nucleate cell,mononuclear leukocyte,69,1.0,2,2,0
CellOntology_SUB200,nucleate cell,cell of skeletal muscle,21,1.0,2,2,1
CellOntology_SUB200,nucleate cell,glomerular mesangial cell,3,1.0,2,2,1
CellOntology_SUB200,nucleate cell,schlemms canal endothelial cell,3,1.0,2,2,1
CellOntology_SUB200,nucleate cell,mesenchymal stem cell of orbital adipose tissue,3,1.0,2,2,1
CellOntology_SUB200,nucleate cell,single nucleate cell,555,1.0,2,2,0
CellOntology_SUB200,nucleate cell,t cell,15,1.0,2,2,0
CellOntology_SUB200,nucleate cell,renal cortical epithelial cell,3,1.0,2,2,1
CellOntology_SUB200,nucleate cell,"germ cell (germ cell, germ line cell)",12,1.0,2,4,1
CellOntology_SUB200,nucleate cell,respiratory tract epithelial cell,12,1.0,2,2,1
CellOntology_SUB200,nucleate cell,myotube,3,1.0,2,2,0
CellOntology_SUB200,nucleate cell,"glomerular cell (glomerular cell, kidney corpuscule cell)",9,1.0,2,3,1
CellOntology_SUB200,nucleate cell,sympathetic neuron,12,1.0,2,2,1
CellOntology_SUB200,nucleate cell,enteroglial cell,3,1.0,2,2,1
CellOntology_SUB200,nucleate cell,b cell,30,1.0,2,2,0
CellOntology_SUB200,nucleate cell,visceral muscle cell,6,1.0,2,2,1
CellOntology_SUB200,nucleate cell,epithelial cell of nephron,6,1.0,2,2,1
CellOntology_SUB200,nucleate cell,astrocyte of the cerebral cortex,6,1.0,2,2,1
CellOntology_SUB200,nucleate cell,prebcr-positive large pre-b-ii cell,3,1.0,2,2,0
CellOntology_SUB200,nucleate cell,male germ cell,6,1.0,2,2,1
CellOntology_SUB200,nucleate cell,auditory epithelial cell,3,1.0,2,2,1
CellOntology_SUB200,nucleate cell,gabaergic interneuron,21,1.0,2,2,1
CellOntology_SUB200,nucleate cell,epithelial cell of appendix,6,1.0,2,2,1
CellOntology_SUB200,nucleate cell,hematopoietic cell,96,1.0,2,2,1
CellOntology_SUB200,nucleate cell,"glycinergic neuron (glycinergic neuron, inhibitory interneuron)",30,1.0,2,5,1
CellOntology_SUB200,nucleate cell,cortical interneuron,12,1.0,2,2,1
CellOntology_SUB200,nucleate cell,intrinsic primary afferent neuron of myenteric plexus,3,1.0,2,2,1
CellOntology_SUB200,nucleate cell,epithelial melanocyte,3,1.0,2,2,1
CellOntology_SUB200,nucleate cell,endothelial cell,54,1.0,2,2,1
CellOntology_SUB200,nucleate cell,melanocyte,6,1.0,2,2,1
CellOntology_SUB200,nucleate cell,thoracic ganglion thnpy neuron,3,1.0,2,2,1
CellOntology_SUB200,nucleate cell,tissue-resident macrophage,12,1.0,2,2,0
CellOntology_SUB200,nucleate cell,syncytial cell,15,1.0,2,2,0
CellOntology_SUB200,nucleate cell,vein endothelial cell,3,1.0,2,2,1
CellOntology_SUB200,nucleate cell,"enterocyte (enterocyte, gut absorptive cell)",9,1.0,2,3,1
CellOntology_SUB200,nucleate cell,interneuron,33,1.0,2,2,1
CellOntology_SUB200,nucleate cell,central nervous system neuron,45,1.0,2,2,1
CellOntology_SUB200,nucleate cell,mesenchymal stem cell of adipose tissue,6,1.0,2,2,1
CellOntology_SUB200,nucleate cell,smooth muscle cell,9,1.0,2,2,1
CellOntology_SUB200,nucleate cell,superior cervical ganglion cgrp neuron,3,1.0,2,2,1
CellOntology_SUB200,nucleate cell,columnarcuboidal epithelial cell,3,1.0,2,2,1
CellOntology_SUB200,nucleate cell,polyploid cell,3,1.0,2,2,1
CellOntology_SUB200,nucleate cell,endothelial cell of artery,6,1.0,2,2,1
CellOntology_SUB200,nucleate cell,mature b cell,3,1.0,2,2,0
CellOntology_SUB200,nucleate cell,non-striated muscle cell,12,1.0,2,2,1
CellOntology_SUB200,nucleate cell,cerebral cortex gabaergic interneuron,9,1.0,2,2,1
CellOntology_SUB200,nucleate cell,gabaergic neuron,33,1.0,2,2,1
CellOntology_SUB200,nucleate cell,epithelial cell of alimentary canal,36,1.0,2,2,1
CellOntology_SUB200,nucleate cell,epithelial cell of large intestine,12,1.0,2,2,1
CellOntology_SUB200,nucleate cell,sphincter associated smooth muscle cell,3,1.0,2,2,1
CellOntology_SUB200,nucleate cell,epithelial cell of upper respiratory tract,9,1.0,2,2,1
CellOntology_SUB200,nucleate cell,superior cervical ganglion thnpy neuron,3,1.0,2,2,1
CellOntology_SUB200,nucleate cell,enterocyte of appendix,3,1.0,2,2,1
CellOntology_SUB200,nucleate cell,interlaminar astrocyte,3,1.0,2,2,1
CellOntology_SUB200,nucleate cell,enteroendocrine cell,9,1.0,2,2,1
CellOntology_SUB200,nucleate cell,lymphocyte,48,1.0,2,2,0
CellOntology_SUB200,nucleate cell,trabecular meshwork cell,6,1.0,2,2,1
CellOntology_SUB200,nucleate cell,stem cell of gastric gland,3,1.0,2,2,1
CellOntology_SUB200,nucleate cell,neuron of the forebrain,18,1.0,2,2,1
CellOntology_SUB200,nucleate cell,cartwheel cell,3,1.0,2,2,1
CellOntology_SUB200,nucleate cell,mucosal-associated invariant t cell,3,1.0,2,2,0
CellOntology_SUB200,nucleate cell,scolopale cell,3,1.0,2,2,1
CellOntology_SUB200,nucleate cell,retinal cell,15,1.0,2,2,1
CellOntology_SUB200,nucleate cell,pre-b-ii cell,9,1.0,2,2,0
CellOntology_SUB200,nucleate cell,cerebral cortex neuron,15,1.0,2,2,1
CellOntology_SUB200,nucleate cell,precursor b cell,27,1.0,2,2,0
CellOntology_SUB200,nucleate cell,astrocyte of the forebrain,9,1.0,2,2,1
CellOntology_SUB200,nucleate cell,peripheral nervous system neuron,33,1.0,2,2,1
CellOntology_SUB200,nucleate cell,"blood vessel endothelial cell (blood vessel endothelial cell, endothelial cell of vascular tree)",24,1.0,2,3,1
CellOntology_SUB200,nucleate cell,epithelial cell of stomach,6,1.0,2,2,1
CellOntology_SUB200,nucleate cell,stem cell,18,1.0,2,2,1
CellOntology_SUB200,nucleate cell,type l enteroendocrine cell,3,1.0,2,2,1
CellOntology_SUB200,nucleate cell,be1 cell,3,1.0,2,2,0
CellOntology_SUB200,nucleate cell,sensory receptor cell,21,1.0,2,2,1
CellOntology_SUB200,nucleate cell,strial basal cell,3,1.0,2,2,1
CellOntology_SUB200,nucleate cell,mesenchymal stem cell,9,1.0,2,2,1
CellOntology_SUB200,nucleate cell,fibroblast,9,1.0,2,2,1
CellOntology_SUB200,nucleate cell,motile cell,93,1.0,2,2,1
CellOntology_SUB200,nucleate cell,interlobulary artery endothelial cell,3,1.0,1,1,1
CellOntology_SUB200,nucleate cell,phagocyte,24,1.0,1,1,1
CellOntology_SUB200,nucleate cell,duct epithelial cell,12,1.0,1,1,1
CellOntology_SUB200,nucleate cell,androgen secreting cell,3,1.0,1,1,1
CellOntology_SUB200,nucleate cell,peptide hormone secreting cell,12,1.0,1,1,1
CellOntology_SUB200,nucleate cell,"electrically active cell (electrically active cell, electrically responsive cell, electrically signaling cell)",225,1.0,1,3,1
CellOntology_SUB200,nucleate cell,muscle cell,42,1.0,1,1,1
CellOntology_SUB200,nucleate cell,kidney arterial blood vessel cell,9,1.0,1,1,1
CellOntology_SUB200,nucleate cell,sensory epithelial cell,15,1.0,1,1,1
CellOntology_SUB200,nucleate cell,leukocyte,90,1.0,1,1,0
CellOntology_SUB200,nucleate cell,interstitial cell,9,1.0,1,1,1
CellOntology_SUB200,nucleate cell,be cell,24,1.0,1,1,0
CellOntology_SUB200,nucleate cell,pericyte,12,1.0,1,1,1
CellOntology_SUB200,nucleate cell,glial cell,33,1.0,1,1,1
CellOntology_SUB200,nucleate cell,"interlobular artery cell (interlobular artery cell, kidney cortex artery cell)",6,1.0,1,2,1
CellOntology_SUB200,nucleate cell,neurecto-epithelial cell,3,1.0,1,1,1
CellOntology_SUB200,nucleate cell,brain macroglial cell,18,1.0,1,1,1
CellOntology_SUB200,nucleate cell,macrophage,15,1.0,1,1,0
CellOntology_SUB200,nucleate cell,mucus secreting cell,9,1.0,1,1,1
CellOntology_SUB200,nucleate cell,cholangiocyte,6,1.0,1,1,1
CellOntology_SUB200,nucleate cell,ecto-epithelial cell,6,1.0,1,1,1
CellOntology_SUB200,nucleate cell,kidney interstitial cell,6,1.0,1,1,1
CellOntology_SUB200,nucleate cell,myeloid leukocyte,24,1.0,1,1,0
CellOntology_SUB200,nucleate cell,intestinal epithelial cell,27,1.0,1,1,1
CellOntology_SUB200,nucleate cell,supporting cell,51,1.0,1,1,1
CellOntology_SUB200,nucleate cell,multi fate stem cell,12,1.0,1,1,1
CellOntology_SUB200,nucleate cell,fast muscle myoblast,3,1.0,1,1,1
CellOntology_SUB200,nucleate cell,l56 non-martinotti sst gabaergic interneuron mmus,3,1.0,1,1,1
CellOntology_SUB200,nucleate cell,myoblast,9,1.0,1,1,1
CellOntology_SUB200,nucleate cell,cultured cell,6,1.0,1,1,1
CellOntology_SUB200,nucleate cell,mononuclear phagocyte,18,1.0,1,1,0
CellOntology_SUB200,nucleate cell,neural crest derived neuron,27,1.0,1,1,1
CellOntology_SUB200,nucleate cell,germline-derived nurse cell,3,1.0,1,1,1
CellOntology_SUB200,nucleate cell,cell in vitro,9,1.0,1,1,1
CellOntology_SUB200,nucleate cell,endo-epithelial cell,27,1.0,1,1,1
CellOntology_SUB200,nucleate cell,seromucus secreting cell,3,1.0,1,1,1
CellOntology_SUB200,nucleate cell,neuron associated cell,54,1.0,1,1,1
CellOntology_SUB200,nucleate cell,kidney cortical cell,21,1.0,1,1,1
CellOntology_SUB200,nucleate cell,extracellular matrix secreting cell,111,1.0,1,1,1
CellOntology_SUB200,nucleate cell,enteric neuron,6,1.0,1,1,1
CellOntology_SUB200,nucleate cell,professional antigen presenting cell,57,1.0,1,1,0
CellOntology_SUB200,nucleate cell,endocrine cell,21,1.0,1,1,1
CellOntology_SUB200,nucleate cell,progenitor cell,57,1.0,1,1,1
CellOntology_SUB200,nucleate cell,cerebral cortex glial cell,15,1.0,1,1,1
CellOntology_SUB200,nucleate cell,gamete-nursing cell,9,1.0,1,1,1
CellOntology_SUB200,nucleate cell,muscle precursor cell,12,1.0,1,1,1
CellOntology_SUB200,nucleate cell,large mucus secreting cholangiocyte,3,1.0,1,1,1
CellOntology_SUB200,nucleate cell,vlmc nn vascular leptomeningeal cell mmus,3,1.0,1,1,1
CellOntology_SUB200,nucleate cell,mesothelial fibroblast,6,1.0,1,1,1
CellOntology_SUB200,nucleate cell,connective tissue cell,129,1.0,1,1,1
CellOntology_SUB200,nucleate cell,kidney epithelial cell,12,1.0,1,1,1
CellOntology_SUB200,nucleate cell,splenocyte,30,1.0,1,1,0
CellOntology_SUB200,nucleate cell,experimentally modified cell in vitro,3,1.0,1,1,1
CellOntology_SUB200,nucleate cell,"mural cell (mural cell, perivascular cell)",24,1.0,1,2,1
CellOntology_SUB200,nucleate cell,intestinal enteroendocrine cell,6,1.0,1,1,1
CellOntology_SUB200,nucleate cell,large pre-b-ii cell,6,1.0,1,1,0
CellOntology_SUB200,nucleate cell,supporting cell sensu nematoda and protostomia,3,1.0,1,1,1
CellOntology_SUB200,nucleate cell,chemoreceptor cell,9,1.0,1,1,1
CellOntology_SUB200,nucleate cell,pigment cell,9,1.0,1,1,1
CellOntology_SUB200,nucleate cell,secretory epithelial cell,36,1.0,1,1,1
CellOntology_SUB200,nucleate cell,contractile cell,60,1.0,1,1,1
CellOntology_SUB200,nucleate cell,macroglial cell,24,1.0,1,1,1
CellOntology_SUB200,nucleate cell,juxtacanalicular tissue cell,3,1.0,1,1,1
CellOntology_SUB200,nucleate cell,intrafusal muscle fiber,3,1.0,1,1,0
CellOntology_SUB200,nucleate cell,amacrine cell,12,1.0,1,1,1
CellOntology_SUB200,nucleate cell,steroid hormone secreting cell,6,1.0,1,1,1
CellOntology_SUB200,nucleate cell,stuff accumulating cell,3,1.0,1,1,1
CellOntology_SUB200,nucleate cell,stromal cell,108,1.0,1,1,1
CellOntology_SUB200,nucleate cell,mesangial cell,6,1.0,1,1,1
CellOntology_SUB200,nucleate cell,skeletal muscle myoblast,6,1.0,1,1,1
CellOntology_SUB200,nucleate cell,nuclear chain fiber,3,1.0,1,1,0
CellOntology_SUB200,nucleate cell,precursor cell,60,1.0,1,1,1
CellOntology_SUB200,nucleate cell,renal interstitial pericyte,3,1.0,1,1,1
CellOntology_SUB200,"interlobular artery cell (interlobular artery cell, kidney cortex artery cell)",interlobulary artery endothelial cell,11,1.0,2,2,0
CellOntology_SUB200,endothelial cell of artery,interlobulary artery endothelial cell,7,1.0,2,2,0
CellOntology_SUB200,"blood vessel endothelial cell (blood vessel endothelial cell, endothelial cell of vascular tree)",interlobulary artery endothelial cell,6,1.0,2,3,0
CellOntology_SUB200,"blood vessel endothelial cell (blood vessel endothelial cell, endothelial cell of vascular tree)",kidney blood vessel cell,24,0.3333333333333333,1,1,1
CellOntology_SUB200,"blood vessel endothelial cell (blood vessel endothelial cell, endothelial cell of vascular tree)",schlemms canal endothelial cell,6,1.0,2,4,0
CellOntology_SUB200,"blood vessel endothelial cell (blood vessel endothelial cell, endothelial cell of vascular tree)",vein endothelial cell,6,1.0,2,4,0
CellOntology_SUB200,"blood vessel endothelial cell (blood vessel endothelial cell, endothelial cell of vascular tree)",endothelial cell of artery,12,1.0,2,3,0
CellOntology_SUB200,endothelial cell,interlobulary artery endothelial cell,5,1.0,2,2,0
CellOntology_SUB200,endothelial cell,kidney blood vessel cell,20,0.3333333333333333,1,1,1
CellOntology_SUB200,endothelial cell,"blood vessel endothelial cell (blood vessel endothelial cell, endothelial cell of vascular tree)",40,0.7142857142857143,2,4,0
CellOntology_SUB200,endothelial cell,schlemms canal endothelial cell,5,1.0,2,2,0
CellOntology_SUB200,endothelial cell,endo-epithelial cell,45,0.0,1,1,1
CellOntology_SUB200,endothelial cell,vein endothelial cell,5,1.0,2,2,0
CellOntology_SUB200,endothelial cell,endothelial cell of artery,10,1.0,2,2,0
CellOntology_SUB200,kidney arterial blood vessel cell,interlobulary artery endothelial cell,9,1.0,2,2,0
CellOntology_SUB200,kidney arterial blood vessel cell,"interlobular artery cell (interlobular artery cell, kidney cortex artery cell)",18,1.0,2,4,0
CellOntology_SUB200,kidney blood vessel cell,interlobulary artery endothelial cell,8,1.0,2,2,0
CellOntology_SUB200,kidney blood vessel cell,kidney arterial blood vessel cell,24,1.0,2,2,0
CellOntology_SUB200,kidney blood vessel cell,"interlobular artery cell (interlobular artery cell, kidney cortex artery cell)",16,1.0,2,4,0
CellOntology_SUB200,kidney cortical cell,interlobulary artery endothelial cell,6,1.0,1,1,0
CellOntology_SUB200,kidney cortical cell,"interlobular artery cell (interlobular artery cell, kidney cortex artery cell)",12,1.0,2,2,0
CellOntology_SUB200,kidney cortical cell,glomerular mesangial cell,6,1.0,1,1,0
CellOntology_SUB200,kidney cortical cell,renal cortical epithelial cell,6,1.0,2,2,0
CellOntology_SUB200,kidney cortical cell,"glomerular cell (glomerular cell, kidney corpuscule cell)",18,0.5,2,2,0
CellOntology_SUB200,kidney cell,interlobulary artery endothelial cell,5,1.0,2,2,0
CellOntology_SUB200,kidney cell,kidney blood vessel cell,20,1.0,2,2,0
CellOntology_SUB200,kidney cell,kidney arterial blood vessel cell,15,1.0,2,2,0
CellOntology_SUB200,kidney cell,kidney medulla cell,5,1.0,2,2,0
CellOntology_SUB200,kidney cell,"interlobular artery cell (interlobular artery cell, kidney cortex artery cell)",10,1.0,2,3,0
CellOntology_SUB200,kidney cell,kidney interstitial cell,10,1.0,2,2,0
CellOntology_SUB200,kidney cell,glomerular mesangial cell,5,1.0,2,2,0
CellOntology_SUB200,kidney cell,renal cortical epithelial cell,5,1.0,2,2,0
CellOntology_SUB200,kidney cell,"glomerular cell (glomerular cell, kidney corpuscule cell)",15,1.0,2,4,0
CellOntology_SUB200,kidney cell,epithelial cell of nephron,10,1.0,2,2,0
CellOntology_SUB200,kidney cell,kidney cortical cell,35,1.0,2,2,0
CellOntology_SUB200,kidney cell,kidney epithelial cell,20,1.0,2,2,0
CellOntology_SUB200,kidney cell,renal interstitial pericyte,5,1.0,2,2,0
CellOntology_SUB200,kidney cell,mesangial cell,10,1.0,1,1,0
CellOntology_SUB200,kidney cell,strial basal cell,5,1.0,1,1,1
CellOntology_SUB200,phagocyte,splenic macrophage,20,1.0,2,2,0
CellOntology_SUB200,phagocyte,phagocyte sensu vertebrata,70,1.0,2,2,0
CellOntology_SUB200,phagocyte,secondary lymphoid organ macrophage,30,1.0,2,2,0
CellOntology_SUB200,phagocyte,macrophage,50,1.0,2,2,0
CellOntology_SUB200,phagocyte,splenic metallophillic macrophage,10,1.0,2,2,0
CellOntology_SUB200,phagocyte,mononuclear phagocyte,60,1.0,2,2,0
CellOntology_SUB200,phagocyte,tissue-resident macrophage,40,1.0,2,2,0
CellOntology_SUB200,splenic macrophage,splenic metallophillic macrophage,20,1.0,2,2,0
CellOntology_SUB200,leukocyte,phagocyte,56,1.0,2,2,1
CellOntology_SUB200,leukocyte,alpha-beta t cell,14,1.0,2,2,0
CellOntology_SUB200,leukocyte,mature alpha-beta t cell,7,1.0,2,2,0
CellOntology_SUB200,leukocyte,splenic macrophage,14,1.0,2,2,0
CellOntology_SUB200,leukocyte,"b cell cd19-positive (b cell cd19-positive, lymphocyte of b lineage cd19-positive)",14,1.0,2,4,0
CellOntology_SUB200,leukocyte,mature t cell,21,1.0,2,2,0
CellOntology_SUB200,leukocyte,lymphocyte of b lineage,49,0.8333333333333334,2,2,0
CellOntology_SUB200,leukocyte,macrophage,35,1.0,2,2,0
CellOntology_SUB200,leukocyte,splenic metallophillic macrophage,7,1.0,2,2,0
CellOntology_SUB200,leukocyte,myeloid leukocyte,56,1.0,2,2,0
CellOntology_SUB200,leukocyte,mononuclear leukocyte,161,0.9090909090909091,2,2,0
CellOntology_SUB200,leukocyte,t cell,35,1.0,2,2,0
CellOntology_SUB200,leukocyte,mononuclear phagocyte,42,1.0,2,2,0
CellOntology_SUB200,leukocyte,b cell,70,0.7777777777777778,2,2,0
CellOntology_SUB200,leukocyte,prebcr-positive large pre-b-ii cell,7,1.0,2,2,0
CellOntology_SUB200,leukocyte,tissue-resident macrophage,28,1.0,2,2,0
CellOntology_SUB200,leukocyte,myeloid cell,154,0.9047619047619048,2,2,1
CellOntology_SUB200,leukocyte,mature b cell,7,1.0,2,2,0
CellOntology_SUB200,leukocyte,large pre-b-ii cell,14,1.0,2,2,0
CellOntology_SUB200,leukocyte,lymphocyte,112,0.8666666666666667,2,2,0
CellOntology_SUB200,leukocyte,mucosal-associated invariant t cell,7,1.0,2,2,0
CellOntology_SUB200,leukocyte,pre-b-ii cell,21,1.0,2,2,0
CellOntology_SUB200,leukocyte,precursor b cell,63,0.75,2,2,0
CellOntology_SUB200,leukocyte,secondary lymphoid organ macrophage,21,1.0,2,2,0
CellOntology_SUB200,leukocyte,phagocyte sensu vertebrata,49,1.0,2,2,1
CellOntology_SUB200,leukocyte,cycling myeloid cell,7,1.0,2,2,1
CellOntology_SUB200,leukocyte,professional antigen presenting cell,133,0.8888888888888888,1,1,0
CellOntology_SUB200,phagocyte sensu vertebrata,splenic macrophage,22,1.0,2,2,0
CellOntology_SUB200,phagocyte sensu vertebrata,secondary lymphoid organ macrophage,33,1.0,1,1,0
CellOntology_SUB200,phagocyte sensu vertebrata,macrophage,55,1.0,2,2,0
CellOntology_SUB200,phagocyte sensu vertebrata,splenic metallophillic macrophage,11,1.0,2,2,0
CellOntology_SUB200,phagocyte sensu vertebrata,mononuclear phagocyte,66,1.0,1,1,0
CellOntology_SUB200,phagocyte sensu vertebrata,tissue-resident macrophage,44,1.0,1,1,0
CellOntology_SUB200,secondary lymphoid organ macrophage,splenic macrophage,36,1.0,2,2,0
CellOntology_SUB200,secondary lymphoid organ macrophage,splenic metallophillic macrophage,18,1.0,2,2,0
CellOntology_SUB200,macrophage,splenic macrophage,32,1.0,2,2,0
CellOntology_SUB200,macrophage,secondary lymphoid organ macrophage,48,1.0,2,2,0
CellOntology_SUB200,macrophage,splenic metallophillic macrophage,16,1.0,2,2,0
CellOntology_SUB200,macrophage,tissue-resident macrophage,64,1.0,2,2,0
CellOntology_SUB200,mononuclear phagocyte,splenic macrophage,28,1.0,2,2,0
CellOntology_SUB200,mononuclear phagocyte,secondary lymphoid organ macrophage,42,1.0,2,2,0
CellOntology_SUB200,mononuclear phagocyte,macrophage,70,1.0,2,2,0
CellOntology_SUB200,mononuclear phagocyte,splenic metallophillic macrophage,14,1.0,2,2,0
CellOntology_SUB200,mononuclear phagocyte,tissue-resident macrophage,56,1.0,2,2,0
CellOntology_SUB200,tissue-resident macrophage,splenic macrophage,34,1.0,2,2,0
CellOntology_SUB200,tissue-resident macrophage,secondary lymphoid organ macrophage,51,1.0,2,2,0
CellOntology_SUB200,tissue-resident macrophage,splenic metallophillic macrophage,17,1.0,2,2,0
CellOntology_SUB200,hematopoietic cell,phagocyte,40,1.0,2,2,1
CellOntology_SUB200,hematopoietic cell,alpha-beta t cell,10,1.0,2,2,0
CellOntology_SUB200,hematopoietic cell,mature alpha-beta t cell,5,1.0,2,2,0
CellOntology_SUB200,hematopoietic cell,splenic macrophage,10,1.0,2,2,0
CellOntology_SUB200,hematopoietic cell,"b cell cd19-positive (b cell cd19-positive, lymphocyte of b lineage cd19-positive)",10,1.0,2,4,0
CellOntology_SUB200,hematopoietic cell,mature t cell,15,1.0,2,2,0
CellOntology_SUB200,hematopoietic cell,leukocyte,150,0.9310344827586207,2,2,0
CellOntology_SUB200,hematopoietic cell,phagocyte sensu vertebrata,35,1.0,1,1,1
CellOntology_SUB200,hematopoietic cell,cycling myeloid cell,5,1.0,2,2,0
CellOntology_SUB200,hematopoietic cell,secondary lymphoid organ macrophage,15,1.0,2,2,0
CellOntology_SUB200,hematopoietic cell,myeloid cell,110,0.9047619047619048,2,2,0
CellOntology_SUB200,hematopoietic cell,lymphocyte of b lineage,35,0.8333333333333334,2,2,0
CellOntology_SUB200,hematopoietic cell,macrophage,25,1.0,2,2,0
CellOntology_SUB200,hematopoietic cell,splenic metallophillic macrophage,5,1.0,2,2,0
CellOntology_SUB200,hematopoietic cell,myeloid leukocyte,40,1.0,2,2,0
CellOntology_SUB200,hematopoietic cell,mononuclear leukocyte,115,0.9090909090909091,2,2,0
CellOntology_SUB200,hematopoietic cell,t cell,25,1.0,2,2,0
CellOntology_SUB200,hematopoietic cell,mononuclear phagocyte,30,1.0,2,2,0
CellOntology_SUB200,hematopoietic cell,b cell,50,0.7777777777777778,2,2,0
CellOntology_SUB200,hematopoietic cell,prebcr-positive large pre-b-ii cell,5,1.0,2,2,0
CellOntology_SUB200,hematopoietic cell,tissue-resident macrophage,20,1.0,2,2,0
CellOntology_SUB200,hematopoietic cell,mature b cell,5,1.0,2,2,0
CellOntology_SUB200,hematopoietic cell,large pre-b-ii cell,10,1.0,2,2,0
CellOntology_SUB200,hematopoietic cell,lymphocyte,80,0.8666666666666667,2,2,0
CellOntology_SUB200,hematopoietic cell,mucosal-associated invariant t cell,5,1.0,2,2,0
CellOntology_SUB200,hematopoietic cell,pre-b-ii cell,15,1.0,2,2,0
CellOntology_SUB200,hematopoietic cell,precursor b cell,45,0.75,2,2,0
CellOntology_SUB200,hematopoietic cell,professional antigen presenting cell,95,0.8888888888888888,1,1,0
CellOntology_SUB200,hematopoietic cell,splenocyte,50,0.8888888888888888,1,1,0
CellOntology_SUB200,professional antigen presenting cell,phagocyte,72,0.8571428571428571,1,1,1
CellOntology_SUB200,professional antigen presenting cell,splenic macrophage,18,1.0,2,2,0
CellOntology_SUB200,professional antigen presenting cell,secondary lymphoid organ macrophage,27,1.0,2,2,0
CellOntology_SUB200,professional antigen presenting cell,lymphocyte of b lineage,63,0.3333333333333333,2,2,1
CellOntology_SUB200,professional antigen presenting cell,macrophage,45,1.0,2,2,0
CellOntology_SUB200,professional antigen presenting cell,splenic metallophillic macrophage,9,1.0,2,2,0
CellOntology_SUB200,professional antigen presenting cell,"b cell cd19-positive (b cell cd19-positive, lymphocyte of b lineage cd19-positive)",18,1.0,1,2,1
CellOntology_SUB200,professional antigen presenting cell,b cell,90,0.3333333333333333,1,1,1
CellOntology_SUB200,professional antigen presenting cell,mononuclear phagocyte,54,1.0,1,1,1
CellOntology_SUB200,professional antigen presenting cell,mature b cell,9,1.0,1,1,0
CellOntology_SUB200,professional antigen presenting cell,tissue-resident macrophage,36,1.0,1,1,0
CellOntology_SUB200,alpha-beta t cell,mature alpha-beta t cell,11,1.0,2,2,0
CellOntology_SUB200,t cell,alpha-beta t cell,20,1.0,2,2,0
CellOntology_SUB200,t cell,mature alpha-beta t cell,10,1.0,2,2,0
CellOntology_SUB200,t cell,mature t cell,30,1.0,2,2,0
CellOntology_SUB200,t cell,mucosal-associated invariant t cell,10,1.0,2,2,0
CellOntology_SUB200,lymphocyte,alpha-beta t cell,18,1.0,2,2,0
CellOntology_SUB200,lymphocyte,mature alpha-beta t cell,9,1.0,2,2,0
CellOntology_SUB200,lymphocyte,"b cell cd19-positive (b cell cd19-positive, lymphocyte of b lineage cd19-positive)",18,1.0,2,4,0
CellOntology_SUB200,lymphocyte,mature t cell,27,1.0,2,2,0
CellOntology_SUB200,lymphocyte,lymphocyte of b lineage,63,0.8333333333333334,2,2,0
CellOntology_SUB200,lymphocyte,t cell,45,1.0,2,2,0
CellOntology_SUB200,lymphocyte,b cell,90,0.7777777777777778,2,2,0
CellOntology_SUB200,lymphocyte,prebcr-positive large pre-b-ii cell,9,1.0,2,2,0
CellOntology_SUB200,lymphocyte,mature b cell,9,1.0,2,2,0
CellOntology_SUB200,lymphocyte,large pre-b-ii cell,18,1.0,2,2,0
CellOntology_SUB200,lymphocyte,mucosal-associated invariant t cell,9,1.0,2,2,0
CellOntology_SUB200,lymphocyte,pre-b-ii cell,27,1.0,2,2,0
CellOntology_SUB200,lymphocyte,precursor b cell,81,0.75,2,2,0
CellOntology_SUB200,mononuclear leukocyte,alpha-beta t cell,16,1.0,2,2,0
CellOntology_SUB200,mononuclear leukocyte,mature alpha-beta t cell,8,1.0,2,2,0
CellOntology_SUB200,mononuclear leukocyte,splenic macrophage,16,1.0,2,2,0
CellOntology_SUB200,mononuclear leukocyte,"b cell cd19-positive (b cell cd19-positive, lymphocyte of b lineage cd19-positive)",16,1.0,2,4,0
CellOntology_SUB200,mononuclear leukocyte,mature t cell,24,1.0,2,2,0
CellOntology_SUB200,mononuclear leukocyte,secondary lymphoid organ macrophage,24,1.0,2,2,0
CellOntology_SUB200,mononuclear leukocyte,lymphocyte of b lineage,56,0.8333333333333334,2,2,0
CellOntology_SUB200,mononuclear leukocyte,macrophage,40,1.0,2,2,0
CellOntology_SUB200,mononuclear leukocyte,splenic metallophillic macrophage,8,1.0,2,2,0
CellOntology_SUB200,mononuclear leukocyte,t cell,40,1.0,2,2,0
CellOntology_SUB200,mononuclear leukocyte,mononuclear phagocyte,48,1.0,2,2,0
CellOntology_SUB200,mononuclear leukocyte,b cell,80,0.7777777777777778,2,2,0
CellOntology_SUB200,mononuclear leukocyte,mature b cell,8,1.0,2,2,0
CellOntology_SUB200,mononuclear leukocyte,lymphocyte,128,0.8666666666666667,2,2,0
CellOntology_SUB200,mononuclear leukocyte,mucosal-associated invariant t cell,8,1.0,2,2,0
CellOntology_SUB200,mononuclear leukocyte,pre-b-ii cell,24,1.0,1,1,0
CellOntology_SUB200,mononuclear leukocyte,precursor b cell,72,0.75,2,2,0
CellOntology_SUB200,mononuclear leukocyte,large pre-b-ii cell,16,1.0,1,1,0
CellOntology_SUB200,mononuclear leukocyte,prebcr-positive large pre-b-ii cell,8,1.0,1,1,0
CellOntology_SUB200,mononuclear leukocyte,tissue-resident macrophage,32,1.0,2,2,0
CellOntology_SUB200,single nucleate cell,alpha-beta t cell,8,1.0,2,2,0
CellOntology_SUB200,single nucleate cell,"afferent neuron (afferent neuron, sensory neuron)",16,1.0,2,3,1
CellOntology_SUB200,single nucleate cell,mature alpha-beta t cell,4,1.0,2,2,0
CellOntology_SUB200,single nucleate cell,brush border epithelial cell,16,1.0,2,2,1
CellOntology_SUB200,single nucleate cell,olfactory epithelial cell,8,1.0,2,2,1
CellOntology_SUB200,single nucleate cell,splenic macrophage,8,1.0,2,2,0
CellOntology_SUB200,single nucleate cell,"b cell cd19-positive (b cell cd19-positive, lymphocyte of b lineage cd19-positive)",8,1.0,2,4,0
CellOntology_SUB200,single nucleate cell,mature t cell,12,1.0,2,2,0
CellOntology_SUB200,single nucleate cell,strial intermediate cell,4,1.0,2,2,1
CellOntology_SUB200,single nucleate cell,kidney cell,64,1.0,2,2,1
CellOntology_SUB200,single nucleate cell,wf4 amacrine cell,4,1.0,2,2,1
CellOntology_SUB200,single nucleate cell,gaba-gly neuron,4,1.0,2,2,1
CellOntology_SUB200,single nucleate cell,secondary lymphoid organ macrophage,12,1.0,2,2,0
CellOntology_SUB200,single nucleate cell,spermatid,4,1.0,2,2,1
CellOntology_SUB200,single nucleate cell,lymphocyte of b lineage,28,1.0,2,2,0
CellOntology_SUB200,single nucleate cell,astrocyte,16,1.0,2,2,1
CellOntology_SUB200,single nucleate cell,mesothelial fibroblast of the leptomeninx,4,1.0,1,1,1
CellOntology_SUB200,single nucleate cell,peripheral sensory neuron,8,1.0,2,2,1
CellOntology_SUB200,single nucleate cell,splenic metallophillic macrophage,4,1.0,2,2,0
CellOntology_SUB200,single nucleate cell,enterocyte of epithelium of large intestine,8,1.0,2,2,1
CellOntology_SUB200,single nucleate cell,epididymis secretory cell,4,1.0,2,2,1
CellOntology_SUB200,single nucleate cell,wide field retinal amacrine cell,12,1.0,2,2,1
CellOntology_SUB200,single nucleate cell,vascular leptomeningeal cell,8,1.0,2,2,1
CellOntology_SUB200,single nucleate cell,mononuclear leukocyte,92,1.0,2,2,0
CellOntology_SUB200,single nucleate cell,glomerular mesangial cell,4,1.0,2,2,1
CellOntology_SUB200,single nucleate cell,schlemms canal endothelial cell,4,1.0,2,2,1
CellOntology_SUB200,single nucleate cell,mesenchymal stem cell of orbital adipose tissue,4,1.0,2,2,1
CellOntology_SUB200,single nucleate cell,neuron,108,1.0,1,1,1
CellOntology_SUB200,single nucleate cell,interlobulary artery endothelial cell,4,1.0,1,1,1
CellOntology_SUB200,single nucleate cell,phagocyte,32,1.0,1,1,1
CellOntology_SUB200,single nucleate cell,duct epithelial cell,16,1.0,1,1,1
CellOntology_SUB200,single nucleate cell,androgen secreting cell,4,1.0,1,1,1
CellOntology_SUB200,single nucleate cell,kidney blood vessel cell,16,1.0,1,1,1
CellOntology_SUB200,single nucleate cell,peptide hormone secreting cell,16,1.0,1,1,1
CellOntology_SUB200,single nucleate cell,"electrically active cell (electrically active cell, electrically responsive cell, electrically signaling cell)",300,0.8918918918918919,1,3,1
CellOntology_SUB200,single nucleate cell,muscle cell,56,0.7692307692307693,1,1,1
CellOntology_SUB200,single nucleate cell,kidney arterial blood vessel cell,12,1.0,1,1,1
CellOntology_SUB200,single nucleate cell,sensory epithelial cell,20,1.0,1,1,1
CellOntology_SUB200,single nucleate cell,"blood vessel endothelial cell (blood vessel endothelial cell, endothelial cell of vascular tree)",32,1.0,2,3,1
CellOntology_SUB200,single nucleate cell,leukocyte,120,1.0,1,1,1
CellOntology_SUB200,single nucleate cell,kidney medulla cell,4,1.0,1,1,1
CellOntology_SUB200,single nucleate cell,epithelial cell,200,1.0,1,1,1
CellOntology_SUB200,single nucleate cell,interstitial cell,12,1.0,1,1,1
CellOntology_SUB200,single nucleate cell,be cell,32,1.0,1,1,0
CellOntology_SUB200,single nucleate cell,phagocyte sensu vertebrata,28,1.0,1,1,1
CellOntology_SUB200,single nucleate cell,pericyte,16,1.0,1,1,1
CellOntology_SUB200,single nucleate cell,cycling myeloid cell,4,1.0,1,1,1
CellOntology_SUB200,single nucleate cell,glial cell,44,1.0,1,1,1
CellOntology_SUB200,single nucleate cell,"interlobular artery cell (interlobular artery cell, kidney cortex artery cell)",8,1.0,1,2,1
CellOntology_SUB200,single nucleate cell,neurecto-epithelial cell,4,1.0,1,1,1
CellOntology_SUB200,single nucleate cell,striated muscle cell,40,0.6666666666666666,1,1,1
CellOntology_SUB200,single nucleate cell,myeloid cell,88,1.0,1,1,1
CellOntology_SUB200,single nucleate cell,branched duct epithelial cell,4,1.0,1,1,1
CellOntology_SUB200,single nucleate cell,brain macroglial cell,24,1.0,1,1,1
CellOntology_SUB200,single nucleate cell,secretory cell,200,0.8979591836734694,1,1,1
CellOntology_SUB200,single nucleate cell,macrophage,20,1.0,1,1,0
CellOntology_SUB200,single nucleate cell,autonomic neuron,28,1.0,1,1,1
CellOntology_SUB200,single nucleate cell,mucus secreting cell,12,1.0,1,1,1
CellOntology_SUB200,single nucleate cell,cholangiocyte,8,1.0,1,1,1
CellOntology_SUB200,single nucleate cell,neural cell,192,0.8936170212765957,1,1,1
CellOntology_SUB200,single nucleate cell,ecto-epithelial cell,8,1.0,1,1,1
CellOntology_SUB200,single nucleate cell,kidney interstitial cell,8,1.0,1,1,1
CellOntology_SUB200,single nucleate cell,myeloid leukocyte,32,1.0,1,1,1
CellOntology_SUB200,single nucleate cell,intestinal epithelial cell,36,1.0,1,1,1
CellOntology_SUB200,single nucleate cell,"enterocyte (enterocyte, gut absorptive cell)",12,1.0,2,3,1
CellOntology_SUB200,single nucleate cell,multi fate stem cell,16,1.0,1,1,1
CellOntology_SUB200,single nucleate cell,fast muscle myoblast,4,1.0,1,1,1
CellOntology_SUB200,single nucleate cell,cell of skeletal muscle,28,0.5,1,1,1
CellOntology_SUB200,single nucleate cell,l56 non-martinotti sst gabaergic interneuron mmus,4,1.0,1,1,1
CellOntology_SUB200,single nucleate cell,t cell,20,1.0,1,1,0
CellOntology_SUB200,single nucleate cell,myoblast,12,1.0,1,1,1
CellOntology_SUB200,single nucleate cell,renal cortical epithelial cell,4,1.0,2,2,1
CellOntology_SUB200,single nucleate cell,cultured cell,8,0.0,1,1,1
CellOntology_SUB200,single nucleate cell,"germ cell (germ cell, germ line cell)",16,0.6666666666666666,1,2,1
CellOntology_SUB200,single nucleate cell,respiratory tract epithelial cell,16,1.0,1,1,1
CellOntology_SUB200,single nucleate cell,"glomerular cell (glomerular cell, kidney corpuscule cell)",12,1.0,1,2,1
CellOntology_SUB200,single nucleate cell,sympathetic neuron,16,1.0,2,2,1
CellOntology_SUB200,single nucleate cell,mononuclear phagocyte,24,1.0,1,1,0
CellOntology_SUB200,single nucleate cell,enteroglial cell,4,1.0,2,2,1
CellOntology_SUB200,single nucleate cell,b cell,40,1.0,2,2,0
CellOntology_SUB200,single nucleate cell,visceral muscle cell,8,1.0,1,1,1
CellOntology_SUB200,single nucleate cell,epithelial cell of nephron,8,1.0,2,2,1
CellOntology_SUB200,single nucleate cell,astrocyte of the cerebral cortex,8,1.0,2,2,1
CellOntology_SUB200,single nucleate cell,prebcr-positive large pre-b-ii cell,4,1.0,2,2,0
CellOntology_SUB200,single nucleate cell,male germ cell,8,1.0,1,1,1
CellOntology_SUB200,single nucleate cell,auditory epithelial cell,4,1.0,2,2,1
CellOntology_SUB200,single nucleate cell,neural crest derived neuron,36,1.0,1,1,1
CellOntology_SUB200,single nucleate cell,gabaergic interneuron,28,1.0,2,2,1
CellOntology_SUB200,single nucleate cell,cell in vitro,12,0.5,1,1,1
CellOntology_SUB200,single nucleate cell,endo-epithelial cell,36,1.0,1,1,1
CellOntology_SUB200,single nucleate cell,epithelial cell of appendix,8,1.0,2,2,1
CellOntology_SUB200,single nucleate cell,hematopoietic cell,128,1.0,1,1,1
CellOntology_SUB200,single nucleate cell,"glycinergic neuron (glycinergic neuron, inhibitory interneuron)",40,1.0,2,5,1
CellOntology_SUB200,single nucleate cell,cortical interneuron,16,1.0,2,2,1
CellOntology_SUB200,single nucleate cell,seromucus secreting cell,4,1.0,1,1,1
CellOntology_SUB200,single nucleate cell,intrinsic primary afferent neuron of myenteric plexus,4,1.0,2,2,1
CellOntology_SUB200,single nucleate cell,epithelial melanocyte,4,1.0,2,2,1
CellOntology_SUB200,single nucleate cell,endothelial cell,72,1.0,2,2,1
CellOntology_SUB200,single nucleate cell,neuron associated cell,72,0.7058823529411765,1,1,1
CellOntology_SUB200,single nucleate cell,kidney cortical cell,28,1.0,1,1,1
CellOntology_SUB200,single nucleate cell,melanocyte,8,1.0,1,1,1
CellOntology_SUB200,single nucleate cell,thoracic ganglion thnpy neuron,4,1.0,2,2,1
CellOntology_SUB200,single nucleate cell,extracellular matrix secreting cell,148,0.8611111111111112,1,1,1
CellOntology_SUB200,single nucleate cell,enteric neuron,8,1.0,1,1,1
CellOntology_SUB200,single nucleate cell,professional antigen presenting cell,76,1.0,1,1,1
CellOntology_SUB200,single nucleate cell,endocrine cell,28,1.0,1,1,1
CellOntology_SUB200,single nucleate cell,tissue-resident macrophage,16,1.0,2,2,0
CellOntology_SUB200,single nucleate cell,vein endothelial cell,4,1.0,2,2,1
CellOntology_SUB200,single nucleate cell,progenitor cell,76,1.0,1,1,1
CellOntology_SUB200,single nucleate cell,cerebral cortex glial cell,20,1.0,1,1,1
CellOntology_SUB200,single nucleate cell,muscle precursor cell,16,1.0,1,1,1
CellOntology_SUB200,single nucleate cell,large mucus secreting cholangiocyte,4,1.0,1,1,1
CellOntology_SUB200,single nucleate cell,interneuron,44,1.0,2,2,1
CellOntology_SUB200,single nucleate cell,central nervous system neuron,60,1.0,2,2,1
CellOntology_SUB200,single nucleate cell,mesenchymal stem cell of adipose tissue,8,1.0,2,2,1
CellOntology_SUB200,single nucleate cell,vlmc nn vascular leptomeningeal cell mmus,4,1.0,1,1,1
CellOntology_SUB200,single nucleate cell,smooth muscle cell,12,1.0,2,2,1
CellOntology_SUB200,single nucleate cell,superior cervical ganglion cgrp neuron,4,1.0,2,2,1
CellOntology_SUB200,single nucleate cell,columnarcuboidal epithelial cell,4,1.0,2,2,1
CellOntology_SUB200,single nucleate cell,mesothelial fibroblast,8,1.0,1,1,1
CellOntology_SUB200,single nucleate cell,connective tissue cell,172,0.8809523809523809,1,1,1
CellOntology_SUB200,single nucleate cell,kidney epithelial cell,16,1.0,1,1,1
CellOntology_SUB200,single nucleate cell,splenocyte,40,1.0,1,1,1
CellOntology_SUB200,single nucleate cell,endothelial cell of artery,8,1.0,2,2,1
CellOntology_SUB200,single nucleate cell,mature b cell,4,1.0,2,2,0
CellOntology_SUB200,single nucleate cell,non-striated muscle cell,16,1.0,2,2,1
CellOntology_SUB200,single nucleate cell,"mural cell (mural cell, perivascular cell)",32,1.0,1,2,1
CellOntology_SUB200,single nucleate cell,cerebral cortex gabaergic interneuron,12,1.0,2,2,1
CellOntology_SUB200,single nucleate cell,gabaergic neuron,44,1.0,1,1,1
CellOntology_SUB200,single nucleate cell,epithelial cell of alimentary canal,48,1.0,2,2,1
CellOntology_SUB200,single nucleate cell,intestinal enteroendocrine cell,8,1.0,1,1,1
CellOntology_SUB200,single nucleate cell,large pre-b-ii cell,8,1.0,1,1,0
CellOntology_SUB200,single nucleate cell,epithelial cell of large intestine,16,1.0,2,2,1
CellOntology_SUB200,single nucleate cell,chemoreceptor cell,12,1.0,1,1,1
CellOntology_SUB200,single nucleate cell,pigment cell,12,1.0,1,1,1
CellOntology_SUB200,single nucleate cell,secretory epithelial cell,48,1.0,1,1,1
CellOntology_SUB200,single nucleate cell,contractile cell,80,0.8421052631578947,1,1,1
CellOntology_SUB200,single nucleate cell,macroglial cell,32,1.0,1,1,1
CellOntology_SUB200,single nucleate cell,juxtacanalicular tissue cell,4,1.0,1,1,1
CellOntology_SUB200,single nucleate cell,sphincter associated smooth muscle cell,4,1.0,2,2,1
CellOntology_SUB200,single nucleate cell,epithelial cell of upper respiratory tract,12,1.0,2,2,1
CellOntology_SUB200,single nucleate cell,intrafusal muscle fiber,4,1.0,1,1,1
CellOntology_SUB200,single nucleate cell,superior cervical ganglion thnpy neuron,4,1.0,2,2,1
CellOntology_SUB200,single nucleate cell,amacrine cell,16,1.0,1,1,1
CellOntology_SUB200,single nucleate cell,enterocyte of appendix,4,1.0,2,2,1
CellOntology_SUB200,single nucleate cell,interlaminar astrocyte,4,1.0,2,2,1
CellOntology_SUB200,single nucleate cell,enteroendocrine cell,12,1.0,2,2,1
CellOntology_SUB200,single nucleate cell,lymphocyte,64,1.0,1,1,0
CellOntology_SUB200,single nucleate cell,trabecular meshwork cell,8,1.0,2,2,1
CellOntology_SUB200,single nucleate cell,stem cell of gastric gland,4,1.0,2,2,1
CellOntology_SUB200,single nucleate cell,neuron of the forebrain,24,1.0,2,2,1
CellOntology_SUB200,single nucleate cell,cartwheel cell,4,1.0,2,2,1
CellOntology_SUB200,single nucleate cell,steroid hormone secreting cell,8,1.0,1,1,1
CellOntology_SUB200,single nucleate cell,mucosal-associated invariant t cell,4,1.0,2,2,0
CellOntology_SUB200,single nucleate cell,scolopale cell,4,1.0,1,1,1
CellOntology_SUB200,single nucleate cell,retinal cell,20,1.0,2,2,1
CellOntology_SUB200,single nucleate cell,pre-b-ii cell,12,1.0,2,2,0
CellOntology_SUB200,single nucleate cell,cerebral cortex neuron,20,1.0,2,2,1
CellOntology_SUB200,single nucleate cell,precursor b cell,36,1.0,2,2,0
CellOntology_SUB200,single nucleate cell,astrocyte of the forebrain,12,1.0,2,2,1
CellOntology_SUB200,single nucleate cell,peripheral nervous system neuron,44,1.0,2,2,1
CellOntology_SUB200,single nucleate cell,stromal cell,144,0.8571428571428571,1,1,1
CellOntology_SUB200,single nucleate cell,mesangial cell,8,1.0,1,1,1
CellOntology_SUB200,single nucleate cell,skeletal muscle myoblast,8,1.0,1,1,1
CellOntology_SUB200,single nucleate cell,epithelial cell of stomach,8,1.0,2,2,1
CellOntology_SUB200,single nucleate cell,precursor cell,80,1.0,1,1,1
CellOntology_SUB200,single nucleate cell,stem cell,24,1.0,1,1,1
CellOntology_SUB200,single nucleate cell,type l enteroendocrine cell,4,1.0,2,2,1
CellOntology_SUB200,single nucleate cell,be1 cell,4,1.0,1,1,0
CellOntology_SUB200,single nucleate cell,renal interstitial pericyte,4,1.0,1,1,1
CellOntology_SUB200,single nucleate cell,sensory receptor cell,28,1.0,1,1,1
CellOntology_SUB200,single nucleate cell,strial basal cell,4,1.0,2,2,1
CellOntology_SUB200,single nucleate cell,mesenchymal stem cell,12,1.0,2,2,1
CellOntology_SUB200,single nucleate cell,fibroblast,12,1.0,1,1,1
CellOntology_SUB200,single nucleate cell,motile cell,124,1.0,1,1,1
CellOntology_SUB200,epithelial cell,duct epithelial cell,20,1.0,2,2,0
CellOntology_SUB200,epithelial cell,brush border epithelial cell,20,1.0,2,2,0
CellOntology_SUB200,epithelial cell,olfactory epithelial cell,10,1.0,2,2,0
CellOntology_SUB200,epithelial cell,sensory epithelial cell,25,1.0,2,2,0
CellOntology_SUB200,epithelial cell,strial intermediate cell,5,1.0,1,1,0
CellOntology_SUB200,epithelial cell,neurecto-epithelial cell,5,1.0,2,2,0
CellOntology_SUB200,epithelial cell,branched duct epithelial cell,5,1.0,2,2,0
CellOntology_SUB200,epithelial cell,ecto-epithelial cell,10,1.0,2,2,0
CellOntology_SUB200,epithelial cell,enterocyte of epithelium of large intestine,10,1.0,2,2,0
CellOntology_SUB200,epithelial cell,intestinal epithelial cell,45,1.0,2,2,0
CellOntology_SUB200,epithelial cell,renal cortical epithelial cell,5,1.0,2,2,0
CellOntology_SUB200,epithelial cell,respiratory tract epithelial cell,20,1.0,2,2,0
CellOntology_SUB200,epithelial cell,epithelial cell of nephron,10,1.0,2,2,0
CellOntology_SUB200,epithelial cell,auditory epithelial cell,5,1.0,2,2,0
CellOntology_SUB200,epithelial cell,endo-epithelial cell,45,1.0,2,2,0
CellOntology_SUB200,epithelial cell,epithelial cell of appendix,10,1.0,2,2,0
CellOntology_SUB200,epithelial cell,epithelial melanocyte,5,1.0,2,2,1
CellOntology_SUB200,epithelial cell,columnarcuboidal epithelial cell,5,1.0,2,2,0
CellOntology_SUB200,epithelial cell,kidney epithelial cell,20,1.0,2,2,0
CellOntology_SUB200,epithelial cell,epithelial cell of alimentary canal,60,1.0,2,2,0
CellOntology_SUB200,epithelial cell,epithelial cell of large intestine,20,1.0,2,2,0
CellOntology_SUB200,epithelial cell,secretory epithelial cell,60,0.6363636363636364,2,2,0
CellOntology_SUB200,epithelial cell,epithelial cell of upper respiratory tract,15,1.0,2,2,0
CellOntology_SUB200,epithelial cell,epithelial cell of stomach,10,1.0,2,2,0
CellOntology_SUB200,epithelial cell,mucus secreting cell,15,1.0,1,1,1
CellOntology_SUB200,epithelial cell,cholangiocyte,10,1.0,1,1,0
CellOntology_SUB200,epithelial cell,epididymis secretory cell,5,1.0,1,1,0
CellOntology_SUB200,epithelial cell,"enterocyte (enterocyte, gut absorptive cell)",15,1.0,1,2,0
CellOntology_SUB200,epithelial cell,seromucus secreting cell,5,1.0,1,1,1
CellOntology_SUB200,epithelial cell,large mucus secreting cholangiocyte,5,1.0,1,1,0
CellOntology_SUB200,epithelial cell,intestinal enteroendocrine cell,10,1.0,1,1,0
CellOntology_SUB200,epithelial cell,enterocyte of appendix,5,1.0,1,1,0
CellOntology_SUB200,epithelial cell,enteroendocrine cell,15,1.0,1,1,0
CellOntology_SUB200,epithelial cell,stem cell of gastric gland,5,1.0,1,1,0
CellOntology_SUB200,epithelial cell,scolopale cell,5,1.0,1,1,1
CellOntology_SUB200,epithelial cell,type l enteroendocrine cell,5,1.0,1,1,0
CellOntology_SUB200,epithelial cell,be cell,40,0.14285714285714285,0,1,1
CellOntology_SUB200,epithelial cell,be1 cell,5,1.0,1,1,1
CellOntology_SUB200,epithelial cell,strial basal cell,5,1.0,1,1,0
CellOntology_SUB200,duct epithelial cell,branched duct epithelial cell,6,1.0,2,2,0
CellOntology_SUB200,duct epithelial cell,cholangiocyte,12,1.0,2,2,0
CellOntology_SUB200,duct epithelial cell,large mucus secreting cholangiocyte,6,1.0,2,2,0
CellOntology_SUB200,cholangiocyte,large mucus secreting cholangiocyte,9,1.0,2,2,0
CellOntology_SUB200,mature t cell,mature alpha-beta t cell,11,1.0,2,2,0
CellOntology_SUB200,mature t cell,mucosal-associated invariant t cell,11,1.0,1,1,0
CellOntology_SUB200,brush border epithelial cell,"enterocyte (enterocyte, gut absorptive cell)",18,0.0,1,2,0
CellOntology_SUB200,"enterocyte (enterocyte, gut absorptive cell)",enterocyte of epithelium of large intestine,22,1.0,2,4,0
CellOntology_SUB200,"enterocyte (enterocyte, gut absorptive cell)",enterocyte of appendix,11,1.0,2,4,0
CellOntology_SUB200,steroid hormone secreting cell,androgen secreting cell,9,1.0,2,2,0
CellOntology_SUB200,endocrine cell,androgen secreting cell,8,1.0,2,2,1
CellOntology_SUB200,endocrine cell,peptide hormone secreting cell,32,1.0,2,2,1
CellOntology_SUB200,endocrine cell,intestinal enteroendocrine cell,16,1.0,2,2,0
CellOntology_SUB200,endocrine cell,enteroendocrine cell,24,1.0,2,2,0
CellOntology_SUB200,endocrine cell,steroid hormone secreting cell,16,1.0,2,2,1
CellOntology_SUB200,endocrine cell,type l enteroendocrine cell,8,1.0,2,2,0
CellOntology_SUB200,secretory cell,androgen secreting cell,5,1.0,2,2,0
CellOntology_SUB200,secretory cell,peptide hormone secreting cell,20,1.0,2,2,0
CellOntology_SUB200,secretory cell,mucus secreting cell,15,1.0,2,2,0
CellOntology_SUB200,secretory cell,epididymis secretory cell,5,1.0,2,2,0
CellOntology_SUB200,secretory cell,seromucus secreting cell,5,1.0,2,2,0
CellOntology_SUB200,secretory cell,extracellular matrix secreting cell,185,0.0,2,2,1
CellOntology_SUB200,secretory cell,endocrine cell,35,1.0,2,2,0
CellOntology_SUB200,secretory cell,large mucus secreting cholangiocyte,5,1.0,2,2,0
CellOntology_SUB200,secretory cell,intestinal enteroendocrine cell,10,1.0,2,2,0
CellOntology_SUB200,secretory cell,secretory epithelial cell,60,1.0,2,2,0
CellOntology_SUB200,secretory cell,enteroendocrine cell,15,1.0,2,2,0
CellOntology_SUB200,secretory cell,steroid hormone secreting cell,10,1.0,2,2,0
CellOntology_SUB200,secretory cell,type l enteroendocrine cell,5,1.0,2,2,0
CellOntology_SUB200,peptide hormone secreting cell,enteroendocrine cell,27,1.0,2,2,1
CellOntology_SUB200,peptide hormone secreting cell,intestinal enteroendocrine cell,18,1.0,2,2,1
CellOntology_SUB200,peptide hormone secreting cell,type l enteroendocrine cell,9,1.0,2,2,0
CellOntology_SUB200,enteroendocrine cell,intestinal enteroendocrine cell,28,1.0,2,2,0
CellOntology_SUB200,enteroendocrine cell,type l enteroendocrine cell,14,1.0,2,2,0
CellOntology_SUB200,intestinal enteroendocrine cell,type l enteroendocrine cell,15,1.0,2,2,0
CellOntology_SUB200,sensory epithelial cell,olfactory epithelial cell,16,1.0,2,2,0
CellOntology_SUB200,sensory epithelial cell,auditory epithelial cell,8,1.0,2,2,0
CellOntology_SUB200,sensory epithelial cell,strial intermediate cell,8,1.0,1,1,0
CellOntology_SUB200,sensory epithelial cell,scolopale cell,8,1.0,1,1,1
CellOntology_SUB200,olfactory epithelial cell,strial intermediate cell,12,1.0,1,1,1
CellOntology_SUB200,sensory receptor cell,olfactory epithelial cell,12,0.0,2,2,0
CellOntology_SUB200,sensory receptor cell,sensory epithelial cell,30,0.5,1,1,0
CellOntology_SUB200,sensory receptor cell,chemoreceptor cell,18,0.5,2,2,0
CellOntology_SUB200,sensory receptor cell,auditory epithelial cell,6,1.0,1,1,0
CellOntology_SUB200,chemoreceptor cell,olfactory epithelial cell,14,0.0,1,1,0
CellOntology_SUB200,myeloid cell,splenic macrophage,16,1.0,2,2,0
CellOntology_SUB200,myeloid cell,phagocyte sensu vertebrata,56,1.0,1,1,1
CellOntology_SUB200,myeloid cell,cycling myeloid cell,8,1.0,2,2,0
CellOntology_SUB200,myeloid cell,secondary lymphoid organ macrophage,24,1.0,2,2,0
CellOntology_SUB200,myeloid cell,phagocyte,64,1.0,1,1,1
CellOntology_SUB200,myeloid cell,macrophage,40,1.0,2,2,0
CellOntology_SUB200,myeloid cell,myeloid leukocyte,64,1.0,2,2,0
CellOntology_SUB200,myeloid cell,splenic metallophillic macrophage,8,1.0,2,2,0
CellOntology_SUB200,myeloid cell,mononuclear phagocyte,48,1.0,2,2,1
CellOntology_SUB200,myeloid cell,tissue-resident macrophage,32,1.0,2,2,0
CellOntology_SUB200,myeloid cell,professional antigen presenting cell,152,0.4444444444444444,1,1,1
CellOntology_SUB200,myeloid leukocyte,splenic macrophage,18,1.0,2,2,0
CellOntology_SUB200,myeloid leukocyte,cycling myeloid cell,9,1.0,1,1,1
CellOntology_SUB200,myeloid leukocyte,secondary lymphoid organ macrophage,27,1.0,2,2,0
CellOntology_SUB200,myeloid leukocyte,macrophage,45,1.0,2,2,0
CellOntology_SUB200,myeloid leukocyte,splenic metallophillic macrophage,9,1.0,2,2,0
CellOntology_SUB200,myeloid leukocyte,tissue-resident macrophage,36,1.0,2,2,0
CellOntology_SUB200,myeloid leukocyte,mononuclear phagocyte,54,1.0,1,1,1
CellOntology_SUB200,splenocyte,splenic macrophage,12,1.0,2,2,0
CellOntology_SUB200,splenocyte,lymphocyte of b lineage,42,0.0,1,1,1
CellOntology_SUB200,splenocyte,splenic metallophillic macrophage,6,1.0,2,2,0
CellOntology_SUB200,motile cell,splenic macrophage,10,1.0,2,2,0
CellOntology_SUB200,motile cell,phagocyte,40,0.8571428571428571,1,1,0
CellOntology_SUB200,motile cell,leukocyte,150,0.6551724137931034,1,1,0
CellOntology_SUB200,motile cell,myeloid cell,110,0.5714285714285714,1,1,1
CellOntology_SUB200,motile cell,macrophage,25,1.0,1,1,0
CellOntology_SUB200,motile cell,myeloid leukocyte,40,0.8571428571428571,1,1,0
CellOntology_SUB200,motile cell,mononuclear leukocyte,115,0.6818181818181818,1,1,0
CellOntology_SUB200,motile cell,t cell,25,0.75,1,1,0
CellOntology_SUB200,motile cell,b cell,50,0.3333333333333333,1,1,0
CellOntology_SUB200,motile cell,lymphocyte,80,0.5333333333333333,1,1,0
CellOntology_SUB200,motile cell,mononuclear phagocyte,30,1.0,1,1,0
CellOntology_SUB200,motile cell,mature t cell,15,0.5,1,1,0
CellOntology_SUB200,motile cell,mature b cell,5,1.0,1,1,0
CellOntology_SUB200,motile cell,alpha-beta t cell,10,1.0,1,1,0
CellOntology_SUB200,motile cell,mature alpha-beta t cell,5,1.0,1,1,0
CellOntology_SUB200,motile cell,lymphocyte of b lineage,35,0.3333333333333333,1,1,0
CellOntology_SUB200,motile cell,"b cell cd19-positive (b cell cd19-positive, lymphocyte of b lineage cd19-positive)",10,1.0,1,2,0
CellOntology_SUB200,motile cell,secondary lymphoid organ macrophage,15,1.0,1,1,0
CellOntology_SUB200,motile cell,tissue-resident macrophage,20,1.0,1,1,0
CellOntology_SUB200,motile cell,splenic metallophillic macrophage,5,1.0,1,1,0
CellOntology_SUB200,muscle cell,striated muscle cell,70,0.8888888888888888,2,2,0
CellOntology_SUB200,muscle cell,skeletal muscle fiber,21,0.5,2,2,0
CellOntology_SUB200,muscle cell,cell of skeletal muscle,49,0.8333333333333334,2,2,1
CellOntology_SUB200,muscle cell,visceral muscle cell,14,1.0,2,2,0
CellOntology_SUB200,muscle cell,smooth muscle cell,21,1.0,2,2,0
CellOntology_SUB200,muscle cell,non-striated muscle cell,28,1.0,2,2,0
CellOntology_SUB200,muscle cell,intrafusal muscle fiber,7,1.0,2,2,0
CellOntology_SUB200,muscle cell,sphincter associated smooth muscle cell,7,1.0,2,2,0
CellOntology_SUB200,muscle cell,fast muscle myoblast,7,1.0,1,1,1
CellOntology_SUB200,muscle cell,myoblast,21,1.0,1,1,1
CellOntology_SUB200,muscle cell,myotube,7,1.0,1,1,0
CellOntology_SUB200,muscle cell,skeletal muscle myoblast,14,1.0,1,1,1
CellOntology_SUB200,striated muscle cell,skeletal muscle fiber,24,1.0,2,2,0
CellOntology_SUB200,striated muscle cell,cell of skeletal muscle,56,0.8333333333333334,2,2,1
CellOntology_SUB200,striated muscle cell,intrafusal muscle fiber,8,1.0,2,2,0
CellOntology_SUB200,striated muscle cell,nuclear chain fiber,8,1.0,1,1,0
CellOntology_SUB200,striated muscle cell,visceral muscle cell,16,0.0,1,1,1
CellOntology_SUB200,striated muscle cell,myotube,8,1.0,1,1,0
CellOntology_SUB200,striated muscle cell,skeletal muscle myoblast,16,0.0,1,1,1
CellOntology_SUB200,skeletal muscle fiber,intrafusal muscle fiber,12,1.0,2,2,0
CellOntology_SUB200,skeletal muscle fiber,nuclear chain fiber,12,1.0,1,1,0
CellOntology_SUB200,cell of skeletal muscle,skeletal muscle fiber,30,0.5,2,2,0
CellOntology_SUB200,cell of skeletal muscle,fast muscle myoblast,10,1.0,1,1,1
CellOntology_SUB200,cell of skeletal muscle,intrafusal muscle fiber,10,1.0,2,2,0
CellOntology_SUB200,cell of skeletal muscle,myotube,10,1.0,1,1,1
CellOntology_SUB200,cell of skeletal muscle,skeletal muscle myoblast,20,1.0,1,1,1
CellOntology_SUB200,visceral muscle cell,sphincter associated smooth muscle cell,16,1.0,1,1,0
CellOntology_SUB200,smooth muscle cell,visceral muscle cell,28,1.0,2,2,1
CellOntology_SUB200,smooth muscle cell,sphincter associated smooth muscle cell,14,1.0,2,2,0
CellOntology_SUB200,non-striated muscle cell,visceral muscle cell,16,1.0,2,2,1
CellOntology_SUB200,non-striated muscle cell,smooth muscle cell,24,1.0,2,2,0
CellOntology_SUB200,non-striated muscle cell,sphincter associated smooth muscle cell,8,1.0,2,2,0
CellOntology_SUB200,contractile cell,muscle cell,84,0.9230769230769231,2,2,0
CellOntology_SUB200,contractile cell,striated muscle cell,60,0.8888888888888888,2,2,0
CellOntology_SUB200,contractile cell,skeletal muscle fiber,18,0.5,2,2,0
CellOntology_SUB200,contractile cell,cell of skeletal muscle,42,0.8333333333333334,2,2,1
CellOntology_SUB200,contractile cell,myotube,6,1.0,2,2,0
CellOntology_SUB200,contractile cell,visceral muscle cell,12,1.0,2,2,0
CellOntology_SUB200,contractile cell,smooth muscle cell,18,1.0,2,2,0
CellOntology_SUB200,contractile cell,non-striated muscle cell,24,1.0,2,2,0
CellOntology_SUB200,contractile cell,fast muscle myoblast,6,1.0,1,1,1
CellOntology_SUB200,contractile cell,myoblast,18,1.0,1,1,1
CellOntology_SUB200,contractile cell,sphincter associated smooth muscle cell,6,1.0,2,2,0
CellOntology_SUB200,contractile cell,intrafusal muscle fiber,6,1.0,2,2,0
CellOntology_SUB200,contractile cell,skeletal muscle myoblast,12,1.0,1,1,1
CellOntology_SUB200,contractile cell,"mural cell (mural cell, perivascular cell)",48,0.42857142857142855,1,1,1
CellOntology_SUB200,gamete-nursing cell,invertebrate nurse cell,28,1.0,2,2,0
CellOntology_SUB200,gamete-nursing cell,germline-derived nurse cell,14,1.0,2,2,0
CellOntology_SUB200,invertebrate nurse cell,germline-derived nurse cell,15,1.0,1,1,1
CellOntology_SUB200,supporting cell,invertebrate nurse cell,24,1.0,2,2,1
CellOntology_SUB200,supporting cell,glial cell,132,0.6,1,1,1
CellOntology_SUB200,supporting cell,astrocyte,48,0.6666666666666666,1,1,1
CellOntology_SUB200,supporting cell,germline-derived nurse cell,12,1.0,2,2,1
CellOntology_SUB200,supporting cell,gamete-nursing cell,36,1.0,2,2,1
CellOntology_SUB200,supporting cell,scolopale cell,12,1.0,2,2,0
CellOntology_SUB200,supporting cell,supporting cell sensu nematoda and protostomia,12,1.0,2,2,0
CellOntology_SUB200,supporting cell,enteroglial cell,12,1.0,1,1,1
CellOntology_SUB200,supporting cell,astrocyte of the cerebral cortex,24,0.0,1,1,1
CellOntology_SUB200,supporting cell,cerebral cortex glial cell,60,0.75,1,1,1
CellOntology_SUB200,supporting cell,macroglial cell,96,0.7142857142857143,1,1,1
CellOntology_SUB200,supporting cell,astrocyte of the forebrain,36,0.5,1,1,1
CellOntology_SUB200,"b cell cd19-positive (b cell cd19-positive, lymphocyte of b lineage cd19-positive)",mature b cell,20,1.0,2,3,0
CellOntology_SUB200,b cell,"b cell cd19-positive (b cell cd19-positive, lymphocyte of b lineage cd19-positive)",24,1.0,2,4,0
CellOntology_SUB200,b cell,lymphocyte of b lineage,84,0.8333333333333334,2,2,1
CellOntology_SUB200,b cell,mature b cell,12,1.0,2,2,0
CellOntology_SUB200,b cell,pre-b-ii cell,36,1.0,2,2,0
CellOntology_SUB200,b cell,prebcr-positive large pre-b-ii cell,12,1.0,2,2,0
CellOntology_SUB200,b cell,large pre-b-ii cell,24,1.0,2,2,0
CellOntology_SUB200,b cell,precursor b cell,108,0.75,1,1,0
CellOntology_SUB200,lymphocyte of b lineage,"b cell cd19-positive (b cell cd19-positive, lymphocyte of b lineage cd19-positive)",38,1.0,2,4,0
CellOntology_SUB200,lymphocyte of b lineage,mature b cell,19,1.0,2,2,0
CellOntology_SUB200,lymphocyte of b lineage,pre-b-ii cell,57,1.0,2,2,0
CellOntology_SUB200,lymphocyte of b lineage,prebcr-positive large pre-b-ii cell,19,1.0,2,2,0
CellOntology_SUB200,lymphocyte of b lineage,large pre-b-ii cell,38,1.0,2,2,0
CellOntology_SUB200,lymphocyte of b lineage,be1 cell,19,1.0,1,1,0
CellOntology_SUB200,multinucleate cell,skeletal muscle fiber,12,0.5,2,2,0
CellOntology_SUB200,multinucleate cell,myotube,4,1.0,2,2,0
CellOntology_SUB200,multinucleate cell,syncytial cell,20,0.75,2,2,0
CellOntology_SUB200,multinucleate cell,nuclear chain fiber,4,1.0,1,1,0
CellOntology_SUB200,multinucleate cell,invertebrate nurse cell,8,1.0,1,1,1
CellOntology_SUB200,multinucleate cell,germline-derived nurse cell,4,1.0,1,1,1
CellOntology_SUB200,multinucleate cell,gamete-nursing cell,12,1.0,1,1,1
CellOntology_SUB200,multinucleate cell,cell of skeletal muscle,28,0.5,1,1,1
CellOntology_SUB200,multinucleate cell,polyploid cell,4,1.0,1,1,1
CellOntology_SUB200,syncytial cell,skeletal muscle fiber,15,0.0,2,2,0
CellOntology_SUB200,syncytial cell,myotube,5,1.0,2,2,0
CellOntology_SUB200,large pre-b-ii cell,prebcr-positive large pre-b-ii cell,21,1.0,2,2,0
CellOntology_SUB200,pre-b-ii cell,prebcr-positive large pre-b-ii cell,20,1.0,2,2,0
CellOntology_SUB200,pre-b-ii cell,large pre-b-ii cell,40,1.0,2,2,0
CellOntology_SUB200,precursor b cell,prebcr-positive large pre-b-ii cell,15,1.0,2,2,0
CellOntology_SUB200,precursor b cell,large pre-b-ii cell,30,1.0,2,2,0
CellOntology_SUB200,precursor b cell,pre-b-ii cell,45,1.0,2,2,0
CellOntology_SUB200,precursor b cell,be1 cell,15,1.0,1,1,1
CellOntology_SUB200,precursor b cell,be cell,120,0.5714285714285714,1,1,1
CellOntology_SUB200,ecto-epithelial cell,neurecto-epithelial cell,6,1.0,2,2,0
CellOntology_SUB200,enterocyte of epithelium of large intestine,enterocyte of appendix,13,1.0,1,1,0
CellOntology_SUB200,intestinal epithelial cell,enterocyte of epithelium of large intestine,14,1.0,2,2,0
CellOntology_SUB200,intestinal epithelial cell,"enterocyte (enterocyte, gut absorptive cell)",21,1.0,2,4,0
CellOntology_SUB200,intestinal epithelial cell,intestinal enteroendocrine cell,14,1.0,2,2,0
CellOntology_SUB200,intestinal epithelial cell,epithelial cell of large intestine,28,1.0,2,2,0
CellOntology_SUB200,intestinal epithelial cell,enterocyte of appendix,7,1.0,2,2,0
CellOntology_SUB200,intestinal epithelial cell,epithelial cell of appendix,14,1.0,2,2,0
CellOntology_SUB200,intestinal epithelial cell,enteroendocrine cell,21,1.0,1,1,1
CellOntology_SUB200,intestinal epithelial cell,type l enteroendocrine cell,7,1.0,1,1,0
CellOntology_SUB200,respiratory tract epithelial cell,epithelial cell of upper respiratory tract,18,0.0,2,2,0
CellOntology_SUB200,epithelial cell of nephron,renal cortical epithelial cell,8,1.0,1,1,1
CellOntology_SUB200,endo-epithelial cell,cholangiocyte,14,0.0,1,1,1
CellOntology_SUB200,endo-epithelial cell,enterocyte of epithelium of large intestine,14,1.0,1,1,0
CellOntology_SUB200,endo-epithelial cell,"enterocyte (enterocyte, gut absorptive cell)",21,1.0,1,1,0
CellOntology_SUB200,endo-epithelial cell,enterocyte of appendix,7,1.0,1,1,0
CellOntology_SUB200,endo-epithelial cell,enteroendocrine cell,21,0.0,1,1,1
CellOntology_SUB200,epithelial cell of appendix,enterocyte of appendix,9,1.0,2,2,0
CellOntology_SUB200,kidney epithelial cell,renal cortical epithelial cell,7,1.0,2,2,0
CellOntology_SUB200,kidney epithelial cell,epithelial cell of nephron,14,1.0,2,2,0
CellOntology_SUB200,kidney epithelial cell,strial basal cell,7,1.0,1,1,1
CellOntology_SUB200,epithelial cell of alimentary canal,enterocyte of epithelium of large intestine,12,1.0,2,2,0
CellOntology_SUB200,epithelial cell of alimentary canal,intestinal epithelial cell,54,1.0,2,2,0
CellOntology_SUB200,epithelial cell of alimentary canal,"enterocyte (enterocyte, gut absorptive cell)",18,1.0,2,4,0
CellOntology_SUB200,epithelial cell of alimentary canal,epithelial cell of appendix,12,1.0,2,2,0
CellOntology_SUB200,epithelial cell of alimentary canal,epithelial cell of stomach,12,1.0,2,2,0
CellOntology_SUB200,epithelial cell of alimentary canal,epithelial cell of large intestine,24,1.0,2,2,0
CellOntology_SUB200,epithelial cell of alimentary canal,enteroendocrine cell,18,1.0,2,2,1
CellOntology_SUB200,epithelial cell of alimentary canal,enterocyte of appendix,6,1.0,2,2,0
CellOntology_SUB200,epithelial cell of alimentary canal,intestinal enteroendocrine cell,12,1.0,2,2,0
CellOntology_SUB200,epithelial cell of alimentary canal,stem cell of gastric gland,6,1.0,1,1,0
CellOntology_SUB200,epithelial cell of alimentary canal,type l enteroendocrine cell,6,1.0,1,1,0
CellOntology_SUB200,epithelial cell of large intestine,enterocyte of epithelium of large intestine,16,1.0,2,2,0
CellOntology_SUB200,epithelial cell of large intestine,epithelial cell of appendix,16,1.0,1,1,0
CellOntology_SUB200,epithelial cell of large intestine,enterocyte of appendix,8,1.0,1,1,0
CellOntology_SUB200,secretory epithelial cell,mucus secreting cell,21,1.0,2,2,1
CellOntology_SUB200,secretory epithelial cell,epididymis secretory cell,7,1.0,2,2,0
CellOntology_SUB200,secretory epithelial cell,seromucus secreting cell,7,1.0,2,2,1
CellOntology_SUB200,secretory epithelial cell,large mucus secreting cholangiocyte,7,1.0,2,2,0
CellOntology_SUB200,secretory epithelial cell,intestinal enteroendocrine cell,14,1.0,2,2,0
CellOntology_SUB200,secretory epithelial cell,androgen secreting cell,7,1.0,1,1,1
CellOntology_SUB200,secretory epithelial cell,peptide hormone secreting cell,28,1.0,1,1,1
CellOntology_SUB200,secretory epithelial cell,endocrine cell,49,1.0,1,1,1
CellOntology_SUB200,secretory epithelial cell,enteroendocrine cell,21,1.0,1,1,0
CellOntology_SUB200,secretory epithelial cell,steroid hormone secreting cell,14,1.0,1,1,1
CellOntology_SUB200,secretory epithelial cell,type l enteroendocrine cell,7,1.0,2,2,0
CellOntology_SUB200,epithelial cell of upper respiratory tract,olfactory epithelial cell,14,0.0,1,1,0
CellOntology_SUB200,epithelial cell of stomach,stem cell of gastric gland,7,1.0,1,1,0
CellOntology_SUB200,kidney interstitial cell,renal interstitial pericyte,11,1.0,2,2,0
CellOntology_SUB200,"glomerular cell (glomerular cell, kidney corpuscule cell)",glomerular mesangial cell,7,1.0,2,4,0
CellOntology_SUB200,"glomerular cell (glomerular cell, kidney corpuscule cell)",mesangial cell,14,1.0,2,3,1
CellOntology_SUB200,interstitial cell,kidney interstitial cell,18,1.0,2,2,0
CellOntology_SUB200,interstitial cell,renal interstitial pericyte,9,1.0,2,2,0
CellOntology_SUB200,connective tissue cell,interstitial cell,15,1.0,2,2,1
CellOntology_SUB200,connective tissue cell,mesothelial fibroblast of the leptomeninx,5,1.0,2,2,0
CellOntology_SUB200,connective tissue cell,kidney interstitial cell,10,1.0,2,2,1
CellOntology_SUB200,connective tissue cell,mesenchymal stem cell of orbital adipose tissue,5,1.0,2,2,0
CellOntology_SUB200,connective tissue cell,extracellular matrix secreting cell,185,0.3888888888888889,1,1,0
CellOntology_SUB200,connective tissue cell,mesenchymal stem cell of adipose tissue,10,1.0,2,2,0
CellOntology_SUB200,connective tissue cell,mesothelial fibroblast,10,1.0,2,2,0
CellOntology_SUB200,connective tissue cell,pericyte,20,1.0,1,1,0
CellOntology_SUB200,connective tissue cell,macrophage,25,0.0,1,1,1
CellOntology_SUB200,connective tissue cell,glomerular mesangial cell,5,1.0,1,1,0
CellOntology_SUB200,connective tissue cell,fibroblast,15,1.0,2,2,0
CellOntology_SUB200,connective tissue cell,mesangial cell,10,1.0,1,1,0
CellOntology_SUB200,connective tissue cell,stromal cell,180,0.37142857142857144,2,2,0
CellOntology_SUB200,connective tissue cell,mesenchymal stem cell,15,1.0,1,1,0
CellOntology_SUB200,connective tissue cell,renal interstitial pericyte,5,1.0,2,2,0
CellOntology_SUB200,connective tissue cell,trabecular meshwork cell,10,0.0,1,1,0
CellOntology_SUB200,stromal cell,interstitial cell,24,1.0,2,2,1
CellOntology_SUB200,stromal cell,pericyte,32,0.3333333333333333,2,2,1
CellOntology_SUB200,stromal cell,mesothelial fibroblast of the leptomeninx,8,1.0,2,2,0
CellOntology_SUB200,stromal cell,kidney interstitial cell,16,1.0,2,2,1
CellOntology_SUB200,stromal cell,supporting cell,136,0.0625,1,1,1
CellOntology_SUB200,stromal cell,mesenchymal stem cell of orbital adipose tissue,8,1.0,2,2,1
CellOntology_SUB200,stromal cell,mesenchymal stem cell of adipose tissue,16,1.0,2,2,1
CellOntology_SUB200,stromal cell,mesothelial fibroblast,16,1.0,2,2,0
CellOntology_SUB200,stromal cell,"mural cell (mural cell, perivascular cell)",64,0.2857142857142857,1,1,1
CellOntology_SUB200,stromal cell,trabecular meshwork cell,16,0.0,1,1,1
CellOntology_SUB200,stromal cell,vascular leptomeningeal cell,16,0.0,1,1,0
CellOntology_SUB200,stromal cell,mesenchymal stem cell,24,1.0,1,1,1
CellOntology_SUB200,stromal cell,fibroblast,24,1.0,2,2,0
CellOntology_SUB200,stromal cell,renal interstitial pericyte,8,1.0,2,2,1
CellOntology_SUB200,retinal cell,wf4 amacrine cell,7,1.0,2,2,0
CellOntology_SUB200,retinal cell,wide field retinal amacrine cell,21,1.0,2,2,0
CellOntology_SUB200,retinal cell,amacrine cell,28,1.0,2,2,0
CellOntology_SUB200,retinal cell,cartwheel cell,7,1.0,2,2,1
CellOntology_SUB200,"mural cell (mural cell, perivascular cell)",pericyte,44,0.6666666666666666,2,4,0
CellOntology_SUB200,"mural cell (mural cell, perivascular cell)",renal interstitial pericyte,11,1.0,2,3,0
CellOntology_SUB200,"mural cell (mural cell, perivascular cell)",mesangial cell,22,0.0,1,2,0
CellOntology_SUB200,"mural cell (mural cell, perivascular cell)",smooth muscle cell,33,0.5,2,2,1
CellOntology_SUB200,"mural cell (mural cell, perivascular cell)",sphincter associated smooth muscle cell,11,1.0,1,1,1
CellOntology_SUB200,pericyte,renal interstitial pericyte,12,1.0,2,2,0
CellOntology_SUB200,pericyte,mesangial cell,24,0.0,1,1,0
CellOntology_SUB200,glial cell,brain macroglial cell,78,1.0,2,2,0
CellOntology_SUB200,glial cell,astrocyte,52,1.0,2,2,0
CellOntology_SUB200,glial cell,enteroglial cell,13,1.0,2,2,0
CellOntology_SUB200,glial cell,astrocyte of the cerebral cortex,26,1.0,2,2,0
CellOntology_SUB200,glial cell,cerebral cortex glial cell,65,1.0,2,2,0
CellOntology_SUB200,glial cell,macroglial cell,104,1.0,2,2,0
CellOntology_SUB200,glial cell,interlaminar astrocyte,13,1.0,2,2,0
CellOntology_SUB200,glial cell,astrocyte of the forebrain,39,1.0,2,2,0
CellOntology_SUB200,glial cell,vascular leptomeningeal cell,26,0.0,1,2,1
CellOntology_SUB200,brain macroglial cell,astrocyte,60,1.0,2,2,1
CellOntology_SUB200,brain macroglial cell,astrocyte of the cerebral cortex,30,1.0,2,2,0
CellOntology_SUB200,brain macroglial cell,astrocyte of the forebrain,45,1.0,2,2,0
CellOntology_SUB200,brain macroglial cell,interlaminar astrocyte,15,1.0,2,2,0
CellOntology_SUB200,brain macroglial cell,cerebral cortex glial cell,75,1.0,2,2,1
CellOntology_SUB200,astrocyte,astrocyte of the cerebral cortex,34,1.0,2,2,0
CellOntology_SUB200,astrocyte,astrocyte of the forebrain,51,1.0,2,2,0
CellOntology_SUB200,astrocyte,interlaminar astrocyte,17,1.0,2,2,0
CellOntology_SUB200,astrocyte of the cerebral cortex,interlaminar astrocyte,19,1.0,1,1,0
CellOntology_SUB200,cerebral cortex glial cell,astrocyte,64,0.6666666666666666,1,1,1
CellOntology_SUB200,cerebral cortex glial cell,astrocyte of the cerebral cortex,32,1.0,2,2,0
CellOntology_SUB200,cerebral cortex glial cell,interlaminar astrocyte,16,1.0,1,1,0
CellOntology_SUB200,macroglial cell,brain macroglial cell,84,1.0,2,2,0
CellOntology_SUB200,macroglial cell,astrocyte,56,1.0,2,2,0
CellOntology_SUB200,macroglial cell,astrocyte of the cerebral cortex,28,1.0,2,2,0
CellOntology_SUB200,macroglial cell,cerebral cortex glial cell,70,1.0,1,1,1
CellOntology_SUB200,macroglial cell,enteroglial cell,14,1.0,1,1,1
CellOntology_SUB200,macroglial cell,astrocyte of the forebrain,42,1.0,2,2,0
CellOntology_SUB200,macroglial cell,interlaminar astrocyte,14,1.0,2,2,0
CellOntology_SUB200,astrocyte of the forebrain,astrocyte of the cerebral cortex,36,1.0,2,2,0
CellOntology_SUB200,astrocyte of the forebrain,interlaminar astrocyte,18,1.0,1,1,0
CellOntology_SUB200,male germ cell,spermatid,6,1.0,2,2,0
CellOntology_SUB200,"germ cell (germ cell, germ line cell)",spermatid,5,1.0,2,4,0
CellOntology_SUB200,"germ cell (germ cell, germ line cell)",male germ cell,10,1.0,2,4,0
CellOntology_SUB200,"germ cell (germ cell, germ line cell)",germline-derived nurse cell,5,1.0,1,2,0
CellOntology_SUB200,mucus secreting cell,seromucus secreting cell,8,1.0,2,2,1
CellOntology_SUB200,mucus secreting cell,large mucus secreting cholangiocyte,8,1.0,2,2,0
CellOntology_SUB200,extracellular matrix secreting cell,fibroblast,21,1.0,2,2,1
CellOntology_SUB200,extracellular matrix secreting cell,mesothelial fibroblast,14,1.0,1,1,1
CellOntology_SUB200,extracellular matrix secreting cell,mesothelial fibroblast of the leptomeninx,7,1.0,1,1,1
CellOntology_SUB200,extracellular matrix secreting cell,stromal cell,252,0.08571428571428572,1,1,1
CellOntology_SUB200,be cell,lymphocyte of b lineage,119,0.16666666666666666,1,1,1
CellOntology_SUB200,be cell,be1 cell,17,1.0,1,1,0
CellOntology_SUB200,neuron associated cell,astrocyte,28,1.0,2,2,0
CellOntology_SUB200,neuron associated cell,supporting cell,119,0.625,1,1,1
CellOntology_SUB200,neuron associated cell,enteroglial cell,7,1.0,2,2,0
CellOntology_SUB200,neuron associated cell,astrocyte of the cerebral cortex,14,1.0,2,2,0
CellOntology_SUB200,neuron associated cell,glial cell,77,0.8,1,1,0
CellOntology_SUB200,neuron associated cell,brain macroglial cell,42,1.0,1,1,0
CellOntology_SUB200,neuron associated cell,macroglial cell,56,1.0,1,1,0
CellOntology_SUB200,neuron associated cell,astrocyte of the forebrain,21,1.0,2,2,0
CellOntology_SUB200,neuron associated cell,interlaminar astrocyte,7,1.0,1,1,0
CellOntology_SUB200,neuron associated cell,cerebral cortex glial cell,35,1.0,2,2,0
CellOntology_SUB200,neuron associated cell,supporting cell sensu nematoda and protostomia,7,1.0,1,1,1
CellOntology_SUB200,mesothelial fibroblast,mesothelial fibroblast of the leptomeninx,10,1.0,2,2,0
CellOntology_SUB200,fibroblast,mesothelial fibroblast of the leptomeninx,9,1.0,2,2,0
CellOntology_SUB200,fibroblast,mesothelial fibroblast,18,1.0,2,2,0
CellOntology_SUB200,vascular leptomeningeal cell,vlmc nn vascular leptomeningeal cell mmus,14,1.0,2,2,0
CellOntology_SUB200,stem cell,multi fate stem cell,20,1.0,2,2,0
CellOntology_SUB200,stem cell,mesenchymal stem cell of orbital adipose tissue,5,1.0,2,2,0
CellOntology_SUB200,stem cell,mesenchymal stem cell of adipose tissue,10,1.0,2,2,0
CellOntology_SUB200,stem cell,stem cell of gastric gland,5,1.0,2,2,0
CellOntology_SUB200,stem cell,mesenchymal stem cell,15,1.0,2,2,0
CellOntology_SUB200,multi fate stem cell,mesenchymal stem cell of orbital adipose tissue,8,1.0,1,1,0
CellOntology_SUB200,multi fate stem cell,mesenchymal stem cell of adipose tissue,16,1.0,1,1,0
CellOntology_SUB200,multi fate stem cell,mesenchymal stem cell,24,1.0,1,1,0
CellOntology_SUB200,progenitor cell,multi fate stem cell,24,1.0,1,1,1
CellOntology_SUB200,progenitor cell,fast muscle myoblast,6,1.0,1,1,0
CellOntology_SUB200,progenitor cell,mesenchymal stem cell of orbital adipose tissue,6,1.0,1,1,1
CellOntology_SUB200,progenitor cell,myoblast,18,1.0,2,2,0
CellOntology_SUB200,progenitor cell,muscle precursor cell,24,1.0,2,2,0
CellOntology_SUB200,progenitor cell,skeletal muscle myoblast,12,1.0,2,2,0
CellOntology_SUB200,progenitor cell,precursor b cell,54,0.0,2,2,1
CellOntology_SUB200,progenitor cell,mesenchymal stem cell of adipose tissue,12,1.0,1,1,1
CellOntology_SUB200,progenitor cell,stem cell of gastric gland,6,1.0,1,1,1
CellOntology_SUB200,progenitor cell,mesenchymal stem cell,18,1.0,1,1,1
CellOntology_SUB200,precursor cell,multi fate stem cell,20,1.0,1,1,0
CellOntology_SUB200,precursor cell,fast muscle myoblast,5,1.0,2,2,0
CellOntology_SUB200,precursor cell,mesenchymal stem cell of orbital adipose tissue,5,1.0,1,1,0
CellOntology_SUB200,precursor cell,myoblast,15,1.0,2,2,0
CellOntology_SUB200,precursor cell,progenitor cell,95,0.7222222222222222,2,2,0
CellOntology_SUB200,precursor cell,muscle precursor cell,20,1.0,2,2,0
CellOntology_SUB200,precursor cell,mesenchymal stem cell of adipose tissue,10,1.0,1,1,0
CellOntology_SUB200,precursor cell,stem cell of gastric gland,5,1.0,1,1,0
CellOntology_SUB200,precursor cell,precursor b cell,45,0.375,2,2,1
CellOntology_SUB200,precursor cell,skeletal muscle myoblast,10,1.0,2,2,0
CellOntology_SUB200,precursor cell,pre-b-ii cell,15,1.0,1,1,1
CellOntology_SUB200,precursor cell,large pre-b-ii cell,10,1.0,1,1,1
CellOntology_SUB200,precursor cell,prebcr-positive large pre-b-ii cell,5,1.0,1,1,1
CellOntology_SUB200,precursor cell,mesenchymal stem cell,15,1.0,1,1,0
CellOntology_SUB200,skeletal muscle myoblast,fast muscle myoblast,15,1.0,2,2,0
CellOntology_SUB200,myoblast,fast muscle myoblast,11,1.0,2,2,0
CellOntology_SUB200,myoblast,skeletal muscle myoblast,22,1.0,2,2,0
CellOntology_SUB200,muscle precursor cell,fast muscle myoblast,7,1.0,2,2,0
CellOntology_SUB200,muscle precursor cell,myoblast,21,1.0,2,2,0
CellOntology_SUB200,muscle precursor cell,skeletal muscle myoblast,14,1.0,2,2,0
CellOntology_SUB200,mesangial cell,glomerular mesangial cell,16,1.0,2,2,0
CellOntology_SUB200,mesenchymal stem cell of adipose tissue,mesenchymal stem cell of orbital adipose tissue,14,1.0,2,2,0
CellOntology_SUB200,mesenchymal stem cell,mesenchymal stem cell of orbital adipose tissue,13,1.0,2,2,0
CellOntology_SUB200,mesenchymal stem cell,mesenchymal stem cell of adipose tissue,26,1.0,2,2,0
CellOntology_SUB200,cultured cell,experimentally modified cell in vitro,6,1.0,2,2,1
CellOntology_SUB200,cell in vitro,cultured cell,10,1.0,2,2,0
CellOntology_SUB200,cell in vitro,experimentally modified cell in vitro,5,1.0,2,2,0
CellOntology_SUB200,melanocyte,epithelial melanocyte,6,1.0,2,2,0
CellOntology_SUB200,pigment cell,epithelial melanocyte,5,1.0,2,2,0
CellOntology_SUB200,pigment cell,melanocyte,10,1.0,2,2,0
CellOntology_SUB200,trabecular meshwork cell,juxtacanalicular tissue cell,9,1.0,1,1,0
