dataset,parent,child,type,model,justification
WordNetFood_SUB,dessert,chocolate,other_related,google/gemma-4-31b-it,"While chocolate is often served as a dessert, it is a food substance/ingredient that can be used in many non-dessert contexts (e.g., savory moles), meaning not every instance of chocolate is a dessert."
WordNetFood_SUB,dish,tart,is_a,google/gemma-4-31b-it,"A tart is a specific kind of prepared food item, and therefore every tart is a type of dish."
WordNetFood_SUB,berry,elderberry,other_related,google/gemma-4-31b-it,"While elderberries are commonly called berries in a culinary sense, botanically they are drupes and not true berries, making the relationship a common misclassification or a loose association rather than a strict taxonomic subsumption."
WordNetFood_SUB,dessert,gingersnap,is_a,google/gemma-4-31b-it,"A gingersnap is a type of cookie, and since cookies are a kind of dessert, every gingersnap is also a dessert."
WordNetFood_SUB,snack food,bun,other_related,google/gemma-4-31b-it,"A bun is a type of bread or baked good that can be used to make a snack, but it is not inherently a kind of snack food itself."
WordNetFood_SUB,dish,lobster tart,is_a,google/gemma-4-31b-it,"A lobster tart is a specific type of prepared food item, and every lobster tart is by definition a dish."
WordNetFood_SUB,brew,koumiss,is_a,google/gemma-4-31b-it,"Koumiss is a fermented dairy product produced through a brewing-like process, making it a specific type of brew."
WordNetFood_SUB,starches,dough,made_of,google/gemma-4-31b-it,"Dough is not a type of starch, but rather a mixture primarily composed of starches (like flour)."
WordNetFood_SUB,"produce (produce, vegetable)",rice,other_related,google/gemma-4-31b-it,"While rice is a food product, in a taxonomic sense, 'produce' typically refers specifically to fresh fruits and vegetables, whereas rice is a grain/cereal."
WordNetFood_SUB,dish,"baked goods (baked goods, pastry)",is_a,google/gemma-4-31b-it,"A baked good is a specific category of food that can be prepared as a dish, and every baked good (like a cake or bread) is a type of dish in a culinary context."
WordNetFood_SUB,dish,cake,is_a,google/gemma-4-31b-it,"A cake is a specific type of prepared food item, which fits the definition of a dish."
WordNetFood_SUB,dish,bun,part_of,google/gemma-4-31b-it,"A bun is a type of bread or baked good that can be used as a component of a dish (like a burger or sandwich), but it is not a type of ""dish"" itself."
WordNetFood_SUB,seafood,scampi,is_a,google/gemma-4-31b-it,"Scampi is a type of crustacean/shellfish, and since all such creatures are categorized as seafood, every instance of scampi is an instance of seafood."
WordNetFood_SUB,concoction,soup,is_a,google/gemma-4-31b-it,"While a soup is a mixture of ingredients, 'concoction' typically refers to a mixture created by combining various ingredients, often in an unusual or complex way, making soup a specific type of such a mixture."
WordNetFood_SUB,dessert,cookie,other_related,google/gemma-4-31b-it,"While many cookies are served as desserts, not every cookie is a dessert (e.g., a breakfast cookie or a cookie used as an ingredient), and not every dessert is a cookie, making this a functional or situational association rather than a strict taxonomic subsumption."
WordNetFood_SUB,snack food,"baked goods (baked goods, pastry)",other_related,google/gemma-4-31b-it,Not every baked good (such as a loaf of sourdough bread or a birthday cake) is considered a snack food.
WordNetFood_SUB,snack food,sweet roll,other_related,google/gemma-4-31b-it,"While a sweet roll can be eaten as a snack, it is fundamentally a type of baked good/bread, whereas 'snack food' is a functional category based on usage rather than a taxonomic class that subsumes all sweet rolls."
WordNetFood_SUB,ale,spruce beer,other_related,google/gemma-4-31b-it,"Spruce beer is a type of beer, but it is distinct from ale, which is a specific category of beer brewed with top-fermenting yeast."
WordNetFood_SUB,dish,gingersnap,is_a,google/gemma-4-31b-it,"A gingersnap is a type of cookie, and a cookie is a type of dish (in the sense of a prepared food item), meaning every gingersnap is necessarily a dish."
WordNetFood_SUB,dessert,bear claw,is_a,google/gemma-4-31b-it,A bear claw is a type of sweet pastry that is commonly served and categorized as a dessert.
WordNetFood_SUB,dish,beef jerky,other_related,google/gemma-4-31b-it,"Beef jerky is a type of prepared food item, and while it is edible, it is generally categorized as a snack or a preserved meat product rather than a 'dish', which typically refers to a specific prepared culinary recipe or a plated meal."
WordNetFood_SUB,dish,bear claw,is_a,google/gemma-4-31b-it,"A bear claw is a specific type of pastry, and since a pastry is a kind of dish (a prepared food item), every bear claw is also a dish."
WordNetFood_SUB,dish,"diet (diet, fare, food, foodstuff, ingredient, meal, nutriment)",other_related,google/gemma-4-31b-it,"A diet is a regime or pattern of eating, whereas a dish is a specific prepared food item; a diet is not a kind of dish, nor is a dish a kind of diet."
WordNetFood_SUB,dish,bread,other_related,google/gemma-4-31b-it,"While bread is a type of food, it is a basic food category or ingredient rather than a prepared 'dish' (which typically refers to a specific recipe or meal like 'chicken paprika')."
WordNetFood_SUB,dish,squash pie,is_a,google/gemma-4-31b-it,"A squash pie is a specific type of dish, as every instance of a squash pie is also an instance of a dish."
WordNetFood_SUB,snack food,gingersnap,is_a,google/gemma-4-31b-it,"Every gingersnap is a type of snack food, as it fits the definition of a food item typically eaten between meals."
WordNetFood_SUB,dish,sweet roll,is_a,google/gemma-4-31b-it,"A sweet roll is a specific type of prepared food item, and since every sweet roll is a kind of dish, the subsumption holds."
WordNetFood_SUB,meat,shellfish,other_related,google/gemma-4-31b-it,"While shellfish are edible animal flesh, in culinary and biological taxonomies, 'meat' typically refers specifically to the flesh of mammals (and sometimes poultry), whereas shellfish are categorized under 'seafood'."
WordNetFood_SUB,dish,condiment,part_of,google/gemma-4-31b-it,"A condiment is not a type of dish, but rather a substance used to enhance the flavor of a dish or served as a component of one."
WordNetFood_SUB,course,"diet (diet, fare, food, foodstuff, ingredient, meal, nutriment)",unrelated,google/gemma-4-31b-it,"A diet (a specific regime of food) is not a type of course (a specific stage of a meal), nor is a course a type of diet; they are distinct concepts within the domain of food."
WordNetFood_SUB,concoction,clam chowder,is_a,google/gemma-4-31b-it,"A clam chowder is a specific type of concoction (a mixture of various ingredients), meaning every instance of clam chowder is also an instance of a concoction."
WordNetFood_SUB,dessert,sweet roll,other_related,google/gemma-4-31b-it,"While a sweet roll can be served as a dessert, not every sweet roll is a dessert (e.g., it can be a breakfast item), and not every dessert is a sweet roll, making this a functional or situational association rather than a strict taxonomic subsumption."
WordNetFood_SUB,shellfish,scampi,made_of,google/gemma-4-31b-it,"Scampi is a dish made from shellfish (specifically langoustines or prawns), meaning the shellfish is an ingredient of the dish."
WordNetFood_SUB,flavorer,chocolate,other_related,google/gemma-4-31b-it,"Chocolate is not a type of flavorer, but rather a food item that can be used as a flavorer or ingredient in other products."
WordNetFood_SUB,dish,soul food,other_related,google/gemma-4-31b-it,"'Soul food' refers to a broad culinary tradition or category of cuisine, whereas a 'dish' is a specific prepared food item; therefore, soul food is not a kind of dish, but rather a category that contains many different dishes."
WordNetFood_SUB,concoction,chowder,is_a,google/gemma-4-31b-it,"A chowder is a specific type of concoction (a mixture of various ingredients), meaning every instance of a chowder is also an instance of a concoction."
WordNetFood_SUB,seafood,clam chowder,made_of,google/gemma-4-31b-it,"Clam chowder is not a type of seafood, but rather a dish made using seafood as a primary ingredient."
WordNetFood_SUB,dish,anchovy sauce,part_of,google/gemma-4-31b-it,"An anchovy sauce is an ingredient or condiment used to prepare or accompany a dish, rather than being a type of dish itself."
WordNetFood_SUB,snack food,chocolate candy,is_a,google/gemma-4-31b-it,Every instance of chocolate candy is a type of snack food.
WordNetFood_SUB,dish,cookie,other_related,google/gemma-4-31b-it,"While a cookie is a type of food, it is a specific baked good rather than a ""dish,"" which typically refers to a prepared culinary preparation or a specific meal item (like scampi or gyro)."
WordNetFood_SUB,snack food,cookie,is_a,google/gemma-4-31b-it,"Every cookie is a type of snack food, as it fits the definition of a small portion of food eaten between meals."
WordNetFood_SUB,dessert,tart,is_a,google/gemma-4-31b-it,"A tart is a specific type of dessert, meaning every instance of a tart is also an instance of a dessert."
WordNetFood_SUB,"produce (produce, vegetable)",brown rice,is_a,google/gemma-4-31b-it,"Brown rice is a type of agricultural product, and in a commercial or culinary context, it falls under the category of produce."
WordNetFood_SUB,meat,octopus,other_related,google/gemma-4-31b-it,"While octopus is a type of food and seafood, it is not a type of meat in a strict taxonomic sense, as 'meat' typically refers to the flesh of mammals (as evidenced by the other children like beef and pork), making the relationship one of general category membership rather than proper subsumption."
WordNetFood_SUB,snack food,chocolate,other_related,google/gemma-4-31b-it,"While chocolate is often eaten as a snack, not all chocolate is a snack food (e.g., baking chocolate used as an ingredient), and not all snack foods are chocolate."
WordNetFood_SUB,concoction,sauce,is_a,google/gemma-4-31b-it,"A sauce is a type of concoction (a mixture of various ingredients), meaning every instance of a sauce is also an instance of a concoction."
WordNetFood_SUB,"produce (produce, vegetable)",herb,is_a,google/gemma-4-31b-it,"An herb is a type of agricultural product (produce), meaning every instance of an herb is also an instance of produce."
WordNetFood_SUB,starches,grain,made_of,google/gemma-4-31b-it,"Grains are not a type of starch, but rather they are biological structures that are primarily composed of starch."
WordNetFood_SUB,concoction,anchovy sauce,is_a,google/gemma-4-31b-it,"An anchovy sauce is a specific type of concoction (a mixture of various ingredients), meaning every instance of the sauce is also an instance of a concoction."
WordNetFood_SUB,dish,pie,is_a,google/gemma-4-31b-it,"A pie is a specific type of dish, as every instance of a pie is also an instance of a prepared food dish."
CellOntology_SUB,neural cell,neurecto-epithelial cell,derives_from,google/gemma-4-31b-it,Neurecto-epithelial cells are the progenitor cells from which the neural lineage (including neural cells) originates during embryonic development.
CellOntology_SUB,nucleate cell,cerebral cortex glial cell,is_a,google/gemma-4-31b-it,"A cerebral cortex glial cell is a type of cell that possesses a nucleus, and therefore every instance of a cerebral cortex glial cell is also an instance of a nucleate cell."
CellOntology_SUB,nucleate cell,superior cervical ganglion thnpy neuron,is_a,google/gemma-4-31b-it,"A 'superior cervical ganglion thnpy neuron' is a type of neuron, and since all neurons are cells that possess a nucleus, it is by definition a nucleate cell."
CellOntology_SUB,cerebral cortex glial cell,brain macroglial cell,is_a_inverted,google/gemma-4-31b-it,"A 'brain macroglial cell' is a general type of cell found throughout the brain, whereas a 'cerebral cortex glial cell' is a glial cell specifically located in the cerebral cortex; therefore, the latter is a subtype of the former."
CellOntology_SUB,nucleate cell,precursor cell,derives_from,google/gemma-4-31b-it,"A precursor cell is a cell that develops into a more specialized cell type, and while it may be nucleate, the primary relationship is one of developmental origin rather than a taxonomic classification of ""nucleate cell"" as its defining genus."
CellOntology_SUB,glial cell,vascular leptomeningeal cell,unrelated,google/gemma-4-31b-it,"Vascular leptomeningeal cells are specialized fibroblast-like cells of the meninges (mesenchymal origin), whereas glial cells are neuroectodermal cells; they are distinct cell lineages that both support the nervous system but do not share a subsumption relationship."
CellOntology_SUB,nucleate cell,central nervous system neuron,is_a,google/gemma-4-31b-it,"A central nervous system neuron is a type of cell that possesses a nucleus, making it a member of the class of nucleate cells."
CellOntology_SUB,neural crest derived neuron,superior cervical ganglion thnpy neuron,is_a,google/gemma-4-31b-it,"The superior cervical ganglion (SCG) is part of the sympathetic nervous system, and its neurons are developmentally derived from the neural crest; therefore, every SCG neuron is a type of neural crest-derived neuron."
CellOntology_SUB,nucleate cell,gamete-nursing cell,is_a,google/gemma-4-31b-it,"A gamete-nursing cell (such as a nurse cell in oogenesis) is a type of cell that contains a nucleus, making it a specific instance of the broader category of nucleate cells."
CellOntology_SUB,neural crest derived neuron,peripheral sensory neuron,derives_from,google/gemma-4-31b-it,"While many peripheral sensory neurons (such as those in the dorsal root ganglia) are derived from the neural crest, the relationship is fundamentally one of developmental origin rather than a taxonomic ""is-a"" classification, as ""neural crest derived"" describes the lineage of the cell."
CellOntology_SUB,nucleate cell,epithelial cell of alimentary canal,is_a,google/gemma-4-31b-it,"An epithelial cell of the alimentary canal is a type of cell that possesses a nucleus, meaning every instance of the former is necessarily an instance of the latter."
CellOntology_SUB,nucleate cell,neural cell,is_a,google/gemma-4-31b-it,"A neural cell is a type of cell that possesses a nucleus, making it a specific instance of the broader category of nucleate cells."
CellOntology_SUB,"electrically active cell (electrically active cell, electrically responsive cell, electrically signaling cell)",chemoreceptor cell,is_a,google/gemma-4-31b-it,"Chemoreceptor cells are specialized sensory cells that generate electrical signals (receptor potentials) in response to chemical stimuli, making them a specific type of electrically active cell."
CellOntology_SUB,nucleate cell,large mucus secreting cholangiocyte,is_a,google/gemma-4-31b-it,"A large mucus secreting cholangiocyte is a type of cell that possesses a nucleus, making it a member of the class of nucleate cells."
CellOntology_SUB,secretory epithelial cell,steroid hormone secreting cell,is_a,google/gemma-4-31b-it,Steroid hormone secreting cells (such as those in the adrenal cortex or gonads) are specialized types of secretory epithelial cells.
CellOntology_SUB,nucleate cell,intrinsic primary afferent neuron of myenteric plexus,is_a,google/gemma-4-31b-it,"An intrinsic primary afferent neuron of the myenteric plexus is a type of neuron, and all neurons are eukaryotic cells that possess a nucleus, making them instances of nucleate cells."
CellOntology_SUB,"electrically active cell (electrically active cell, electrically responsive cell, electrically signaling cell)",glial cell,other_related,google/gemma-4-31b-it,"While some glial cells exhibit electrical properties (like calcium waves), they are fundamentally defined by their support role and lack the specialized action-potential-generating machinery that defines the class of electrically active cells (primarily neurons)."
CellOntology_SUB,nucleate cell,interneuron,is_a,google/gemma-4-31b-it,"An interneuron is a type of neuron, and since all neurons are eukaryotic cells that possess a nucleus, every interneuron is by definition a nucleate cell."
CellOntology_SUB,nucleate cell,sympathetic neuron,is_a,google/gemma-4-31b-it,"A sympathetic neuron is a type of cell that possesses a nucleus, meaning every instance of a sympathetic neuron is necessarily an instance of a nucleate cell."
CellOntology_SUB,nucleate cell,spermatid,is_a,google/gemma-4-31b-it,"A spermatid is a type of cell that contains a nucleus, and therefore every instance of a spermatid is necessarily an instance of a nucleate cell."
CellOntology_SUB,nucleate cell,auditory epithelial cell,is_a,google/gemma-4-31b-it,"An auditory epithelial cell is a type of eukaryotic cell that possesses a nucleus, and therefore every instance of an auditory epithelial cell is by definition a nucleate cell."
CellOntology_SUB,nucleate cell,glial cell,is_a,google/gemma-4-31b-it,"A glial cell is a type of eukaryotic cell that possesses a nucleus, and therefore every instance of a glial cell is by definition a nucleate cell."
CellOntology_SUB,secretory epithelial cell,cholangiocyte,other_related,google/gemma-4-31b-it,"While some specialized cholangiocytes (like the large mucus-secreting type) are secretory, the general class of cholangiocytes consists primarily of cells involved in transport and ductal lining, not all of which are classified as secretory epithelial cells."
CellOntology_SUB,nucleate cell,strial basal cell,is_a,google/gemma-4-31b-it,"A strial basal cell is a type of cell that contains a nucleus, and since all nucleate cells are cells and the strial basal cell is a specialized eukaryotic cell, it is a member of the class of nucleate cells."
CellOntology_SUB,nucleate cell,polyploid cell,is_a,google/gemma-4-31b-it,"A polyploid cell is a type of cell that contains multiple sets of chromosomes within its nucleus, meaning every polyploid cell is necessarily a nucleate cell."
CellOntology_SUB,nucleate cell,motile cell,other_related,google/gemma-4-31b-it,"Not every motile cell is nucleate (e.g., some prokaryotic motile cells lack a nucleus), and not every nucleate cell is motile."
CellOntology_SUB,nucleate cell,seromucus secreting cell,is_a,google/gemma-4-31b-it,"A seromucus secreting cell is a type of cell that possesses a nucleus, meaning every instance of a seromucus secreting cell is also an instance of a nucleate cell."
CellOntology_SUB,nucleate cell,neuron,is_a,google/gemma-4-31b-it,"A neuron is a type of cell that possesses a nucleus, meaning every instance of a neuron is necessarily an instance of a nucleate cell."
CellOntology_SUB,"electrically active cell (electrically active cell, electrically responsive cell, electrically signaling cell)",astrocyte of the forebrain,other_related,google/gemma-4-31b-it,"Astrocytes are glial cells that maintain ionic homeostasis and respond to electrical activity, but they are not ""electrically active cells"" in the sense of generating action potentials or being defined by electrical excitability like neurons."
CellOntology_SUB,nucleate cell,mesothelial fibroblast,is_a,google/gemma-4-31b-it,"A mesothelial fibroblast is a type of eukaryotic cell that possesses a nucleus, meaning every instance of a mesothelial fibroblast is necessarily an instance of a nucleate cell."
CellOntology_SUB,nucleate cell,vlmc nn vascular leptomeningeal cell mmus,is_a,google/gemma-4-31b-it,"A vascular leptomeningeal cell is a type of cell that possesses a nucleus, making it a member of the class of nucleate cells."
CellOntology_SUB,nucleate cell,columnarcuboidal epithelial cell,is_a,google/gemma-4-31b-it,"A columnarcuboidal epithelial cell is a type of eukaryotic cell, and since all eukaryotic cells possess a nucleus, it is by definition a nucleate cell."
CellOntology_SUB,nucleate cell,epithelial cell,is_a,google/gemma-4-31b-it,"An epithelial cell is a type of cell that possesses a nucleus, meaning every instance of an epithelial cell is necessarily an instance of a nucleate cell."
CellOntology_SUB,nucleate cell,secretory cell,is_a,google/gemma-4-31b-it,"A secretory cell is a type of cell that possesses a nucleus (unless it is a specialized anucleate secretory cell, but in general biological taxonomy, secretory cells are categorized as nucleate cells)."
CellOntology_SUB,professional antigen presenting cell,"b cell (b cell, lymphocyte of b lineage)",is_a,google/gemma-4-31b-it,"A B cell is a type of professional antigen-presenting cell, as it possesses the necessary machinery (MHC class II) to present antigens to T cells."
CellOntology_SUB,cerebral cortex glial cell,astrocyte,located_in,google/gemma-4-31b-it,"An astrocyte is a general type of glial cell found throughout the central nervous system, whereas a cerebral cortex glial cell is a glial cell specifically located in the cerebral cortex; therefore, not every astrocyte is a cerebral cortex glial cell."
CellOntology_SUB,nucleate cell,macroglial cell,is_a,google/gemma-4-31b-it,"A macroglial cell is a type of eukaryotic cell that possesses a nucleus, and therefore every instance of a macroglial cell is by definition a nucleate cell."
CellOntology_SUB,"electrically active cell (electrically active cell, electrically responsive cell, electrically signaling cell)",sensory receptor cell,is_a,google/gemma-4-31b-it,"Sensory receptor cells are specialized cells that transduce stimuli into electrical signals (receptor potentials), making them a specific type of electrically active cell."
CellOntology_SUB,nucleate cell,branched duct epithelial cell,is_a,google/gemma-4-31b-it,"A branched duct epithelial cell is a type of eukaryotic cell, and since all eukaryotic cells possess a nucleus, it is by definition a nucleate cell."
CellOntology_SUB,single nucleate cell,spermatid,is_a,google/gemma-4-31b-it,"A spermatid is a type of cell that contains a single nucleus, meaning every instance of a spermatid is necessarily an instance of a single nucleate cell."
CellOntology_SUB,neuron associated cell,vlmc nn vascular leptomeningeal cell mmus,is_a,google/gemma-4-31b-it,"The vascular leptomeningeal cell is a specialized fibroblast of the meninges (connective tissue) that supports the nervous system, making it a type of cell associated with neurons, though it is not a glial cell."
CellOntology_SUB,nucleate cell,astrocyte,is_a,google/gemma-4-31b-it,"An astrocyte is a type of eukaryotic cell that possesses a nucleus, and therefore every instance of an astrocyte is necessarily an instance of a nucleate cell."
CellOntology_SUB,nucleate cell,mesenchymal stem cell,is_a,google/gemma-4-31b-it,"A mesenchymal stem cell is a type of eukaryotic cell that possesses a nucleus, and therefore every instance of a mesenchymal stem cell is by definition a nucleate cell."
CellOntology_SUB,mucus secreting cell,seromucus secreting cell,is_a,google/gemma-4-31b-it,"A seromucous cell is a specialized secretory cell that produces both serous and mucous secretions, making it a specific subtype of mucus-secreting cell."
CellOntology_SUB,nucleate cell,duct epithelial cell,is_a,google/gemma-4-31b-it,"A duct epithelial cell is a type of eukaryotic cell that possesses a nucleus, making it a specific instance of the broader category of nucleate cells."
CellOntology_SUB,nucleate cell,secretory epithelial cell,is_a,google/gemma-4-31b-it,"A secretory epithelial cell is a type of eukaryotic cell, and all eukaryotic cells (including epithelial cells) possess a nucleus, making them instances of nucleate cells."
CellOntology_SUB,nucleate cell,germline-derived nurse cell,is_a,google/gemma-4-31b-it,"A germline-derived nurse cell is a specific type of cell that contains a nucleus, meaning every instance of the former is necessarily an instance of the latter."
CellOntology_SUB,nucleate cell,autonomic neuron,is_a,google/gemma-4-31b-it,"An autonomic neuron is a type of cell that possesses a nucleus, meaning every instance of an autonomic neuron is necessarily an instance of a nucleate cell."
CellOntology_SUB,nucleate cell,brain macroglial cell,is_a,google/gemma-4-31b-it,"A brain macroglial cell is a type of cell that possesses a nucleus, and therefore every instance of a brain macroglial cell is also an instance of a nucleate cell."
CellOntology_SUB,nucleate cell,male germ cell,is_a,google/gemma-4-31b-it,"A male germ cell is a type of cell that contains a nucleus, meaning every instance of a male germ cell is necessarily an instance of a nucleate cell."
CellOntology_SUB,nucleate cell,stem cell,is_a,google/gemma-4-31b-it,"A stem cell is a type of cell that possesses a nucleus, meaning every instance of a stem cell is also an instance of a nucleate cell."
CellOntology_SUB,"electrically active cell (electrically active cell, electrically responsive cell, electrically signaling cell)",sensory epithelial cell,is_a,google/gemma-4-31b-it,"Sensory epithelial cells (such as taste receptor cells or olfactory receptor cells) are specialized cells that generate electrical signals (receptor potentials) in response to stimuli, making them a specific type of electrically active cell."
CellOntology_SUB,nucleate cell,mucus secreting cell,is_a,google/gemma-4-31b-it,"A mucus secreting cell is a type of cell that possesses a nucleus, meaning every instance of a mucus secreting cell is also an instance of a nucleate cell."
CellOntology_SUB,mononuclear leukocyte,professional antigen presenting cell,is_a,google/gemma-4-31b-it,"Professional antigen-presenting cells (such as dendritic cells, macrophages, and B cells) are a functional subset of leukocytes, and those that are mononuclear (like dendritic cells and B cells) are indeed types of mononuclear leukocytes."
SemEvalFood_SUB,fare,groats,is_a,google/gemma-4-31b-it,"'Fare' is a general term for food or a range of food provided, and since 'groats' are a type of food, every instance of groats is a type of fare."
SemEvalFood_SUB,"dessert (dessert, sweet)",sugar water,other_related,google/gemma-4-31b-it,"Sugar water is a liquid mixture that may be used as an ingredient or a simple sweet treat, but it is not a type of dessert in the way that cake or jelly is."
SemEvalFood_SUB,spread,mayonnaise,is_a,google/gemma-4-31b-it,"Mayonnaise is a type of spread, as it is a food product specifically used for spreading on bread or other surfaces."
SemEvalFood_SUB,fare,hard candy,is_a,google/gemma-4-31b-it,"'Fare' is a formal or literary synonym for food, and since hard candy is a type of food, it is also a type of fare."
SemEvalFood_SUB,dainty,tiramisu,is_a,google/gemma-4-31b-it,"A 'dainty' is a small, delicate food item or sweet, and since tiramisu is a type of dessert/sweet, it fits the definition of a dainty."
SemEvalFood_SUB,spread,green mayonnaise,is_a,google/gemma-4-31b-it,"Green mayonnaise is a specific type of spread, as any instance of green mayonnaise functions as and fits the definition of a spread."
SemEvalFood_SUB,fodder,corn,other_related,google/gemma-4-31b-it,"Corn is a type of grain that can be used as fodder, but not all corn is fodder (as it is also human food), and not all fodder is corn."
SemEvalFood_SUB,fare,bread,is_a,google/gemma-4-31b-it,"'Fare' is a synonym for food or a range of food provided, and since bread is a type of food, it is a kind of fare."
SemEvalFood_SUB,antipasto,gazpacho,other_related,google/gemma-4-31b-it,"Gazpacho is a type of soup that can be served as an antipasto (appetizer), but not every gazpacho is an antipasto, nor is every antipasto a gazpacho."
SemEvalFood_SUB,sauce,relish,is_a,google/gemma-4-31b-it,"A relish is a specific type of chunky condiment or sauce, meaning every relish is a sauce, but not every sauce is a relish."
SemEvalFood_SUB,fare,flatbrod,is_a,google/gemma-4-31b-it,"'Fare' is a general term for food or a range of food provided, and since 'flatbrod' is a type of food, every instance of flatbrod is a type of fare."
SemEvalFood_SUB,spread,dressing,other_related,google/gemma-4-31b-it,"While some dressings may be used as spreads, a dressing is fundamentally a sauce for salads or meats, whereas a spread is specifically designed for application to bread or crackers; neither is a subset of the other."
SemEvalFood_SUB,crudites,garlic,other_related,google/gemma-4-31b-it,"Garlic is an ingredient that can be served as part of a crudités platter, but it is not a type of crudité (which typically refers to raw vegetables served as an appetizer)."
SemEvalFood_SUB,fare,scampi,is_a,google/gemma-4-31b-it,"'Fare' is a formal or literary synonym for 'food', and since 'scampi' is a kind of food, it is also a kind of fare."
SemEvalFood_SUB,fare,mayonnaise,is_a,google/gemma-4-31b-it,"'Fare' is a general term for food or a range of food provided, and since mayonnaise is a type of food, it is a specific kind of fare."
SemEvalFood_SUB,spread,sauce,other_related,google/gemma-4-31b-it,"While some sauces can be used as spreads, not every sauce is a spread (e.g., a thin soy sauce or a pasta sauce), and not every spread is a sauce, making them sibling categories under 'condiment' rather than having a subsumption relationship."
SemEvalFood_SUB,fare,mashed potato,is_a,google/gemma-4-31b-it,"'Fare' is a synonym for food or a range of food provided, and since mashed potato is a type of food, it is a proper subsumption."
SemEvalFood_SUB,fare,moo goo gai pan,is_a,google/gemma-4-31b-it,"'Fare' is a formal or archaic synonym for food or a range of food, and since 'moo goo gai pan' is a type of food, it is also a type of fare."
SemEvalFood_SUB,sauce,taco sauce,is_a,google/gemma-4-31b-it,"Taco sauce is a specific type of sauce, meaning every instance of taco sauce is necessarily an instance of sauce."
SemEvalFood_SUB,fare,french bread,is_a,google/gemma-4-31b-it,"'Fare' is a synonym or broad term for food/diet, and since french bread is a type of food, it is a specific kind of fare."
SemEvalFood_SUB,fodder,potato,other_related,google/gemma-4-31b-it,"While potatoes can be used as animal feed, not every potato is fodder, and fodder is a functional category of feed rather than a taxonomic class that encompasses all potatoes."
SemEvalFood_SUB,sauce,steak sauce,is_a,google/gemma-4-31b-it,"Every steak sauce is, by definition, a type of sauce."
SemEvalFood_SUB,spread,crabapple jelly,is_a,google/gemma-4-31b-it,"Crabapple jelly is a specific type of spread, as every instance of crabapple jelly fits the definition of a spread."
SemEvalFood_SUB,fare,ravigote,is_a,google/gemma-4-31b-it,"'Ravigote' is a specific type of sauce, and 'fare' is a general term for food or a range of food, meaning every instance of ravigote is a type of fare."
SemEvalFood_SUB,fare,baguet,is_a,google/gemma-4-31b-it,"'Fare' is a general term for food or a range of food provided, and since a 'baguet' (baguette) is a type of food, it is a specific instance of fare."
SemEvalFood_SUB,fare,crabapple jelly,is_a,google/gemma-4-31b-it,"'Fare' is a synonym or broad term for 'food', and since 'crabapple jelly' is a type of food, it is also a type of fare."
SemEvalFood_SUB,"condiment (condiment, flavorer)",confiture,other_related,google/gemma-4-31b-it,"While jam (confiture) is a food product often used to add flavor, it is typically categorized as a preserve or a sweet spread rather than a condiment, which generally refers to savory seasonings or sauces used to enhance other foods."
SemEvalFood_SUB,course,gazpacho,other_related,google/gemma-4-31b-it,"Gazpacho is a specific type of dish that can be served as a course, but it is not a kind of course itself (a course is a slot in a meal sequence, whereas gazpacho is a food item)."
SemEvalFood_SUB,fodder,buckwheat,other_related,google/gemma-4-31b-it,"Buckwheat is a type of grain that can be used as fodder, but not all buckwheat is fodder, nor is fodder defined as being buckwheat."
SemEvalFood_SUB,"condiment (condiment, flavorer)",jelly,other_related,google/gemma-4-31b-it,"While jelly can be used as a condiment, not all jellies are condiments (e.g., dessert jellies), and not all condiments are jellies, making it a functional use rather than a strict taxonomic subsumption."
SemEvalFood_SUB,fare,sugar water,is_a,google/gemma-4-31b-it,"'Fare' is a general term for food or a range of food provided, and 'sugar water' is a specific type of food/drink."
SemEvalFood_SUB,spread,apple jelly,is_a,google/gemma-4-31b-it,"Apple jelly is a specific type of spread, as every instance of apple jelly functions as a spread."
SemEvalFood_SUB,fare,bannock,is_a,google/gemma-4-31b-it,"'Fare' is a general term for a range of food or a particular type of diet, and since bannock is a type of food, it is a specific instance of fare."
SemEvalFood_SUB,liquor,cocktail,made_of,google/gemma-4-31b-it,"A cocktail is not a type of liquor, but rather a drink made using liquor as a primary ingredient."
SemEvalFood_SUB,dairy product,blue cheese dressing,made_of,google/gemma-4-31b-it,"Blue cheese dressing is not a type of dairy product, but rather a condiment that contains dairy products as an ingredient."
SemEvalFood_SUB,fodder,groats,other_related,google/gemma-4-31b-it,"Groats are a type of processed grain that can be used as fodder, but not all fodder consists of groats, and groats are primarily categorized as human food or grain."
SemEvalFood_SUB,spread,confiture,is_a,google/gemma-4-31b-it,"A 'confiture' (jam/preserve) is a specific type of 'spread', as every instance of confiture is by definition a spread."
SemEvalFood_SUB,dressing,taco sauce,other_related,google/gemma-4-31b-it,"Taco sauce is a type of sauce, and while dressings are also sauces, taco sauce is not a type of dressing."
SemEvalFood_SUB,liquor,bullshot,made_of,google/gemma-4-31b-it,"A bullshot is a cocktail made using beef bouillon and vodka, meaning liquor is an ingredient used to create the drink rather than a category it belongs to."
SemEvalFood_SUB,fare,white bread,is_a,google/gemma-4-31b-it,"'Fare' is a synonym for food or a range of food provided, and since white bread is a type of food, it is a kind of fare."
SemEvalFood_SUB,fare,pickle relish,is_a,google/gemma-4-31b-it,"'Fare' is a general term for food or a range of food provided, and since 'pickle relish' is a type of food, it is a specific kind of fare."
SemEvalFood_SUB,herb,garlic,other_related,google/gemma-4-31b-it,"While garlic is used as a culinary herb, botanically it is a bulbous vegetable (allium), and the taxonomy's inclusion of teas under 'herb' suggests a functional/culinary grouping rather than a strict taxonomic subsumption."
SemEvalFood_SUB,fare,taco sauce,is_a,google/gemma-4-31b-it,"'Fare' is a general term for food or a range of food provided, and since taco sauce is a type of food, it is a specific kind of fare."
SemEvalFood_SUB,fare,appetizer,is_a,google/gemma-4-31b-it,"'Fare' is a general term for food or a range of food provided, and an 'appetizer' is a specific kind of food."
SemEvalFood_SUB,fare,"herb tea (herb tea, tisane)",is_a,google/gemma-4-31b-it,"'Fare' is a synonym for food or a range of food provided, and since 'herb tea' is a type of food/drink, it is a specific kind of fare."
SemEvalFood_SUB,herb,fennel seed,part_of,google/gemma-4-31b-it,"A fennel seed is a component part of the fennel plant (which is the herb), not a type of herb itself."
SemEvalFood_SUB,spread,pickle relish,other_related,google/gemma-4-31b-it,"While pickle relish can be used as a spread, not all pickle relishes are spreads (some are used as toppings or ingredients), and not all spreads are relishes; they are sibling categories under 'condiment'."
SemEvalFood_SUB,fare,home fries,is_a,google/gemma-4-31b-it,"'Fare' is a general term for a range of food or a particular type of diet, and 'home fries' is a specific kind of food that falls under that category."
SemEvalFood_SUB,fare,sauce,is_a,google/gemma-4-31b-it,"'Fare' is a general term for food or a range of food provided, and since every sauce is a type of food, it is a kind of fare."
SemEvalFood_SUB,fare,green mayonnaise,is_a,google/gemma-4-31b-it,"'Fare' is a synonym for food or a range of food provided, and since green mayonnaise is a type of food, it is a proper subsumption."
SemEvalFood_SUB,fodder,gazpacho,unrelated,google/gemma-4-31b-it,"Gazpacho is a cold soup for human consumption, whereas fodder is bulk food specifically for livestock, making them distinct categories of food."
SemEvalFood_SUB,fare,potato,is_a,google/gemma-4-31b-it,"'Fare' is a synonym for food or a range of food provided, and since a potato is a type of food, it is a kind of fare."
SemEvalFood_SUB,course,scampi,other_related,google/gemma-4-31b-it,"A scampi dish is a specific type of food that can be served as a course in a meal, but it is not a kind of course itself."
SemEvalFood_SUB,spread,jelly,is_a,google/gemma-4-31b-it,"Every instance of jelly is a type of spread, as it is a food product intended to be spread on other foods."
SemEvalFood_SUB,dressing,ravigote,is_a,google/gemma-4-31b-it,A ravigote (specifically a sauce ravigote) is a specific type of vinaigrette or dressing used in French cuisine.
SemEvalFood_SUB,liquor,gin and it,unrelated,google/gemma-4-31b-it,The term 'gin and it' appears to be a corrupted or noisy string (likely a parsing error for 'gin and its [something]') and does not represent a coherent concept that is a type of liquor.
SemEvalFood_SUB,dressing,steak sauce,other_related,google/gemma-4-31b-it,"Steak sauce is a type of sauce, and while dressings are also a type of sauce, a steak sauce is not a kind of dressing."
SemEvalFood_SUB,fare,flatbread,is_a,google/gemma-4-31b-it,"'Fare' is a general term for a range of food or a particular type of diet, and since flatbread is a type of food, it is a kind of fare."
SemEvalFood_SUB,spread,blue cheese dressing,other_related,google/gemma-4-31b-it,"While both are types of condiments, a blue cheese dressing is a pourable sauce used for salads, whereas a spread is specifically a thick substance intended to be smeared on a surface (like nut butter), meaning a dressing is not a kind of spread."
SemEvalFood_SUB,fodder,ravigote,unrelated,google/gemma-4-31b-it,"A ravigote is a type of sauce or condiment for human consumption, whereas fodder is bulk food (like hay or alfalfa) specifically for livestock, making the two concepts unrelated."
SemEvalFood_SUB,fare,bullshot,is_a,google/gemma-4-31b-it,"'Fare' is a general term for food or a range of food provided, and a 'bullshot' (a cocktail) is a specific type of food/drink item."
SemEvalFood_SUB,fare,relish,is_a,google/gemma-4-31b-it,"'Fare' is a general term for food or a range of food provided, and since a 'relish' is a type of food, it is a specific kind of fare."
SemEvalFood_SUB,sauce,pickle relish,other_related,google/gemma-4-31b-it,"While both are condiments, a pickle relish is a specific type of relish, and relishes are distinct from sauces (which are typically smoother liquids), making them sibling categories under 'condiment' rather than one being a subtype of the other."
SemEvalFood_SUB,starches,grain,made_of,google/gemma-4-31b-it,"Grains are not a type of starch, but rather they are biological entities that contain starch as a primary component."
SemEvalFood_SUB,antipasto,crudites,part_of,google/gemma-4-31b-it,"Crudités (raw vegetables) are often served as a component of an antipasto platter, but they are not a type of antipasto itself."
SemEvalFood_SUB,fare,liquor,is_a,google/gemma-4-31b-it,"'Fare' is a formal or literary term for a range of food and drink provided, and since liquor is a type of drink/food, it is a specific kind of fare."
SemEvalFood_SUB,herb,caraway seed,part_of,google/gemma-4-31b-it,"A caraway seed is a part of the caraway plant (which is an herb), but a seed itself is not a type of herb."
SemEvalFood_SUB,fare,jelly,is_a,google/gemma-4-31b-it,"'Fare' is a formal or literary synonym for food, and since jelly is a type of food, it is also a type of fare."
SemEvalFood_SUB,fodder,scampi,unrelated,google/gemma-4-31b-it,"Scampi is a type of seafood intended for human consumption, whereas fodder is food specifically intended for livestock."
SemEvalFood_SUB,fare,tamale pie,is_a,google/gemma-4-31b-it,"'Fare' is a synonym for 'food' or 'dietary offerings,' and since a tamale pie is a type of food, it is a specific kind of fare."
LLMs4OL_OBI_SUB,material entity,material combination,other_related,google/gemma-4-31b-it,"A 'material combination' is a process or a result of combining materials, whereas a 'material entity' is a physical object; a combination is not a type of entity, but rather something that involves or results in material entities."
LLMs4OL_OBI_SUB,"continuant (continuant, independent continuant)",material combination,unrelated,google/gemma-4-31b-it,"A 'material combination' is a process or result of combining materials, whereas a 'continuant' is an entity that persists through time (like a device or container); therefore, a process is not a kind of persistent entity."
LLMs4OL_OBI_SUB,"assay array (assay array, microarray)",protein expression profiling assay,other_related,google/gemma-4-31b-it,"A 'protein expression profiling assay' is a procedure (process) that may utilize an 'assay array' (a physical device/material entity) as a tool, but a process is not a kind of physical device."
LLMs4OL_OBI_SUB,realizable entity,venous blood thyroid stimulating hormone assay,is_a,google/gemma-4-31b-it,"An assay is a type of planned process, and in many biomedical ontologies (such as BFO), a planned process is a subclass of a realizable entity."
LLMs4OL_OBI_SUB,molecular entity,ceruloplasmin,is_a,google/gemma-4-31b-it,"Ceruloplasmin is a specific type of protein, and since all proteins are molecular entities, every instance of ceruloplasmin is necessarily an instance of a molecular entity."
LLMs4OL_OBI_SUB,realizable entity,protein expression profiling assay,is_a,google/gemma-4-31b-it,"In many biomedical ontologies (like BFO), a 'realizable entity' is a disposition or plan that can be carried out, and since a 'protein expression profiling assay' is a type of planned process/assay that is realized through execution, it is a kind of realizable entity."
LLMs4OL_OBI_SUB,blood assay,lymphocyte assay,is_a,google/gemma-4-31b-it,A lymphocyte assay is a specific type of blood assay because it is a diagnostic test performed on a blood sample to analyze lymphocytes.
LLMs4OL_OBI_SUB,analyte assay,venous blood thyroid stimulating hormone assay,is_a,google/gemma-4-31b-it,"A 'venous blood thyroid stimulating hormone assay' is a specific type of assay that measures a particular analyte (TSH), making it a subset of the general category of 'analyte assays'."
LLMs4OL_OBI_SUB,analyte assay,assay measuring the on rate kon of a t cell epitopemhctcr complex,is_a,google/gemma-4-31b-it,"An assay measuring the on rate of a T cell epitope-MHC complex is a specific type of assay used to measure an analyte (the complex/binding rate), making it a proper subclass of analyte assay."
LLMs4OL_OBI_SUB,analyte assay,t cell epitope assay,is_a,google/gemma-4-31b-it,"A T cell epitope assay is a specific type of assay designed to measure a particular analyte (the epitope/peptide), making it a subclass of analyte assays."
LLMs4OL_OBI_SUB,realizable entity,albumin assay,is_a,google/gemma-4-31b-it,"An 'albumin assay' is a specific type of laboratory procedure or process, and in many biomedical ontologies (like BFO), a 'realizable entity' is the parent class for processes and roles that can be carried out."
LLMs4OL_OBI_SUB,lymphocyte assay,assay measuring binding of a t cell epitopemhctcr complex,is_a,google/gemma-4-31b-it,"An assay measuring the binding of a T cell epitope-MHC complex is a specific type of assay performed on or involving lymphocytes, making it a subclass of lymphocyte assays."
LLMs4OL_OBI_SUB,realizable entity,lymphocyte assay,is_a,google/gemma-4-31b-it,"A 'lymphocyte assay' is a specific type of process or procedure, and in many biomedical ontologies (like BFO), a 'realizable entity' is the parent class for all dispositions and processes that can be carried out."
LLMs4OL_OBI_SUB,data item,brother clinical history of cancer,is_a,google/gemma-4-31b-it,'Brother clinical history of cancer' is a specific type of information element that fits the general definition of a 'data item'.
LLMs4OL_OBI_SUB,assay,assay measuring the on rate kon of a t cell epitopemhctcr complex,is_a,google/gemma-4-31b-it,"An assay measuring the on rate of a T cell epitope-MHC complex is a specific type of assay, meaning every instance of the former is necessarily an instance of the latter."
LLMs4OL_OBI_SUB,blood assay,monocyte assay,is_a,google/gemma-4-31b-it,A monocyte assay is a specific type of blood assay because it is a procedure performed on a blood sample to analyze monocytes.
LLMs4OL_OBI_SUB,realizable entity,anticoagulant-containing test tube,unrelated,google/gemma-4-31b-it,"An 'anticoagulant-containing test tube' is a physical object (material entity/continuant), whereas a 'realizable entity' refers to an occurrence, process, or role that can be brought into existence, making the two conceptually distinct categories."
LLMs4OL_OBI_SUB,molecular entity,protein,is_a,google/gemma-4-31b-it,Every protein is by definition a type of molecular entity.
LLMs4OL_OBI_SUB,realizable entity,analyte assay,is_a,google/gemma-4-31b-it,"An 'analyte assay' is a specific type of process or activity that can be defined as a 'realizable entity' (a concept that can be instantiated in the real world), making it a proper subsumption."
LLMs4OL_OBI_SUB,"continuant (continuant, independent continuant)",alpha-beta t cell,is_a,google/gemma-4-31b-it,"In basic ontological frameworks (like BFO), a 'continuant' is any entity that persists through time, and since an 'alpha-beta t cell' is a physical biological entity, it is a type of continuant."
LLMs4OL_OBI_SUB,analyte assay,protein expression profiling assay,is_a,google/gemma-4-31b-it,"A protein expression profiling assay is a specific type of assay designed to measure the levels of protein analytes, meaning every instance of the former is necessarily an instance of the latter."
LLMs4OL_OBI_SUB,assay,epitope protection experiment,is_a,google/gemma-4-31b-it,An epitope protection experiment is a specific type of laboratory assay used to determine if a particular site on a molecule is protected from modification or binding.
LLMs4OL_OBI_SUB,realizable entity,assay measuring quantitative binding of an epitopemhctcr complex,is_a,google/gemma-4-31b-it,"An assay is a process or procedure that can be categorized as a realizable entity (something that can be carried out), making this a proper subsumption."
LLMs4OL_OBI_SUB,"continuant (continuant, independent continuant)",ceruloplasmin,is_a,google/gemma-4-31b-it,"Ceruloplasmin is a protein, and in formal ontologies (like BFO), a protein is a type of continuant (an entity that persists through time)."
LLMs4OL_OBI_SUB,realizable entity,carboxyfluorescein succinimidyl ester staining assay,is_a,google/gemma-4-31b-it,"A 'carboxyfluorescein succinimidyl ester staining assay' is a specific type of planned process or assay, whereas 'realizable entity' (as evidenced by its children like 'role') refers to a conceptual role or potentiality that can be fulfilled, making the relationship one of a process being a type of "
LLMs4OL_OBI_SUB,realizable entity,comprehensive metabolic panel venous blood albumin assay,is_a,google/gemma-4-31b-it,"An assay is a type of planned process, and in many biomedical ontologies (such as BFO), a planned process is a subclass of a realizable entity."
LLMs4OL_OBI_SUB,realizable entity,arthropod specimen collection by aspiration,is_a,google/gemma-4-31b-it,"'Arthropod specimen collection by aspiration' is a specific type of process, and in formal ontologies (like BFO), a process is a type of 'realizable entity'."
LLMs4OL_OBI_SUB,realizable entity,specimen collection process,other_related,google/gemma-4-31b-it,"In biomedical ontologies (such as BFO), a 'realizable entity' is a disposition or role that can be instantiated as a process, meaning a 'specimen collection process' is the actualization of a realizable entity rather than a type of one."
LLMs4OL_OBI_SUB,realizable entity,assay measuring binding of a t cell epitopemhctcr complex,is_a,google/gemma-4-31b-it,"An assay is a process or activity that can be performed, and in many biomedical ontologies (like BFO or OBO), such activities are categorized as ""realizable entities."""
LLMs4OL_OBI_SUB,analyte assay,carboxyfluorescein succinimidyl ester staining assay,is_a,google/gemma-4-31b-it,"A carboxyfluorescein succinimidyl ester staining assay is a specific type of assay used to detect or quantify a particular analyte, making it a subclass of analyte assays."
LLMs4OL_OBI_SUB,"continuant (continuant, independent continuant)",organization,is_a,google/gemma-4-31b-it,"In formal ontology (such as BFO), a continuant is an entity that persists through time, and an organization is a type of social entity that persists through time, making it a subclass of continuant."
LLMs4OL_OBI_SUB,realizable entity,organism detection assay,instance_of,google/gemma-4-31b-it,"An 'organism detection assay' is a specific type of process or procedure, whereas a 'realizable entity' (especially given its children like 'role') typically refers to a conceptual entity that can be instantiated, making the assay an instance or a specific realization of such an entity rather than a"
LLMs4OL_OBI_SUB,realizable entity,in vivo assay measuring b cell epitope specific protection based on survival,is_a,google/gemma-4-31b-it,"An assay is a process or activity that can be carried out, which fits the definition of a 'realizable entity' (a concept that can be instantiated as a process or role)."
LLMs4OL_OBI_SUB,"continuant (continuant, independent continuant)",data item,unrelated,google/gemma-4-31b-it,"A 'data item' is an informational entity (occurrent or abstract), whereas a 'continuant' is an entity that persists through time (like a physical object or device), making the two conceptually distinct categories."
LLMs4OL_OBI_SUB,assay,thyroid stimulating hormone assay,is_a,google/gemma-4-31b-it,"A 'thyroid stimulating hormone assay' is a specific type of 'assay', meaning every instance of the former is necessarily an instance of the latter."
LLMs4OL_OBI_SUB,analyte assay,5-nucleotidase activity level assay,is_a,google/gemma-4-31b-it,A 5-nucleotidase activity level assay is a specific type of analyte assay because it measures the concentration or activity of a specific analyte (the 5-nucleotidase enzyme).
LLMs4OL_OBI_SUB,"continuant (continuant, independent continuant)",adjuvant role,attribute_of,google/gemma-4-31b-it,"An 'adjuvant role' is a functional role that is played by a continuant (such as a chemical or device), but a role itself is a realizable entity, not a kind of continuant."
LLMs4OL_OBI_SUB,analyte assay,lymphocyte count assay,is_a,google/gemma-4-31b-it,"A lymphocyte count assay is a specific type of assay designed to measure a particular analyte (lymphocytes), meaning every instance of a lymphocyte count assay is necessarily an instance of an analyte assay."
LLMs4OL_OBI_SUB,realizable entity,epitope specific cytokine production by t cells,is_a,google/gemma-4-31b-it,"In biomedical ontologies (like the OBO Foundry), a 'realizable entity' is a class for things that can be performed or enacted (such as processes or roles), and 'epitope specific cytokine production by t cells' is a specific type of biological process that is realized."
LLMs4OL_OBI_SUB,t cell epitope assay,assay measuring epitope specific interferon-alpha production by t cells,is_a,google/gemma-4-31b-it,"An assay measuring epitope-specific interferon-alpha production by T cells is a specific type of T cell epitope assay, as it is one method used to evaluate T cell responses to a particular epitope."
LLMs4OL_OBI_SUB,"continuant (continuant, independent continuant)",connection function,attribute_of,google/gemma-4-31b-it,"A 'connection function' is a process or role (an occurrent) that describes how a 'continuant' (an object or entity) operates, rather than being a type of object itself."
LLMs4OL_OBI_SUB,material separation device,cytometer,other_related,google/gemma-4-31b-it,"A cytometer is a device used to measure and analyze cells, often utilizing separation techniques (like flow cytometry), but it is fundamentally a measurement device rather than a type of material separation device."
LLMs4OL_OBI_SUB,assay,nose to finger assessment,unrelated,google/gemma-4-31b-it,"A 'nose to finger assessment' is a clinical physical examination of motor coordination, whereas an 'assay' is a laboratory procedure to measure the presence or amount of a substance or a specific chemical activity."
LLMs4OL_OBI_SUB,assay measuring quantitative binding of an epitopemhctcr complex,assay measuring binding of a t cell epitopemhctcr complex,is_a,google/gemma-4-31b-it,"The stated parent ('assay measuring binding...') is a general category of assay, while the stated child ('assay measuring quantitative binding...') is a more specific type of that assay (one that provides quantitative data), meaning the subsumption direction is correct."
LLMs4OL_OBI_SUB,assay,assay measuring epitope specific interferon-alpha production by t cells,is_a,google/gemma-4-31b-it,"An 'assay measuring epitope specific interferon-alpha production by t cells' is a specific type of 'assay', meaning every instance of the former is necessarily an instance of the latter."
LLMs4OL_OBI_SUB,lymphocyte assay,assay measuring quantitative binding of an epitopemhctcr complex,is_a,google/gemma-4-31b-it,"An assay measuring the binding of an epitope-MHC complex is a specific type of T cell assay, and since T cells are a type of lymphocyte, this assay is a specialized kind of lymphocyte assay."
LLMs4OL_OBI_SUB,realizable entity,5-nucleotidase activity level assay,is_a,google/gemma-4-31b-it,"An assay is a type of planned process, and in many biomedical ontologies (like BFO), a planned process is a subclass of a realizable entity."
LLMs4OL_OBI_SUB,realizable entity,polymerase chain reaction assay,is_a,google/gemma-4-31b-it,"A 'polymerase chain reaction assay' is a specific type of process or procedure, and in many formal ontologies (like BFO), a 'realizable entity' is the disposition or plan that can be enacted as a process, making the assay a specific kind of realizable entity."
LLMs4OL_OBI_SUB,measurement device,"assay array (assay array, microarray)",is_a,google/gemma-4-31b-it,"An assay array (such as a microarray) is a tool used to perform measurements, making it a specific type of measurement device."
LLMs4OL_OBI_SUB,blood assay,albumin assay,is_a,google/gemma-4-31b-it,"An albumin assay is a specific type of blood assay, as it is a laboratory test performed on a blood sample to measure albumin levels."
LLMs4OL_OBI_SUB,realizable entity,live arthropod specimen collection process,is_a,google/gemma-4-31b-it,"In ontology and taxonomy standards (such as BFO), a ""realizable entity"" is a disposition or process that can be instantiated, and a ""collection process"" is a specific type of process that can be realized."
LLMs4OL_OBI_SUB,measurement datum,brother clinical history of cancer,other_related,google/gemma-4-31b-it,"A brother's clinical history of cancer is a specific piece of information (a data item) that is recorded, but it is not a ""measurement datum"" (like a dose or a lab value), as it is a qualitative historical fact rather than a quantitative measurement."
LLMs4OL_OBI_SUB,material processing,specimen collection process,other_related,google/gemma-4-31b-it,"Collecting a specimen is a step that precedes or enables the processing of that material, but the act of collection itself is not a type of material processing."
LLMs4OL_OBI_SUB,realizable entity,insecticide resistance by detecting enzyme activity assay,is_a,google/gemma-4-31b-it,"An assay is a type of planned process, and in many formal ontologies (such as BFO), a planned process is a subclass of a realizable entity."
LLMs4OL_OBI_SUB,measurement datum,clinical history,has_part,google/gemma-4-31b-it,"A clinical history is a comprehensive record containing various data points, whereas a measurement datum is a single specific value; therefore, a measurement datum is a component part of a clinical history."
LLMs4OL_OBI_SUB,blood assay,thyroid stimulating hormone assay,is_a,google/gemma-4-31b-it,"A thyroid stimulating hormone assay is a specific type of blood assay, as it is a diagnostic test performed on a blood sample."
LLMs4OL_OBI_SUB,realizable entity,insecticide resistance assay,is_a,google/gemma-4-31b-it,"An 'insecticide resistance assay' is a specific type of process or activity, and in many formal ontologies (like BFO), a 'realizable entity' is the disposition or capacity that is manifested as a process, meaning the assay is the realization of that entity."
LLMs4OL_OBI_SUB,assay,cytometry assay,is_a,google/gemma-4-31b-it,"A cytometry assay is a specific type of assay used to measure the characteristics of cells, meaning every instance of a cytometry assay is necessarily an instance of an assay."
LLMs4OL_OBI_SUB,realizable entity,parasite detection assay,is_a,google/gemma-4-31b-it,"In many formal ontologies (like BFO), a 'realizable entity' is a disposition or process that can be instantiated, and since a 'parasite detection assay' is a planned process (a type of realizable entity), the subsumption holds."
LLMs4OL_OBI_SUB,analyte assay,in vivo assay measuring b cell epitope specific protection based on survival,is_a,google/gemma-4-31b-it,"An in vivo survival assay measuring protection is a specific type of assay used to quantify a biological response (the analyte/protection level), making it a specialized instance of an analyte assay."
LLMs4OL_OBI_SUB,cytometry assay,carboxyfluorescein succinimidyl ester staining assay,is_a,google/gemma-4-31b-it,"A carboxyfluorescein succinimidyl ester (CFSE) staining assay is a specific type of assay used to label cells for subsequent analysis via flow cytometry, making it a specialized kind of cytometry assay."
LLMs4OL_OBI_SUB,realizable entity,assay measuring the on rate kon of a t cell epitopemhctcr complex,other_related,google/gemma-4-31b-it,"An assay is a process or procedure used to measure a property, whereas a 'realizable entity' (often used in ontologies like BFO or OBO) refers to a role or disposition that is instantiated in a specific entity, making the assay the activity that realizes or measures the property rather than a type o"
LLMs4OL_OBI_SUB,realizable entity,affymetrix rhesus macaque genome array,other_related,google/gemma-4-31b-it,"The 'affymetrix rhesus macaque genome array' is a physical device (material entity), whereas a 'realizable entity' (such as a role) is an entity that is realized when a material entity fulfills a specific function; therefore, the array is the thing that can realize a role, not a type of realizable e"
LLMs4OL_OBI_SUB,planned process,adult arthropod specimen collection process,is_a,google/gemma-4-31b-it,"An 'adult arthropod specimen collection process' is a specific type of process that is planned, meaning every instance of the former is necessarily an instance of a planned process."
LLMs4OL_OBI_SUB,analyte assay,insecticide resistance by detecting enzyme activity assay,is_a,google/gemma-4-31b-it,"An assay that detects enzyme activity to determine insecticide resistance is a specific type of assay used to measure a particular analyte (the enzyme), making it a subset of analyte assays."
LLMs4OL_OBI_SUB,assay,assay measuring quantitative binding of an epitopemhctcr complex,is_a,google/gemma-4-31b-it,"An assay measuring quantitative binding of an epitope-MHC complex is a specific type of assay, meaning every instance of the former is necessarily an instance of the latter."
LLMs4OL_OBI_SUB,realizable entity,functional assessment of individual,is_a,google/gemma-4-31b-it,"A functional assessment is a process or activity that can be carried out (realized), making it a type of realizable entity."
LLMs4OL_OBI_SUB,realizable entity,"continuant (continuant, independent continuant)",unrelated,google/gemma-4-31b-it,"In Basic Formal Ontology (BFO), a 'realizable entity' is an occurrent (something that happens), whereas a 'continuant' is an entity that persists through time; they are mutually exclusive top-level categories, and a continuant cannot be a kind of realizable entity."
LLMs4OL_OBI_SUB,"continuant (continuant, independent continuant)",accessed material role,attribute_of,google/gemma-4-31b-it,"A role is not a kind of continuant, but rather a quality or function that is borne by a continuant (the entity playing the role)."
LLMs4OL_OBI_SUB,assay,manual differential bodily fluid monocyte count assay,is_a,google/gemma-4-31b-it,"A 'manual differential bodily fluid monocyte count assay' is a specific type of 'assay', meaning every instance of the former is necessarily an instance of the latter."
LLMs4OL_OBI_SUB,analyte assay,assay measuring binding of a t cell epitopemhctcr complex,is_a,google/gemma-4-31b-it,An assay that measures the binding of a specific complex is a specialized type of assay designed to measure an analyte.
LLMs4OL_OBI_SUB,analyte assay,organism detection assay,is_a,google/gemma-4-31b-it,An organism detection assay is a specific type of analyte assay where the analyte being measured is the organism (or a marker of it).
LLMs4OL_OBI_SUB,planned process,specimen collection process,is_a,google/gemma-4-31b-it,"A specimen collection process is a specific type of process that is planned and executed, fitting the definition of a proper subsumption."
LLMs4OL_OBI_SUB,analyte assay,assay measuring a binding constant of a t cell epitopemhctcr complex,is_a,google/gemma-4-31b-it,"An assay that measures a binding constant of a specific complex is a specialized type of assay used to analyze a specific analyte (the complex), making it a proper subsumption of 'analyte assay'."
LLMs4OL_OBI_SUB,analyte assay,insecticide resistance assay,other_related,google/gemma-4-31b-it,"An insecticide resistance assay measures the biological response of an organism to a chemical, whereas an analyte assay measures the concentration or presence of a specific chemical substance (the analyte) itself."
LLMs4OL_OBI_SUB,realizable entity,arthropod specimen collection process,is_a,google/gemma-4-31b-it,"In ontology frameworks (like BFO), a ""realizable entity"" is a disposition or process that can be instantiated, and a ""specimen collection process"" is a specific type of process that can be realized."
LLMs4OL_OBI_SUB,realizable entity,adult arthropod specimen collection process,other_related,google/gemma-4-31b-it,"A collection process is a type of activity or process, and in many formal ontologies (such as BFO), a ""realizable entity"" is the disposition or role that is manifested as a process, meaning the process is the realization of the realizable entity rather than a subclass of it."
LLMs4OL_OBI_SUB,assay,dna subtraction,other_related,google/gemma-4-31b-it,"DNA subtraction is a method for removing specific sequences from a DNA sample (a separation/processing technique), whereas an assay is a procedure for measuring or detecting the presence/activity of a substance; while both are planned processes, DNA subtraction is not a type of measurement."
LLMs4OL_OBI_SUB,planned process,arthropod specimen collection by aspiration,is_a,google/gemma-4-31b-it,"Collecting an arthropod specimen by aspiration is a specific type of process that is planned, meaning every instance of this collection method is also an instance of a planned process."
LLMs4OL_OBI_SUB,assay,lymphocyte count assay,is_a,google/gemma-4-31b-it,"A lymphocyte count assay is a specific type of assay used to measure the number of lymphocytes, meaning every instance of the former is necessarily an instance of the latter."
LLMs4OL_OBI_SUB,planned process,manual differential bodily fluid monocyte count assay,is_a,google/gemma-4-31b-it,"A 'manual differential bodily fluid monocyte count assay' is a specific type of assay, and since 'assay' is listed as a child of 'planned process', the specific assay is by transitive property a kind of planned process."
LLMs4OL_OBI_SUB,t cell epitope assay,carboxyfluorescein succinimidyl ester staining assay measuring epitope specific proliferation of t cells,is_a,google/gemma-4-31b-it,"The 'carboxyfluorescein succinimidyl ester staining assay measuring epitope specific proliferation of t cells' is a specific type of assay used to evaluate t cell epitopes, making it a subclass of the more general 't cell epitope assay'."
LLMs4OL_OBI_SUB,realizable entity,adding a material entity into a target,is_a,google/gemma-4-31b-it,"'Adding a material entity into a target' is a specific process or action, whereas a 'realizable entity' is a general ontological category for things that can be instantiated (such as roles or processes), making the process a kind of realizable entity."
LLMs4OL_OBI_SUB,assay,functional assessment of individual,other_related,google/gemma-4-31b-it,"A functional assessment of an individual is a broad evaluative process that may utilize various assays as tools, but it is not a type of assay itself."
LLMs4OL_OBI_SUB,analyte assay,nanodroplet processing in one pot for trace samples assay,is_a,google/gemma-4-31b-it,"A 'nanodroplet processing in one pot for trace samples assay' is a specific type of assay designed to measure an analyte, meaning every instance of this specific method is also an instance of an analyte assay."
LLMs4OL_OBI_SUB,assay,affymetrix rhesus macaque genome array,other_related,google/gemma-4-31b-it,"The 'affymetrix rhesus macaque genome array' is a physical device (material entity) used to perform an assay, whereas 'assay' is defined here as a planned process; therefore, the array is a tool used in the process rather than a type of process itself."
LLMs4OL_OBI_SUB,enzymatic activity level assay,insecticide resistance by detecting enzyme activity assay,is_a,google/gemma-4-31b-it,"An 'insecticide resistance by detecting enzyme activity assay' is a specific type of 'enzymatic activity level assay' used for a particular purpose (detecting resistance), meaning every instance of the former is necessarily an instance of the latter."
LLMs4OL_OBI_SUB,realizable entity,connection function,is_a,google/gemma-4-31b-it,"A 'connection function' is a specific type of function that can be realized by a physical entity, making it a kind of 'realizable entity' (a concept that can be instantiated by a material object)."
LLMs4OL_OBI_SUB,realizable entity,blood assay,is_a,google/gemma-4-31b-it,"In many biomedical ontologies (like BFO), a 'realizable entity' is a disposition or plan that can be instantiated as a process, and since a 'blood assay' (as a planned process) is a type of entity that can be realized, it is a subclass of realizable entity."
LLMs4OL_OBI_SUB,planned process,live arthropod specimen collection process,is_a,google/gemma-4-31b-it,"A 'live arthropod specimen collection process' is a specific type of process that is planned, meaning every instance of the former is necessarily an instance of a planned process."
LLMs4OL_OBI_SUB,realizable entity,epitope specific interleukin-3 production by t cells,is_a,google/gemma-4-31b-it,"The term 'epitope specific interleukin-3 production by t cells' describes a biological process, which in many biomedical ontologies (like the Gene Ontology or OBO Foundry) is categorized as a 'realizable entity' because it is an entity that can be realized or carried out by a biological agent."
LLMs4OL_OBI_SUB,assay,lymphocyte assay,is_a,google/gemma-4-31b-it,"A lymphocyte assay is a specific type of assay used to analyze lymphocytes, meaning every instance of a lymphocyte assay is necessarily an instance of an assay."
LLMs4OL_OBI_SUB,planned process,epitope protection experiment,is_a,google/gemma-4-31b-it,"An 'epitope protection experiment' is a specific type of 'planned process' (specifically a scientific procedure), meaning every instance of the experiment is also an instance of a planned process."
LLMs4OL_OBI_SUB,realizable entity,assay measuring a binding constant of a t cell epitopemhctcr complex,is_a,google/gemma-4-31b-it,"An assay is a process or procedure that can be categorized as a realizable entity (something that can be carried out), making it a specific type of realizable entity."
LLMs4OL_OBI_SUB,analyte assay,assay measuring epitope specific interferon-alpha production by t cells,is_a,google/gemma-4-31b-it,An assay that measures a specific protein (interferon-alpha) produced by specific cells (T cells) is a specific type of assay designed to measure an analyte.
LLMs4OL_OBI_SUB,analyte assay,enzymatic activity level assay,is_a,google/gemma-4-31b-it,An enzymatic activity level assay is a specific type of analyte assay because it measures the concentration or activity of a specific biological analyte (the enzyme).
LLMs4OL_OBI_SUB,assay,albumin assay,is_a,google/gemma-4-31b-it,"An albumin assay is a specific type of assay used to measure the concentration of albumin, meaning every instance of an albumin assay is necessarily an instance of an assay."
LLMs4OL_OBI_SUB,realizable entity,assay measuring epitope specific interferon-alpha production by t cells,is_a,google/gemma-4-31b-it,"An assay is a process or procedure that can be carried out, which fits the definition of a 'realizable entity' (an entity that exists when a process is performed)."
LLMs4OL_OBI_SUB,realizable entity,nose to finger assessment,is_a,google/gemma-4-31b-it,"A 'nose to finger assessment' is a specific procedure or activity that can be performed (realized), making it a type of realizable entity in ontological terms."
LLMs4OL_PO_SUB,multi-tissue plant structure,pulvinus,is_a,google/gemma-4-31b-it,"A pulvinus is a specialized joint-like swelling (a specific type of multi-tissue plant structure) that allows for plant movement, meaning every pulvinus is a multi-tissue plant structure."
LLMs4OL_PO_SUB,"plant anatomical entity (plant anatomical entity, plant organ, plant structure)",primordium,is_a,google/gemma-4-31b-it,"A primordium is a rudimentary organ or tissue mass in a developing plant, making it a specific type of plant anatomical entity."
LLMs4OL_PO_SUB,shoot axis apex,terminal strobilus bud,part_of,google/gemma-4-31b-it,"A terminal strobilus bud is a specialized structure located at the tip (apex) of a shoot axis, making it a component or region of that apex rather than a type of apex."
LLMs4OL_PO_SUB,multi-tissue plant structure,plant ovary wall middle layer,part_of,google/gemma-4-31b-it,"The 'plant ovary wall middle layer' is a specific anatomical region or component of the ovary wall, whereas a 'multi-tissue plant structure' (like an organ) is a higher-level assembly that contains such layers."
LLMs4OL_PO_SUB,"cardinal organ part (cardinal organ part, cardinal part of multi-tissue plant structure)",abscission zone,is_a,google/gemma-4-31b-it,"An abscission zone is a specific type of cardinal organ part (a specialized region of a plant organ that facilitates shedding), meaning every abscission zone is a kind of cardinal organ part."
LLMs4OL_PO_SUB,multi-tissue plant structure,inflorescence axis node,part_of,google/gemma-4-31b-it,"An inflorescence axis node is a specific anatomical region (a node) within a plant structure, and while it consists of multiple tissues, it is a component part of the overall multi-tissue plant architecture rather than a taxonomic subtype of it."
LLMs4OL_PO_SUB,multi-tissue plant structure,basal root,is_a,google/gemma-4-31b-it,"A basal root is a specific type of plant organ composed of multiple tissues, meaning every instance of a basal root is necessarily an instance of a multi-tissue plant structure."
LLMs4OL_PO_SUB,"plant anatomical entity (plant anatomical entity, plant organ, plant structure)",plant gamete,is_a,google/gemma-4-31b-it,"A plant gamete is a specific type of cell, and since cells are the fundamental building blocks and anatomical units of plants, every plant gamete is by definition a plant anatomical entity."
LLMs4OL_PO_SUB,"cardinal organ part (cardinal organ part, cardinal part of multi-tissue plant structure)",shoot axis apex,is_a,google/gemma-4-31b-it,"The 'shoot axis apex' is a specific type of 'cardinal organ part' (a primary structural region of a plant organ), meaning every shoot axis apex is by definition a cardinal organ part."
LLMs4OL_PO_SUB,parenchyma,storage parenchyma,is_a,google/gemma-4-31b-it,"Storage parenchyma is a specialized type of parenchyma tissue characterized by its function in storing nutrients, meaning every instance of storage parenchyma is a type of parenchyma."
LLMs4OL_PO_SUB,multi-tissue plant structure,"fruit pedicel (fruit pedicel, infructescence fruit pedicel)",is_a,google/gemma-4-31b-it,"A fruit pedicel is a specific type of multi-tissue plant structure (the stalk of a fruit), meaning every fruit pedicel is necessarily a multi-tissue plant structure."
LLMs4OL_PO_SUB,"plant anatomical entity (plant anatomical entity, plant organ, plant structure)",reproductive shoot system,is_a,google/gemma-4-31b-it,"A reproductive shoot system is a specific type of anatomical entity found in plants, meaning every instance of a reproductive shoot system is necessarily a plant anatomical entity."
LLMs4OL_PO_SUB,portion of plant tissue,root primordium,is_a,google/gemma-4-31b-it,"A root primordium is a specific type of plant tissue (a group of undifferentiated cells) that forms the basis of a root, making it a subclass of portion of plant tissue."
LLMs4OL_PO_SUB,multi-tissue plant structure,central root cap of lateral root,part_of,google/gemma-4-31b-it,"The 'central root cap of lateral root' is a specific anatomical region or component of a root system, whereas a 'multi-tissue plant structure' (like an organ) is a higher-level complex entity that contains such components."
LLMs4OL_PO_SUB,"cardinal organ part (cardinal organ part, cardinal part of multi-tissue plant structure)",lateral root cap of lateral root,part_of,google/gemma-4-31b-it,"The 'lateral root cap of lateral root' is a specific anatomical component (a part) of a cardinal organ (the lateral root), rather than a type of 'cardinal organ part' (which typically refers to structural zones or specialized organs like the pulvinus)."
LLMs4OL_PO_SUB,portion of plant tissue,pulvinus,part_of,google/gemma-4-31b-it,"A pulvinus is a specialized joint-like swelling (an organ part) composed of specific tissues, making it a structural component rather than a type of tissue itself."
LLMs4OL_PO_SUB,portion of plant tissue,procambium,is_a,google/gemma-4-31b-it,"The procambium is a specific type of plant tissue (a primary meristem), making it a subclass of the general category 'portion of plant tissue'."
LLMs4OL_PO_SUB,reproductive shoot system,fruit,part_of,google/gemma-4-31b-it,"A fruit is a specialized organ that is a component of the plant's reproductive shoot system, rather than a type of shoot system itself."
LLMs4OL_PO_SUB,"cardinal organ part (cardinal organ part, cardinal part of multi-tissue plant structure)",central endosperm,part_of,google/gemma-4-31b-it,"The central endosperm is a specific tissue region within a seed, whereas a cardinal organ part refers to a structural component of a plant's primary axis or organ; the endosperm is a part of the seed (the organ), not a type of ""cardinal organ part."""
LLMs4OL_PO_SUB,lateral root cap,central root cap of lateral root,part_of,google/gemma-4-31b-it,The 'central root cap of lateral root' is a specific anatomical region or component located within the broader 'lateral root cap' structure.
LLMs4OL_PO_SUB,multi-tissue plant structure,shoot system,is_a,google/gemma-4-31b-it,"The shoot system is a complex anatomical entity composed of multiple tissues (stems, leaves, etc.), making it a specific type of multi-tissue plant structure."
LLMs4OL_PO_SUB,portion of plant tissue,shoot axis node,part_of,google/gemma-4-31b-it,"A shoot axis node is a specific anatomical region or component of the plant's tissue system, rather than a taxonomic subclass of ""portion of plant tissue."""
LLMs4OL_PO_SUB,shoot axis apex,terminal bud,is_a,google/gemma-4-31b-it,"A terminal bud is a specific type of shoot axis apex (the growing tip of the main stem), meaning every terminal bud is a kind of shoot axis apex."
LLMs4OL_PO_SUB,portion of plant tissue,shoot procambium,is_a,google/gemma-4-31b-it,"The 'shoot procambium' is a specific type of 'procambium', which in turn is a type of 'portion of plant tissue', making the relationship a proper taxonomic subsumption."
LLMs4OL_PO_SUB,portion of meristem tissue,plant callus,derives_from,google/gemma-4-31b-it,"A plant callus is an unorganized mass of parenchyma cells that often develops from meristematic activity or dedifferentiation, but it is not a type of meristem tissue itself."
LLMs4OL_PO_SUB,multi-tissue plant structure,axil,located_in,google/gemma-4-31b-it,"An axil is the angle or region between the upper side of a leaf (or stem) and the supporting stem, making it a specific location or region within the plant's structure rather than a type of multi-tissue structure itself."
LLMs4OL_PO_SUB,multi-tissue plant structure,central endosperm,part_of,google/gemma-4-31b-it,"The central endosperm is a specific region or portion of the endosperm tissue, whereas a multi-tissue plant structure (like an organ) consists of multiple different tissue types; the endosperm is a single tissue type, making it a component of larger structures rather than a type of multi-tissue stru"
LLMs4OL_PO_SUB,"plant anatomical entity (plant anatomical entity, plant organ, plant structure)",storage parenchyma,is_a,google/gemma-4-31b-it,"Storage parenchyma is a specific type of plant tissue, and since all plant tissues are plant anatomical entities, the subsumption holds."
LLMs4OL_PO_SUB,root development stage,se05 five nodes or internodes visible stage,unrelated,google/gemma-4-31b-it,"The 'se05 five nodes or internodes visible stage' refers to stem elongation, which is a distinct developmental process from 'root development stage', making them separate stages of plant growth rather than one being a type of the other."
LLMs4OL_PO_SUB,multi-tissue plant structure,terminal strobilus bud,is_a,google/gemma-4-31b-it,"A terminal strobilus bud is a specific type of plant structure composed of multiple tissues, meaning every instance of the bud is necessarily an instance of a multi-tissue plant structure."
LLMs4OL_PO_SUB,portion of plant tissue,multi-tissue plant structure,has_part,google/gemma-4-31b-it,"A 'multi-tissue plant structure' (like an organ) is composed of various tissues, meaning it is a complex entity that contains 'portions of plant tissue' as its building blocks."
LLMs4OL_PO_SUB,portion of plant tissue,plant axis differentiation zone,part_of,google/gemma-4-31b-it,"A 'plant axis differentiation zone' is a specific region or area within plant tissues where cells differentiate, making it a component or portion of the plant tissue rather than a taxonomic subclass of the general concept of a tissue portion."
LLMs4OL_PO_SUB,"plant anatomical entity (plant anatomical entity, plant organ, plant structure)",plant egg cell,is_a,google/gemma-4-31b-it,"A plant egg cell is a specific type of plant cell, and since all plant cells are types of plant anatomical entities, the subsumption holds."
LLMs4OL_PO_SUB,"plant anatomical entity (plant anatomical entity, plant organ, plant structure)",terminal bud,is_a,google/gemma-4-31b-it,"A terminal bud is a specific type of plant anatomical entity, meaning every terminal bud is necessarily a plant anatomical entity."
LLMs4OL_PO_SUB,multi-tissue plant structure,branch internode differentiation zone,part_of,google/gemma-4-31b-it,A differentiation zone is a specific region or portion of a plant structure rather than a type of multi-tissue plant structure itself.
LLMs4OL_PO_SUB,portion of plant tissue,inflorescence axis node,part_of,google/gemma-4-31b-it,"An inflorescence axis node is a specific anatomical structure (a type of node), whereas a portion of plant tissue is a general material or regional category; the node is composed of or consists of plant tissue rather than being a subclass of it."
LLMs4OL_PO_SUB,"plant anatomical entity (plant anatomical entity, plant organ, plant structure)",strobilus bud,is_a,google/gemma-4-31b-it,"A strobilus bud is a specific type of plant anatomical entity, as it is a biological structure within a plant."
LLMs4OL_PO_SUB,"plant anatomical entity (plant anatomical entity, plant organ, plant structure)",inflorescence axis node,is_a,google/gemma-4-31b-it,"An 'inflorescence axis node' is a specific type of plant anatomical entity, as every instance of this specific node is necessarily an instance of the broader category of plant anatomical entities."
LLMs4OL_PO_SUB,lateral root cap,central root cap,part_of,google/gemma-4-31b-it,"The central root cap (columella) and the lateral root cap are distinct, adjacent regions of the root cap; the central root cap is a component part of the overall root cap structure rather than a subtype of the lateral root cap."
LLMs4OL_PO_SUB,parenchyma cell,root parenchyma,made_of,google/gemma-4-31b-it,"'Root parenchyma' refers to a tissue (a collection of cells) located in the root, whereas 'parenchyma cell' refers to the individual cellular unit that constitutes such tissue."
LLMs4OL_PO_SUB,"plant anatomical entity (plant anatomical entity, plant organ, plant structure)",basal root,is_a,google/gemma-4-31b-it,"A basal root is a specific type of plant anatomical entity, meaning every instance of a basal root is necessarily an instance of a plant anatomical entity."
LLMs4OL_PO_SUB,multi-tissue plant structure,lateral root cap of primary root,part_of,google/gemma-4-31b-it,"The 'lateral root cap of primary root' is a specific anatomical component (a part) of the primary root system, whereas a 'multi-tissue plant structure' refers to complex organs (like leaves or fruits); the root cap is a specialized tissue region rather than a type of multi-tissue organ."
LLMs4OL_PO_SUB,multi-tissue plant structure,lateral root cap of lateral root,part_of,google/gemma-4-31b-it,"The 'lateral root cap of lateral root' is a specific anatomical component (a tissue region) of a larger plant structure, rather than a type of 'multi-tissue plant structure' (which typically refers to organs like leaves or fruits)."
LLMs4OL_PO_SUB,leaf epidermis,bract adaxial epidermis,is_a,google/gemma-4-31b-it,"A bract is a modified leaf, and therefore the epidermis of a bract is a specific type of leaf epidermis."
LLMs4OL_PO_SUB,multi-tissue plant structure,lateral root cap,part_of,google/gemma-4-31b-it,"The 'lateral root cap' is a specific tissue region of the root, whereas a 'multi-tissue plant structure' (like an organ) is a higher-level assembly; the root cap is a component part of the root's overall structure rather than a type of multi-tissue structure itself."
LLMs4OL_PO_SUB,multi-tissue plant structure,flower,is_a,google/gemma-4-31b-it,"A flower is a specific type of plant organ composed of multiple tissues, meaning every flower is necessarily a multi-tissue plant structure."
LLMs4OL_PO_SUB,"plant anatomical entity (plant anatomical entity, plant organ, plant structure)",shoot axis apex,is_a,google/gemma-4-31b-it,"A shoot axis apex is a specific type of plant anatomical entity, as it is a biological structure within a plant."
LLMs4OL_PO_SUB,portion of plant tissue,shoot axis apex,part_of,google/gemma-4-31b-it,"The 'shoot axis apex' is a specific anatomical region or component of the plant's tissue system, rather than a taxonomic subclass of the general concept of plant tissue."
LLMs4OL_PO_SUB,"plant anatomical entity (plant anatomical entity, plant organ, plant structure)",terminal strobilus bud,is_a,google/gemma-4-31b-it,"A terminal strobilus bud is a specific type of plant anatomical entity, as it is a biological structure within a plant."
LLMs4OL_PO_SUB,"cardinal organ part (cardinal organ part, cardinal part of multi-tissue plant structure)",central root cap of lateral root,part_of,google/gemma-4-31b-it,"The 'central root cap of lateral root' is a specific anatomical component (a part) of the root system's structure, whereas a 'cardinal organ part' refers to a primary structural unit or axis of an organ; the root cap is a part of the organ, not a type of cardinal organ part."
LLMs4OL_PO_SUB,multi-tissue plant structure,"ear floret (ear floret, spikelet floret)",is_a,google/gemma-4-31b-it,"An ear floret is a type of flower/spikelet floret, and since all flowers are complex plant organs composed of multiple tissue types, every ear floret is necessarily a multi-tissue plant structure."
LLMs4OL_PO_SUB,"cardinal organ part (cardinal organ part, cardinal part of multi-tissue plant structure)",plant ovary wall middle layer,part_of,google/gemma-4-31b-it,"The 'plant ovary wall middle layer' is a specific anatomical region or component of a plant organ, whereas a 'cardinal organ part' refers to a functional or structural unit of a plant axis; the former is a physical part of the organ structure rather than a type of cardinal organ part."
LLMs4OL_PO_SUB,portion of plant tissue,axil,is_a,google/gemma-4-31b-it,"An axil is a specific anatomical region or location (the angle between the upper side of a leaf and the stem), making it a type of plant tissue portion."
LLMs4OL_PO_SUB,portion of plant tissue,"cardinal organ part (cardinal organ part, cardinal part of multi-tissue plant structure)",part_of,google/gemma-4-31b-it,"A 'cardinal organ part' (such as a leaf blade or root tip) is a structural component of a plant organ, whereas a 'portion of plant tissue' refers to a segment of a specific tissue type (like epidermis or cambium); a cardinal organ part is composed of various tissues, but it is not a type of tissue p"
LLMs4OL_PO_SUB,portion of plant tissue,shoot internode differentiation zone,part_of,google/gemma-4-31b-it,"The 'shoot internode differentiation zone' is a specific anatomical region or area within plant tissue, making it a part of the tissue rather than a type of tissue itself."
LLMs4OL_PO_SUB,portion of plant tissue,upper glume,is_a,google/gemma-4-31b-it,"An upper glume is a specific anatomical structure (a type of bract) of a plant, making it a kind of plant tissue portion rather than a component of a general tissue mass."
LLMs4OL_PO_SUB,"cardinal organ part (cardinal organ part, cardinal part of multi-tissue plant structure)",terminal reproductive bud,part_of,google/gemma-4-31b-it,"A terminal reproductive bud is a specific anatomical structure that functions as a component or region of the plant's cardinal organ system, rather than being a type of ""cardinal organ part"" itself."
LLMs4OL_PO_SUB,"cardinal organ part (cardinal organ part, cardinal part of multi-tissue plant structure)",tuber pith,part_of,google/gemma-4-31b-it,"The 'tuber pith' is a specific tissue region (pith) located within a tuber, whereas a 'cardinal organ part' refers to a structural component of a plant's primary axis; the pith is a constituent part of the organ, not a type of cardinal organ part."
LLMs4OL_PO_SUB,multi-tissue plant structure,tuber pith,part_of,google/gemma-4-31b-it,"The 'tuber pith' is a specific tissue region (parenchyma) located within a tuber, whereas a 'multi-tissue plant structure' refers to complex organs (like leaves or fruits); therefore, the pith is a component part of such a structure rather than a type of it."
LLMs4OL_PO_SUB,"plant anatomical entity (plant anatomical entity, plant organ, plant structure)",ground tissue cell,is_a,google/gemma-4-31b-it,"A ground tissue cell is a specific type of plant anatomical entity, as any cell within the ground tissue of a plant is by definition an anatomical entity of that plant."
LLMs4OL_PO_SUB,multi-tissue plant structure,"subterranean tuber axillary shoot (subterranean tuber axillary shoot, tuber axillary shoot)",is_a,google/gemma-4-31b-it,"A subterranean tuber axillary shoot is a specific type of multi-tissue plant structure, as it is a complex anatomical entity composed of multiple tissue types."
LLMs4OL_PO_SUB,"plant anatomical entity (plant anatomical entity, plant organ, plant structure)",plant sperm cell,is_a,google/gemma-4-31b-it,"A plant sperm cell is a specific type of cell, and since cells are the fundamental building blocks and anatomical units of plants, every plant sperm cell is a kind of plant anatomical entity."
LLMs4OL_PO_SUB,multi-tissue plant structure,upper glume,is_a,google/gemma-4-31b-it,An upper glume is a specific type of modified leaf (phyllome) and thus constitutes a multi-tissue plant structure.
LLMs4OL_PO_SUB,"plant anatomical entity (plant anatomical entity, plant organ, plant structure)",native plant cell,is_a,google/gemma-4-31b-it,"A native plant cell is a specific type of plant anatomical entity, as every instance of such a cell is by definition an anatomical entity of a plant."
LLMs4OL_PO_SUB,multi-tissue plant structure,floral organ abscission zone,part_of,google/gemma-4-31b-it,"An abscission zone is a specialized region or portion of tissue within a plant organ, not a type of multi-tissue plant structure itself."
LLMs4OL_PO_SUB,leaf,sporophyll,is_a,google/gemma-4-31b-it,"A sporophyll is a specialized leaf that bears sporangia, meaning every sporophyll is a type of leaf."
LLMs4OL_PO_SUB,"cardinal organ part (cardinal organ part, cardinal part of multi-tissue plant structure)",shoot axis node,is_a,google/gemma-4-31b-it,"A shoot axis node is a specific type of cardinal organ part (a primary structural unit of the plant axis), meaning every shoot axis node is by definition a cardinal organ part."
LLMs4OL_PO_SUB,"plant anatomical entity (plant anatomical entity, plant organ, plant structure)",embryo sac egg cell,is_a,google/gemma-4-31b-it,"An embryo sac egg cell is a specific type of plant cell, and since all plant cells are plant anatomical entities, the relation is a proper subsumption."
LLMs4OL_PO_SUB,portion of ground tissue,storage parenchyma,is_a,google/gemma-4-31b-it,"Storage parenchyma is a specific type of parenchyma (which is a kind of ground tissue), meaning every instance of storage parenchyma is by definition a type of portion of ground tissue."
LLMs4OL_PO_SUB,multi-tissue plant structure,shoot axis node,is_a,google/gemma-4-31b-it,"A shoot axis node is a specific type of plant structure composed of multiple tissue types, making it a subclass of multi-tissue plant structures."
LLMs4OL_PO_SUB,"plant anatomical entity (plant anatomical entity, plant organ, plant structure)",leaf procambium,is_a,google/gemma-4-31b-it,"The 'leaf procambium' is a specific type of 'plant anatomical entity', as it is a specialized tissue structure within a plant."
LLMs4OL_PO_SUB,"plant anatomical entity (plant anatomical entity, plant organ, plant structure)","fruit pedicel (fruit pedicel, infructescence fruit pedicel)",is_a,google/gemma-4-31b-it,"A fruit pedicel is a specific type of plant anatomical entity, as every instance of a fruit pedicel is necessarily an instance of a plant anatomical entity."
LLMs4OL_PO_SUB,"plant anatomical entity (plant anatomical entity, plant organ, plant structure)",chlorenchyma cell,is_a,google/gemma-4-31b-it,"A chlorenchyma cell is a specific type of plant cell, and since all plant cells are types of plant anatomical entities, the subsumption holds."
LLMs4OL_PO_SUB,"plant anatomical entity (plant anatomical entity, plant organ, plant structure)",pistillate flower,is_a,google/gemma-4-31b-it,"A pistillate flower is a specific type of plant anatomical entity, as every instance of a pistillate flower is necessarily an instance of a plant anatomical entity."
LLMs4OL_PO_SUB,"plant anatomical entity (plant anatomical entity, plant organ, plant structure)","ear floret (ear floret, spikelet floret)",is_a,google/gemma-4-31b-it,"An ear floret is a specific type of plant anatomical entity, as every instance of an ear floret is necessarily an instance of a plant anatomical entity."
LLMs4OL_PO_SUB,"plant anatomical entity (plant anatomical entity, plant organ, plant structure)",root primordium,is_a,google/gemma-4-31b-it,"A root primordium is a specific type of plant anatomical entity, as it is a biological structure within a plant."
LLMs4OL_PO_SUB,"cardinal organ part (cardinal organ part, cardinal part of multi-tissue plant structure)",inflorescence axis node,part_of,google/gemma-4-31b-it,"An 'inflorescence axis node' is a specific anatomical region (a node) that constitutes a part of the cardinal organ (the axis), rather than being a type of cardinal organ part in a taxonomic sense."
LLMs4OL_PO_SUB,portion of plant tissue,storage parenchyma,is_a,google/gemma-4-31b-it,"Storage parenchyma is a specific type of plant tissue (a kind of parenchyma specialized for storage), making it a subclass of a portion of plant tissue."
LLMs4OL_PO_SUB,"cardinal organ part (cardinal organ part, cardinal part of multi-tissue plant structure)",upper glume of tassel spikelet,part_of,google/gemma-4-31b-it,"The 'upper glume of tassel spikelet' is a specific anatomical component of a cardinal organ (the tassel/spikelet), not a type of 'cardinal organ part' in a taxonomic sense, as the latter refers to general structural categories or specific zones."
LLMs4OL_PO_SUB,parenchyma cell,storage parenchyma,is_a,google/gemma-4-31b-it,"Storage parenchyma is a specialized type of parenchyma cell dedicated to the storage of nutrients, meaning every instance of storage parenchyma is a type of parenchyma cell."
LLMs4OL_SchemaOrg_SUB,socialmediaposting,ampstory,is_a,google/gemma-4-31b-it,"An AMPstory (Accelerated Mobile Pages story) is a specific format of content designed for distribution as a social media post, meaning every AMPstory is a type of social media posting."
LLMs4OL_SchemaOrg_SUB,article,howtostep,part_of,google/gemma-4-31b-it,"A 'howtostep' (a single step in a how-to process) is a component part of a larger instructional article, not a type of article itself."
LLMs4OL_SchemaOrg_SUB,creativework,clip,is_a,google/gemma-4-31b-it,"A clip is a short excerpt or a specific type of audiovisual work, making it a specialized kind of creative work."
LLMs4OL_SchemaOrg_SUB,creativework,periodical,is_a,google/gemma-4-31b-it,A periodical (such as a magazine or journal) is a specific type of creative work.
LLMs4OL_SchemaOrg_SUB,creativework,review,is_a,google/gemma-4-31b-it,"A review is a specific type of creative work, as it is a written or spoken composition created by an author."
LLMs4OL_SchemaOrg_SUB,creativework,movieclip,is_a,google/gemma-4-31b-it,"A movieclip is a specific type of creative work, meaning every instance of a movieclip is necessarily an instance of a creative work."
LLMs4OL_SchemaOrg_SUB,creativework,game,is_a,google/gemma-4-31b-it,"A game is a specific type of creative work, meaning every instance of a game is also an instance of a creative work."
LLMs4OL_SchemaOrg_SUB,creativework,imageobject,is_a,google/gemma-4-31b-it,"An image object is a specific type of creative work, meaning every instance of an image object is necessarily an instance of a creative work."
LLMs4OL_SchemaOrg_SUB,creativework,imageobjectsnapshot,is_a,google/gemma-4-31b-it,"An image object snapshot is a specific type of image object, and since image objects are a subclass of creative works, every instance of an image object snapshot is also a creative work."
LLMs4OL_SchemaOrg_SUB,creativework,comicseries,is_a,google/gemma-4-31b-it,"A comic series is a specific type of creative work, meaning every instance of a comic series is necessarily an instance of a creative work."
LLMs4OL_SchemaOrg_SUB,creativework,series,is_a,google/gemma-4-31b-it,"A series (such as a book or movie series) is a specific type of creative work, meaning every instance of a series is also an instance of a creative work."
LLMs4OL_SchemaOrg_SUB,enumeration,sizesystemenumeration,is_a,google/gemma-4-31b-it,"A 'sizesystemenumeration' is a specific type of 'enumeration' used to define a set of size systems, fitting the definition of a proper subsumption."
LLMs4OL_SchemaOrg_SUB,enumeration,medicalcode,is_a,google/gemma-4-31b-it,"A medical code is a specific type of enumeration (a predefined list of values), meaning every instance of a medical code is also an instance of an enumeration."
LLMs4OL_SchemaOrg_SUB,service,paymentservice,is_a,google/gemma-4-31b-it,"A payment service is a specific type of service, meaning every instance of a payment service is necessarily an instance of a service."
LLMs4OL_SchemaOrg_SUB,service,medicalprocedure,is_a,google/gemma-4-31b-it,"A medical procedure is a specific type of service provided to a patient, meaning every instance of a medical procedure is also an instance of a service."
LLMs4OL_SchemaOrg_SUB,service,entertainmentbusiness,other_related,google/gemma-4-31b-it,"An entertainment business is an organization that provides services, but it is not itself a type of service (which is an intangible offering)."
LLMs4OL_SchemaOrg_SUB,service,legalservice,is_a,google/gemma-4-31b-it,"A legal service is a specific type of service, meaning every instance of a legal service is necessarily an instance of a service."
LLMs4OL_SchemaOrg_SUB,service,emergencyservice,is_a,google/gemma-4-31b-it,"An emergency service is a specific type of service, meaning every instance of an emergency service is also an instance of a service."
LLMs4OL_SchemaOrg_SUB,action,therapeuticprocedure,is_a,google/gemma-4-31b-it,"A therapeutic procedure is a specific type of action performed to treat a patient, meaning every instance of a therapeutic procedure is necessarily an instance of an action."
LLMs4OL_SchemaOrg_SUB,action,conversation,is_a,google/gemma-4-31b-it,"A conversation is a specific type of social action or communicative act, meaning every instance of a conversation is also an instance of an action."
LLMs4OL_SchemaOrg_SUB,creativeworkseries,periodical,is_a,google/gemma-4-31b-it,"A periodical (such as a magazine or journal) is a specific type of creative work series, as it consists of a sequence of publications issued at regular intervals."
LLMs4OL_SchemaOrg_SUB,creativeworkseries,comicseries,is_a,google/gemma-4-31b-it,"Every comic series is, by definition, a series of creative works, making it a specific subtype of a creative work series."
LLMs4OL_SchemaOrg_SUB,techarticle,howtostep,part_of,google/gemma-4-31b-it,"A 'howtostep' (a single step in a how-to guide) is a constituent component of a 'techarticle' (the overall technical document), not a type of technical article itself."
LLMs4OL_SchemaOrg_SUB,series,periodical,is_a,google/gemma-4-31b-it,"A periodical (such as a magazine or journal) is a specific type of series, as it consists of a sequence of publications issued at regular intervals."
LLMs4OL_SchemaOrg_SUB,series,comicseries,is_a,google/gemma-4-31b-it,"Every comic series is a specific type of series, fitting the definition of proper subsumption."
LLMs4OL_SchemaOrg_SUB,therapeuticprocedure,surgicalprocedure,is_a,google/gemma-4-31b-it,"Every surgical procedure is, by definition, a type of therapeutic procedure intended to treat a condition."
LLMs4OL_SchemaOrg_SUB,medicalentity,"medicalorganization (medicalorganization, researchorganization)",is_a,google/gemma-4-31b-it,"A medical organization is a specific type of entity within the medical domain, fitting the definition of a proper subsumption."
LLMs4OL_SchemaOrg_SUB,intangible,surgicalprocedure,is_a,google/gemma-4-31b-it,"A surgical procedure is a type of activity or process that lacks physical substance, making it a kind of intangible entity."
LLMs4OL_SchemaOrg_SUB,intangible,therapeuticprocedure,is_a,google/gemma-4-31b-it,"A therapeutic procedure is a type of action or process, which is conceptually intangible, meaning every instance of a therapeutic procedure is an instance of an intangible entity."
LLMs4OL_SchemaOrg_SUB,intangible,governmentbenefitstype,attribute_of,google/gemma-4-31b-it,"A 'governmentbenefitstype' is a category or classification (an enumeration) used to describe a benefit, and while it is conceptually non-physical, it is not a ""kind of"" intangible entity in a taxonomic sense, but rather a metadata attribute used to describe one."
LLMs4OL_SchemaOrg_SUB,intangible,medicalintangible,is_a,google/gemma-4-31b-it,"A medical intangible is a specific type of intangible entity, meaning every instance of a medical intangible is necessarily an instance of an intangible."
LLMs4OL_SchemaOrg_SUB,intangible,medicalcode,is_a,google/gemma-4-31b-it,"A medical code is a specific type of intangible entity (a conceptual identifier), meaning every instance of a medical code is necessarily an instance of an intangible."
LLMs4OL_SchemaOrg_SUB,intangible,sheetmusic,is_a,google/gemma-4-31b-it,"Sheet music is a specific type of creative work that represents an intangible composition, and since all sheet music is a form of intangible intellectual property, the subsumption holds."
LLMs4OL_SchemaOrg_SUB,intangible,game,is_a,google/gemma-4-31b-it,"A game is a type of intangible asset or conceptual entity, meaning every instance of a game is also an instance of something intangible."
LLMs4OL_SchemaOrg_SUB,intangible,legalservice,is_a,google/gemma-4-31b-it,"A legal service is a type of intangible offering or service, meaning every instance of a legal service is inherently an intangible entity."
LLMs4OL_SchemaOrg_SUB,intangible,medicaltherapy,is_a,google/gemma-4-31b-it,"A medical therapy is a conceptual process or service that lacks physical substance, making it a type of intangible entity."
LLMs4OL_SchemaOrg_SUB,intangible,imageobjectsnapshot,is_a,google/gemma-4-31b-it,"An image object snapshot is a digital representation or a specific state of an image object, making it an intangible entity."
LLMs4OL_SchemaOrg_SUB,localbusiness,pharmacy,is_a,google/gemma-4-31b-it,Every pharmacy that operates as a physical storefront is a type of local business.
LLMs4OL_SchemaOrg_SUB,localbusiness,taxiservice,is_a,google/gemma-4-31b-it,"A taxi service is a specific type of local business, as any entity providing taxi services locally fits the definition of a local business."
LLMs4OL_SchemaOrg_SUB,localbusiness,busorcoach,other_related,google/gemma-4-31b-it,"A bus or coach is a vehicle (a physical object), whereas a local business is a commercial entity; a bus company is a business, but the vehicle itself is not."
LLMs4OL_SchemaOrg_SUB,localbusiness,zoo,is_a,google/gemma-4-31b-it,"A zoo is a specific type of local business that provides services and exhibits for a fee, fitting the definition of a business operating within a local community."
LLMs4OL_SchemaOrg_SUB,localbusiness,"medicalorganization (medicalorganization, researchorganization)",other_related,google/gemma-4-31b-it,"While many medical organizations are local businesses (like a private clinic), not all medical organizations (such as a national health ministry or a global research institute) are local businesses."
LLMs4OL_SchemaOrg_SUB,organization,taxiservice,is_a,google/gemma-4-31b-it,"A taxi service is a type of business or organization that provides transportation, meaning every taxi service is an instance of an organization."
LLMs4OL_SchemaOrg_SUB,organization,radiobroadcastservice,other_related,google/gemma-4-31b-it,"A radio broadcast service is a function or offering provided by an organization, not a type of organization itself."
LLMs4OL_SchemaOrg_SUB,organization,busorcoach,unrelated,google/gemma-4-31b-it,"A bus or coach is a vehicle (a physical object), whereas an organization is a social entity; while a bus company is an organization, the vehicle itself is not."
LLMs4OL_SchemaOrg_SUB,organization,zoo,is_a,google/gemma-4-31b-it,"A zoo is a type of organization (specifically a business or non-profit entity) that manages animals and staff, fitting the definition of a proper subsumption."
LLMs4OL_SchemaOrg_SUB,organization,broadcastservice,other_related,google/gemma-4-31b-it,"A broadcast service is a function or offering provided by a broadcasting organization, but the service itself is not a type of organization."
LLMs4OL_SchemaOrg_SUB,organization,governmentbuilding,located_in,google/gemma-4-31b-it,"A government building is a physical structure used by an organization, not a type of organization itself."
LLMs4OL_SchemaOrg_SUB,place,pharmacy,is_a,google/gemma-4-31b-it,"A pharmacy is a specific type of place, meaning every instance of a pharmacy is necessarily an instance of a place."
LLMs4OL_SchemaOrg_SUB,place,zoo,is_a,google/gemma-4-31b-it,"A zoo is a specific type of place, meaning every instance of a zoo is necessarily an instance of a place."
LLMs4OL_SchemaOrg_SUB,place,civicstructure,is_a,google/gemma-4-31b-it,"A civic structure is a specific type of place, just as a bakery or a gym is a type of place."
LLMs4OL_SchemaOrg_SUB,place,taxiservice,other_related,google/gemma-4-31b-it,"A taxi service is a business activity or service that may operate from a location, but it is not a type of physical place."
LLMs4OL_SchemaOrg_SUB,place,"medicalorganization (medicalorganization, researchorganization)",located_in,google/gemma-4-31b-it,"A medical organization is an entity (organization) that may operate out of a physical location, but it is not a type of place itself."
LLMs4OL_SchemaOrg_SUB,place,busorcoach,located_in,google/gemma-4-31b-it,"A bus or coach is a vehicle that can be located in a place, but it is not a type of place, nor is it a component of one."
LLMs4OL_SchemaOrg_SUB,place,organization,located_in,google/gemma-4-31b-it,"An organization is not a type of place, but rather an entity that is typically situated at or occupies a place."
LLMs4OL_SchemaOrg_SUB,place,governmentbuilding,is_a,google/gemma-4-31b-it,"Every government building is, by definition, a type of place."
LLMs4OL_SchemaOrg_SUB,entertainmentbusiness,zoo,is_a,google/gemma-4-31b-it,"A zoo is a specific type of entertainment business, as every zoo functions as a business providing entertainment/education to the public."
LLMs4OL_SchemaOrg_SUB,medicalintangible,therapeuticprocedure,other_related,google/gemma-4-31b-it,"A therapeutic procedure is a concrete action or process performed on a patient, whereas a medical intangible refers to non-physical entities (like codes or concepts), making the ""is-a"" claim logically incorrect."
LLMs4OL_SchemaOrg_SUB,medicalintangible,medicaltherapy,other_related,google/gemma-4-31b-it,"A medical therapy is a type of procedure or intervention (an action), whereas a medical intangible refers to non-physical entities like codes or concepts, making the ""is-a"" claim conceptually incorrect."
LLMs4OL_SchemaOrg_SUB,civicstructure,tenniscomplex,other_related,google/gemma-4-31b-it,"A tennis complex is a specific type of facility that may be owned or operated by a municipality as a civic structure, but it is not inherently a kind of civic structure by definition."
LLMs4OL_SchemaOrg_SUB,civicstructure,governmentbuilding,is_a,google/gemma-4-31b-it,"Every government building is, by definition, a type of civic structure."
LLMs4OL_SchemaOrg_SUB,event,bookmarkaction,is_a,google/gemma-4-31b-it,"A bookmark action is a specific type of event (an occurrence or activity), meaning every instance of a bookmark action is also an instance of an event."
LLMs4OL_SchemaOrg_SUB,event,authorizeaction,is_a,google/gemma-4-31b-it,"An action that authorizes something is a specific type of event (an occurrence in time), making it a proper subsumption."
LLMs4OL_SchemaOrg_SUB,event,takeaction,is_a,google/gemma-4-31b-it,Taking an action is a specific type of occurrence or event that happens in time.
LLMs4OL_SchemaOrg_SUB,event,surgicalprocedure,is_a,google/gemma-4-31b-it,"A surgical procedure is a specific type of event (an occurrence with a beginning and an end), meaning every instance of a surgical procedure is also an instance of an event."
LLMs4OL_SchemaOrg_SUB,event,therapeuticprocedure,is_a,google/gemma-4-31b-it,"A therapeutic procedure is a specific type of event (an occurrence with a beginning and an end), meaning every instance of a therapeutic procedure is also an instance of an event."
LLMs4OL_SchemaOrg_SUB,event,tieaction,is_a,google/gemma-4-31b-it,"A 'tieaction' (an action that results in a tie) is a specific type of 'event', as all actions are events."
LLMs4OL_SchemaOrg_SUB,event,consumeaction,is_a,google/gemma-4-31b-it,"A consumption action is a specific type of event (an occurrence in time and space), meaning every instance of a consumeaction is also an instance of an event."
LLMs4OL_SchemaOrg_SUB,event,allocateaction,is_a,google/gemma-4-31b-it,"An action (specifically an allocation action) is a type of event in most ontological frameworks, as an event is a general occurrence and an action is a purposeful event."
LLMs4OL_SchemaOrg_SUB,event,achieveaction,is_a,google/gemma-4-31b-it,"An action that achieves a goal is a specific type of event, as all actions are events."
LLMs4OL_SchemaOrg_SUB,event,action,is_a,google/gemma-4-31b-it,"An action is a specific type of event characterized by intentionality or agency, meaning every action is necessarily an event."
LLMs4OL_SchemaOrg_SUB,event,medicalprocedure,is_a,google/gemma-4-31b-it,"A medical procedure is a specific type of event (an occurrence with a beginning and an end), meaning every instance of a medical procedure is also an instance of an event."
LLMs4OL_SchemaOrg_SUB,event,organizeaction,other_related,google/gemma-4-31b-it,"Organizing an action is a process that leads to or manages an event, but the act of organizing is not a type of event itself."
LLMs4OL_SchemaOrg_SUB,event,createaction,is_a,google/gemma-4-31b-it,"A create action is a specific type of event (an occurrence in time), meaning every instance of a create action is necessarily an instance of an event."
LLMs4OL_SchemaOrg_SUB,event,findaction,is_a,google/gemma-4-31b-it,"A 'findaction' (the act of searching or finding) is a specific type of 'event' (a thing that happens), meaning every instance of a findaction is necessarily an instance of an event."
LLMs4OL_SchemaOrg_SUB,event,eataction,is_a,google/gemma-4-31b-it,"An eating action is a specific type of event (an occurrence in time and space), meaning every instance of an eating action is also an instance of an event."
LLMs4OL_SchemaOrg_SUB,event,transferaction,is_a,google/gemma-4-31b-it,"A transfer action is a specific type of event, as any occurrence of transferring something is by definition an event."
LLMs4OL_SchemaOrg_SUB,event,assignaction,is_a,google/gemma-4-31b-it,"An 'assignaction' (the act of assigning) is a specific type of 'event' (something that happens), as all actions are events."
LLMs4OL_SchemaOrg_SUB,event,cookaction,is_a,google/gemma-4-31b-it,"A cooking action is a specific type of event (an occurrence in time and space), meaning every instance of a cookaction is also an instance of an event."
LLMs4OL_SchemaOrg_SUB,event,conversation,is_a,google/gemma-4-31b-it,"A conversation is a specific type of event (a social occurrence that happens at a particular time and place), meaning every conversation is an instance of an event."
LLMs4OL_SchemaOrg_SUB,product,ticket,is_a,google/gemma-4-31b-it,"A ticket is a type of product (specifically an intangible one) sold to a customer, meaning every ticket is a product."
LLMs4OL_SchemaOrg_SUB,product,sheetmusic,is_a,google/gemma-4-31b-it,"Sheet music is a type of product that can be bought and sold, meaning every instance of sheet music is also an instance of a product."
LLMs4OL_SchemaOrg_SUB,product,game,is_a,google/gemma-4-31b-it,"A game (whether physical or digital) is a type of product that can be bought and sold, fitting the definition of proper subsumption."
LLMs4OL_SchemaOrg_SUB,product,sculpture,other_related,google/gemma-4-31b-it,"While a sculpture can be sold as a product, not every sculpture is a product (some are purely artistic expressions or public monuments), and the primary nature of a sculpture is a creative work rather than a commercial commodity."
LLMs4OL_SchemaOrg_SUB,datatype,medicalcode,is_a,google/gemma-4-31b-it,"A medical code is a specific type of data representation or format, making it a kind of datatype."
LLMs4OL_SchemaOrg_SUB,collection,itemlist,is_a,google/gemma-4-31b-it,"An item list is a specific type of collection used to organize items, meaning every item list is a collection."
LLMs4OL_SchemaOrg_SUB,collection,creativeworkseries,other_related,google/gemma-4-31b-it,"A creative work series is a sequence of related works, whereas a collection is a grouping of works; while similar, a series is not a type of collection, but rather a specific way of organizing works that may be collected."
LLMs4OL_SchemaOrg_SUB,collection,movieseries,is_a,google/gemma-4-31b-it,A movie series is a specific type of collection of related creative works.
LLMs4OL_SchemaOrg_SUB,collection,radioseries,other_related,google/gemma-4-31b-it,"A radio series is a specific type of creative work organized as a sequence, whereas a collection is a grouping of items; while a series can be collected, it is not a taxonomic subtype of a collection."
LLMs4OL_SchemaOrg_SUB,collection,comicseries,part_of,google/gemma-4-31b-it,"A comic series is not a type of collection, but rather a series of issues that can be gathered into a collection (such as a trade paperback or omnibus)."
LLMs4OL_SchemaOrg_SUB,collection,series,is_a,google/gemma-4-31b-it,"A series is a specific type of collection (a group of related items), meaning every series is by definition a collection."
LLMs4OL_MatOnto_SUB,derivedunit,unit raised to power of three,is_a,google/gemma-4-31b-it,"A unit raised to the power of three (such as a cubic meter) is a specific type of derived unit, as it is formed by combining base units through multiplication."
LLMs4OL_MatOnto_SUB,continuant,molybdenum,is_a,google/gemma-4-31b-it,"In Basic Formal Ontology (BFO), a 'continuant' is an entity that persists through time, and since molybdenum (as a chemical element/substance) is a type of material entity, it is by definition a continuant."
LLMs4OL_MatOnto_SUB,continuant,fullerene,is_a,google/gemma-4-31b-it,"In Basic Formal Ontology (BFO), a continuant is an entity that persists through time, and since a fullerene is a physical object (a carbon allotrope), it is a type of continuant."
LLMs4OL_MatOnto_SUB,chemical class,ion,is_a,google/gemma-4-31b-it,"An ion is a specific type of chemical class (a category of chemical species), meaning every instance of an ion is necessarily an instance of a chemical class."
LLMs4OL_MatOnto_SUB,"independent_continuant (independent_continuant, object)",scandium,is_a,google/gemma-4-31b-it,"Scandium is a chemical element, and since elements are types of matter/substances that are independent continuants in ontological frameworks (like BFO), every instance of scandium is an instance of an independent continuant."
LLMs4OL_MatOnto_SUB,"independent_continuant (independent_continuant, object)",moleculecomponentcount,attribute_of,google/gemma-4-31b-it,"A 'moleculecomponentcount' is a measurement or quality (a dependent continuant) that describes a property of a molecule, whereas an 'independent_continuant' is a standalone entity (like an atom or object); therefore, the count is an attribute of the entity it measures."
LLMs4OL_MatOnto_SUB,chemical class,anion,is_a,google/gemma-4-31b-it,"An anion is a type of ion, and an ion is a type of chemical class, meaning every instance of an anion is necessarily an instance of a chemical class."
LLMs4OL_MatOnto_SUB,intensive property,wavenumber,is_a,google/gemma-4-31b-it,"Wavenumber is a physical quantity that does not depend on the size or amount of the system it describes, making it a type of intensive property."
LLMs4OL_MatOnto_SUB,chemical class,p-block element,attribute_of,google/gemma-4-31b-it,"A 'p-block element' is a specific type of chemical element, and while it belongs to a chemical category, 'chemical class' (defined here as a quality or dependent continuant) refers to a property or classification rather than the physical substance itself."
LLMs4OL_MatOnto_SUB,continuant,ion,is_a,google/gemma-4-31b-it,"In the context of formal ontologies (like BFO), a 'continuant' is an entity that persists through time, and an 'ion' (a type of atom or molecule) is a physical entity that fits this definition."
LLMs4OL_MatOnto_SUB,derivedunit,unit raised to power,is_a,google/gemma-4-31b-it,"A unit raised to a power (such as $\text{m}^2$ or $\text{s}^{-1}$) is a specific type of derived unit, as it is formed by combining base units through mathematical operations."
LLMs4OL_MatOnto_SUB,continuant,chaoite,is_a,google/gemma-4-31b-it,"In Basic Formal Ontology (BFO), a 'continuant' is an entity that persists through time (such as an object or a material), and since 'chaoite' is a mineral/carbon allotrope (a physical object), it is a type of continuant."
LLMs4OL_MatOnto_SUB,"independent_continuant (independent_continuant, object)",anion,is_a,google/gemma-4-31b-it,"An anion is a type of ion, and since ions are physical entities that exist independently in space and time, they are categorized as independent continuants."
LLMs4OL_MatOnto_SUB,derivedunit,electromagnetic radiation unit,is_a,google/gemma-4-31b-it,"An electromagnetic radiation unit (such as the hertz or the photon energy unit) is a specific type of unit that is derived from base units, meaning every instance of the former is necessarily an instance of the latter."
LLMs4OL_MatOnto_SUB,unit,unit raised to power of negative one,is_a,google/gemma-4-31b-it,A unit raised to the power of negative one (such as $s^{-1}$ for frequency) is still a type of unit used for measurement.
LLMs4OL_MatOnto_SUB,derivedunit,linear density unit,is_a,google/gemma-4-31b-it,A linear density unit (such as kg/m) is a specific type of derived unit because it is created by combining base units of mass and length.
LLMs4OL_MatOnto_SUB,"chemical quality (chemical quality, molecularquality)",molar entropy,is_a,google/gemma-4-31b-it,"Molar entropy is a specific type of chemical quality (a measurable property of a chemical substance), meaning every instance of molar entropy is necessarily an instance of a chemical quality."
LLMs4OL_MatOnto_SUB,"independent_continuant (independent_continuant, object)",promethium,is_a,google/gemma-4-31b-it,"Promethium is a chemical element, and in ontological frameworks like BFO, elements (and the atoms/substances they represent) are types of independent continuants."
LLMs4OL_MatOnto_SUB,intensive property,concentration,is_a,google/gemma-4-31b-it,Concentration is a specific type of intensive property because it is a physical property of a system that does not depend on the system's size or shape.
LLMs4OL_MatOnto_SUB,continuant,scandium,is_a,google/gemma-4-31b-it,"In Basic Formal Ontology (BFO), a continuant is an entity that persists through time, and since scandium is a chemical element (a type of material entity), it is by definition a kind of continuant."
LLMs4OL_MatOnto_SUB,intensive property,density,is_a,google/gemma-4-31b-it,Density is a specific type of intensive property because it is a physical property of a system that does not depend on the system size or amount of material.
LLMs4OL_MatOnto_SUB,continuant,carbon allotrope,is_a,google/gemma-4-31b-it,"In Basic Formal Ontology (BFO), a 'continuant' is an entity that persists through time, and since a 'carbon allotrope' (such as diamond or graphite) is a physical entity that persists through time, it is a type of continuant."
LLMs4OL_MatOnto_SUB,intensive property,velocity,is_a,google/gemma-4-31b-it,Velocity is a type of intensive property because its value does not depend on the amount of matter present in the system.
LLMs4OL_MatOnto_SUB,continuant,anion,is_a,google/gemma-4-31b-it,"In Basic Formal Ontology (BFO), a continuant is an entity that persists through time, and since an anion is a physical entity (a type of ion), it is a kind of continuant."
LLMs4OL_MatOnto_SUB,intensive property,amount of substance concentration,is_a,google/gemma-4-31b-it,An amount of substance concentration is a specific type of intensive property because its value does not depend on the total amount of matter present in the system.
LLMs4OL_MatOnto_SUB,periodic table element,magnesium,is_a,google/gemma-4-31b-it,"Magnesium is a specific chemical element, and every instance of magnesium is an instance of a periodic table element."
LLMs4OL_MatOnto_SUB,"independent_continuant (independent_continuant, object)",p-block element,is_a,google/gemma-4-31b-it,"A p-block element is a type of chemical element (which is a kind of atom/matter), and since atoms and objects are categorized as independent continuants in this ontology, every p-block element is necessarily an independent continuant."
LLMs4OL_MatOnto_SUB,derivedunit,moment of force unit,is_a,google/gemma-4-31b-it,A unit of moment of force (such as the Newton-meter) is a specific type of derived unit because it is defined in terms of base units.
LLMs4OL_MatOnto_SUB,identifier,chemical formula,is_a,google/gemma-4-31b-it,A chemical formula is a specific type of identifier used to represent the elemental composition of a substance.
LLMs4OL_MatOnto_SUB,unit,unit raised to power,is_a,google/gemma-4-31b-it,"A 'unit raised to power' (such as $\text{m}^2$) is a specific type of 'unit', as any instance of a unit raised to a power is still fundamentally a unit of measurement."
LLMs4OL_MatOnto_SUB,derivedunit,area density unit,is_a,google/gemma-4-31b-it,An area density unit (such as g/m²) is a specific type of derived unit because it is created by combining base units of mass and area.
LLMs4OL_MatOnto_SUB,material,element,is_a,google/gemma-4-31b-it,An element (such as gold or oxygen) is a specific type of material.
LLMs4OL_MatOnto_SUB,"chemical quality (chemical quality, molecularquality)",concentration,is_a,google/gemma-4-31b-it,"Concentration is a specific type of chemical quality (a measured property of a chemical substance), meaning every instance of concentration is necessarily an instance of a chemical quality."
LLMs4OL_MatOnto_SUB,"independent_continuant (independent_continuant, object)",carbon allotrope,is_a,google/gemma-4-31b-it,"A carbon allotrope is a specific type of physical entity that exists independently in time and space, thus fitting the definition of an independent continuant."
LLMs4OL_MatOnto_SUB,material,p-block element,made_of,google/gemma-4-31b-it,"A p-block element is a type of chemical element, and chemical elements are the fundamental substances that constitute all materials."
LLMs4OL_MatOnto_SUB,material,mixture,is_a,google/gemma-4-31b-it,"A mixture is a specific type of material (a substance composed of two or more constituent materials), meaning every mixture is necessarily a material."
LLMs4OL_MatOnto_SUB,chemical class,fullerene,is_a,google/gemma-4-31b-it,"A fullerene is a specific type of chemical class (specifically a class of carbon allotropes), meaning every fullerene is by definition a member of a chemical class."
LLMs4OL_MatOnto_SUB,dependent_continuant,site,located_in,google/gemma-4-31b-it,"A 'site' (a specific location or region) is a spatial area within a larger entity, whereas a 'dependent continuant' is a quality or property that cannot exist without a bearer; therefore, a site is not a type of dependent continuant, but rather a location where such things may be found."
LLMs4OL_MatOnto_SUB,"independent_continuant (independent_continuant, object)",xenon,is_a,google/gemma-4-31b-it,"Xenon is a chemical element, and as a physical entity that exists independently in time, it is a type of independent continuant."
LLMs4OL_MatOnto_SUB,material,darmstadtium,is_a,google/gemma-4-31b-it,"Darmstadtium is a chemical element, and all chemical elements are types of materials."
LLMs4OL_MatOnto_SUB,"independent_continuant (independent_continuant, object)",radiation,attribute_of,google/gemma-4-31b-it,"Radiation is a phenomenon or quality (a dependent continuant) rather than a self-subsisting entity (an independent continuant), making it an attribute or property of the physical systems that emit it."
LLMs4OL_MatOnto_SUB,material,promethium,is_a,google/gemma-4-31b-it,"Promethium is a chemical element, and all chemical elements are types of materials."
LLMs4OL_MatOnto_SUB,derivedunit,density unit,is_a,google/gemma-4-31b-it,A density unit (such as $\text{kg/m}^3$) is a specific type of derived unit because it is defined by a combination of base units.
LLMs4OL_MatOnto_SUB,continuant,ceramic material,is_a,google/gemma-4-31b-it,"In formal ontologies (like BFO), a 'continuant' is an entity that persists through time, and since a 'ceramic material' is a type of material entity that persists, it is a subclass of continuant."
LLMs4OL_MatOnto_SUB,"independent_continuant (independent_continuant, object)",imine,is_a,google/gemma-4-31b-it,"An imine is a type of organic compound, and since all organic compounds are physical entities that exist independently in time (independent continuants), every instance of an imine is also an instance of an independent continuant."
LLMs4OL_MatOnto_SUB,conduction unit,electric current unit,is_a,google/gemma-4-31b-it,"'Electric current' is a specific type of 'conduction' (the process of transporting charge), making a unit of electric current a specific type of unit used to measure conduction."
LLMs4OL_MatOnto_SUB,radiation unit,luminous flux unit,is_a,google/gemma-4-31b-it,"A luminous flux unit (such as the lumen) is a specific type of unit used to measure a form of electromagnetic radiation (visible light), making it a subset of radiation units."
LLMs4OL_MatOnto_SUB,intensive property,hardness range,other_related,google/gemma-4-31b-it,"A 'hardness range' is a specification or measurement interval of a property, not a type of intensive property itself."
LLMs4OL_MatOnto_SUB,continuant,magnesium,is_a,google/gemma-4-31b-it,"In Basic Formal Ontology (BFO), a continuant is an entity that persists through time, and since magnesium (as a chemical element/substance) is a type of continuant, the subsumption holds."
LLMs4OL_MatOnto_SUB,material,magnesium,is_a,google/gemma-4-31b-it,"Magnesium is a type of chemical element that functions as a material, meaning every instance of magnesium is also an instance of a material."
LLMs4OL_MatOnto_SUB,derivedunit,luminous flux unit,is_a,google/gemma-4-31b-it,A luminous flux unit (such as the lumen) is a specific type of derived unit because it is defined in terms of other SI base units.
LLMs4OL_MatOnto_SUB,material,solution,is_a,google/gemma-4-31b-it,"A solution is a specific type of material (specifically a liquid mixture), meaning every instance of a solution is also an instance of a material."
LLMs4OL_MatOnto_SUB,material,carbon allotrope,is_a,google/gemma-4-31b-it,A carbon allotrope (such as diamond or graphite) is a specific type of material.
LLMs4OL_MatOnto_SUB,intensive property,permittivity,is_a,google/gemma-4-31b-it,Permittivity is a specific type of intensive property because its value does not depend on the amount of material present.
LLMs4OL_MatOnto_SUB,p-block element,promethium,unrelated,google/gemma-4-31b-it,"Promethium is a lanthanide and therefore an f-block element, not a p-block element."
LLMs4OL_MatOnto_SUB,count,moleculecomponentcount,is_a,google/gemma-4-31b-it,"A 'moleculecomponentcount' is a specific type of 'count' (specifically, a count of components within a molecule), meaning every instance of the former is necessarily an instance of the latter."
LLMs4OL_MatOnto_SUB,"independent_continuant (independent_continuant, object)",ion,is_a,google/gemma-4-31b-it,"An ion is a type of physical entity that exists independently in space and time, making it a subclass of independent continuant."
LLMs4OL_MatOnto_SUB,chemical class,organic group,part_of,google/gemma-4-31b-it,"An organic group (such as a methyl or hydroxyl group) is a structural component or a part of a chemical class (such as an alcohol or alkane), rather than a type of chemical class itself."
LLMs4OL_MatOnto_SUB,"independent_continuant (independent_continuant, object)",fullerene,is_a,google/gemma-4-31b-it,"A fullerene is a type of carbon allotrope, and since carbon allotropes are physical objects (independent continuants), every instance of a fullerene is necessarily an instance of an independent continuant."
LLMs4OL_MatOnto_SUB,element,periodic table element,is_a,google/gemma-4-31b-it,"Every periodic table element is, by definition, a chemical element."
LLMs4OL_MatOnto_SUB,measured property,pauling electronegativity,is_a,google/gemma-4-31b-it,Pauling electronegativity is a specific type of measured property used to describe the tendency of a chemical element to attract a shared pair of electrons.
LLMs4OL_MatOnto_SUB,"independent_continuant (independent_continuant, object)",chaoite,is_a,google/gemma-4-31b-it,"Chaoite is a mineral (a carbon allotrope), and in Basic Formal Ontology (BFO), all physical objects/materials are types of independent continuants."
LLMs4OL_MatOnto_SUB,organic compound,fullerene,is_a,google/gemma-4-31b-it,"Fullerenes are molecules composed entirely of carbon, and by the broad chemical definition, carbon-based molecules are classified as organic compounds."
LLMs4OL_MatOnto_SUB,intensive property,"chemical quality (chemical quality, molecularquality)",is_a,google/gemma-4-31b-it,A chemical quality (such as acidity or reactivity) is a type of intensive property because it does not depend on the amount of substance present.
LLMs4OL_MatOnto_SUB,derivedunit,electric current unit,unrelated,google/gemma-4-31b-it,"The Ampere (the standard electric current unit) is a base unit, not a derived unit, meaning an electric current unit is not a kind of derived unit."
LLMs4OL_MatOnto_SUB,site,chiral center,part_of,google/gemma-4-31b-it,"A chiral center is a specific location or region within a molecule that possesses chirality, making it a part of the molecular site rather than a type of site."
LLMs4OL_MatOnto_SUB,material,xenon,is_a,google/gemma-4-31b-it,"Xenon is a chemical element, and all chemical elements are types of materials."
LLMs4OL_MatOnto_SUB,"independent_continuant (independent_continuant, object)",molecular center,attribute_of,google/gemma-4-31b-it,"A 'molecular center' is a quality or property (as indicated by its placement under 'chemical quality' and 'dependent_continuant') that characterizes a physical entity, whereas an 'independent_continuant' is a standalone object; therefore, the center is an attribute of the object."
LLMs4OL_MatOnto_SUB,continuant,organic compound,is_a,google/gemma-4-31b-it,"In Basic Formal Ontology (BFO), a continuant is an entity that persists through time, and since an organic compound is a type of material entity (which is a continuant), every organic compound is necessarily a continuant."
LLMs4OL_MatOnto_SUB,count,undefined stereo atom count,is_a,google/gemma-4-31b-it,"An 'undefined stereo atom count' is a specific type of 'count' (specifically one where the value is undefined), meaning every instance of the former is necessarily an instance of the latter."
LLMs4OL_MatOnto_SUB,material,scandium,is_a,google/gemma-4-31b-it,Scandium is a chemical element and therefore a type of material.
LLMs4OL_MatOnto_SUB,intensive property,surface tension,is_a,google/gemma-4-31b-it,"Surface tension is a physical property that does not depend on the amount of matter present, which is the defining characteristic of an intensive property."
LLMs4OL_MatOnto_SUB,measured property,hardness range,is_a,google/gemma-4-31b-it,"A 'hardness range' is a specific type of 'measured property' (specifically, a range of values for a property), meaning every instance of a hardness range is an instance of a measured property."
LLMs4OL_MatOnto_SUB,p-block element,magnesium,unrelated,google/gemma-4-31b-it,"Magnesium is an s-block element, not a p-block element, so it does not belong to that category."
LLMs4OL_MatOnto_SUB,"independent_continuant (independent_continuant, object)",chiral center,attribute_of,google/gemma-4-31b-it,"A chiral center is a geometric property or quality of a molecular arrangement (a dependent continuant), not a standalone physical entity (an independent continuant)."
LLMs4OL_MatOnto_SUB,measured property,mulliken electronegativity,is_a,google/gemma-4-31b-it,"Mulliken electronegativity is a specific type of property that can be measured, making it a subclass of measured properties."
LLMs4OL_MatOnto_SUB,derivedunit,radiation unit,is_a,google/gemma-4-31b-it,A radiation unit (such as the Gray or Sievert) is a specific type of derived unit because it is defined in terms of other base SI units.
LLMs4OL_MatOnto_SUB,periodic table element,xenon,instance_of,google/gemma-4-31b-it,"Xenon is a specific chemical element, making it a unique individual instance of the class of periodic table elements."
LLMs4OL_MatOnto_SUB,intensive property,electronegativity,is_a,google/gemma-4-31b-it,Electronegativity is a specific type of intensive property because it is a physical property of a chemical element that does not depend on the amount of substance present.
LLMs4OL_MatOnto_SUB,intensive property,cyclicity,is_a,google/gemma-4-31b-it,Cyclicity (the property of being cyclic) is a specific type of intensive property because it is a characteristic of a substance or molecule that does not depend on the amount of matter present.
LLMs4OL_MatOnto_SUB,derivedunit,electric resistance unit,is_a,google/gemma-4-31b-it,An electric resistance unit (such as the ohm) is a specific type of derived unit because it is defined in terms of base units.
LLMs4OL_MatOnto_SUB,continuant,element,is_a,google/gemma-4-31b-it,"In ontology (such as BFO), a continuant is an entity that persists through time, and a chemical element is a type of material entity that persists, making it a subclass of continuant."
LLMs4OL_MatOnto_SUB,"independent_continuant (independent_continuant, object)",organic compound,is_a,google/gemma-4-31b-it,"An organic compound is a type of physical entity that exists independently in time and space, making it a subclass of an independent continuant."
LLMs4OL_MatOnto_SUB,intensive property,mulliken electronegativity,is_a,google/gemma-4-31b-it,Mulliken electronegativity is a specific type of intensive property because it is a physical property of a chemical element that does not depend on the amount of substance present.
LLMs4OL_MatOnto_SUB,continuant,xenon,is_a,google/gemma-4-31b-it,"In Basic Formal Ontology (BFO), a 'continuant' is a high-level category for entities that persist through time, and since xenon (as a chemical element/type of matter) is a type of entity that persists, it is a subclass of continuant."
LLMs4OL_MatOnto_SUB,continuant,periodic table element,is_a,google/gemma-4-31b-it,"In formal ontology (such as BFO), a continuant is an entity that persists through time, and a periodic table element (as a chemical species or type of matter) is a kind of continuant."
LLMs4OL_MatOnto_SUB,intensive property,temperature,is_a,google/gemma-4-31b-it,Temperature is a specific type of intensive property because its value does not depend on the amount of matter present in a system.
LLMs4OL_MatOnto_SUB,"independent_continuant (independent_continuant, object)",ceramic material,is_a,google/gemma-4-31b-it,"A ceramic material is a type of material, and since materials are physical entities that exist independently in time and space, they are a subclass of independent continuants."
LLMs4OL_MatOnto_SUB,continuant,material,is_a,google/gemma-4-31b-it,"In formal ontology (such as BFO), a continuant is an entity that persists through time, and a material is a type of continuant."
LLMs4OL_MatOnto_SUB,"independent_continuant (independent_continuant, object)",magnesium,is_a,google/gemma-4-31b-it,"Magnesium is a chemical element, and since elements (and the atoms/substances they comprise) are types of independent continuants in ontological frameworks like BFO, every instance of magnesium is an instance of an independent continuant."
LLMs4OL_MatOnto_SUB,organic group,imine,has_part,google/gemma-4-31b-it,"An imine is a type of organic compound, but the ""imine group"" (the functional group) is a kind of organic group; since 'imine' here refers to the chemical species/compound, it is not a subclass of a functional group, but rather contains one."
LLMs4OL_MatOnto_SUB,unit,unit raised to power of three,is_a,google/gemma-4-31b-it,A 'unit raised to power of three' (such as a cubic meter) is a specific type of 'unit' used for measurement.
LLMs4OL_MatOnto_SUB,radiation unit,electromagnetic radiation unit,is_a,google/gemma-4-31b-it,"Every unit used to measure electromagnetic radiation is, by definition, a unit used to measure radiation."
