dataset,source,parent,child,is_fp,type,model,justification
WordNetFood_SUB,gt,rice,brown rice,,is_a,google/gemma-4-31b-it,"Brown rice is a specific variety or type of rice, meaning every instance of brown rice is necessarily an instance of rice."
WordNetFood_SUB,gt,legume,pea,,is_a,google/gemma-4-31b-it,"A pea is a specific type of legume, meaning every instance of a pea is necessarily an instance of a legume."
WordNetFood_SUB,gt,sweet roll,bear claw,,is_a,google/gemma-4-31b-it,"A bear claw is a specific type of sweet roll characterized by its shape and almond filling, meaning every bear claw is a sweet roll."
WordNetFood_SUB,gt,chowder,clam chowder,,is_a,google/gemma-4-31b-it,Every instance of clam chowder is by definition a type of chowder.
WordNetFood_SUB,gt,herb,marjoram,,is_a,google/gemma-4-31b-it,"Marjoram is a specific type of herb, meaning every instance of marjoram is necessarily an instance of an herb."
WordNetFood_SUB,gt,salad green,lettuce,,is_a,google/gemma-4-31b-it,Every instance of lettuce is a type of salad green.
WordNetFood_SUB,gt,beer,ale,,is_a,google/gemma-4-31b-it,Every instance of ale is by definition a type of beer.
WordNetFood_SUB,gt,sandwich,gyro,,is_a,google/gemma-4-31b-it,"A gyro is a specific type of sandwich consisting of meat wrapped in a pita, meaning every gyro is a sandwich."
WordNetFood_SUB,gt,greens,salad green,,is_a,google/gemma-4-31b-it,"A 'salad green' is a specific type of 'greens', meaning every instance of a salad green is necessarily an instance of greens."
WordNetFood_SUB,gt,ingredient,flavorer,,is_a,google/gemma-4-31b-it,"A flavorer is a specific type of ingredient used to impart taste, meaning every flavorer is necessarily an ingredient."
WordNetFood_SUB,gt,meat,cut,,part_of,google/gemma-4-31b-it,"A 'cut' of meat is a specific portion or piece taken from a larger carcass of meat, rather than a type of meat itself."
WordNetFood_SUB,gt,meat,jerky,,is_a,google/gemma-4-31b-it,"Jerky is a type of meat that has been processed and dried, meaning every instance of jerky is also an instance of meat."
WordNetFood_SUB,gt,meat,pork,,is_a,google/gemma-4-31b-it,"Pork is a specific type of meat, meaning every instance of pork is necessarily an instance of meat."
WordNetFood_SUB,gt,water-soluble vitamin,b-complex vitamin,,is_a,google/gemma-4-31b-it,"The B-complex vitamin is a group of vitamins that are all characterized by being water-soluble, meaning every B-complex vitamin is a type of water-soluble vitamin."
WordNetFood_SUB,gt,produce,edible fruit,,is_a,google/gemma-4-31b-it,Every edible fruit is a type of produce.
WordNetFood_SUB,gt,produce,vegetable,,is_a,google/gemma-4-31b-it,"While 'produce' is a broad category of agricultural products (including fruits and vegetables), every vegetable is by definition a type of produce."
WordNetFood_SUB,gt,pork,cochon de lait,,is_a,google/gemma-4-31b-it,"'Cochon de lait' (suckling pig) is a specific type of pork product/animal, meaning every instance of suckling pig is necessarily an instance of pork."
WordNetFood_SUB,gt,vegetable,greens,,is_a,google/gemma-4-31b-it,"Leafy greens are a specific category of vegetables, meaning every instance of a green is also an instance of a vegetable."
WordNetFood_SUB,gt,vegetable,legume,,is_a,google/gemma-4-31b-it,"In culinary and common usage, a legume is considered a type of vegetable."
WordNetFood_SUB,gt,dairy product,cheese,,is_a,google/gemma-4-31b-it,Every instance of cheese is by definition a type of dairy product.
WordNetFood_SUB,gt,orange,sweet orange,,is_a,google/gemma-4-31b-it,"A sweet orange is a specific type or variety of orange, meaning every instance of a sweet orange is necessarily an instance of an orange."
WordNetFood_SUB,gt,cheese,camembert,,is_a,google/gemma-4-31b-it,Every instance of camembert is by definition a type of cheese.
WordNetFood_SUB,gt,tart,lobster tart,,is_a,google/gemma-4-31b-it,"A lobster tart is a specific type of tart, meaning every instance of a lobster tart is necessarily an instance of a tart."
WordNetFood_SUB,gt,sauce,anchovy sauce,,is_a,google/gemma-4-31b-it,"Every instance of anchovy sauce is, by definition, a type of sauce."
WordNetFood_SUB,gt,grain,rice,,is_a,google/gemma-4-31b-it,"Rice is a specific type of grain, meaning every instance of rice is necessarily an instance of a grain."
WordNetFood_SUB,gt,jerky,beef jerky,,is_a,google/gemma-4-31b-it,"Every instance of beef jerky is, by definition, a type of jerky."
WordNetFood_SUB,gt,berry,raspberry,,is_a,google/gemma-4-31b-it,"A raspberry is a specific type of berry, meaning every instance of a raspberry is also an instance of a berry."
WordNetFood_SUB,gt,berry,boysenberry,,is_a,google/gemma-4-31b-it,"A boysenberry is a specific type of berry, meaning every instance of a boysenberry is also an instance of a berry."
WordNetFood_SUB,gt,concoction,dough,,is_a,google/gemma-4-31b-it,"Dough is a specific type of concoction (a mixture of ingredients), meaning every instance of dough is also an instance of a concoction."
WordNetFood_SUB,gt,fare,diet,,is_a,google/gemma-4-31b-it,A 'diet' (the sum of food consumed) is a specific type of 'fare' (the range of food provided or eaten).
WordNetFood_SUB,gt,bread,bun,,is_a,google/gemma-4-31b-it,"A bun is a specific type of bread, meaning every instance of a bun is also an instance of bread."
WordNetFood_SUB,gt,meal,pea flour,,is_a,google/gemma-4-31b-it,"In the context of food processing, 'meal' refers to coarsely ground grain or legumes, making 'pea flour' (a finely ground version) a specific type of meal."
WordNetFood_SUB,gt,flavorer,herb,,is_a,google/gemma-4-31b-it,"An herb is a type of substance used to flavor food, meaning every herb is a flavorer."
WordNetFood_SUB,gt,flavorer,condiment,,is_a,google/gemma-4-31b-it,"A condiment is a specific type of flavorer used to enhance the taste of food, meaning every condiment is by definition a flavorer."
WordNetFood_SUB,gt,shellfish,lobster,,is_a,google/gemma-4-31b-it,Every lobster is a type of shellfish.
WordNetFood_SUB,gt,condiment,sauce,,is_a,google/gemma-4-31b-it,Every sauce is a type of condiment used to enhance the flavor of food.
WordNetFood_SUB,gt,sweet orange,navel orange,,is_a,google/gemma-4-31b-it,"A navel orange is a specific variety (type) of sweet orange, meaning every navel orange is necessarily a sweet orange."
WordNetFood_SUB,gt,vitamin,water-soluble vitamin,,is_a,google/gemma-4-31b-it,"Every water-soluble vitamin is, by definition, a type of vitamin."
WordNetFood_SUB,gt,edible fruit,elderberry,,is_a,google/gemma-4-31b-it,"An elderberry is a specific type of edible fruit, meaning every instance of an elderberry is also an instance of an edible fruit."
WordNetFood_SUB,gt,edible fruit,citrus,,is_a,google/gemma-4-31b-it,Every instance of citrus is a type of edible fruit.
WordNetFood_SUB,gt,edible fruit,berry,,is_a,google/gemma-4-31b-it,"Every berry is, by definition, a type of edible fruit."
WordNetFood_SUB,gt,cut,cut of beef,,is_a,google/gemma-4-31b-it,"A 'cut of beef' is a specific type of 'cut' (a piece of meat removed from a carcass), meaning every instance of a cut of beef is necessarily an instance of a cut."
WordNetFood_SUB,gt,dish,soup,,is_a,google/gemma-4-31b-it,Every instance of soup is a type of dish.
WordNetFood_SUB,gt,dish,pudding,,is_a,google/gemma-4-31b-it,Every instance of a pudding is a type of dish.
WordNetFood_SUB,gt,dish,snack food,,is_a,google/gemma-4-31b-it,"A snack food is a specific type of dish (a prepared food item), meaning every instance of a snack food is also an instance of a dish."
WordNetFood_SUB,gt,dish,chicken paprika,,is_a,google/gemma-4-31b-it,"Chicken paprika is a specific type of dish, meaning every instance of chicken paprika is necessarily an instance of a dish."
WordNetFood_SUB,gt,dish,scampi,,is_a,google/gemma-4-31b-it,"Scampi is a specific type of prepared culinary dish, meaning every instance of scampi is also an instance of a dish."
WordNetFood_SUB,gt,pie,squash pie,,is_a,google/gemma-4-31b-it,"A squash pie is a specific type of pie, meaning every instance of a squash pie is necessarily an instance of a pie."
WordNetFood_SUB,gt,pie,tart,,is_a,google/gemma-4-31b-it,"While tarts and pies share many characteristics, a tart is a specific type of open-faced pastry that fits the broader definition of a pie."
WordNetFood_SUB,gt,cut of beef,flat bone,,part_of,google/gemma-4-31b-it,"A 'flat bone' is a specific piece or section cut from a beef carcass, making it a portion of the overall category of beef cuts rather than a type of cut in a taxonomic sense."
WordNetFood_SUB,gt,pastry,tart,,is_a,google/gemma-4-31b-it,"A tart is a specific type of pastry, meaning every tart is necessarily a pastry."
WordNetFood_SUB,gt,pastry,pie,,is_a,google/gemma-4-31b-it,"A pie is a specific type of pastry, as it consists of a pastry crust containing a filling."
WordNetFood_SUB,gt,snack food,sandwich,,other_related,google/gemma-4-31b-it,"While some sandwiches are eaten as snacks, not every sandwich is a snack food (e.g., a large sub for lunch), and not every snack food is a sandwich."
WordNetFood_SUB,gt,course,dessert,,is_a,google/gemma-4-31b-it,"A dessert is a specific type of course in a meal, meaning every instance of a dessert is also an instance of a course."
WordNetFood_SUB,gt,starches,bread,,made_of,google/gemma-4-31b-it,"Bread is not a type of starch, but is rather a food product made from ingredients that contain starch."
WordNetFood_SUB,gt,starches,rice,,made_of,google/gemma-4-31b-it,"Rice is a grain that contains starch as a primary component, but it is not a type of starch itself."
WordNetFood_SUB,gt,alcohol,koumiss,,is_a,google/gemma-4-31b-it,"Koumiss is a fermented dairy product that contains alcohol, making it a specific type of alcoholic beverage."
WordNetFood_SUB,gt,alcohol,brew,,is_a,google/gemma-4-31b-it,"A 'brew' (such as a batch of beer or ale) is a type of alcoholic beverage, meaning every instance of a brew is also an instance of alcohol."
WordNetFood_SUB,gt,foodstuff,meal,,made_of,google/gemma-4-31b-it,"A meal is not a type of foodstuff (which refers to raw materials or ingredients like bread or rice), but is rather composed of various foodstuffs."
WordNetFood_SUB,gt,foodstuff,egg,,is_a,google/gemma-4-31b-it,"An egg is a type of foodstuff, as every instance of an egg (when categorized in this context) is a kind of foodstuff."
WordNetFood_SUB,gt,foodstuff,concoction,,is_a,google/gemma-4-31b-it,"A concoction is a type of mixture or preparation, and when categorized under foodstuff, it represents a specific kind of food substance."
WordNetFood_SUB,gt,foodstuff,ingredient,,other_related,google/gemma-4-31b-it,"An ingredient is a functional role that a foodstuff plays within a recipe, rather than a taxonomic subclass of foodstuff (not every foodstuff is an ingredient, and an ingredient is defined by its use)."
WordNetFood_SUB,gt,foodstuff,dairy product,,is_a,google/gemma-4-31b-it,Every dairy product is by definition a type of foodstuff.
WordNetFood_SUB,gt,foodstuff,grain,,is_a,google/gemma-4-31b-it,"Every grain is a type of foodstuff, as grains are a category of raw materials used for food."
WordNetFood_SUB,gt,foodstuff,starches,,is_a,google/gemma-4-31b-it,"Starches are a category of foodstuff, meaning every instance of a starch is also an instance of a foodstuff."
WordNetFood_SUB,gt,pea,marrowfat pea,,is_a,google/gemma-4-31b-it,"A marrowfat pea is a specific variety or type of pea, meaning every instance of a marrowfat pea is necessarily an instance of a pea."
WordNetFood_SUB,gt,pea,field pea,,is_a,google/gemma-4-31b-it,"A field pea is a specific type or variety of pea, meaning every instance of a field pea is necessarily an instance of a pea."
WordNetFood_SUB,gt,soup,chowder,,is_a,google/gemma-4-31b-it,Every instance of a chowder is by definition a type of soup.
WordNetFood_SUB,gt,citrus,orange,,is_a,google/gemma-4-31b-it,"Every orange is a type of citrus fruit, representing a proper taxonomic subsumption."
WordNetFood_SUB,gt,cookie,gingersnap,,is_a,google/gemma-4-31b-it,"Every gingersnap is a type of cookie, meaning the child concept is a specific subclass of the parent concept."
WordNetFood_SUB,gt,dessert,pudding,,is_a,google/gemma-4-31b-it,Every instance of pudding is a type of dessert.
WordNetFood_SUB,gt,lettuce,cos,,is_a,google/gemma-4-31b-it,Cos (also known as Romaine) is a specific variety or type of lettuce.
WordNetFood_SUB,gt,chocolate,chocolate candy,,is_a,google/gemma-4-31b-it,"A chocolate candy is a specific type of chocolate product, meaning every instance of a chocolate candy is also an instance of chocolate."
WordNetFood_SUB,gt,nutriment,meal,,part_of,google/gemma-4-31b-it,"A meal is a specific occasion or structured serving of nutriment, and while it consists of nutriment, it is not a ""kind of"" nutriment itself."
WordNetFood_SUB,gt,nutriment,dish,,is_a,google/gemma-4-31b-it,"A dish is a specific kind of nutriment (something that provides nourishment), meaning every instance of a dish is also an instance of a nutriment."
WordNetFood_SUB,gt,nutriment,course,,part_of,google/gemma-4-31b-it,"A 'course' (such as an appetizer or main course) is a structural part of a meal or a sequence of nutriment, not a type of nutriment itself."
WordNetFood_SUB,gt,nutriment,vitamin,,is_a,google/gemma-4-31b-it,"A vitamin is a specific type of nutriment (a substance that provides nourishment), meaning every vitamin is by definition a nutriment."
WordNetFood_SUB,gt,pudding,corn pudding,,is_a,google/gemma-4-31b-it,"Corn pudding is a specific type of pudding, meaning every instance of corn pudding is necessarily an instance of pudding."
WordNetFood_SUB,gt,ale,pale ale,,is_a,google/gemma-4-31b-it,Every pale ale is by definition a type of ale.
WordNetFood_SUB,gt,brew,beer,,is_a,google/gemma-4-31b-it,"Beer is a specific type of brewed beverage, meaning every instance of beer is also an instance of a brew."
WordNetFood_SUB,gt,brew,spruce beer,,is_a,google/gemma-4-31b-it,"Spruce beer is a specific type of brew, meaning every instance of spruce beer is also an instance of a brew."
WordNetFood_SUB,gt,b-complex vitamin,choline,,other_related,google/gemma-4-31b-it,"Choline is often grouped with B-complex vitamins due to similar functions, but it is chemically distinct and not a member of the B-vitamin family."
WordNetFood_SUB,gt,bun,sweet roll,,is_a,google/gemma-4-31b-it,"A sweet roll is a specific type of bun characterized by its sweetness and often its shape or toppings, meaning every sweet roll is a bun."
WordNetFood_SUB,gt,beverage,alcohol,,is_a,google/gemma-4-31b-it,Every instance of alcohol (when categorized as a drink) is a type of beverage.
WordNetFood_SUB,gt,baked goods,pastry,,is_a,google/gemma-4-31b-it,"Every pastry is a type of baked good, as it is a category of food prepared by baking."
WordNetFood_SUB,gt,baked goods,cake,,is_a,google/gemma-4-31b-it,Every cake is by definition a type of baked good.
WordNetFood_SUB,gt,baked goods,bread,,is_a,google/gemma-4-31b-it,Every instance of bread is a type of baked good.
WordNetFood_SUB,gt,seafood,freshwater fish,,is_a,google/gemma-4-31b-it,"While 'freshwater fish' are biologically fish, in the context of a food taxonomy, 'seafood' refers to edible aquatic animals, and every freshwater fish used as food is a type of seafood."
WordNetFood_SUB,gt,seafood,octopus,,is_a,google/gemma-4-31b-it,An octopus is a type of seafood in the context of food classification.
WordNetFood_SUB,gt,seafood,shellfish,,is_a,google/gemma-4-31b-it,Every instance of shellfish is by definition a type of seafood.
WordNetFood_SUB,gt,cake,cookie,,other_related,google/gemma-4-31b-it,"A cookie is not a type of cake, as they are distinct categories of baked goods with different textures and preparation methods."
WordNetFood_SUB,gt,cake,applesauce cake,,is_a,google/gemma-4-31b-it,"An applesauce cake is a specific type of cake, meaning every instance of an applesauce cake is necessarily an instance of a cake."
WordNetFood_SUB,gt,food,soul food,,is_a,google/gemma-4-31b-it,"Soul food is a specific category or type of food, meaning every instance of soul food is necessarily an instance of food."
WordNetFood_SUB,gt,food,fare,,synonym,google/gemma-4-31b-it,"In this context, 'fare' is a synonym for 'food' (specifically referring to a range of food of a particular type), and the other children of 'food' confirm it is being used as a category for edible items."
WordNetFood_SUB,gt,food,culture medium,,other_related,google/gemma-4-31b-it,"A culture medium is a nutrient-rich substance used to grow microorganisms; while it may be composed of food-grade ingredients, it is not a type of food intended for consumption."
WordNetFood_SUB,gt,food,foodstuff,,synonym,google/gemma-4-31b-it,'Foodstuff' and 'food' are used interchangeably to refer to any substance that can be used as food.
WordNetFood_SUB,gt,food,beverage,,is_a,google/gemma-4-31b-it,"In common usage and dietary classification, a beverage is a type of food (specifically, liquid food)."
WordNetFood_SUB,gt,food,nutriment,,is_a,google/gemma-4-31b-it,"Nutriment refers to any substance that provides nourishment, and food is the primary category of substances consumed to provide that nourishment, making every nutriment a type of food."
WordNetFood_SUB,gt,food,chocolate,,is_a,google/gemma-4-31b-it,"Chocolate is a type of food, meaning every instance of chocolate is also an instance of food."
WordNetFood_SUB,gt,food,baked goods,,is_a,google/gemma-4-31b-it,"Every instance of baked goods is, by definition, a type of food."
WordNetFood_SUB,gt,food,cheese,,is_a,google/gemma-4-31b-it,Every instance of cheese is fundamentally a type of food.
WordNetFood_SUB,gt,food,meat,,is_a,google/gemma-4-31b-it,Every instance of meat is a type of food.
WordNetFood_SUB,gt,food,produce,,is_a,google/gemma-4-31b-it,Produce (referring to agricultural products like fruits and vegetables) is a specific category of food.
WordNetFood_SUB,gt,food,seafood,,is_a,google/gemma-4-31b-it,"Every instance of seafood is, by definition, a type of food."
WordNetFood_SUB,gt,dough,pastry,,made_of,google/gemma-4-31b-it,"A pastry is not a type of dough, but is instead made from dough as its primary constituent material."
WordNetFood_SUB,gt,lobster,lobster tail,,part_of,google/gemma-4-31b-it,"A lobster tail is a physical component or anatomical section of a lobster, not a type of lobster."
WordNetFood_SUB,pred,"diet (diet, fare, food, foodstuff, ingredient, meal, nutriment)",starches,0,part_of,google/gemma-4-31b-it,"Starches are a component or category of food items that make up a diet, but a starch is not a ""kind of"" diet."
WordNetFood_SUB,pred,"diet (diet, fare, food, foodstuff, ingredient, meal, nutriment)",boysenberry,0,other_related,google/gemma-4-31b-it,"A boysenberry is a type of food that can be part of a diet, but it is not a kind of diet itself."
WordNetFood_SUB,pred,beverage,beer,0,is_a,google/gemma-4-31b-it,Every instance of beer is by definition a type of beverage.
WordNetFood_SUB,pred,beverage,brew,0,is_a,google/gemma-4-31b-it,"A brew is a type of beverage, as any instance of a brewed drink is by definition a beverage."
WordNetFood_SUB,pred,flavorer,anchovy sauce,0,is_a,google/gemma-4-31b-it,An anchovy sauce is a specific type of flavorer used in cooking to enhance the taste of food.
WordNetFood_SUB,pred,seafood,octopus,0,is_a,google/gemma-4-31b-it,"An octopus is a type of seafood, as every instance of an octopus (in a culinary or commercial context) is categorized as seafood."
WordNetFood_SUB,pred,"diet (diet, fare, food, foodstuff, ingredient, meal, nutriment)",dough,0,is_a,google/gemma-4-31b-it,"Dough is a type of food, and while 'diet' is used here as a synonym for 'food' or 'fare', dough is a specific kind of foodstuff rather than a category of diet."
WordNetFood_SUB,pred,sweet orange,navel orange,0,is_a,google/gemma-4-31b-it,"A navel orange is a specific variety (type) of sweet orange, meaning every navel orange is necessarily a sweet orange."
WordNetFood_SUB,pred,berry,raspberry,0,is_a,google/gemma-4-31b-it,"A raspberry is a specific type of berry, meaning every instance of a raspberry is also an instance of a berry."
WordNetFood_SUB,pred,"diet (diet, fare, food, foodstuff, ingredient, meal, nutriment)",soup,0,other_related,google/gemma-4-31b-it,"A soup is a type of food that can be part of a diet, but it is not a subclass of 'diet' itself, especially since 'diet' here is used as a synonym for 'fare' or 'foodstuff'."
WordNetFood_SUB,pred,"baked goods (baked goods, pastry)",pie,0,is_a,google/gemma-4-31b-it,"Every pie is a type of baked good, as it is a food item prepared by baking."
WordNetFood_SUB,pred,"baked goods (baked goods, pastry)",bun,0,is_a,google/gemma-4-31b-it,Every bun is by definition a type of baked good.
WordNetFood_SUB,pred,dessert,chocolate,1,other_related,google/gemma-4-31b-it,"While chocolate is often served as a dessert, it is a food substance/ingredient that can be used in many non-dessert contexts (e.g., savory moles), meaning not every instance of chocolate is a dessert."
WordNetFood_SUB,pred,"diet (diet, fare, food, foodstuff, ingredient, meal, nutriment)",seafood,0,other_related,google/gemma-4-31b-it,"Seafood is a type of food that can be part of a diet, but it is not a kind of diet itself."
WordNetFood_SUB,pred,cut,cut of beef,0,is_a,google/gemma-4-31b-it,"A 'cut of beef' is a specific type of 'cut' (a piece of meat removed from a carcass), meaning every instance of a cut of beef is necessarily an instance of a cut."
WordNetFood_SUB,pred,"diet (diet, fare, food, foodstuff, ingredient, meal, nutriment)",vitamin,0,part_of,google/gemma-4-31b-it,"A vitamin is a nutrient that is a component of a diet, but it is not a type of diet itself."
WordNetFood_SUB,pred,"diet (diet, fare, food, foodstuff, ingredient, meal, nutriment)",orange,0,other_related,google/gemma-4-31b-it,"An orange is a food item that can be part of a diet, but it is not a type of diet."
WordNetFood_SUB,pred,legume,marrowfat pea,0,is_a,google/gemma-4-31b-it,"A marrowfat pea is a specific type of legume, meaning every instance of a marrowfat pea is necessarily an instance of a legume."
WordNetFood_SUB,pred,edible fruit,raspberry,0,is_a,google/gemma-4-31b-it,Every raspberry is by definition a type of edible fruit.
WordNetFood_SUB,pred,"diet (diet, fare, food, foodstuff, ingredient, meal, nutriment)",scampi,0,part_of,google/gemma-4-31b-it,"Scampi is a specific type of food or dish that can be part of a person's diet, but it is not a kind of diet itself."
WordNetFood_SUB,pred,meat,cut of beef,0,part_of,google/gemma-4-31b-it,"A 'cut of beef' is a specific portion or piece taken from the larger entity of 'meat', rather than being a type of meat itself."
WordNetFood_SUB,pred,"diet (diet, fare, food, foodstuff, ingredient, meal, nutriment)",pea,0,part_of,google/gemma-4-31b-it,"A pea is a food item that can be part of a diet, but it is not a type of diet itself."
WordNetFood_SUB,pred,dish,tart,1,is_a,google/gemma-4-31b-it,"A tart is a specific kind of prepared food item, and therefore every tart is a type of dish."
WordNetFood_SUB,pred,brew,ale,0,is_a,google/gemma-4-31b-it,"An ale is a specific type of brew (a fermented beverage), meaning every instance of an ale is also an instance of a brew."
WordNetFood_SUB,pred,berry,elderberry,1,other_related,google/gemma-4-31b-it,"While elderberries are commonly called berries in a culinary sense, botanically they are drupes and not true berries, making the relationship a common misclassification or a loose association rather than a strict taxonomic subsumption."
WordNetFood_SUB,pred,starches,bread,0,made_of,google/gemma-4-31b-it,"Bread is not a type of starch, but is rather a food product primarily composed of starches."
WordNetFood_SUB,pred,dessert,gingersnap,1,is_a,google/gemma-4-31b-it,"A gingersnap is a type of cookie, and since cookies are a kind of dessert, every gingersnap is also a dessert."
WordNetFood_SUB,pred,meat,pork,0,is_a,google/gemma-4-31b-it,"Pork is a specific type of meat, meaning every instance of pork is necessarily an instance of meat."
WordNetFood_SUB,pred,vitamin,water-soluble vitamin,0,is_a,google/gemma-4-31b-it,"Every water-soluble vitamin is, by definition, a type of vitamin."
WordNetFood_SUB,pred,dish,scampi,0,is_a,google/gemma-4-31b-it,"Scampi is a specific type of prepared culinary dish, meaning every instance of scampi is also an instance of a dish."
WordNetFood_SUB,pred,"diet (diet, fare, food, foodstuff, ingredient, meal, nutriment)",citrus,0,other_related,google/gemma-4-31b-it,"Citrus is a type of food that can be part of a diet, but it is not a kind of diet itself."
WordNetFood_SUB,pred,snack food,bun,1,other_related,google/gemma-4-31b-it,"A bun is a type of bread or baked good that can be used to make a snack, but it is not inherently a kind of snack food itself."
WordNetFood_SUB,pred,"diet (diet, fare, food, foodstuff, ingredient, meal, nutriment)",beer,0,other_related,google/gemma-4-31b-it,"Beer is not a type of diet, but rather a substance that can be part of or restricted within a diet."
WordNetFood_SUB,pred,"diet (diet, fare, food, foodstuff, ingredient, meal, nutriment)",pie,0,other_related,google/gemma-4-31b-it,"A pie is a type of food that can be part of a person's diet, but it is not a subclass of the concept of a diet itself."
WordNetFood_SUB,pred,dish,lobster tart,1,is_a,google/gemma-4-31b-it,"A lobster tart is a specific type of prepared food item, and every lobster tart is by definition a dish."
WordNetFood_SUB,pred,brew,koumiss,1,is_a,google/gemma-4-31b-it,"Koumiss is a fermented dairy product produced through a brewing-like process, making it a specific type of brew."
WordNetFood_SUB,pred,alcohol,beer,0,is_a,google/gemma-4-31b-it,"Beer is a type of alcoholic beverage, meaning every instance of beer is necessarily an instance of alcohol."
WordNetFood_SUB,pred,salad green,cos,0,is_a,google/gemma-4-31b-it,"Cos (Romaine lettuce) is a specific type of salad green, meaning every instance of cos is necessarily an instance of a salad green."
WordNetFood_SUB,pred,"diet (diet, fare, food, foodstuff, ingredient, meal, nutriment)",field pea,0,part_of,google/gemma-4-31b-it,"A field pea is a specific food item that can be part of a diet, but it is not a type of diet itself."
WordNetFood_SUB,pred,"diet (diet, fare, food, foodstuff, ingredient, meal, nutriment)",greens,0,part_of,google/gemma-4-31b-it,"Greens are a type of food that can be part of a diet, but they are not a kind of diet itself."
WordNetFood_SUB,pred,meat,jerky,0,made_of,google/gemma-4-31b-it,"Jerky is not a type of meat, but rather a food product made from meat through a process of drying and curing."
WordNetFood_SUB,pred,starches,dough,1,made_of,google/gemma-4-31b-it,"Dough is not a type of starch, but rather a mixture primarily composed of starches (like flour)."
WordNetFood_SUB,pred,"diet (diet, fare, food, foodstuff, ingredient, meal, nutriment)",pea flour,0,is_a,google/gemma-4-31b-it,"The term 'diet' is being used here as a synonym for 'food' or 'fare' (as evidenced by its other children like 'beef jerky' and 'ale'), and since pea flour is a type of food, it is a kind of diet in this specific lexical sense."
WordNetFood_SUB,pred,"produce (produce, vegetable)",rice,1,other_related,google/gemma-4-31b-it,"While rice is a food product, in a taxonomic sense, 'produce' typically refers specifically to fresh fruits and vegetables, whereas rice is a grain/cereal."
WordNetFood_SUB,pred,"diet (diet, fare, food, foodstuff, ingredient, meal, nutriment)",grain,0,part_of,google/gemma-4-31b-it,"A grain is a type of food that can be part of a diet, but it is not a kind of diet itself; the provided context shows 'diet' is being used as a broad category for various food items, making 'grain' a component or member of a diet."
WordNetFood_SUB,pred,grain,brown rice,0,is_a,google/gemma-4-31b-it,"Brown rice is a specific type of grain, meaning every instance of brown rice is necessarily an instance of a grain."
WordNetFood_SUB,pred,edible fruit,sweet orange,0,is_a,google/gemma-4-31b-it,"Every sweet orange is, by definition, a type of edible fruit."
WordNetFood_SUB,pred,"diet (diet, fare, food, foodstuff, ingredient, meal, nutriment)",cake,0,other_related,google/gemma-4-31b-it,"A cake is not a type of diet, but rather a food item that can be part of a person's diet or dietary intake."
WordNetFood_SUB,pred,herb,marjoram,0,is_a,google/gemma-4-31b-it,"Marjoram is a specific type of herb, meaning every instance of marjoram is necessarily an instance of a herb."
WordNetFood_SUB,pred,"baked goods (baked goods, pastry)",bear claw,0,is_a,google/gemma-4-31b-it,"A bear claw is a specific type of pastry, and therefore every bear claw is a member of the category of baked goods."
WordNetFood_SUB,pred,dish,"baked goods (baked goods, pastry)",1,is_a,google/gemma-4-31b-it,"A baked good is a specific category of food that can be prepared as a dish, and every baked good (like a cake or bread) is a type of dish in a culinary context."
WordNetFood_SUB,pred,dish,cake,1,is_a,google/gemma-4-31b-it,"A cake is a specific type of prepared food item, which fits the definition of a dish."
WordNetFood_SUB,pred,beverage,spruce beer,0,is_a,google/gemma-4-31b-it,Every instance of spruce beer is by definition a type of beverage.
WordNetFood_SUB,pred,beverage,alcohol,0,is_a,google/gemma-4-31b-it,Every instance of alcohol (when referring to the drink) is a type of beverage.
WordNetFood_SUB,pred,pea,field pea,0,is_a,google/gemma-4-31b-it,"A field pea is a specific type of pea, meaning every instance of a field pea is necessarily an instance of a pea."
WordNetFood_SUB,pred,grain,rice,0,is_a,google/gemma-4-31b-it,"Rice is a specific type of grain, meaning every instance of rice is necessarily an instance of a grain."
WordNetFood_SUB,pred,"diet (diet, fare, food, foodstuff, ingredient, meal, nutriment)",koumiss,0,other_related,google/gemma-4-31b-it,"Koumiss is a specific type of beverage that can be part of a diet, but it is not a kind of diet itself."
WordNetFood_SUB,pred,"baked goods (baked goods, pastry)",tart,0,is_a,google/gemma-4-31b-it,"A tart is a specific type of baked good, meaning every instance of a tart is necessarily an instance of the category of baked goods."
WordNetFood_SUB,pred,tart,lobster tart,0,is_a,google/gemma-4-31b-it,"A lobster tart is a specific type of tart, meaning every instance of a lobster tart is necessarily an instance of a tart."
WordNetFood_SUB,pred,"diet (diet, fare, food, foodstuff, ingredient, meal, nutriment)",applesauce cake,0,other_related,google/gemma-4-31b-it,"An applesauce cake is a type of food that can be part of a diet, but it is not a kind of diet itself."
WordNetFood_SUB,pred,"baked goods (baked goods, pastry)",sweet roll,0,is_a,google/gemma-4-31b-it,"A sweet roll is a specific type of baked good, meaning every instance of a sweet roll is necessarily an instance of the broader category of baked goods."
WordNetFood_SUB,pred,beverage,ale,0,is_a,google/gemma-4-31b-it,Every instance of ale is by definition a type of beverage.
WordNetFood_SUB,pred,orange,sweet orange,0,is_a,google/gemma-4-31b-it,"A sweet orange is a specific variety or type of orange, meaning every instance of a sweet orange is necessarily an instance of an orange."
WordNetFood_SUB,pred,dish,bun,1,part_of,google/gemma-4-31b-it,"A bun is a type of bread or baked good that can be used as a component of a dish (like a burger or sandwich), but it is not a type of ""dish"" itself."
WordNetFood_SUB,pred,"produce (produce, vegetable)",orange,0,is_a,google/gemma-4-31b-it,"An orange is a type of produce, as every instance of an orange is necessarily an instance of the category produce."
WordNetFood_SUB,pred,dessert,corn pudding,0,is_a,google/gemma-4-31b-it,"Corn pudding is a specific type of dessert, meaning every instance of corn pudding is also an instance of a dessert."
WordNetFood_SUB,pred,pie,squash pie,0,is_a,google/gemma-4-31b-it,Every squash pie is by definition a type of pie.
WordNetFood_SUB,pred,dish,corn pudding,0,is_a,google/gemma-4-31b-it,"Corn pudding is a specific type of dish, meaning every instance of corn pudding is necessarily an instance of a dish."
WordNetFood_SUB,pred,seafood,scampi,1,is_a,google/gemma-4-31b-it,"Scampi is a type of crustacean/shellfish, and since all such creatures are categorized as seafood, every instance of scampi is an instance of seafood."
WordNetFood_SUB,pred,concoction,soup,1,is_a,google/gemma-4-31b-it,"While a soup is a mixture of ingredients, 'concoction' typically refers to a mixture created by combining various ingredients, often in an unusual or complex way, making soup a specific type of such a mixture."
WordNetFood_SUB,pred,dessert,cookie,1,other_related,google/gemma-4-31b-it,"While many cookies are served as desserts, not every cookie is a dessert (e.g., a breakfast cookie or a cookie used as an ingredient), and not every dessert is a cookie, making this a functional or situational association rather than a strict taxonomic subsumption."
WordNetFood_SUB,pred,legume,field pea,0,is_a,google/gemma-4-31b-it,"A field pea is a specific type of legume, meaning every instance of a field pea is necessarily an instance of a legume."
WordNetFood_SUB,pred,snack food,"baked goods (baked goods, pastry)",1,other_related,google/gemma-4-31b-it,Not every baked good (such as a loaf of sourdough bread or a birthday cake) is considered a snack food.
WordNetFood_SUB,pred,edible fruit,elderberry,0,is_a,google/gemma-4-31b-it,"An elderberry is a specific type of edible fruit, meaning every instance of an elderberry is also an instance of an edible fruit."
WordNetFood_SUB,pred,"diet (diet, fare, food, foodstuff, ingredient, meal, nutriment)",squash pie,0,other_related,google/gemma-4-31b-it,"A squash pie is a type of food that can be part of a diet, but it is not a subclass of the concept of a diet itself."
WordNetFood_SUB,pred,snack food,sweet roll,1,other_related,google/gemma-4-31b-it,"While a sweet roll can be eaten as a snack, it is fundamentally a type of baked good/bread, whereas 'snack food' is a functional category based on usage rather than a taxonomic class that subsumes all sweet rolls."
WordNetFood_SUB,pred,"diet (diet, fare, food, foodstuff, ingredient, meal, nutriment)",condiment,0,part_of,google/gemma-4-31b-it,"A condiment is a type of food used to enhance flavor, whereas a diet is a general regime or collection of food consumed; a condiment is a component that can be part of a diet, but it is not a kind of diet."
WordNetFood_SUB,pred,ale,spruce beer,1,other_related,google/gemma-4-31b-it,"Spruce beer is a type of beer, but it is distinct from ale, which is a specific category of beer brewed with top-fermenting yeast."
WordNetFood_SUB,pred,jerky,beef jerky,0,is_a,google/gemma-4-31b-it,Every instance of beef jerky is by definition a type of jerky.
WordNetFood_SUB,pred,dish,gingersnap,1,is_a,google/gemma-4-31b-it,"A gingersnap is a type of cookie, and a cookie is a type of dish (in the sense of a prepared food item), meaning every gingersnap is necessarily a dish."
WordNetFood_SUB,pred,dessert,bear claw,1,is_a,google/gemma-4-31b-it,A bear claw is a type of sweet pastry that is commonly served and categorized as a dessert.
WordNetFood_SUB,pred,dish,beef jerky,1,other_related,google/gemma-4-31b-it,"Beef jerky is a type of prepared food item, and while it is edible, it is generally categorized as a snack or a preserved meat product rather than a 'dish', which typically refers to a specific prepared culinary recipe or a plated meal."
WordNetFood_SUB,pred,cheese,camembert,0,is_a,google/gemma-4-31b-it,"Camembert is a specific type of cheese, meaning every instance of camembert is necessarily an instance of cheese."
WordNetFood_SUB,pred,dish,bear claw,1,is_a,google/gemma-4-31b-it,"A bear claw is a specific type of pastry, and since a pastry is a kind of dish (a prepared food item), every bear claw is also a dish."
WordNetFood_SUB,pred,water-soluble vitamin,choline,0,is_a,google/gemma-4-31b-it,Choline is categorized as a water-soluble vitamin because every instance of choline is a type of water-soluble vitamin.
WordNetFood_SUB,pred,snack food,sandwich,0,other_related,google/gemma-4-31b-it,"While some sandwiches are eaten as snacks, not every sandwich is a snack food (e.g., a large sub for lunch), and not every snack food is a sandwich."
WordNetFood_SUB,pred,dish,"diet (diet, fare, food, foodstuff, ingredient, meal, nutriment)",1,other_related,google/gemma-4-31b-it,"A diet is a regime or pattern of eating, whereas a dish is a specific prepared food item; a diet is not a kind of dish, nor is a dish a kind of diet."
WordNetFood_SUB,pred,condiment,anchovy sauce,0,is_a,google/gemma-4-31b-it,"Anchovy sauce is a specific type of condiment, meaning every instance of anchovy sauce is necessarily an instance of a condiment."
WordNetFood_SUB,pred,dish,bread,1,other_related,google/gemma-4-31b-it,"While bread is a type of food, it is a basic food category or ingredient rather than a prepared 'dish' (which typically refers to a specific recipe or meal like 'chicken paprika')."
WordNetFood_SUB,pred,"diet (diet, fare, food, foodstuff, ingredient, meal, nutriment)",marjoram,0,part_of,google/gemma-4-31b-it,"Marjoram is a specific herb used as an ingredient within a diet, but it is not a type of diet itself."
WordNetFood_SUB,pred,"diet (diet, fare, food, foodstuff, ingredient, meal, nutriment)",salad green,0,other_related,google/gemma-4-31b-it,"A 'salad green' is a type of food that can be part of a 'diet', but it is not a kind of diet itself; the provided context shows 'diet' is being used as a broad category for food items rather than a taxonomic class."
WordNetFood_SUB,pred,beverage,pale ale,0,is_a,google/gemma-4-31b-it,Every instance of a pale ale is by definition a type of beverage.
WordNetFood_SUB,pred,dish,squash pie,1,is_a,google/gemma-4-31b-it,"A squash pie is a specific type of dish, as every instance of a squash pie is also an instance of a dish."
WordNetFood_SUB,pred,"diet (diet, fare, food, foodstuff, ingredient, meal, nutriment)",lobster,0,other_related,google/gemma-4-31b-it,"A lobster is an item that can be part of a diet, but it is not a type of diet."
WordNetFood_SUB,pred,"diet (diet, fare, food, foodstuff, ingredient, meal, nutriment)",cochon de lait,0,other_related,google/gemma-4-31b-it,"A 'cochon de lait' (suckling pig) is a specific type of food that can be part of a diet, but it is not a kind of diet itself."
WordNetFood_SUB,pred,"diet (diet, fare, food, foodstuff, ingredient, meal, nutriment)",berry,0,part_of,google/gemma-4-31b-it,"A berry is a type of food that can be part of a diet, but it is not a kind of diet itself."
WordNetFood_SUB,pred,soup,clam chowder,0,is_a,google/gemma-4-31b-it,Every instance of clam chowder is by definition a type of soup.
WordNetFood_SUB,pred,dish,chowder,0,is_a,google/gemma-4-31b-it,Every instance of chowder is a type of dish.
WordNetFood_SUB,pred,"produce (produce, vegetable)",pea,0,is_a,google/gemma-4-31b-it,"A pea is a type of produce, as every instance of a pea is categorized as produce."
WordNetFood_SUB,pred,chowder,clam chowder,0,is_a,google/gemma-4-31b-it,Every instance of clam chowder is by definition a type of chowder.
WordNetFood_SUB,pred,snack food,gingersnap,1,is_a,google/gemma-4-31b-it,"Every gingersnap is a type of snack food, as it fits the definition of a food item typically eaten between meals."
WordNetFood_SUB,pred,"diet (diet, fare, food, foodstuff, ingredient, meal, nutriment)",brown rice,0,other_related,google/gemma-4-31b-it,"Brown rice is a type of food that can be part of a diet, but it is not a kind of diet itself."
WordNetFood_SUB,pred,rice,brown rice,0,is_a,google/gemma-4-31b-it,"Brown rice is a specific type or variety of rice, meaning every instance of brown rice is necessarily an instance of rice."
WordNetFood_SUB,pred,"diet (diet, fare, food, foodstuff, ingredient, meal, nutriment)",anchovy sauce,0,other_related,google/gemma-4-31b-it,"Anchovy sauce is a type of food that can be part of a diet, but it is not a subclass of the concept of a diet itself."
WordNetFood_SUB,pred,beer,ale,0,is_a,google/gemma-4-31b-it,Every instance of ale is by definition a type of beer.
WordNetFood_SUB,pred,bread,sweet roll,0,is_a,google/gemma-4-31b-it,"A sweet roll is a specific type of bread characterized by its sweetness and shape, meaning every sweet roll is inherently a kind of bread."
WordNetFood_SUB,pred,"diet (diet, fare, food, foodstuff, ingredient, meal, nutriment)",tart,0,other_related,google/gemma-4-31b-it,"A tart is a type of food that can be part of a person's diet, but it is not a subclass of the concept of a diet itself."
WordNetFood_SUB,pred,dairy product,camembert,0,is_a,google/gemma-4-31b-it,Every instance of camembert is by definition a type of dairy product.
WordNetFood_SUB,pred,"diet (diet, fare, food, foodstuff, ingredient, meal, nutriment)",legume,0,other_related,google/gemma-4-31b-it,"A legume is a type of food that can be part of a diet, but it is not a kind of diet itself."
WordNetFood_SUB,pred,"diet (diet, fare, food, foodstuff, ingredient, meal, nutriment)",edible fruit,0,other_related,google/gemma-4-31b-it,"An edible fruit is a type of food that can be part of a diet, but it is not a kind of diet itself."
WordNetFood_SUB,pred,dish,sweet roll,1,is_a,google/gemma-4-31b-it,"A sweet roll is a specific type of prepared food item, and since every sweet roll is a kind of dish, the subsumption holds."
WordNetFood_SUB,pred,greens,lettuce,0,is_a,google/gemma-4-31b-it,Every instance of lettuce is a type of leafy green vegetable.
WordNetFood_SUB,pred,"diet (diet, fare, food, foodstuff, ingredient, meal, nutriment)",chowder,0,is_a,google/gemma-4-31b-it,"A chowder is a type of food, and 'diet' is used here as a synonym for 'fare' or 'foodstuff' (the total sum of food consumed), making a chowder a specific kind of food."
WordNetFood_SUB,pred,pea,marrowfat pea,0,is_a,google/gemma-4-31b-it,"A marrowfat pea is a specific variety or type of pea, meaning every instance of a marrowfat pea is necessarily an instance of a pea."
WordNetFood_SUB,pred,pudding,corn pudding,0,is_a,google/gemma-4-31b-it,"Corn pudding is a specific type of pudding, meaning every instance of corn pudding is necessarily an instance of pudding."
WordNetFood_SUB,pred,"diet (diet, fare, food, foodstuff, ingredient, meal, nutriment)",cos,0,part_of,google/gemma-4-31b-it,"'Cos' (a type of lettuce) is a food item that can be part of a 'diet', but it is not a kind of diet."
WordNetFood_SUB,pred,shellfish,lobster,0,is_a,google/gemma-4-31b-it,"A lobster is a type of shellfish, meaning every instance of a lobster is necessarily an instance of a shellfish."
WordNetFood_SUB,pred,"diet (diet, fare, food, foodstuff, ingredient, meal, nutriment)",spruce beer,0,part_of,google/gemma-4-31b-it,"Spruce beer is a specific item that can be consumed as part of a diet, but it is not a type of diet itself."
WordNetFood_SUB,pred,"produce (produce, vegetable)",salad green,0,is_a,google/gemma-4-31b-it,Every instance of a salad green is a type of produce.
WordNetFood_SUB,pred,"diet (diet, fare, food, foodstuff, ingredient, meal, nutriment)",gingersnap,0,other_related,google/gemma-4-31b-it,"A gingersnap is a type of food that can be part of a diet, but it is not a kind of diet itself."
WordNetFood_SUB,pred,flavorer,marjoram,0,is_a,google/gemma-4-31b-it,"Marjoram is a type of herb used as a flavorer, meaning every instance of marjoram is a kind of flavorer."
WordNetFood_SUB,pred,cookie,gingersnap,0,is_a,google/gemma-4-31b-it,Every gingersnap is by definition a type of cookie.
WordNetFood_SUB,pred,alcohol,pale ale,0,is_a,google/gemma-4-31b-it,"Every instance of a pale ale is, by definition, a type of alcohol."
WordNetFood_SUB,pred,flavorer,condiment,0,is_a,google/gemma-4-31b-it,"A condiment is a specific type of flavorer used to enhance the taste of food, meaning every condiment is by definition a flavorer."
WordNetFood_SUB,pred,berry,boysenberry,0,is_a,google/gemma-4-31b-it,"A boysenberry is a specific type of berry, meaning every instance of a boysenberry is necessarily an instance of a berry."
WordNetFood_SUB,pred,"diet (diet, fare, food, foodstuff, ingredient, meal, nutriment)",soul food,0,part_of,google/gemma-4-31b-it,"Soul food is a specific style of cuisine (a type of food), whereas a diet is the sum of food consumed by a person or animal; therefore, soul food is a component or a type of food that can make up a diet, but it is not a ""kind of"" diet."
WordNetFood_SUB,pred,dish,clam chowder,0,is_a,google/gemma-4-31b-it,Every instance of clam chowder is a type of dish.
WordNetFood_SUB,pred,"diet (diet, fare, food, foodstuff, ingredient, meal, nutriment)",navel orange,0,other_related,google/gemma-4-31b-it,"A navel orange is a type of food that can be part of a diet, but it is not a kind of diet itself."
WordNetFood_SUB,pred,"diet (diet, fare, food, foodstuff, ingredient, meal, nutriment)",meat,0,other_related,google/gemma-4-31b-it,"Meat is a type of food that can be part of a diet, but it is not a kind of diet itself."
WordNetFood_SUB,pred,pie,tart,0,is_a,google/gemma-4-31b-it,"While tarts and pies share many characteristics, a tart is a specific type of open-faced pastry that fits the broader definition of a pie."
WordNetFood_SUB,pred,"diet (diet, fare, food, foodstuff, ingredient, meal, nutriment)",beverage,0,part_of,google/gemma-4-31b-it,"A beverage is not a type of diet, but rather a component or item that can be part of a person's diet."
WordNetFood_SUB,pred,"diet (diet, fare, food, foodstuff, ingredient, meal, nutriment)",bear claw,0,other_related,google/gemma-4-31b-it,"A bear claw is a specific type of food that can be part of a person's diet, but it is not a kind of diet itself."
WordNetFood_SUB,pred,"diet (diet, fare, food, foodstuff, ingredient, meal, nutriment)",cheese,0,other_related,google/gemma-4-31b-it,"Cheese is a type of food that can be part of a diet, but it is not a kind of diet itself."
WordNetFood_SUB,pred,"produce (produce, vegetable)",marrowfat pea,0,is_a,google/gemma-4-31b-it,A marrowfat pea is a specific type of agricultural produce.
WordNetFood_SUB,pred,"diet (diet, fare, food, foodstuff, ingredient, meal, nutriment)",alcohol,0,part_of,google/gemma-4-31b-it,"Alcohol is not a type of diet, but rather a substance that can be a component or a restricted item within a specific diet."
WordNetFood_SUB,pred,meat,shellfish,1,other_related,google/gemma-4-31b-it,"While shellfish are edible animal flesh, in culinary and biological taxonomies, 'meat' typically refers specifically to the flesh of mammals (and sometimes poultry), whereas shellfish are categorized under 'seafood'."
WordNetFood_SUB,pred,dish,condiment,1,part_of,google/gemma-4-31b-it,"A condiment is not a type of dish, but rather a substance used to enhance the flavor of a dish or served as a component of one."
WordNetFood_SUB,pred,course,"diet (diet, fare, food, foodstuff, ingredient, meal, nutriment)",1,unrelated,google/gemma-4-31b-it,"A diet (a specific regime of food) is not a type of course (a specific stage of a meal), nor is a course a type of diet; they are distinct concepts within the domain of food."
WordNetFood_SUB,pred,"diet (diet, fare, food, foodstuff, ingredient, meal, nutriment)",bun,0,other_related,google/gemma-4-31b-it,"A bun is a type of food that can be part of a diet, but it is not a kind of diet itself."
WordNetFood_SUB,pred,vitamin,b-complex vitamin,0,is_a,google/gemma-4-31b-it,"A B-complex vitamin is a specific type of vitamin, meaning every instance of a B-complex vitamin is necessarily an instance of a vitamin."
WordNetFood_SUB,pred,concoction,clam chowder,1,is_a,google/gemma-4-31b-it,"A clam chowder is a specific type of concoction (a mixture of various ingredients), meaning every instance of clam chowder is also an instance of a concoction."
WordNetFood_SUB,pred,edible fruit,citrus,0,is_a,google/gemma-4-31b-it,Every instance of citrus is by definition a type of edible fruit.
WordNetFood_SUB,pred,"produce (produce, vegetable)",berry,0,is_a,google/gemma-4-31b-it,"Every berry is a type of produce (agricultural product), meaning the child is a subset of the parent."
WordNetFood_SUB,pred,brew,beer,0,is_a,google/gemma-4-31b-it,"A beer is a specific type of brewed beverage, meaning every instance of beer is also an instance of a brew."
WordNetFood_SUB,pred,dessert,sweet roll,1,other_related,google/gemma-4-31b-it,"While a sweet roll can be served as a dessert, not every sweet roll is a dessert (e.g., it can be a breakfast item), and not every dessert is a sweet roll, making this a functional or situational association rather than a strict taxonomic subsumption."
WordNetFood_SUB,pred,dairy product,cheese,0,is_a,google/gemma-4-31b-it,Every instance of cheese is by definition a type of dairy product.
WordNetFood_SUB,pred,shellfish,scampi,1,made_of,google/gemma-4-31b-it,"Scampi is a dish made from shellfish (specifically langoustines or prawns), meaning the shellfish is an ingredient of the dish."
WordNetFood_SUB,pred,flavorer,chocolate,1,other_related,google/gemma-4-31b-it,"Chocolate is not a type of flavorer, but rather a food item that can be used as a flavorer or ingredient in other products."
WordNetFood_SUB,pred,legume,pea,0,is_a,google/gemma-4-31b-it,"A pea is a specific type of legume, meaning every instance of a pea is necessarily an instance of a legume."
WordNetFood_SUB,pred,meat,beef jerky,0,made_of,google/gemma-4-31b-it,"Beef jerky is a product created from meat as its primary material, rather than being a taxonomic subtype of meat itself."
WordNetFood_SUB,pred,greens,salad green,0,is_a,google/gemma-4-31b-it,"'Salad green' is a specific type of 'greens', meaning every instance of a salad green is necessarily an instance of greens."
WordNetFood_SUB,pred,dish,soul food,1,other_related,google/gemma-4-31b-it,"'Soul food' refers to a broad culinary tradition or category of cuisine, whereas a 'dish' is a specific prepared food item; therefore, soul food is not a kind of dish, but rather a category that contains many different dishes."
WordNetFood_SUB,pred,b-complex vitamin,choline,0,other_related,google/gemma-4-31b-it,"While choline is often grouped with B-complex vitamins due to similar functions, it is chemically not a vitamin and does not belong to the B-complex group."
WordNetFood_SUB,pred,concoction,chowder,1,is_a,google/gemma-4-31b-it,"A chowder is a specific type of concoction (a mixture of various ingredients), meaning every instance of a chowder is also an instance of a concoction."
WordNetFood_SUB,pred,seafood,clam chowder,1,made_of,google/gemma-4-31b-it,"Clam chowder is not a type of seafood, but rather a dish made using seafood as a primary ingredient."
WordNetFood_SUB,pred,"baked goods (baked goods, pastry)",cookie,0,is_a,google/gemma-4-31b-it,Every cookie is by definition a type of baked good.
WordNetFood_SUB,pred,seafood,freshwater fish,0,other_related,google/gemma-4-31b-it,"While 'seafood' is commonly used in culinary contexts to include freshwater fish, biologically and linguistically, 'seafood' refers specifically to food from the sea, making the relationship a general association rather than a strict logical subsumption."
WordNetFood_SUB,pred,dish,anchovy sauce,1,part_of,google/gemma-4-31b-it,"An anchovy sauce is an ingredient or condiment used to prepare or accompany a dish, rather than being a type of dish itself."
WordNetFood_SUB,pred,dessert,pudding,0,is_a,google/gemma-4-31b-it,Every instance of pudding is a type of dessert.
WordNetFood_SUB,pred,seafood,lobster,0,is_a,google/gemma-4-31b-it,Every lobster is a type of seafood.
WordNetFood_SUB,pred,"baked goods (baked goods, pastry)",bread,0,is_a,google/gemma-4-31b-it,Every instance of bread is by definition a type of baked good.
WordNetFood_SUB,pred,"produce (produce, vegetable)",field pea,0,is_a,google/gemma-4-31b-it,"A field pea is a type of agricultural product, meaning every instance of a field pea is also an instance of produce."
WordNetFood_SUB,pred,beer,pale ale,0,is_a,google/gemma-4-31b-it,Every instance of a pale ale is by definition a type of beer.
WordNetFood_SUB,pred,"diet (diet, fare, food, foodstuff, ingredient, meal, nutriment)",cookie,0,other_related,google/gemma-4-31b-it,"A cookie is not a type of diet, but rather a food item that can be part of or compatible with a specific diet."
WordNetFood_SUB,pred,snack food,chocolate candy,1,is_a,google/gemma-4-31b-it,Every instance of chocolate candy is a type of snack food.
WordNetFood_SUB,pred,dish,sandwich,0,is_a,google/gemma-4-31b-it,"A sandwich is a specific type of dish, meaning every instance of a sandwich is also an instance of a dish."
WordNetFood_SUB,pred,"diet (diet, fare, food, foodstuff, ingredient, meal, nutriment)",elderberry,0,other_related,google/gemma-4-31b-it,"An elderberry is a type of food that can be part of a diet, but it is not a kind of diet itself."
WordNetFood_SUB,pred,dish,cookie,1,other_related,google/gemma-4-31b-it,"While a cookie is a type of food, it is a specific baked good rather than a ""dish,"" which typically refers to a prepared culinary preparation or a specific meal item (like scampi or gyro)."
WordNetFood_SUB,pred,"produce (produce, vegetable)",navel orange,0,is_a,google/gemma-4-31b-it,"A navel orange is a specific type of produce, meaning every instance of a navel orange is necessarily an instance of produce."
WordNetFood_SUB,pred,bread,bun,0,is_a,google/gemma-4-31b-it,"A bun is a specific type of bread, meaning every instance of a bun is also an instance of bread."
WordNetFood_SUB,pred,snack food,cookie,1,is_a,google/gemma-4-31b-it,"Every cookie is a type of snack food, as it fits the definition of a small portion of food eaten between meals."
WordNetFood_SUB,pred,dessert,tart,1,is_a,google/gemma-4-31b-it,"A tart is a specific type of dessert, meaning every instance of a tart is also an instance of a dessert."
WordNetFood_SUB,pred,seafood,shellfish,0,is_a,google/gemma-4-31b-it,Every instance of shellfish is by definition a type of seafood.
WordNetFood_SUB,pred,"produce (produce, vegetable)",brown rice,1,is_a,google/gemma-4-31b-it,"Brown rice is a type of agricultural product, and in a commercial or culinary context, it falls under the category of produce."
WordNetFood_SUB,pred,meat,octopus,1,other_related,google/gemma-4-31b-it,"While octopus is a type of food and seafood, it is not a type of meat in a strict taxonomic sense, as 'meat' typically refers to the flesh of mammals (as evidenced by the other children like beef and pork), making the relationship one of general category membership rather than proper subsumption."
WordNetFood_SUB,pred,"diet (diet, fare, food, foodstuff, ingredient, meal, nutriment)",sauce,0,other_related,google/gemma-4-31b-it,"A sauce is not a type of diet, but rather a food item that can be part of a diet or used within a dietary regimen."
WordNetFood_SUB,pred,snack food,chocolate,1,other_related,google/gemma-4-31b-it,"While chocolate is often eaten as a snack, not all chocolate is a snack food (e.g., baking chocolate used as an ingredient), and not all snack foods are chocolate."
WordNetFood_SUB,pred,dish,snack food,0,is_a,google/gemma-4-31b-it,"A snack food is a specific category of dish (a prepared food item), meaning every instance of a snack food is also an instance of a dish."
WordNetFood_SUB,pred,ale,pale ale,0,is_a,google/gemma-4-31b-it,"Every pale ale is by definition a type of ale, representing a proper taxonomic subsumption."
WordNetFood_SUB,pred,sauce,anchovy sauce,0,is_a,google/gemma-4-31b-it,"Every instance of anchovy sauce is, by definition, a type of sauce."
WordNetFood_SUB,pred,dish,pudding,0,is_a,google/gemma-4-31b-it,"A pudding is a specific type of dish, meaning every instance of a pudding is also an instance of a dish."
WordNetFood_SUB,pred,citrus,navel orange,0,is_a,google/gemma-4-31b-it,"Every navel orange is a type of citrus fruit, meaning the child is a specific subclass of the parent."
WordNetFood_SUB,pred,seafood,lobster tail,0,part_of,google/gemma-4-31b-it,"A lobster tail is a specific anatomical part of a lobster, and while it is sold as seafood, it is a component of the animal rather than a taxonomic subclass of the general category of seafood."
WordNetFood_SUB,pred,concoction,sauce,1,is_a,google/gemma-4-31b-it,"A sauce is a type of concoction (a mixture of various ingredients), meaning every instance of a sauce is also an instance of a concoction."
WordNetFood_SUB,pred,"produce (produce, vegetable)",herb,1,is_a,google/gemma-4-31b-it,"An herb is a type of agricultural product (produce), meaning every instance of an herb is also an instance of produce."
WordNetFood_SUB,pred,starches,grain,1,made_of,google/gemma-4-31b-it,"Grains are not a type of starch, but rather they are biological structures that are primarily composed of starch."
WordNetFood_SUB,pred,flavorer,sauce,0,is_a,google/gemma-4-31b-it,"A sauce is a specific type of substance used to flavor food, meaning every sauce is a flavorer."
WordNetFood_SUB,pred,lettuce,cos,0,is_a,google/gemma-4-31b-it,"Cos (also known as Romaine) is a specific variety or type of lettuce, meaning every instance of cos is necessarily an instance of lettuce."
WordNetFood_SUB,pred,"produce (produce, vegetable)",boysenberry,0,is_a,google/gemma-4-31b-it,"A boysenberry is a type of agricultural product, meaning every instance of a boysenberry is also an instance of produce."
WordNetFood_SUB,pred,"produce (produce, vegetable)",legume,0,is_a,google/gemma-4-31b-it,"Every legume (such as a pea or lentil) is a type of produce (agricultural products), meaning the child is a subset of the parent."
WordNetFood_SUB,pred,concoction,anchovy sauce,1,is_a,google/gemma-4-31b-it,"An anchovy sauce is a specific type of concoction (a mixture of various ingredients), meaning every instance of the sauce is also an instance of a concoction."
WordNetFood_SUB,pred,"diet (diet, fare, food, foodstuff, ingredient, meal, nutriment)",clam chowder,0,other_related,google/gemma-4-31b-it,"Clam chowder is a type of food that can be part of a diet, but it is not a subclass of the concept of a diet itself."
WordNetFood_SUB,pred,"diet (diet, fare, food, foodstuff, ingredient, meal, nutriment)",corn pudding,0,other_related,google/gemma-4-31b-it,"Corn pudding is a specific type of food that can be part of a diet, but it is not a subclass of the concept of a diet itself."
WordNetFood_SUB,pred,starches,rice,0,made_of,google/gemma-4-31b-it,"Rice is not a type of starch, but rather a food item that is primarily composed of starch."
WordNetFood_SUB,pred,"produce (produce, vegetable)",sweet orange,0,is_a,google/gemma-4-31b-it,Every sweet orange is a type of produce.
WordNetFood_SUB,pred,"diet (diet, fare, food, foodstuff, ingredient, meal, nutriment)",chocolate candy,0,is_a,google/gemma-4-31b-it,"The term 'diet' is being used here as a synonym for 'food' or 'fare' (as evidenced by its parents and siblings), and since chocolate candy is a type of food, it is a kind of diet in this broad sense."
WordNetFood_SUB,pred,pork,cochon de lait,0,is_a,google/gemma-4-31b-it,'Cochon de lait' (suckling pig) is a specific type of pork product/meat.
WordNetFood_SUB,pred,alcohol,brew,0,is_a,google/gemma-4-31b-it,"A 'brew' (such as a batch of beer or ale) is a type of alcoholic beverage, meaning every instance of a brew is also an instance of alcohol."
WordNetFood_SUB,pred,"diet (diet, fare, food, foodstuff, ingredient, meal, nutriment)",freshwater fish,0,other_related,google/gemma-4-31b-it,"A freshwater fish is a type of food that can be part of a diet, but it is not a kind of diet itself."
WordNetFood_SUB,pred,dish,pie,1,is_a,google/gemma-4-31b-it,"A pie is a specific type of dish, as every instance of a pie is also an instance of a prepared food dish."
CellOntology_SUB,gt,branched duct epithelial cell,cholangiocyte,,is_a,google/gemma-4-31b-it,"A cholangiocyte is a specific type of epithelial cell that lines the branched bile ducts, making it a subclass of branched duct epithelial cells."
CellOntology_SUB,gt,germ line cell,germ cell,,synonym,google/gemma-4-31b-it,"In biological terminology, 'germ cell' and 'germ line cell' are used interchangeably to describe the cells that give rise to gametes."
CellOntology_SUB,gt,germ line cell,germline-derived nurse cell,,is_a,google/gemma-4-31b-it,"A germline-derived nurse cell is a specific type of cell originating from the germ line, meaning every instance of a germline-derived nurse cell is necessarily a germ line cell."
CellOntology_SUB,gt,peripheral nervous system neuron,autonomic neuron,,is_a,google/gemma-4-31b-it,"An autonomic neuron is a specific type of neuron located within the peripheral nervous system, meaning every autonomic neuron is by definition a peripheral nervous system neuron."
CellOntology_SUB,gt,peripheral nervous system neuron,peripheral sensory neuron,,is_a,google/gemma-4-31b-it,"A peripheral sensory neuron is a specific type of neuron located within the peripheral nervous system, meaning every instance of the former is necessarily an instance of the latter."
CellOntology_SUB,gt,sensory neuron,peripheral sensory neuron,,is_a,google/gemma-4-31b-it,"A peripheral sensory neuron is a specific type of sensory neuron located in the peripheral nervous system, meaning every peripheral sensory neuron is necessarily a sensory neuron."
CellOntology_SUB,gt,duct epithelial cell,branched duct epithelial cell,,is_a,google/gemma-4-31b-it,"A branched duct epithelial cell is a specific type of duct epithelial cell characterized by its morphology or arrangement, meaning every instance of the former is necessarily an instance of the latter."
CellOntology_SUB,gt,enteric neuron,intrinsic primary afferent neuron of myenteric plexus,,is_a,google/gemma-4-31b-it,"An intrinsic primary afferent neuron of the myenteric plexus is a specific type of neuron found within the enteric nervous system, meaning every instance of the former is necessarily an instance of the latter."
CellOntology_SUB,gt,lymphocyte of b lineage cd19-positive,b cell cd19-positive,,synonym,google/gemma-4-31b-it,"The terms 'b cell cd19-positive' and 'lymphocyte of b lineage cd19-positive' both describe the same biological entity (a CD19+ B lymphocyte), and the taxonomy explicitly lists 'b cell cd19-positive' as a member of the group containing 'lymphocyte of b lineage cd19-positive'."
CellOntology_SUB,gt,mucus secreting cell,large mucus secreting cholangiocyte,,is_a,google/gemma-4-31b-it,A large mucus secreting cholangiocyte is a specific type of mucus secreting cell that is also a cholangiocyte.
CellOntology_SUB,gt,neurecto-epithelial cell,olfactory epithelial cell,,is_a,google/gemma-4-31b-it,"Olfactory epithelial cells are a specialized type of neuroepithelial cell (neurecto-epithelial cell) derived from the olfactory placode, meaning every olfactory epithelial cell is a kind of neurecto-epithelial cell."
CellOntology_SUB,gt,cholangiocyte,large mucus secreting cholangiocyte,,is_a,google/gemma-4-31b-it,A 'large mucus secreting cholangiocyte' is a specific subtype of 'cholangiocyte' characterized by its size and secretory function.
CellOntology_SUB,gt,vein endothelial cell,schlemms canal endothelial cell,,is_a,google/gemma-4-31b-it,"Schlemm's canal is a specialized venous-like drainage channel in the eye, and its endothelial cells are a specific subtype of vein endothelial cells."
CellOntology_SUB,gt,seromucus secreting cell,mucus secreting cell,,is_a_inverted,google/gemma-4-31b-it,"A seromucous secreting cell is a specific type of secretory cell that produces both serous and mucous secretions, whereas a mucus secreting cell produces only mucus; therefore, a seromucous cell is a specialized subtype of a mucus secreting cell."
CellOntology_SUB,gt,endo-epithelial cell,epithelial cell of alimentary canal,,is_a,google/gemma-4-31b-it,An epithelial cell of the alimentary canal is a specific type of endo-epithelial cell (epithelium lining the internal organs derived from the endoderm).
CellOntology_SUB,gt,endo-epithelial cell,respiratory tract epithelial cell,,is_a,google/gemma-4-31b-it,"A respiratory tract epithelial cell is a specific type of endo-epithelial cell (epithelial cells lining internal organs/cavities), meaning every instance of the former is necessarily an instance of the latter."
CellOntology_SUB,gt,vascular leptomeningeal cell,vlmc nn vascular leptomeningeal cell mmus,,synonym,google/gemma-4-31b-it,"The term 'vlmc nn vascular leptomeningeal cell mmus' is a species-specific identifier (Mus musculus) for the general cell type 'vascular leptomeningeal cell', and both share the exact same set of parent classes in the taxonomy, indicating they denote the same biological concept in different naming c"
CellOntology_SUB,gt,ecto-epithelial cell,neurecto-epithelial cell,,is_a,google/gemma-4-31b-it,"A neurecto-epithelial cell is a specific type of ecto-epithelial cell specialized for the development of the nervous system, meaning every neurecto-epithelial cell is by definition an ecto-epithelial cell."
CellOntology_SUB,gt,sensory receptor cell,sensory epithelial cell,,is_a,google/gemma-4-31b-it,A sensory epithelial cell is a specific type of sensory receptor cell that is derived from or located within an epithelium.
CellOntology_SUB,gt,sensory receptor cell,chemoreceptor cell,,is_a,google/gemma-4-31b-it,A chemoreceptor cell is a specific type of sensory receptor cell that responds to chemical stimuli.
CellOntology_SUB,gt,brain macroglial cell,astrocyte of the forebrain,,is_a,google/gemma-4-31b-it,"An astrocyte of the forebrain is a specific type of brain macroglial cell, meaning every instance of the former is necessarily an instance of the latter."
CellOntology_SUB,gt,epithelial cell of alimentary canal,epithelial cell of stomach,,is_a,google/gemma-4-31b-it,"Every epithelial cell of the stomach is, by definition, a type of epithelial cell found within the alimentary canal."
CellOntology_SUB,gt,sensory epithelial cell,olfactory epithelial cell,,is_a,google/gemma-4-31b-it,"An olfactory epithelial cell is a specific type of sensory epithelial cell, as it is an epithelial cell specialized for the sensory function of olfaction."
CellOntology_SUB,gt,sensory epithelial cell,auditory epithelial cell,,is_a,google/gemma-4-31b-it,"An auditory epithelial cell is a specific type of sensory epithelial cell specialized for hearing, meaning every instance of the former is necessarily an instance of the latter."
CellOntology_SUB,gt,macroglial cell,astrocyte,,is_a,google/gemma-4-31b-it,"An astrocyte is a specific type of macroglial cell, meaning every astrocyte is by definition a macroglial cell."
CellOntology_SUB,gt,macroglial cell,brain macroglial cell,,is_a,google/gemma-4-31b-it,"A 'brain macroglial cell' is a specific type of 'macroglial cell' that is located in the brain, meaning every instance of the former is necessarily an instance of the latter."
CellOntology_SUB,gt,mesenchymal stem cell of adipose tissue,mesenchymal stem cell of orbital adipose tissue,,is_a,google/gemma-4-31b-it,"A mesenchymal stem cell of orbital adipose tissue is a specific type of mesenchymal stem cell of adipose tissue, distinguished by its anatomical origin."
CellOntology_SUB,gt,b cell,b cell cd19-positive,,is_a,google/gemma-4-31b-it,"A 'b cell cd19-positive' is a specific subtype of 'b cell' defined by the expression of the CD19 marker, meaning every CD19-positive B cell is necessarily a B cell."
CellOntology_SUB,gt,mature alpha-beta t cell,mucosal-associated invariant t cell,,is_a,google/gemma-4-31b-it,"Mucosal-associated invariant T (MAIT) cells are a specific subtype of mature T cells that express a semi-invariant T-cell receptor (TCR) of the alpha-beta class, meaning every MAIT cell is by definition a mature alpha-beta T cell."
CellOntology_SUB,gt,afferent neuron,sensory neuron,,is_a,google/gemma-4-31b-it,"In neuroanatomy, sensory neurons are the primary type of afferent neurons (neurons that carry signals toward the central nervous system), meaning every sensory neuron is by definition an afferent neuron."
CellOntology_SUB,gt,electrically responsive cell,neuron,,is_a,google/gemma-4-31b-it,"Every neuron is, by definition, a cell that responds to electrical stimuli, making it a specific type of electrically responsive cell."
CellOntology_SUB,gt,male germ cell,spermatid,,is_a,google/gemma-4-31b-it,"A spermatid is a specific type of male germ cell (specifically a haploid cell resulting from meiosis), meaning every spermatid is by definition a male germ cell."
CellOntology_SUB,gt,neural cell,neuron associated cell,,is_a,google/gemma-4-31b-it,"A 'neuron associated cell' (such as a glial cell) is a specific type of 'neural cell', meaning every instance of the former is necessarily an instance of the latter."
CellOntology_SUB,gt,neural cell,neuron,,is_a,google/gemma-4-31b-it,"Every neuron is, by definition, a type of neural cell."
CellOntology_SUB,gt,neural cell,olfactory epithelial cell,,is_a,google/gemma-4-31b-it,"Olfactory epithelial cells are specialized sensory neurons (or their precursors/supporting cells) that function as the primary neural interface for smell, making them a specific type of neural cell."
CellOntology_SUB,gt,neural cell,retinal cell,,is_a,google/gemma-4-31b-it,"A retinal cell is a specialized type of neural cell found in the retina, meaning every retinal cell is by definition a neural cell."
CellOntology_SUB,gt,neural cell,mesothelial fibroblast of the leptomeninx,,located_in,google/gemma-4-31b-it,"A mesothelial fibroblast is a type of connective tissue cell found within the leptomeninx (a membrane of the nervous system), but it is not a neural cell (neuron or glia) by lineage or function."
CellOntology_SUB,gt,neuron associated cell,glial cell,,is_a,google/gemma-4-31b-it,"A glial cell is a type of cell associated with neurons, and the provided taxonomy lists other glial subtypes (like astrocytes) under 'neuron associated cell', confirming that 'neuron associated cell' serves as a broader category for glial cells."
CellOntology_SUB,gt,auditory epithelial cell,strial basal cell,,is_a,google/gemma-4-31b-it,"A strial basal cell is a specific type of epithelial cell found within the auditory system (specifically the stria vascularis), making it a subtype of auditory epithelial cell."
CellOntology_SUB,gt,endothelial cell of vascular tree,blood vessel endothelial cell,,is_a,google/gemma-4-31b-it,"A blood vessel endothelial cell is a specific type of endothelial cell found within the vascular tree, meaning every instance of the former is necessarily an instance of the latter."
CellOntology_SUB,gt,lymphocyte,t cell,,is_a,google/gemma-4-31b-it,"A T cell is a specific type of lymphocyte, meaning every T cell is by definition a lymphocyte."
CellOntology_SUB,gt,lymphocyte,lymphocyte of b lineage,,is_a,google/gemma-4-31b-it,"A 'lymphocyte of b lineage' is a specific type of 'lymphocyte', meaning every instance of the former is necessarily an instance of the latter."
CellOntology_SUB,gt,blood vessel endothelial cell,vein endothelial cell,,is_a,google/gemma-4-31b-it,"A vein endothelial cell is a specific type of blood vessel endothelial cell, as veins are a category of blood vessels."
CellOntology_SUB,gt,b cell cd19-positive,mature b cell,,is_a,google/gemma-4-31b-it,"Every mature B cell is by definition a B cell that expresses CD19, making it a specific subtype of the CD19-positive B cell population."
CellOntology_SUB,gt,astrocyte of the forebrain,astrocyte of the cerebral cortex,,is_a,google/gemma-4-31b-it,"Every astrocyte of the cerebral cortex is, by definition, an astrocyte of the forebrain, as the cerebral cortex is a part of the forebrain."
CellOntology_SUB,gt,neural crest derived neuron,enteric neuron,,is_a,google/gemma-4-31b-it,"Every enteric neuron is a type of neuron that originates from the neural crest, meaning it is a specific subclass of neural crest derived neurons."
CellOntology_SUB,gt,endothelial cell,endothelial cell of vascular tree,,is_a,google/gemma-4-31b-it,"An endothelial cell of the vascular tree is a specific type of endothelial cell, meaning every instance of the former is necessarily an instance of the latter."
CellOntology_SUB,gt,wide field retinal amacrine cell,wf4 amacrine cell,,is_a,google/gemma-4-31b-it,The 'wf4 amacrine cell' is a specific subtype of the 'wide field retinal amacrine cell' based on its classification and the shared parentage of both terms under 'amacrine cell'.
CellOntology_SUB,gt,epithelial cell of upper respiratory tract,olfactory epithelial cell,,is_a,google/gemma-4-31b-it,"An olfactory epithelial cell is a specific type of epithelial cell found within the upper respiratory tract, meaning every instance of the former is necessarily an instance of the latter."
CellOntology_SUB,gt,t cell,alpha-beta t cell,,is_a,google/gemma-4-31b-it,"An alpha-beta T cell is a specific subtype of T cell characterized by the expression of an $\alpha\beta$ T-cell receptor, meaning every alpha-beta T cell is necessarily a T cell."
CellOntology_SUB,gt,t cell,mature t cell,,is_a,google/gemma-4-31b-it,"A mature T cell is a specific type of T cell that has completed its development, meaning every instance of a mature T cell is necessarily an instance of a T cell."
CellOntology_SUB,gt,gamete-nursing cell,germline-derived nurse cell,,is_a,google/gemma-4-31b-it,"A germline-derived nurse cell is a specific type of gamete-nursing cell that originates from the germline, meaning every instance of the former is necessarily an instance of the latter."
CellOntology_SUB,gt,amacrine cell,wide field retinal amacrine cell,,is_a,google/gemma-4-31b-it,A wide field retinal amacrine cell is a specific subtype of amacrine cell characterized by its extensive dendritic field.
CellOntology_SUB,gt,precursor cell,stem cell,,is_a,google/gemma-4-31b-it,A stem cell is a specific type of precursor cell characterized by its capacity for self-renewal and potency.
CellOntology_SUB,gt,multi fate stem cell,mesenchymal stem cell,,is_a,google/gemma-4-31b-it,A mesenchymal stem cell is a specific type of multipotent (multi-fate) stem cell capable of differentiating into various cell types of the connective tissue.
CellOntology_SUB,gt,multi fate stem cell,stem cell of gastric gland,,is_a,google/gemma-4-31b-it,A stem cell of the gastric gland is a specific type of multi-fate stem cell because it possesses the capacity to differentiate into multiple distinct cell lineages within the gastric mucosa.
CellOntology_SUB,gt,mesothelial fibroblast,mesothelial fibroblast of the leptomeninx,,is_a,google/gemma-4-31b-it,"The term 'mesothelial fibroblast of the leptomeninx' describes a specific subtype of 'mesothelial fibroblast' defined by its anatomical location, meaning every instance of the former is necessarily an instance of the latter."
CellOntology_SUB,gt,germline-derived nurse cell,invertebrate nurse cell,,is_a,google/gemma-4-31b-it,"An invertebrate nurse cell is a specific type of nurse cell that is derived from the germline, meaning every instance of the former is necessarily an instance of the latter."
CellOntology_SUB,gt,eukaryotic cell,spermatid,,is_a,google/gemma-4-31b-it,"A spermatid is a specific type of haploid cell found in males, and since it is a cell with a nucleus and organelles, every spermatid is by definition a eukaryotic cell."
CellOntology_SUB,gt,eukaryotic cell,invertebrate nurse cell,,is_a,google/gemma-4-31b-it,An invertebrate nurse cell is a specialized type of eukaryotic cell found in the germline of various invertebrates.
CellOntology_SUB,gt,eukaryotic cell,epithelial cell,,is_a,google/gemma-4-31b-it,"An epithelial cell is a specific type of eukaryotic cell, meaning every instance of an epithelial cell is necessarily an instance of a eukaryotic cell."
CellOntology_SUB,gt,eukaryotic cell,endothelial cell,,is_a,google/gemma-4-31b-it,"An endothelial cell is a specific type of eukaryotic cell, meaning every instance of an endothelial cell is necessarily an instance of a eukaryotic cell."
CellOntology_SUB,gt,eukaryotic cell,sensory receptor cell,,is_a,google/gemma-4-31b-it,"A sensory receptor cell is a specialized type of eukaryotic cell, meaning every instance of a sensory receptor cell is necessarily an instance of a eukaryotic cell."
CellOntology_SUB,gt,eukaryotic cell,single nucleate cell,,is_a,google/gemma-4-31b-it,"A single nucleate cell is a specific type of eukaryotic cell (as eukaryotes are defined by having a nucleus), meaning every instance of the former is necessarily an instance of the latter."
CellOntology_SUB,gt,eukaryotic cell,leukocyte,,is_a,google/gemma-4-31b-it,"A leukocyte is a type of white blood cell, and since all white blood cells are eukaryotic cells, every instance of a leukocyte is necessarily an instance of a eukaryotic cell."
CellOntology_SUB,gt,eukaryotic cell,neural cell,,is_a,google/gemma-4-31b-it,"Every neural cell is a type of eukaryotic cell, as it possesses a nucleus and membrane-bound organelles characteristic of eukaryotes."
CellOntology_SUB,gt,eukaryotic cell,connective tissue cell,,is_a,google/gemma-4-31b-it,"A connective tissue cell is a specific type of eukaryotic cell, meaning every instance of the former is necessarily an instance of the latter."
CellOntology_SUB,gt,professional antigen presenting cell,mature b cell,,is_a,google/gemma-4-31b-it,"A mature B cell is a specific type of professional antigen-presenting cell, as it possesses the necessary machinery (MHC class II) to present antigens to T cells."
CellOntology_SUB,gt,mature b cell,be cell,,is_a_inverted,google/gemma-4-31b-it,"The term 'be cell' (B-1 cell) is a specific subtype of 'mature b cell', meaning the stated parent ('be cell') is actually the child and the stated child ('mature b cell') is the parent."
CellOntology_SUB,gt,columnarcuboidal epithelial cell,neurecto-epithelial cell,,is_a,google/gemma-4-31b-it,A neurecto-epithelial cell is a specific type of epithelial cell characterized by a columnar or cuboidal morphology.
CellOntology_SUB,gt,hematopoietic cell,leukocyte,,is_a,google/gemma-4-31b-it,"Every leukocyte (white blood cell) is by definition a hematopoietic cell, as leukocytes are the cells derived from the hematopoietic stem cell lineage."
CellOntology_SUB,gt,alpha-beta t cell,mature alpha-beta t cell,,is_a,google/gemma-4-31b-it,"A mature alpha-beta T cell is a specific subtype of alpha-beta T cell characterized by its developmental stage, meaning every instance of the former is necessarily an instance of the latter."
CellOntology_SUB,gt,nucleate cell,single nucleate cell,,is_a,google/gemma-4-31b-it,"A 'single nucleate cell' is a specific type of 'nucleate cell' characterized by having exactly one nucleus, meaning every instance of the former is necessarily an instance of the latter."
CellOntology_SUB,gt,nucleate cell,leukocyte,,is_a,google/gemma-4-31b-it,"Every leukocyte (white blood cell) is a type of cell that possesses a nucleus, making it a specific instance of the broader category of nucleate cells."
CellOntology_SUB,gt,cell,germ line cell,,is_a,google/gemma-4-31b-it,"A germ line cell is a specific type of cell, meaning every instance of a germ line cell is necessarily an instance of a cell."
CellOntology_SUB,gt,cell,secretory cell,,is_a,google/gemma-4-31b-it,"A secretory cell is a specialized type of cell defined by its function of secretion, meaning every secretory cell is necessarily a cell."
CellOntology_SUB,gt,cell,electrically active cell,,is_a,google/gemma-4-31b-it,An electrically active cell is a specific type of cell characterized by its ability to maintain and change its membrane potential.
CellOntology_SUB,gt,cell,motile cell,,is_a,google/gemma-4-31b-it,"A motile cell is a specific type of cell characterized by the ability to move, meaning every motile cell is necessarily a cell."
CellOntology_SUB,gt,cell,eukaryotic cell,,is_a,google/gemma-4-31b-it,"Every eukaryotic cell is, by definition, a type of cell."
CellOntology_SUB,gt,cell,polyploid cell,,is_a,google/gemma-4-31b-it,A polyploid cell is a specific type of cell characterized by having more than two complete sets of chromosomes.
CellOntology_SUB,gt,cell,hematopoietic cell,,is_a,google/gemma-4-31b-it,"A hematopoietic cell is a specific type of cell involved in the formation of blood components, meaning every hematopoietic cell is necessarily a cell."
CellOntology_SUB,gt,cell,nucleate cell,,is_a,google/gemma-4-31b-it,"A nucleate cell is defined as a cell that possesses a nucleus, meaning every nucleate cell is necessarily a cell."
CellOntology_SUB,gt,cell,precursor cell,,is_a,google/gemma-4-31b-it,"A precursor cell is a specific type of cell that serves as a progenitor for other cell types, meaning every precursor cell is necessarily a cell."
CellOntology_SUB,gt,cell,gamete-nursing cell,,is_a,google/gemma-4-31b-it,A gamete-nursing cell is a specialized type of cell.
CellOntology_SUB,gt,lymphocyte of b lineage,b cell,,synonym,google/gemma-4-31b-it,"A 'b cell' is the common name for a 'lymphocyte of b lineage', and the provided taxonomy lists them as sharing nearly identical parentage and containing each other as subtypes, indicating they denote the same biological concept."
CellOntology_SUB,gt,lymphocyte of b lineage,lymphocyte of b lineage cd19-positive,,is_a,google/gemma-4-31b-it,"A 'lymphocyte of b lineage cd19-positive' is a specific subtype of 'lymphocyte of b lineage' defined by the expression of the CD19 marker, meaning every instance of the former is necessarily an instance of the latter."
CellOntology_SUB,gt,germ cell,male germ cell,,is_a,google/gemma-4-31b-it,"Every male germ cell is, by definition, a type of germ cell."
CellOntology_SUB,gt,autonomic neuron,enteric neuron,,is_a,google/gemma-4-31b-it,"An enteric neuron is a specific type of autonomic neuron (specifically part of the enteric nervous system, which is a division of the autonomic nervous system), meaning every enteric neuron is by definition an autonomic neuron."
CellOntology_SUB,gt,autonomic neuron,sympathetic neuron,,is_a,google/gemma-4-31b-it,"Every sympathetic neuron is, by definition, a type of autonomic neuron."
CellOntology_SUB,gt,motile cell,leukocyte,,is_a,google/gemma-4-31b-it,"Every leukocyte (white blood cell) is by definition a cell capable of motility, making it a specific type of motile cell."
CellOntology_SUB,gt,retinal cell,amacrine cell,,is_a,google/gemma-4-31b-it,"An amacrine cell is a specific type of cell found in the retina, meaning every amacrine cell is by definition a retinal cell."
CellOntology_SUB,gt,astrocyte,astrocyte of the forebrain,,is_a,google/gemma-4-31b-it,"An 'astrocyte of the forebrain' is a specific type of 'astrocyte' defined by its location, meaning every instance of the former is necessarily an instance of the latter."
CellOntology_SUB,gt,epithelial cell of stomach,stem cell of gastric gland,,is_a,google/gemma-4-31b-it,"A stem cell of the gastric gland is a specific type of epithelial cell found in the stomach, meaning every instance of the former is necessarily an instance of the latter."
CellOntology_SUB,gt,mature t cell,mature alpha-beta t cell,,is_a,google/gemma-4-31b-it,"Every mature alpha-beta T cell is, by definition, a type of mature T cell, making this a proper subsumption relation."
CellOntology_SUB,gt,epithelial cell,duct epithelial cell,,is_a,google/gemma-4-31b-it,"A duct epithelial cell is a specific type of epithelial cell that lines the ducts of glands or organs, meaning every instance of the former is necessarily an instance of the latter."
CellOntology_SUB,gt,epithelial cell,columnarcuboidal epithelial cell,,is_a,google/gemma-4-31b-it,"A columnarcuboidal epithelial cell is a specific morphological subtype of epithelial cell, meaning every instance of the former is necessarily an instance of the latter."
CellOntology_SUB,gt,epithelial cell,sensory epithelial cell,,is_a,google/gemma-4-31b-it,"A sensory epithelial cell is a specialized type of epithelial cell that possesses sensory capabilities, meaning every sensory epithelial cell is necessarily an epithelial cell."
CellOntology_SUB,gt,epithelial cell,endo-epithelial cell,,is_a,google/gemma-4-31b-it,"An endo-epithelial cell is a specific type of epithelial cell (specifically those derived from the endoderm or lining internal organs), meaning every endo-epithelial cell is by definition an epithelial cell."
CellOntology_SUB,gt,epithelial cell,ecto-epithelial cell,,is_a,google/gemma-4-31b-it,"An ecto-epithelial cell is a specific type of epithelial cell derived from the ectoderm, meaning every ecto-epithelial cell is necessarily an epithelial cell."
CellOntology_SUB,gt,epithelial cell,secretory epithelial cell,,is_a,google/gemma-4-31b-it,A secretory epithelial cell is a specific type of epithelial cell that possesses the additional functional characteristic of secretion.
CellOntology_SUB,gt,stem cell,multi fate stem cell,,is_a,google/gemma-4-31b-it,A multi-fate stem cell is a specific type of stem cell characterized by its ability to differentiate into multiple cell lineages.
CellOntology_SUB,gt,sympathetic neuron,superior cervical ganglion thnpy neuron,,is_a,google/gemma-4-31b-it,A superior cervical ganglion thnpy neuron is a specific type of sympathetic neuron located within the superior cervical ganglion.
CellOntology_SUB,gt,leukocyte,professional antigen presenting cell,,is_a,google/gemma-4-31b-it,"Professional antigen presenting cells (such as dendritic cells, macrophages, and B cells) are a specialized subset of leukocytes."
CellOntology_SUB,gt,leukocyte,mononuclear leukocyte,,is_a,google/gemma-4-31b-it,"A mononuclear leukocyte is a specific type of leukocyte characterized by having a single, non-lobed nucleus."
CellOntology_SUB,gt,be cell,be1 cell,,is_a,google/gemma-4-31b-it,"A 'be1 cell' is a specific subtype of 'be cell' (both being specialized B cells), meaning every be1 cell is necessarily a be cell."
CellOntology_SUB,gt,secretory cell,seromucus secreting cell,,is_a,google/gemma-4-31b-it,A seromucus secreting cell is a specific type of secretory cell that secretes both serous and mucous products.
CellOntology_SUB,gt,secretory cell,steroid hormone secreting cell,,is_a,google/gemma-4-31b-it,"A steroid hormone secreting cell is a specific type of secretory cell, as it performs the general function of secretion but specializes in the production of steroid hormones."
CellOntology_SUB,gt,secretory cell,secretory epithelial cell,,is_a,google/gemma-4-31b-it,"A secretory epithelial cell is a specific type of secretory cell that also possesses the characteristics of an epithelial cell, meaning every instance of the former is necessarily an instance of the latter."
CellOntology_SUB,gt,interneuron,amacrine cell,,is_a,google/gemma-4-31b-it,"An amacrine cell is a specific type of interneuron found in the retina, meaning every amacrine cell is by definition an interneuron."
CellOntology_SUB,gt,respiratory tract epithelial cell,epithelial cell of upper respiratory tract,,is_a,google/gemma-4-31b-it,"An epithelial cell of the upper respiratory tract is a specific type of respiratory tract epithelial cell, meaning every instance of the former is necessarily an instance of the latter."
CellOntology_SUB,gt,peripheral sensory neuron,intrinsic primary afferent neuron of myenteric plexus,,is_a,google/gemma-4-31b-it,"An intrinsic primary afferent neuron (IPAN) of the myenteric plexus is a specific type of sensory neuron located in the peripheral nervous system (specifically the enteric nervous system), meaning every IPAN is a peripheral sensory neuron."
CellOntology_SUB,gt,astrocyte of the cerebral cortex,interlaminar astrocyte,,is_a,google/gemma-4-31b-it,"An interlaminar astrocyte is a specific subtype of astrocyte found within the layers of the cerebral cortex, meaning every interlaminar astrocyte is by definition an astrocyte of the cerebral cortex."
CellOntology_SUB,gt,mesothelial fibroblast of the leptomeninx,vascular leptomeningeal cell,,is_a,google/gemma-4-31b-it,"The 'vascular leptomeningeal cell' is a specialized subtype of the 'mesothelial fibroblast of the leptomeninx', as it shares the same lineage and general characteristics but is specifically associated with the vasculature."
CellOntology_SUB,gt,electrically signaling cell,neuron,,is_a,google/gemma-4-31b-it,"Every neuron is, by definition, a cell that signals using electrical impulses, making it a specific type of electrically signaling cell."
CellOntology_SUB,gt,connective tissue cell,mesenchymal stem cell,,is_a,google/gemma-4-31b-it,Mesenchymal stem cells are a specific type of multipotent cell that belongs to the broader category of connective tissue cells.
CellOntology_SUB,gt,connective tissue cell,stromal cell,,is_a,google/gemma-4-31b-it,"Stromal cells are the structural cells of the stroma, which is composed of connective tissue, making every stromal cell a type of connective tissue cell."
CellOntology_SUB,gt,fibroblast,mesothelial fibroblast,,is_a,google/gemma-4-31b-it,"A mesothelial fibroblast is a specific subtype of fibroblast found in the mesothelium, meaning every mesothelial fibroblast is by definition a fibroblast."
CellOntology_SUB,gt,steroid hormone secreting cell,androgen secreting cell,,is_a,google/gemma-4-31b-it,"An androgen secreting cell is a specific type of steroid hormone secreting cell, as androgens are a subclass of steroid hormones."
CellOntology_SUB,gt,mononuclear leukocyte,lymphocyte,,is_a,google/gemma-4-31b-it,"A lymphocyte is a specific type of mononuclear leukocyte (a leukocyte with a single, non-lobed nucleus), meaning every lymphocyte is by definition a mononuclear leukocyte."
CellOntology_SUB,gt,chemoreceptor cell,olfactory epithelial cell,,is_a,google/gemma-4-31b-it,An olfactory epithelial cell (specifically the olfactory sensory neuron) is a specialized type of chemoreceptor cell used to detect odorants.
CellOntology_SUB,gt,glial cell,macroglial cell,,is_a,google/gemma-4-31b-it,"A macroglial cell is a specific type of glial cell (distinguished from microglia), meaning every macroglial cell is by definition a glial cell."
CellOntology_SUB,gt,glial cell,cerebral cortex glial cell,,is_a,google/gemma-4-31b-it,"A 'cerebral cortex glial cell' is a specific type of 'glial cell' that is located in the cerebral cortex, meaning every instance of the former is necessarily an instance of the latter."
CellOntology_SUB,gt,electrically active cell,electrically responsive cell,,is_a,google/gemma-4-31b-it,"A cell that is electrically responsive is, by definition, a cell that is electrically active, as responsiveness to electrical stimuli is a specific form of electrical activity."
CellOntology_SUB,gt,electrically active cell,electrically signaling cell,,is_a,google/gemma-4-31b-it,"An electrically signaling cell is a specific type of electrically active cell, as signaling (the transmission of information) is a specialized function of the broader capacity to be electrically active."
CellOntology_SUB,gt,secretory epithelial cell,large mucus secreting cholangiocyte,,is_a,google/gemma-4-31b-it,"A large mucus secreting cholangiocyte is a specific type of epithelial cell that possesses secretory functions, making it a subset of secretory epithelial cells."
CellOntology_SUB,gt,cerebral cortex glial cell,astrocyte of the cerebral cortex,,is_a,google/gemma-4-31b-it,"An astrocyte of the cerebral cortex is a specific type of glial cell found within the cerebral cortex, meaning every instance of the former is necessarily an instance of the latter."
CellOntology_SUB,gt,neuron,neural crest derived neuron,,is_a,google/gemma-4-31b-it,"Every neural crest derived neuron is, by definition, a type of neuron."
CellOntology_SUB,gt,neuron,afferent neuron,,is_a,google/gemma-4-31b-it,"An afferent neuron is a specific type of neuron that carries sensory information toward the central nervous system, meaning every afferent neuron is necessarily a neuron."
CellOntology_SUB,gt,neuron,central nervous system neuron,,is_a,google/gemma-4-31b-it,"Every central nervous system neuron is, by definition, a type of neuron."
CellOntology_SUB,gt,neuron,peripheral nervous system neuron,,is_a,google/gemma-4-31b-it,"A peripheral nervous system neuron is a specific type of neuron, meaning every instance of the former is necessarily an instance of the latter."
CellOntology_SUB,gt,polyploid cell,invertebrate nurse cell,,is_a,google/gemma-4-31b-it,"An invertebrate nurse cell is a specific type of cell that undergoes endoreplication to become polyploid, meaning every invertebrate nurse cell is a polyploid cell."
CellOntology_SUB,gt,single nucleate cell,mononuclear leukocyte,,is_a,google/gemma-4-31b-it,"A mononuclear leukocyte is, by definition, a type of cell that possesses a single nucleus, meaning every instance of a mononuclear leukocyte is necessarily an instance of a single nucleate cell."
CellOntology_SUB,gt,stromal cell,fibroblast,,is_a,google/gemma-4-31b-it,"A fibroblast is a specific type of stromal cell found within connective tissues, meaning every fibroblast is by definition a stromal cell."
CellOntology_SUB,gt,central nervous system neuron,interneuron,,is_a,google/gemma-4-31b-it,"An interneuron is a specific type of neuron found within the central nervous system, meaning every interneuron is by definition a central nervous system neuron."
CellOntology_SUB,gt,mesenchymal stem cell,mesenchymal stem cell of adipose tissue,,is_a,google/gemma-4-31b-it,"A mesenchymal stem cell of adipose tissue is a specific type of mesenchymal stem cell characterized by its origin/location, meaning every instance of the former is necessarily an instance of the latter."
CellOntology_SUB,pred,neural cell,neurecto-epithelial cell,1,derives_from,google/gemma-4-31b-it,Neurecto-epithelial cells are the progenitor cells from which the neural lineage (including neural cells) originates during embryonic development.
CellOntology_SUB,pred,nucleate cell,cerebral cortex glial cell,1,is_a,google/gemma-4-31b-it,"A cerebral cortex glial cell is a type of cell that possesses a nucleus, and therefore every instance of a cerebral cortex glial cell is also an instance of a nucleate cell."
CellOntology_SUB,pred,nucleate cell,superior cervical ganglion thnpy neuron,1,is_a,google/gemma-4-31b-it,"A 'superior cervical ganglion thnpy neuron' is a type of neuron, and since all neurons are cells that possess a nucleus, it is by definition a nucleate cell."
CellOntology_SUB,pred,"cell (cell, eukaryotic cell)",strial basal cell,0,is_a,google/gemma-4-31b-it,"A strial basal cell is a specific type of cell, meaning every instance of a strial basal cell is necessarily an instance of a cell."
CellOntology_SUB,pred,"cell (cell, eukaryotic cell)",seromucus secreting cell,0,is_a,google/gemma-4-31b-it,"A seromucus secreting cell is a specialized type of cell, meaning every instance of the former is necessarily an instance of the latter."
CellOntology_SUB,pred,neural cell,interneuron,0,is_a,google/gemma-4-31b-it,"An interneuron is a specific type of neuron, and since all neurons are neural cells, every interneuron is necessarily a neural cell."
CellOntology_SUB,pred,cerebral cortex glial cell,brain macroglial cell,1,is_a_inverted,google/gemma-4-31b-it,"A 'brain macroglial cell' is a general type of cell found throughout the brain, whereas a 'cerebral cortex glial cell' is a glial cell specifically located in the cerebral cortex; therefore, the latter is a subtype of the former."
CellOntology_SUB,pred,nucleate cell,precursor cell,1,derives_from,google/gemma-4-31b-it,"A precursor cell is a cell that develops into a more specialized cell type, and while it may be nucleate, the primary relationship is one of developmental origin rather than a taxonomic classification of ""nucleate cell"" as its defining genus."
CellOntology_SUB,pred,mesenchymal stem cell,mesenchymal stem cell of adipose tissue,0,is_a,google/gemma-4-31b-it,"A mesenchymal stem cell of adipose tissue is a specific type of mesenchymal stem cell, characterized by its tissue of origin."
CellOntology_SUB,pred,"cell (cell, eukaryotic cell)",endothelial cell of vascular tree,0,is_a,google/gemma-4-31b-it,"An endothelial cell of the vascular tree is a specific type of cell, meaning every instance of the former is necessarily an instance of the latter."
CellOntology_SUB,pred,glial cell,vascular leptomeningeal cell,1,unrelated,google/gemma-4-31b-it,"Vascular leptomeningeal cells are specialized fibroblast-like cells of the meninges (mesenchymal origin), whereas glial cells are neuroectodermal cells; they are distinct cell lineages that both support the nervous system but do not share a subsumption relationship."
CellOntology_SUB,pred,neuron,peripheral nervous system neuron,0,is_a,google/gemma-4-31b-it,"A peripheral nervous system neuron is a specific type of neuron, meaning every instance of the former is necessarily an instance of the latter."
CellOntology_SUB,pred,nucleate cell,central nervous system neuron,1,is_a,google/gemma-4-31b-it,"A central nervous system neuron is a type of cell that possesses a nucleus, making it a member of the class of nucleate cells."
CellOntology_SUB,pred,neural crest derived neuron,superior cervical ganglion thnpy neuron,1,is_a,google/gemma-4-31b-it,"The superior cervical ganglion (SCG) is part of the sympathetic nervous system, and its neurons are developmentally derived from the neural crest; therefore, every SCG neuron is a type of neural crest-derived neuron."
CellOntology_SUB,pred,connective tissue cell,fibroblast,0,is_a,google/gemma-4-31b-it,"A fibroblast is a specific type of cell found within connective tissue, meaning every fibroblast is by definition a connective tissue cell."
CellOntology_SUB,pred,"cell (cell, eukaryotic cell)",blood vessel endothelial cell,0,is_a,google/gemma-4-31b-it,"A blood vessel endothelial cell is a specific type of cell, meaning every instance of the former is necessarily an instance of the latter."
CellOntology_SUB,pred,neural cell,neural crest derived neuron,0,is_a,google/gemma-4-31b-it,"Every neural crest derived neuron is, by definition, a type of neural cell."
CellOntology_SUB,pred,respiratory tract epithelial cell,epithelial cell of upper respiratory tract,0,is_a,google/gemma-4-31b-it,"An epithelial cell of the upper respiratory tract is a specific type of respiratory tract epithelial cell, meaning every instance of the former is necessarily an instance of the latter."
CellOntology_SUB,pred,stromal cell,mesothelial fibroblast of the leptomeninx,0,is_a,google/gemma-4-31b-it,"A mesothelial fibroblast of the leptomeninx is a specific type of fibroblast, and since fibroblasts are a type of stromal cell, the child is a specialized instance of the parent class."
CellOntology_SUB,pred,"hematopoietic cell (hematopoietic cell, leukocyte)",alpha-beta t cell,0,is_a,google/gemma-4-31b-it,"An alpha-beta T cell is a specific type of hematopoietic cell, as all T cells are derived from hematopoietic stem cells and belong to the category of blood-forming cells."
CellOntology_SUB,pred,neuron associated cell,macroglial cell,0,is_a,google/gemma-4-31b-it,"A macroglial cell is a specific type of cell associated with neurons, meaning every instance of a macroglial cell is necessarily an instance of a neuron associated cell."
CellOntology_SUB,pred,nucleate cell,gamete-nursing cell,1,is_a,google/gemma-4-31b-it,"A gamete-nursing cell (such as a nurse cell in oogenesis) is a type of cell that contains a nucleus, making it a specific instance of the broader category of nucleate cells."
CellOntology_SUB,pred,"cell (cell, eukaryotic cell)",amacrine cell,0,is_a,google/gemma-4-31b-it,"An amacrine cell is a specific type of cell found in the retina, meaning every instance of an amacrine cell is necessarily an instance of a cell."
CellOntology_SUB,pred,epithelial cell,secretory epithelial cell,0,is_a,google/gemma-4-31b-it,A secretory epithelial cell is a specific type of epithelial cell that possesses the additional functional characteristic of secretion.
CellOntology_SUB,pred,neural crest derived neuron,peripheral sensory neuron,1,derives_from,google/gemma-4-31b-it,"While many peripheral sensory neurons (such as those in the dorsal root ganglia) are derived from the neural crest, the relationship is fundamentally one of developmental origin rather than a taxonomic ""is-a"" classification, as ""neural crest derived"" describes the lineage of the cell."
CellOntology_SUB,pred,astrocyte,"astrocyte of the cerebral cortex (astrocyte of the cerebral cortex, interlaminar astrocyte)",0,is_a,google/gemma-4-31b-it,"An astrocyte of the cerebral cortex is a specific type of astrocyte defined by its location, meaning every instance of the former is necessarily an instance of the latter."
CellOntology_SUB,pred,amacrine cell,wf4 amacrine cell,0,is_a,google/gemma-4-31b-it,A 'wf4 amacrine cell' is a specific subtype of 'amacrine cell' based on its morphological and functional characteristics.
CellOntology_SUB,pred,"electrically active cell (electrically active cell, electrically responsive cell, electrically signaling cell)",wf4 amacrine cell,0,is_a,google/gemma-4-31b-it,"A wf4 amacrine cell is a specific type of amacrine cell, and since all amacrine cells are neurons that exhibit electrical activity, every instance of a wf4 amacrine cell is necessarily an electrically active cell."
CellOntology_SUB,pred,nucleate cell,epithelial cell of alimentary canal,1,is_a,google/gemma-4-31b-it,"An epithelial cell of the alimentary canal is a type of cell that possesses a nucleus, meaning every instance of the former is necessarily an instance of the latter."
CellOntology_SUB,pred,interneuron,amacrine cell,0,is_a,google/gemma-4-31b-it,"An amacrine cell is a specific type of interneuron found in the retina, meaning every amacrine cell is by definition an interneuron."
CellOntology_SUB,pred,enteric neuron,intrinsic primary afferent neuron of myenteric plexus,0,is_a,google/gemma-4-31b-it,An intrinsic primary afferent neuron of the myenteric plexus is a specific subtype of enteric neuron.
CellOntology_SUB,pred,"cell (cell, eukaryotic cell)",duct epithelial cell,0,is_a,google/gemma-4-31b-it,"A duct epithelial cell is a specific type of cell, meaning every instance of a duct epithelial cell is necessarily an instance of a cell."
CellOntology_SUB,pred,nucleate cell,neural cell,1,is_a,google/gemma-4-31b-it,"A neural cell is a type of cell that possesses a nucleus, making it a specific instance of the broader category of nucleate cells."
CellOntology_SUB,pred,"electrically active cell (electrically active cell, electrically responsive cell, electrically signaling cell)",chemoreceptor cell,1,is_a,google/gemma-4-31b-it,"Chemoreceptor cells are specialized sensory cells that generate electrical signals (receptor potentials) in response to chemical stimuli, making them a specific type of electrically active cell."
CellOntology_SUB,pred,professional antigen presenting cell,mature b cell,0,is_a,google/gemma-4-31b-it,"A mature B cell is a specific type of professional antigen-presenting cell, as it expresses MHC class II and presents antigens to T cells."
CellOntology_SUB,pred,neuron,enteric neuron,0,is_a,google/gemma-4-31b-it,"An enteric neuron is a specific type of neuron found in the enteric nervous system, meaning every enteric neuron is necessarily a neuron."
CellOntology_SUB,pred,"hematopoietic cell (hematopoietic cell, leukocyte)",lymphocyte,0,is_a,google/gemma-4-31b-it,A lymphocyte is a specific type of cell that originates from and is categorized as a hematopoietic cell.
CellOntology_SUB,pred,"cell (cell, eukaryotic cell)",epithelial cell of stomach,0,is_a,google/gemma-4-31b-it,"An epithelial cell of the stomach is a specific type of cell, meaning every instance of the former is necessarily an instance of the latter."
CellOntology_SUB,pred,secretory epithelial cell,large mucus secreting cholangiocyte,0,is_a,google/gemma-4-31b-it,"A large mucus secreting cholangiocyte is a specific type of epithelial cell that possesses secretory functions, making it a subset of secretory epithelial cells."
CellOntology_SUB,pred,nucleate cell,large mucus secreting cholangiocyte,1,is_a,google/gemma-4-31b-it,"A large mucus secreting cholangiocyte is a type of cell that possesses a nucleus, making it a member of the class of nucleate cells."
CellOntology_SUB,pred,"cell (cell, eukaryotic cell)",spermatid,0,is_a,google/gemma-4-31b-it,"A spermatid is a specific type of cell (specifically a haploid male germ cell), meaning every instance of a spermatid is necessarily an instance of a cell."
CellOntology_SUB,pred,secretory epithelial cell,steroid hormone secreting cell,1,is_a,google/gemma-4-31b-it,Steroid hormone secreting cells (such as those in the adrenal cortex or gonads) are specialized types of secretory epithelial cells.
CellOntology_SUB,pred,nucleate cell,intrinsic primary afferent neuron of myenteric plexus,1,is_a,google/gemma-4-31b-it,"An intrinsic primary afferent neuron of the myenteric plexus is a type of neuron, and all neurons are eukaryotic cells that possess a nucleus, making them instances of nucleate cells."
CellOntology_SUB,pred,"electrically active cell (electrically active cell, electrically responsive cell, electrically signaling cell)",glial cell,1,other_related,google/gemma-4-31b-it,"While some glial cells exhibit electrical properties (like calcium waves), they are fundamentally defined by their support role and lack the specialized action-potential-generating machinery that defines the class of electrically active cells (primarily neurons)."
CellOntology_SUB,pred,glial cell,"astrocyte of the cerebral cortex (astrocyte of the cerebral cortex, interlaminar astrocyte)",0,is_a,google/gemma-4-31b-it,"An astrocyte of the cerebral cortex is a specific type of glial cell, meaning every instance of the former is necessarily an instance of the latter."
CellOntology_SUB,pred,"cell (cell, eukaryotic cell)",sympathetic neuron,0,is_a,google/gemma-4-31b-it,"Every sympathetic neuron is, by definition, a type of cell."
CellOntology_SUB,pred,neuron,interneuron,0,is_a,google/gemma-4-31b-it,"An interneuron is a specific type of neuron that transmits impulses between other neurons, meaning every interneuron is by definition a neuron."
CellOntology_SUB,pred,"cell (cell, eukaryotic cell)",stem cell,0,is_a,google/gemma-4-31b-it,A stem cell is a specific type of cell characterized by its ability to self-renew and differentiate.
CellOntology_SUB,pred,precursor cell,multi fate stem cell,0,is_a,google/gemma-4-31b-it,"A multi-fate stem cell is a specific type of precursor cell, as all stem cells function as precursors to more specialized cell types."
CellOntology_SUB,pred,"cell (cell, eukaryotic cell)",vlmc nn vascular leptomeningeal cell mmus,0,is_a,google/gemma-4-31b-it,"A vascular leptomeningeal cell is a specific type of cell, meaning every instance of the former is necessarily an instance of the latter."
CellOntology_SUB,pred,nucleate cell,alpha-beta t cell,0,is_a,google/gemma-4-31b-it,"An alpha-beta T cell is a specific type of cell that possesses a nucleus, making it a member of the class of nucleate cells."
CellOntology_SUB,pred,nucleate cell,interneuron,1,is_a,google/gemma-4-31b-it,"An interneuron is a type of neuron, and since all neurons are eukaryotic cells that possess a nucleus, every interneuron is by definition a nucleate cell."
CellOntology_SUB,pred,cerebral cortex glial cell,"astrocyte of the cerebral cortex (astrocyte of the cerebral cortex, interlaminar astrocyte)",0,is_a,google/gemma-4-31b-it,"An astrocyte of the cerebral cortex is a specific type of glial cell found within the cerebral cortex, meaning every instance of the former is necessarily an instance of the latter."
CellOntology_SUB,pred,lymphocyte,mature t cell,0,is_a,google/gemma-4-31b-it,"A mature T cell is a specific type of lymphocyte, meaning every instance of a mature T cell is necessarily an instance of a lymphocyte."
CellOntology_SUB,pred,neuron,"afferent neuron (afferent neuron, sensory neuron)",0,is_a,google/gemma-4-31b-it,"An afferent neuron is a specific type of neuron that carries sensory information toward the central nervous system, meaning every afferent neuron is necessarily a neuron."
CellOntology_SUB,pred,auditory epithelial cell,strial basal cell,0,is_a,google/gemma-4-31b-it,"A strial basal cell is a specific type of epithelial cell found within the auditory system (specifically the stria vascularis), making it a subclass of auditory epithelial cells."
CellOntology_SUB,pred,"cell (cell, eukaryotic cell)",multi fate stem cell,0,is_a,google/gemma-4-31b-it,"A multi fate stem cell is a specific type of cell, meaning every instance of a multi fate stem cell is necessarily an instance of a cell."
CellOntology_SUB,pred,mesenchymal stem cell of adipose tissue,mesenchymal stem cell of orbital adipose tissue,0,is_a,google/gemma-4-31b-it,"A mesenchymal stem cell of orbital adipose tissue is a specific type of mesenchymal stem cell of adipose tissue, where the orbital location further specifies the general category."
CellOntology_SUB,pred,"cell (cell, eukaryotic cell)",chemoreceptor cell,0,is_a,google/gemma-4-31b-it,"A chemoreceptor cell is a specialized type of cell, meaning every instance of a chemoreceptor cell is necessarily an instance of a cell."
CellOntology_SUB,pred,nucleate cell,sympathetic neuron,1,is_a,google/gemma-4-31b-it,"A sympathetic neuron is a type of cell that possesses a nucleus, meaning every instance of a sympathetic neuron is necessarily an instance of a nucleate cell."
CellOntology_SUB,pred,nucleate cell,spermatid,1,is_a,google/gemma-4-31b-it,"A spermatid is a type of cell that contains a nucleus, and therefore every instance of a spermatid is necessarily an instance of a nucleate cell."
CellOntology_SUB,pred,"cell (cell, eukaryotic cell)",endothelial cell,0,is_a,google/gemma-4-31b-it,"An endothelial cell is a specific type of cell, meaning every instance of an endothelial cell is necessarily an instance of a cell."
CellOntology_SUB,pred,lymphocyte,t cell,0,is_a,google/gemma-4-31b-it,"A T cell is a specific type of lymphocyte, meaning every T cell is by definition a lymphocyte."
CellOntology_SUB,pred,"cell (cell, eukaryotic cell)",mature b cell,0,is_a,google/gemma-4-31b-it,"A mature B cell is a specific type of cell, meaning every instance of a mature B cell is necessarily an instance of a cell."
CellOntology_SUB,pred,lymphocyte,"b cell (b cell, lymphocyte of b lineage)",0,is_a,google/gemma-4-31b-it,"A B cell is a specific type of lymphocyte, meaning every B cell is necessarily a lymphocyte."
CellOntology_SUB,pred,lymphocyte,mature b cell,0,is_a,google/gemma-4-31b-it,"A mature B cell is a specific type of lymphocyte, meaning every instance of a mature B cell is necessarily an instance of a lymphocyte."
CellOntology_SUB,pred,nucleate cell,auditory epithelial cell,1,is_a,google/gemma-4-31b-it,"An auditory epithelial cell is a type of eukaryotic cell that possesses a nucleus, and therefore every instance of an auditory epithelial cell is by definition a nucleate cell."
CellOntology_SUB,pred,alpha-beta t cell,mature alpha-beta t cell,0,is_a,google/gemma-4-31b-it,"A mature alpha-beta T cell is a specific subtype of alpha-beta T cell characterized by its developmental stage, meaning every instance of the former is necessarily an instance of the latter."
CellOntology_SUB,pred,neuron,central nervous system neuron,0,is_a,google/gemma-4-31b-it,"Every central nervous system neuron is, by definition, a type of neuron."
CellOntology_SUB,pred,"cell (cell, eukaryotic cell)",macroglial cell,0,is_a,google/gemma-4-31b-it,"A macroglial cell is a specific type of cell, meaning every instance of a macroglial cell is necessarily an instance of a cell."
CellOntology_SUB,pred,peripheral nervous system neuron,sympathetic neuron,0,is_a,google/gemma-4-31b-it,"Every sympathetic neuron is, by definition, a type of neuron located within the peripheral nervous system, making it a subclass of peripheral nervous system neurons."
CellOntology_SUB,pred,"cell (cell, eukaryotic cell)",fibroblast,0,is_a,google/gemma-4-31b-it,"A fibroblast is a specific type of cell, meaning every instance of a fibroblast is necessarily an instance of a cell."
CellOntology_SUB,pred,epithelial cell,epithelial cell of alimentary canal,0,is_a,google/gemma-4-31b-it,"An epithelial cell of the alimentary canal is a specific type of epithelial cell, meaning every instance of the former is necessarily an instance of the latter."
CellOntology_SUB,pred,gamete-nursing cell,invertebrate nurse cell,0,is_a,google/gemma-4-31b-it,"An invertebrate nurse cell is a specific type of gamete-nursing cell found in invertebrates, meaning every instance of the former is necessarily an instance of the latter."
CellOntology_SUB,pred,neuron,sympathetic neuron,0,is_a,google/gemma-4-31b-it,"A sympathetic neuron is a specific type of neuron belonging to the autonomic nervous system, meaning every sympathetic neuron is necessarily a neuron."
CellOntology_SUB,pred,"cell (cell, eukaryotic cell)",secretory cell,0,is_a,google/gemma-4-31b-it,"A secretory cell is a specialized type of cell, meaning every instance of a secretory cell is necessarily an instance of a cell."
CellOntology_SUB,pred,nucleate cell,glial cell,1,is_a,google/gemma-4-31b-it,"A glial cell is a type of eukaryotic cell that possesses a nucleus, and therefore every instance of a glial cell is by definition a nucleate cell."
CellOntology_SUB,pred,neuron,amacrine cell,0,is_a,google/gemma-4-31b-it,"An amacrine cell is a specific type of interneuron found in the retina, and since all interneurons are neurons, every amacrine cell is necessarily a neuron."
CellOntology_SUB,pred,stromal cell,fibroblast,0,is_a,google/gemma-4-31b-it,"A fibroblast is a specific type of stromal cell found within connective tissues, meaning every fibroblast is by definition a stromal cell."
CellOntology_SUB,pred,neuron associated cell,glial cell,0,is_a,google/gemma-4-31b-it,"A glial cell is a type of cell associated with neurons, and the provided taxonomy lists other glial subtypes (like astrocytes) under 'neuron associated cell', confirming that 'neuron associated cell' serves as a broader category for glial cells."
CellOntology_SUB,pred,"hematopoietic cell (hematopoietic cell, leukocyte)",professional antigen presenting cell,0,is_a,google/gemma-4-31b-it,"Professional antigen-presenting cells (such as dendritic cells, macrophages, and B cells) are a specialized subset of cells that originate from hematopoietic stem cells."
CellOntology_SUB,pred,"cell (cell, eukaryotic cell)","hematopoietic cell (hematopoietic cell, leukocyte)",0,is_a,google/gemma-4-31b-it,"A hematopoietic cell is a specific type of cell involved in the formation of blood cells, meaning every hematopoietic cell is necessarily a cell."
CellOntology_SUB,pred,neuron,wide field retinal amacrine cell,0,is_a,google/gemma-4-31b-it,"A wide field retinal amacrine cell is a specific type of amacrine cell, which is a type of interneuron, which in turn is a type of neuron."
CellOntology_SUB,pred,secretory epithelial cell,cholangiocyte,1,other_related,google/gemma-4-31b-it,"While some specialized cholangiocytes (like the large mucus-secreting type) are secretory, the general class of cholangiocytes consists primarily of cells involved in transport and ductal lining, not all of which are classified as secretory epithelial cells."
CellOntology_SUB,pred,"cell (cell, eukaryotic cell)",central nervous system neuron,0,is_a,google/gemma-4-31b-it,"Every central nervous system neuron is, by definition, a type of cell."
CellOntology_SUB,pred,"hematopoietic cell (hematopoietic cell, leukocyte)",mature t cell,0,is_a,google/gemma-4-31b-it,"A mature T cell is a specific type of hematopoietic cell, as all T cells originate from hematopoietic stem cells and belong to the broader class of blood-forming cells."
CellOntology_SUB,pred,epithelial cell,endo-epithelial cell,0,is_a,google/gemma-4-31b-it,"An endo-epithelial cell is a specific type of epithelial cell (specifically those derived from the endoderm), meaning every endo-epithelial cell is by definition an epithelial cell."
CellOntology_SUB,pred,interneuron,wide field retinal amacrine cell,0,is_a,google/gemma-4-31b-it,"A wide field retinal amacrine cell is a specific type of amacrine cell, and all amacrine cells are categorized as interneurons within the retina."
CellOntology_SUB,pred,nucleate cell,strial basal cell,1,is_a,google/gemma-4-31b-it,"A strial basal cell is a type of cell that contains a nucleus, and since all nucleate cells are cells and the strial basal cell is a specialized eukaryotic cell, it is a member of the class of nucleate cells."
CellOntology_SUB,pred,"cell (cell, eukaryotic cell)",mature t cell,0,is_a,google/gemma-4-31b-it,"A mature T cell is a specific type of cell, meaning every instance of a mature T cell is necessarily an instance of a cell."
CellOntology_SUB,pred,"cell (cell, eukaryotic cell)",be cell,0,is_a,google/gemma-4-31b-it,"The term 'be cell' is a misspelling of 'B cell', which is a specific type of biological cell."
CellOntology_SUB,pred,neural cell,retinal cell,0,is_a,google/gemma-4-31b-it,"A retinal cell is a specialized type of neural cell found in the retina, meaning every retinal cell is by definition a neural cell."
CellOntology_SUB,pred,"cell (cell, eukaryotic cell)",t cell,0,is_a,google/gemma-4-31b-it,"A T cell is a specific type of biological cell, meaning every instance of a T cell is necessarily an instance of a cell."
CellOntology_SUB,pred,neural cell,cerebral cortex glial cell,0,is_a,google/gemma-4-31b-it,"A cerebral cortex glial cell is a specific type of glial cell, and since glial cells are a category of neural cells, every instance of the former is necessarily an instance of the latter."
CellOntology_SUB,pred,autonomic neuron,intrinsic primary afferent neuron of myenteric plexus,0,is_a,google/gemma-4-31b-it,"An intrinsic primary afferent neuron of the myenteric plexus is a specific type of enteric neuron, and since enteric neurons are a subset of autonomic neurons, the child is a specialized instance of the parent class."
CellOntology_SUB,pred,nucleate cell,professional antigen presenting cell,0,is_a,google/gemma-4-31b-it,"A professional antigen presenting cell (such as a dendritic cell, macrophage, or B cell) is a type of cell that possesses a nucleus, making it a specific instance of the broader category of nucleate cells."
CellOntology_SUB,pred,mononuclear leukocyte,mature t cell,0,is_a,google/gemma-4-31b-it,"A mature T cell is a specific type of lymphocyte, and all lymphocytes are mononuclear leukocytes (white blood cells with a single, non-lobed nucleus)."
CellOntology_SUB,pred,"cell (cell, eukaryotic cell)",professional antigen presenting cell,0,is_a,google/gemma-4-31b-it,"A professional antigen presenting cell is a specialized type of cell, meaning every instance of the former is necessarily an instance of the latter."
CellOntology_SUB,pred,"hematopoietic cell (hematopoietic cell, leukocyte)","b cell (b cell, lymphocyte of b lineage)",0,is_a,google/gemma-4-31b-it,"A B cell is a specific type of hematopoietic cell, as all B cells are derived from hematopoietic stem cells and belong to the category of blood-forming cells."
CellOntology_SUB,pred,nucleate cell,polyploid cell,1,is_a,google/gemma-4-31b-it,"A polyploid cell is a type of cell that contains multiple sets of chromosomes within its nucleus, meaning every polyploid cell is necessarily a nucleate cell."
CellOntology_SUB,pred,peripheral sensory neuron,intrinsic primary afferent neuron of myenteric plexus,0,is_a,google/gemma-4-31b-it,"An intrinsic primary afferent neuron (IPAN) of the myenteric plexus is a specific type of sensory neuron located within the peripheral nervous system (specifically the enteric nervous system), meaning every IPAN is a peripheral sensory neuron."
CellOntology_SUB,pred,neuron,peripheral sensory neuron,0,is_a,google/gemma-4-31b-it,A peripheral sensory neuron is a specific type of neuron that transmits sensory information from the periphery to the central nervous system.
CellOntology_SUB,pred,duct epithelial cell,cholangiocyte,0,is_a,google/gemma-4-31b-it,"A cholangiocyte is a specific type of epithelial cell that lines the bile ducts, making it a subtype of duct epithelial cell."
CellOntology_SUB,pred,"cell (cell, eukaryotic cell)",glial cell,0,is_a,google/gemma-4-31b-it,"A glial cell is a specific type of cell, meaning every instance of a glial cell is necessarily an instance of a cell."
CellOntology_SUB,pred,nucleate cell,motile cell,1,other_related,google/gemma-4-31b-it,"Not every motile cell is nucleate (e.g., some prokaryotic motile cells lack a nucleus), and not every nucleate cell is motile."
CellOntology_SUB,pred,nucleate cell,seromucus secreting cell,1,is_a,google/gemma-4-31b-it,"A seromucus secreting cell is a type of cell that possesses a nucleus, meaning every instance of a seromucus secreting cell is also an instance of a nucleate cell."
CellOntology_SUB,pred,nucleate cell,neuron,1,is_a,google/gemma-4-31b-it,"A neuron is a type of cell that possesses a nucleus, meaning every instance of a neuron is necessarily an instance of a nucleate cell."
CellOntology_SUB,pred,mononuclear leukocyte,mucosal-associated invariant t cell,0,is_a,google/gemma-4-31b-it,"A mucosal-associated invariant T cell is a type of T cell, and since T cells are a subset of lymphocytes, which in turn are mononuclear leukocytes, the subsumption holds."
CellOntology_SUB,pred,astrocyte of the forebrain,"astrocyte of the cerebral cortex (astrocyte of the cerebral cortex, interlaminar astrocyte)",0,is_a,google/gemma-4-31b-it,"Every astrocyte of the cerebral cortex is, by definition, an astrocyte of the forebrain because the cerebral cortex is a part of the forebrain."
CellOntology_SUB,pred,peripheral nervous system neuron,intrinsic primary afferent neuron of myenteric plexus,0,is_a,google/gemma-4-31b-it,"An intrinsic primary afferent neuron of the myenteric plexus is a specific type of enteric neuron, which is a type of autonomic neuron, both of which are subtypes of neurons within the peripheral nervous system."
CellOntology_SUB,pred,neuron associated cell,"astrocyte of the cerebral cortex (astrocyte of the cerebral cortex, interlaminar astrocyte)",0,is_a,google/gemma-4-31b-it,"An astrocyte of the cerebral cortex is a specific type of glial cell, and all glial cells are types of neuron associated cells."
CellOntology_SUB,pred,"electrically active cell (electrically active cell, electrically responsive cell, electrically signaling cell)",astrocyte of the forebrain,1,other_related,google/gemma-4-31b-it,"Astrocytes are glial cells that maintain ionic homeostasis and respond to electrical activity, but they are not ""electrically active cells"" in the sense of generating action potentials or being defined by electrical excitability like neurons."
CellOntology_SUB,pred,neural cell,intrinsic primary afferent neuron of myenteric plexus,0,is_a,google/gemma-4-31b-it,"An intrinsic primary afferent neuron of the myenteric plexus is a specific type of neuron, and all neurons are types of neural cells."
CellOntology_SUB,pred,neural crest derived neuron,enteric neuron,0,is_a,google/gemma-4-31b-it,"Every enteric neuron is a type of neuron that originates from the neural crest, meaning the child is a specific subclass of the parent."
CellOntology_SUB,pred,endothelial cell,endothelial cell of vascular tree,0,is_a,google/gemma-4-31b-it,"An endothelial cell of the vascular tree is a specific type of endothelial cell, meaning every instance of the former is necessarily an instance of the latter."
CellOntology_SUB,pred,nucleate cell,mesothelial fibroblast,1,is_a,google/gemma-4-31b-it,"A mesothelial fibroblast is a type of eukaryotic cell that possesses a nucleus, meaning every instance of a mesothelial fibroblast is necessarily an instance of a nucleate cell."
CellOntology_SUB,pred,nucleate cell,vlmc nn vascular leptomeningeal cell mmus,1,is_a,google/gemma-4-31b-it,"A vascular leptomeningeal cell is a type of cell that possesses a nucleus, making it a member of the class of nucleate cells."
CellOntology_SUB,pred,precursor cell,mesenchymal stem cell,0,is_a,google/gemma-4-31b-it,"A mesenchymal stem cell is a specific type of precursor cell, as all mesenchymal stem cells function as precursors to various connective tissue cells."
CellOntology_SUB,pred,nucleate cell,columnarcuboidal epithelial cell,1,is_a,google/gemma-4-31b-it,"A columnarcuboidal epithelial cell is a type of eukaryotic cell, and since all eukaryotic cells possess a nucleus, it is by definition a nucleate cell."
CellOntology_SUB,pred,epithelial cell of stomach,stem cell of gastric gland,0,is_a,google/gemma-4-31b-it,"A stem cell of the gastric gland is a specific type of epithelial cell found in the stomach, meaning every instance of the former is necessarily an instance of the latter."
CellOntology_SUB,pred,nucleate cell,epithelial cell,1,is_a,google/gemma-4-31b-it,"An epithelial cell is a type of cell that possesses a nucleus, meaning every instance of an epithelial cell is necessarily an instance of a nucleate cell."
CellOntology_SUB,pred,nucleate cell,secretory cell,1,is_a,google/gemma-4-31b-it,"A secretory cell is a type of cell that possesses a nucleus (unless it is a specialized anucleate secretory cell, but in general biological taxonomy, secretory cells are categorized as nucleate cells)."
CellOntology_SUB,pred,"afferent neuron (afferent neuron, sensory neuron)",peripheral sensory neuron,0,is_a,google/gemma-4-31b-it,"A peripheral sensory neuron is a specific type of afferent neuron, as all peripheral sensory neurons function to carry signals toward the central nervous system."
CellOntology_SUB,pred,secretory cell,large mucus secreting cholangiocyte,0,is_a,google/gemma-4-31b-it,"A large mucus secreting cholangiocyte is a specific type of cell that secretes mucus, making it a member of the broader class of secretory cells."
CellOntology_SUB,pred,neural cell,glial cell,0,is_a,google/gemma-4-31b-it,"Glial cells are a specific type of cell found in the nervous system, making them a subclass of neural cells."
CellOntology_SUB,pred,professional antigen presenting cell,"b cell (b cell, lymphocyte of b lineage)",1,is_a,google/gemma-4-31b-it,"A B cell is a type of professional antigen-presenting cell, as it possesses the necessary machinery (MHC class II) to present antigens to T cells."
CellOntology_SUB,pred,"b cell (b cell, lymphocyte of b lineage)","b cell cd19-positive (b cell cd19-positive, lymphocyte of b lineage cd19-positive)",0,is_a,google/gemma-4-31b-it,"A 'b cell cd19-positive' is a specific subtype of 'b cell' defined by the expression of the CD19 marker, meaning every CD19-positive B cell is necessarily a B cell."
CellOntology_SUB,pred,multi fate stem cell,mesenchymal stem cell,0,is_a,google/gemma-4-31b-it,Mesenchymal stem cells are a specific type of multipotent (multi-fate) stem cell capable of differentiating into various cell types of the mesenchyme.
CellOntology_SUB,pred,"hematopoietic cell (hematopoietic cell, leukocyte)",mature b cell,0,is_a,google/gemma-4-31b-it,"A mature B cell is a specific type of hematopoietic cell, as all B cells originate from and are categorized as blood-forming cells."
CellOntology_SUB,pred,cerebral cortex glial cell,astrocyte,1,located_in,google/gemma-4-31b-it,"An astrocyte is a general type of glial cell found throughout the central nervous system, whereas a cerebral cortex glial cell is a glial cell specifically located in the cerebral cortex; therefore, not every astrocyte is a cerebral cortex glial cell."
CellOntology_SUB,pred,t cell,mature alpha-beta t cell,0,is_a,google/gemma-4-31b-it,"Every mature alpha-beta T cell is, by definition, a type of T cell."
CellOntology_SUB,pred,nucleate cell,macroglial cell,1,is_a,google/gemma-4-31b-it,"A macroglial cell is a type of eukaryotic cell that possesses a nucleus, and therefore every instance of a macroglial cell is by definition a nucleate cell."
CellOntology_SUB,pred,connective tissue cell,mesenchymal stem cell of orbital adipose tissue,0,is_a,google/gemma-4-31b-it,"A mesenchymal stem cell of orbital adipose tissue is a specific type of mesenchymal stem cell, which is itself a type of connective tissue cell, thus satisfying the criteria for proper subsumption."
CellOntology_SUB,pred,neuron associated cell,cerebral cortex glial cell,0,is_a,google/gemma-4-31b-it,"A cerebral cortex glial cell is a specific type of neuron associated cell, as all glial cells in the cerebral cortex are by definition cells associated with neurons."
CellOntology_SUB,pred,secretory cell,mucus secreting cell,0,is_a,google/gemma-4-31b-it,"A mucus secreting cell is a specific type of secretory cell, as it performs the general function of secretion by producing mucus."
CellOntology_SUB,pred,"germ cell (germ cell, germ line cell)",spermatid,0,is_a,google/gemma-4-31b-it,A spermatid is a specific type of haploid male germ cell resulting from meiosis.
CellOntology_SUB,pred,"cell (cell, eukaryotic cell)",cerebral cortex glial cell,0,is_a,google/gemma-4-31b-it,"A cerebral cortex glial cell is a specific type of cell, meaning every instance of the child is necessarily an instance of the parent."
CellOntology_SUB,pred,lymphocyte,"b cell cd19-positive (b cell cd19-positive, lymphocyte of b lineage cd19-positive)",0,is_a,google/gemma-4-31b-it,"A CD19-positive B cell is a specific subtype of lymphocyte, meaning every instance of the former is necessarily an instance of the latter."
CellOntology_SUB,pred,"cell (cell, eukaryotic cell)",vascular leptomeningeal cell,0,is_a,google/gemma-4-31b-it,"A vascular leptomeningeal cell is a specific type of cell, meaning every instance of the former is necessarily an instance of the latter."
CellOntology_SUB,pred,interneuron,wf4 amacrine cell,0,is_a,google/gemma-4-31b-it,"A wf4 amacrine cell is a specific type of amacrine cell, and all amacrine cells are categorized as interneurons within the retina."
CellOntology_SUB,pred,"electrically active cell (electrically active cell, electrically responsive cell, electrically signaling cell)",sensory receptor cell,1,is_a,google/gemma-4-31b-it,"Sensory receptor cells are specialized cells that transduce stimuli into electrical signals (receptor potentials), making them a specific type of electrically active cell."
CellOntology_SUB,pred,"cell (cell, eukaryotic cell)",mature alpha-beta t cell,0,is_a,google/gemma-4-31b-it,"A mature alpha-beta T cell is a specific type of cell, meaning every instance of the former is necessarily an instance of the latter."
CellOntology_SUB,pred,epithelial cell,neurecto-epithelial cell,0,is_a,google/gemma-4-31b-it,"A neurecto-epithelial cell is a specific type of epithelial cell derived from the neuroectoderm, meaning every instance of the former is necessarily an instance of the latter."
CellOntology_SUB,pred,"cell (cell, eukaryotic cell)","afferent neuron (afferent neuron, sensory neuron)",0,is_a,google/gemma-4-31b-it,"An afferent neuron is a specialized type of cell, meaning every instance of an afferent neuron is necessarily an instance of a cell."
CellOntology_SUB,pred,secretory cell,androgen secreting cell,0,is_a,google/gemma-4-31b-it,"An androgen secreting cell is a specific type of cell that secretes a substance (androgen), making it a member of the broader class of secretory cells."
CellOntology_SUB,pred,epithelial cell,ecto-epithelial cell,0,is_a,google/gemma-4-31b-it,"An ecto-epithelial cell is a specific type of epithelial cell derived from the ectoderm, meaning every instance of the former is necessarily an instance of the latter."
CellOntology_SUB,pred,nucleate cell,branched duct epithelial cell,1,is_a,google/gemma-4-31b-it,"A branched duct epithelial cell is a type of eukaryotic cell, and since all eukaryotic cells possess a nucleus, it is by definition a nucleate cell."
CellOntology_SUB,pred,"cell (cell, eukaryotic cell)",be1 cell,0,is_a,google/gemma-4-31b-it,"A 'be1 cell' is a specific type of biological cell, meaning every instance of a be1 cell is necessarily an instance of a cell."
CellOntology_SUB,pred,neuron,neural crest derived neuron,0,is_a,google/gemma-4-31b-it,"Every neural crest derived neuron is, by definition, a type of neuron."
CellOntology_SUB,pred,single nucleate cell,spermatid,1,is_a,google/gemma-4-31b-it,"A spermatid is a type of cell that contains a single nucleus, meaning every instance of a spermatid is necessarily an instance of a single nucleate cell."
CellOntology_SUB,pred,neuron associated cell,vlmc nn vascular leptomeningeal cell mmus,1,is_a,google/gemma-4-31b-it,"The vascular leptomeningeal cell is a specialized fibroblast of the meninges (connective tissue) that supports the nervous system, making it a type of cell associated with neurons, though it is not a glial cell."
CellOntology_SUB,pred,secretory cell,seromucus secreting cell,0,is_a,google/gemma-4-31b-it,A seromucus secreting cell is a specific type of secretory cell that secretes both serous and mucous products.
CellOntology_SUB,pred,nucleate cell,astrocyte,1,is_a,google/gemma-4-31b-it,"An astrocyte is a type of eukaryotic cell that possesses a nucleus, and therefore every instance of an astrocyte is necessarily an instance of a nucleate cell."
CellOntology_SUB,pred,steroid hormone secreting cell,androgen secreting cell,0,is_a,google/gemma-4-31b-it,"Androgens are a specific type of steroid hormone, therefore any cell that secretes androgens is by definition a cell that secretes steroid hormones."
CellOntology_SUB,pred,"hematopoietic cell (hematopoietic cell, leukocyte)",be cell,0,is_a,google/gemma-4-31b-it,"A 'be cell' (B-1 cell or similar B-lineage variant) is a specific type of lymphocyte, and all lymphocytes are types of hematopoietic cells."
CellOntology_SUB,pred,mature t cell,mature alpha-beta t cell,0,is_a,google/gemma-4-31b-it,"Every mature alpha-beta T cell is, by definition, a type of mature T cell."
CellOntology_SUB,pred,neural cell,central nervous system neuron,0,is_a,google/gemma-4-31b-it,"A central nervous system neuron is a specific type of neural cell, meaning every instance of the former is necessarily an instance of the latter."
CellOntology_SUB,pred,nucleate cell,mucosal-associated invariant t cell,0,is_a,google/gemma-4-31b-it,"A mucosal-associated invariant T cell is a type of lymphocyte, and since all lymphocytes are cells that possess a nucleus, every instance of a mucosal-associated invariant T cell is necessarily an instance of a nucleate cell."
CellOntology_SUB,pred,amacrine cell,wide field retinal amacrine cell,0,is_a,google/gemma-4-31b-it,A wide field retinal amacrine cell is a specific subtype of amacrine cell characterized by its extensive dendritic arborization.
CellOntology_SUB,pred,"cell (cell, eukaryotic cell)",ecto-epithelial cell,0,is_a,google/gemma-4-31b-it,"An ecto-epithelial cell is a specific type of cell, meaning every instance of an ecto-epithelial cell is necessarily an instance of a cell."
CellOntology_SUB,pred,"cell (cell, eukaryotic cell)",neural crest derived neuron,0,is_a,google/gemma-4-31b-it,"Every neural crest derived neuron is, by definition, a type of cell."
CellOntology_SUB,pred,epithelial cell,sensory epithelial cell,0,is_a,google/gemma-4-31b-it,"A sensory epithelial cell is a specialized type of epithelial cell that possesses sensory capabilities, meaning every instance of the former is necessarily an instance of the latter."
CellOntology_SUB,pred,epithelial cell,strial basal cell,0,is_a,google/gemma-4-31b-it,"A strial basal cell is a specific type of epithelial cell found in the stria vascularis of the inner ear, meaning every strial basal cell is necessarily an epithelial cell."
CellOntology_SUB,pred,"cell (cell, eukaryotic cell)",mesothelial fibroblast of the leptomeninx,0,is_a,google/gemma-4-31b-it,"A mesothelial fibroblast of the leptomeninx is a specific type of cell, meaning every instance of this cell is necessarily an instance of the general class 'cell'."
CellOntology_SUB,pred,"cell (cell, eukaryotic cell)",respiratory tract epithelial cell,0,is_a,google/gemma-4-31b-it,"A respiratory tract epithelial cell is a specific type of cell, meaning every instance of the former is necessarily an instance of the latter."
CellOntology_SUB,pred,"cell (cell, eukaryotic cell)",connective tissue cell,0,is_a,google/gemma-4-31b-it,"A connective tissue cell is a specific type of cell, meaning every instance of a connective tissue cell is necessarily an instance of a cell."
CellOntology_SUB,pred,blood vessel endothelial cell,vein endothelial cell,0,is_a,google/gemma-4-31b-it,"A vein endothelial cell is a specific type of blood vessel endothelial cell, as veins are a category of blood vessels."
CellOntology_SUB,pred,neural cell,brain macroglial cell,0,is_a,google/gemma-4-31b-it,"A brain macroglial cell is a specific type of glial cell, and all glial cells are categorized as neural cells."
CellOntology_SUB,pred,sensory epithelial cell,olfactory epithelial cell,0,is_a,google/gemma-4-31b-it,"An olfactory epithelial cell is a specific type of sensory epithelial cell, as it is an epithelial cell specialized for sensory (olfactory) reception."
CellOntology_SUB,pred,nucleate cell,mesenchymal stem cell,1,is_a,google/gemma-4-31b-it,"A mesenchymal stem cell is a type of eukaryotic cell that possesses a nucleus, and therefore every instance of a mesenchymal stem cell is by definition a nucleate cell."
CellOntology_SUB,pred,mucus secreting cell,seromucus secreting cell,1,is_a,google/gemma-4-31b-it,"A seromucous cell is a specialized secretory cell that produces both serous and mucous secretions, making it a specific subtype of mucus-secreting cell."
CellOntology_SUB,pred,"cell (cell, eukaryotic cell)",secretory epithelial cell,0,is_a,google/gemma-4-31b-it,"A secretory epithelial cell is a specific type of cell, meaning every instance of the former is necessarily an instance of the latter."
CellOntology_SUB,pred,nucleate cell,duct epithelial cell,1,is_a,google/gemma-4-31b-it,"A duct epithelial cell is a type of eukaryotic cell that possesses a nucleus, making it a specific instance of the broader category of nucleate cells."
CellOntology_SUB,pred,"cell (cell, eukaryotic cell)",enteric neuron,0,is_a,google/gemma-4-31b-it,"An enteric neuron is a specialized type of cell, meaning every instance of an enteric neuron is necessarily an instance of a cell."
CellOntology_SUB,pred,"germ cell (germ cell, germ line cell)",invertebrate nurse cell,0,is_a,google/gemma-4-31b-it,An invertebrate nurse cell is a specialized type of germ cell that provides nutrients and cytoplasmic components to the developing oocyte.
CellOntology_SUB,pred,nucleate cell,lymphocyte,0,is_a,google/gemma-4-31b-it,"A lymphocyte is a type of cell that possesses a nucleus, meaning every instance of a lymphocyte is necessarily an instance of a nucleate cell."
CellOntology_SUB,pred,neural cell,neuron,0,is_a,google/gemma-4-31b-it,"Every neuron is by definition a type of neural cell, and the provided taxonomy confirms that 'neural cell' acts as a broader category containing various types of neurons and glia."
CellOntology_SUB,pred,nucleate cell,secretory epithelial cell,1,is_a,google/gemma-4-31b-it,"A secretory epithelial cell is a type of eukaryotic cell, and all eukaryotic cells (including epithelial cells) possess a nucleus, making them instances of nucleate cells."
CellOntology_SUB,pred,nucleate cell,germline-derived nurse cell,1,is_a,google/gemma-4-31b-it,"A germline-derived nurse cell is a specific type of cell that contains a nucleus, meaning every instance of the former is necessarily an instance of the latter."
CellOntology_SUB,pred,central nervous system neuron,interneuron,0,is_a,google/gemma-4-31b-it,"An interneuron is a specific type of neuron found within the central nervous system, meaning every interneuron is by definition a central nervous system neuron."
CellOntology_SUB,pred,"cell (cell, eukaryotic cell)",astrocyte,0,is_a,google/gemma-4-31b-it,"An astrocyte is a specific type of cell, meaning every instance of an astrocyte is necessarily an instance of a cell."
CellOntology_SUB,pred,male germ cell,spermatid,0,is_a,google/gemma-4-31b-it,"A spermatid is a specific type of male germ cell (specifically a haploid cell resulting from meiosis), meaning every spermatid is by definition a male germ cell."
CellOntology_SUB,pred,nucleate cell,autonomic neuron,1,is_a,google/gemma-4-31b-it,"An autonomic neuron is a type of cell that possesses a nucleus, meaning every instance of an autonomic neuron is necessarily an instance of a nucleate cell."
CellOntology_SUB,pred,nucleate cell,brain macroglial cell,1,is_a,google/gemma-4-31b-it,"A brain macroglial cell is a type of cell that possesses a nucleus, and therefore every instance of a brain macroglial cell is also an instance of a nucleate cell."
CellOntology_SUB,pred,t cell,mucosal-associated invariant t cell,0,is_a,google/gemma-4-31b-it,"A mucosal-associated invariant T cell (MAIT cell) is a specialized subtype of T cell, meaning every MAIT cell is by definition a T cell."
CellOntology_SUB,pred,"cell (cell, eukaryotic cell)",schlemms canal endothelial cell,0,is_a,google/gemma-4-31b-it,"A schlemms canal endothelial cell is a specific type of cell, meaning every instance of the former is necessarily an instance of the latter."
CellOntology_SUB,pred,stem cell,multi fate stem cell,0,is_a,google/gemma-4-31b-it,A multi-fate stem cell is a specific type of stem cell characterized by its ability to differentiate into multiple cell lineages.
CellOntology_SUB,pred,nucleate cell,male germ cell,1,is_a,google/gemma-4-31b-it,"A male germ cell is a type of cell that contains a nucleus, meaning every instance of a male germ cell is necessarily an instance of a nucleate cell."
CellOntology_SUB,pred,epithelial cell,cholangiocyte,0,is_a,google/gemma-4-31b-it,A cholangiocyte is a specific type of epithelial cell that lines the bile ducts of the liver.
CellOntology_SUB,pred,neural cell,amacrine cell,0,is_a,google/gemma-4-31b-it,"An amacrine cell is a specific type of interneuron found in the retina, and since all neurons are neural cells, every amacrine cell is necessarily a neural cell."
CellOntology_SUB,pred,"cell (cell, eukaryotic cell)",wide field retinal amacrine cell,0,is_a,google/gemma-4-31b-it,"A wide field retinal amacrine cell is a specific type of cell, meaning every instance of the former is necessarily an instance of the latter."
CellOntology_SUB,pred,nucleate cell,stem cell,1,is_a,google/gemma-4-31b-it,"A stem cell is a type of cell that possesses a nucleus, meaning every instance of a stem cell is also an instance of a nucleate cell."
CellOntology_SUB,pred,"electrically active cell (electrically active cell, electrically responsive cell, electrically signaling cell)",sensory epithelial cell,1,is_a,google/gemma-4-31b-it,"Sensory epithelial cells (such as taste receptor cells or olfactory receptor cells) are specialized cells that generate electrical signals (receptor potentials) in response to stimuli, making them a specific type of electrically active cell."
CellOntology_SUB,pred,"cell (cell, eukaryotic cell)",mesothelial fibroblast,0,is_a,google/gemma-4-31b-it,"A mesothelial fibroblast is a specific type of cell, meaning every instance of a mesothelial fibroblast is necessarily an instance of a cell."
CellOntology_SUB,pred,nucleate cell,mucus secreting cell,1,is_a,google/gemma-4-31b-it,"A mucus secreting cell is a type of cell that possesses a nucleus, meaning every instance of a mucus secreting cell is also an instance of a nucleate cell."
CellOntology_SUB,pred,precursor cell,stem cell,0,is_a,google/gemma-4-31b-it,A stem cell is a specific type of precursor cell characterized by its capacity for self-renewal and potency.
CellOntology_SUB,pred,nucleate cell,"hematopoietic cell (hematopoietic cell, leukocyte)",0,is_a,google/gemma-4-31b-it,"A hematopoietic cell is a type of cell that possesses a nucleus, meaning every instance of a hematopoietic cell is necessarily an instance of a nucleate cell."
CellOntology_SUB,pred,mononuclear leukocyte,professional antigen presenting cell,1,is_a,google/gemma-4-31b-it,"Professional antigen-presenting cells (such as dendritic cells, macrophages, and B cells) are a functional subset of leukocytes, and those that are mononuclear (like dendritic cells and B cells) are indeed types of mononuclear leukocytes."
CellOntology_SUB,pred,epithelial cell,large mucus secreting cholangiocyte,0,is_a,google/gemma-4-31b-it,"A large mucus secreting cholangiocyte is a specialized type of epithelial cell found in the bile ducts, meaning every instance of the former is necessarily an instance of the latter."
CellOntology_SUB,pred,"electrically active cell (electrically active cell, electrically responsive cell, electrically signaling cell)","afferent neuron (afferent neuron, sensory neuron)",0,is_a,google/gemma-4-31b-it,"An afferent neuron is a specific type of neuron, and all neurons are cells that exhibit electrical activity."
LLMs4OL_OBI_SUB,gt,insecticide resistance by detecting enzyme activity assay,insecticide resistance by detecting glutathione s-transferase activity assay,,is_a,google/gemma-4-31b-it,"A glutathione s-transferase activity assay is a specific type of enzyme activity assay used to detect insecticide resistance, meaning every instance of the former is necessarily an instance of the latter."
LLMs4OL_OBI_SUB,gt,role,adjuvant role,,is_a,google/gemma-4-31b-it,"An 'adjuvant role' is a specific type of 'role' that a substance or entity plays in a therapeutic context, meaning every instance of an adjuvant role is necessarily an instance of a role."
LLMs4OL_OBI_SUB,gt,role,regulatory role,,is_a,google/gemma-4-31b-it,"A 'regulatory role' is a specific type of 'role' characterized by the function of regulation, meaning every instance of a regulatory role is necessarily an instance of a role."
LLMs4OL_OBI_SUB,gt,role,accessed material role,,is_a,google/gemma-4-31b-it,"An 'accessed material role' is a specific type of 'role' that a material plays when it is accessed, meaning every instance of the former is necessarily an instance of the latter."
LLMs4OL_OBI_SUB,gt,vial,test tube,,is_a,google/gemma-4-31b-it,"A test tube is a specific type of vial (a small cylindrical container), meaning every test tube is a vial, but not every vial (e.g., a medicine vial with a rubber stopper) is a test tube."
LLMs4OL_OBI_SUB,gt,assay measuring quantitative binding of an epitopemhctcr complex,assay measuring a binding constant of a t cell epitopemhctcr complex,,is_a,google/gemma-4-31b-it,An assay that measures a specific binding constant is a specific type of assay that measures quantitative binding.
LLMs4OL_OBI_SUB,gt,t cell epitope assay,assay measuring binding of a t cell epitopemhctcr complex,,is_a,google/gemma-4-31b-it,An assay measuring the binding of a T cell epitope-MHC complex is a specific type of T cell epitope assay.
LLMs4OL_OBI_SUB,gt,protein expression profiling assay,nanodroplet processing in one pot for trace samples assay,,is_a,google/gemma-4-31b-it,The 'nanodroplet processing in one pot for trace samples assay' is a specific type of 'protein expression profiling assay' designed for trace samples using a particular processing method.
LLMs4OL_OBI_SUB,gt,lymphocyte assay,lymphocyte count assay,,is_a,google/gemma-4-31b-it,"A lymphocyte count assay is a specific type of lymphocyte assay designed to quantify the cells, meaning every instance of a count assay is necessarily an instance of a lymphocyte assay."
LLMs4OL_OBI_SUB,gt,test tube,anticoagulant-containing test tube,,is_a,google/gemma-4-31b-it,"An anticoagulant-containing test tube is a specific type of test tube that has been modified or prepared with a specific additive, meaning every instance of the former is necessarily an instance of the latter."
LLMs4OL_OBI_SUB,gt,albumin assay,comprehensive metabolic panel venous blood albumin assay,,is_a,google/gemma-4-31b-it,A 'comprehensive metabolic panel venous blood albumin assay' is a specific type of 'albumin assay' performed as part of a larger panel and using a specific specimen source.
LLMs4OL_OBI_SUB,gt,family clinical history of cancer,brother clinical history of cancer,,is_a,google/gemma-4-31b-it,"A brother's clinical history of cancer is a specific type of family clinical history of cancer, as any instance of the former is necessarily an instance of the latter."
LLMs4OL_OBI_SUB,gt,regulatory role,regulator role,,is_a,google/gemma-4-31b-it,"A 'regulator role' is a specific type of 'regulatory role', meaning every instance of a regulator role is necessarily a regulatory role."
LLMs4OL_OBI_SUB,gt,epitope protection experiment,epitope protection experiment based on survival,,is_a,google/gemma-4-31b-it,"An 'epitope protection experiment based on survival' is a specific type of 'epitope protection experiment' defined by its measurement criteria (survival), meaning every instance of the former is necessarily an instance of the latter."
LLMs4OL_OBI_SUB,gt,measurement device,cytometer,,is_a,google/gemma-4-31b-it,"A cytometer is a specific type of device used for measuring the characteristics of cells, meaning every cytometer is by definition a measurement device."
LLMs4OL_OBI_SUB,gt,measurement device,multichannel pipette,,is_a,google/gemma-4-31b-it,"A multichannel pipette is a specific type of device used for measurement (specifically volume measurement), meaning every multichannel pipette is a measurement device."
LLMs4OL_OBI_SUB,gt,measurement device,spectrophotometer,,is_a,google/gemma-4-31b-it,"A spectrophotometer is a specific type of device used for measuring light intensity, meaning every spectrophotometer is by definition a measurement device."
LLMs4OL_OBI_SUB,gt,material separation device,filter paper,,is_a,google/gemma-4-31b-it,"A filter paper is a specific type of device used for the separation of materials, meaning every instance of filter paper is an instance of a material separation device."
LLMs4OL_OBI_SUB,gt,clinical history,family clinical history of cancer,,is_a,google/gemma-4-31b-it,A family clinical history of cancer is a specific type of clinical history.
LLMs4OL_OBI_SUB,gt,assay,analyte assay,,is_a,google/gemma-4-31b-it,"An 'analyte assay' is a specific type of 'assay' designed to measure a particular chemical substance (the analyte), meaning every analyte assay is by definition an assay."
LLMs4OL_OBI_SUB,gt,assay,insecticide resistance assay,,is_a,google/gemma-4-31b-it,"An insecticide resistance assay is a specific type of assay used to determine if an insect population has developed resistance to a chemical, meaning every instance of the former is necessarily an instance of the latter."
LLMs4OL_OBI_SUB,gt,assay,organism detection assay,,is_a,google/gemma-4-31b-it,"An organism detection assay is a specific type of assay designed to detect the presence of an organism, meaning every instance of the former is necessarily an instance of the latter."
LLMs4OL_OBI_SUB,gt,assay,blood assay,,is_a,google/gemma-4-31b-it,"A blood assay is a specific type of assay that is performed on blood samples, meaning every blood assay is necessarily an assay."
LLMs4OL_OBI_SUB,gt,assay,enzymatic activity level assay,,is_a,google/gemma-4-31b-it,"An enzymatic activity level assay is a specific type of assay designed to measure the activity of enzymes, meaning every instance of the former is necessarily an instance of the latter."
LLMs4OL_OBI_SUB,gt,assay,polymerase chain reaction assay,,is_a,google/gemma-4-31b-it,A polymerase chain reaction assay is a specific type of assay used to amplify and detect DNA sequences.
LLMs4OL_OBI_SUB,gt,assay,carboxyfluorescein succinimidyl ester staining assay,,is_a,google/gemma-4-31b-it,"A 'carboxyfluorescein succinimidyl ester staining assay' is a specific type of 'assay', meaning every instance of this specific staining assay is necessarily an instance of the general category of assays."
LLMs4OL_OBI_SUB,gt,assay,protein expression profiling assay,,is_a,google/gemma-4-31b-it,"A protein expression profiling assay is a specific type of assay used to measure the levels of proteins, meaning every instance of the former is necessarily an instance of the latter."
LLMs4OL_OBI_SUB,gt,function,connection function,,is_a,google/gemma-4-31b-it,"A connection function is a specific type of function designed to establish or manage a connection, meaning every connection function is necessarily a function."
LLMs4OL_OBI_SUB,gt,specimen collection process,arthropod specimen collection process,,is_a,google/gemma-4-31b-it,An 'arthropod specimen collection process' is a specific type of 'specimen collection process' where the subject being collected is an arthropod.
LLMs4OL_OBI_SUB,gt,carboxyfluorescein succinimidyl ester staining assay,carboxyfluorescein succinimidyl ester staining assay measuring epitope specific proliferation of t cells,,is_a,google/gemma-4-31b-it,"The child term describes a specific application or version of the parent assay (specifically one measuring epitope-specific T cell proliferation), meaning every instance of the specific assay is necessarily an instance of the general carboxyfluorescein succinimidyl ester staining assay."
LLMs4OL_OBI_SUB,gt,enzymatic activity level assay,5-nucleotidase activity level assay,,is_a,google/gemma-4-31b-it,A '5-nucleotidase activity level assay' is a specific type of 'enzymatic activity level assay' because 5-nucleotidase is an enzyme.
LLMs4OL_OBI_SUB,gt,live arthropod specimen collection process,adult arthropod specimen collection process,,is_a,google/gemma-4-31b-it,"Collecting an adult arthropod specimen is a specific type of collecting a live arthropod specimen, as the former is a subset of the latter defined by the life stage of the subject."
LLMs4OL_OBI_SUB,gt,container,cryostat,,other_related,google/gemma-4-31b-it,"A cryostat is a specialized piece of laboratory equipment (a device) used to maintain low temperatures, and while it may contain a sample chamber, it is not a type of container."
LLMs4OL_OBI_SUB,gt,container,vial,,is_a,google/gemma-4-31b-it,"A vial is a specific type of container used to hold liquids or powders, meaning every vial is by definition a container."
LLMs4OL_OBI_SUB,gt,arthropod specimen collection by aspiration,daytime arthropod specimen collection by aspiration,,is_a,google/gemma-4-31b-it,"Any instance of 'daytime arthropod specimen collection by aspiration' is by definition an instance of 'arthropod specimen collection by aspiration', as the former is simply the latter restricted to a specific time of day."
LLMs4OL_OBI_SUB,gt,functional assessment of individual,nose to finger assessment,,is_a,google/gemma-4-31b-it,"A 'nose to finger assessment' is a specific type of 'functional assessment of individual', meaning every instance of the former is necessarily an instance of the latter."
LLMs4OL_OBI_SUB,gt,regulator role,role of regulator of consumables and medical devices,,is_a,google/gemma-4-31b-it,"The 'role of regulator of consumables and medical devices' is a specific type of 'regulator role', meaning every instance of the former is necessarily an instance of the latter."
LLMs4OL_OBI_SUB,gt,thyroid stimulating hormone assay,venous blood thyroid stimulating hormone assay,,is_a,google/gemma-4-31b-it,A venous blood thyroid stimulating hormone assay is a specific type of thyroid stimulating hormone assay defined by the specimen source (venous blood).
LLMs4OL_OBI_SUB,gt,measurement datum,dose,,is_a,google/gemma-4-31b-it,"A dose is a specific type of measurement datum (a value representing the amount of a substance administered), meaning every instance of a dose is necessarily an instance of a measurement datum."
LLMs4OL_OBI_SUB,gt,realizable entity,role,,is_a,google/gemma-4-31b-it,"A role is a specific type of realizable entity (something that can be played or fulfilled), meaning every instance of a role is necessarily an instance of a realizable entity."
LLMs4OL_OBI_SUB,gt,interleukin-3 production,epitope specific interleukin-3 production by t cells,,is_a,google/gemma-4-31b-it,Every instance of 'epitope specific interleukin-3 production by t cells' is by definition a specific type of 'interleukin-3 production'.
LLMs4OL_OBI_SUB,gt,independent continuant,material entity,,is_a,google/gemma-4-31b-it,"A material entity is a specific type of independent continuant (an entity that exists on its own and is not a quality or role), meaning every material entity is necessarily an independent continuant."
LLMs4OL_OBI_SUB,gt,planned process,assay,,is_a,google/gemma-4-31b-it,"An assay is a specific type of planned process used to measure or detect a substance, meaning every assay is by definition a planned process."
LLMs4OL_OBI_SUB,gt,planned process,material processing,,is_a,google/gemma-4-31b-it,"Material processing is a specific type of planned process, as any instance of processing materials is by definition a process that has been planned or designed."
LLMs4OL_OBI_SUB,gt,assay measuring binding of a t cell epitopemhctcr complex,assay measuring quantitative binding of an epitopemhctcr complex,,is_a,google/gemma-4-31b-it,"An assay that measures quantitative binding is a specific type of assay that measures binding, as quantification is a specialized subset of binding measurement."
LLMs4OL_OBI_SUB,gt,spectrophotometer,lactoscope c4,,is_a,google/gemma-4-31b-it,"A 'lactoscope c4' is a specific model or brand of spectrophotometer used for measuring lactose, meaning every instance of a lactoscope c4 is a type of spectrophotometer."
LLMs4OL_OBI_SUB,gt,data item,measurement datum,,is_a,google/gemma-4-31b-it,"A measurement datum is a specific type of data item, as any individual piece of measured data is by definition a data item."
LLMs4OL_OBI_SUB,gt,adult arthropod specimen collection process,arthropod specimen collection by aspiration,,is_a,google/gemma-4-31b-it,Collecting an arthropod specimen by aspiration is a specific method (a kind of) adult arthropod specimen collection process.
LLMs4OL_OBI_SUB,gt,analyte assay,proximity extension assay,,is_a,google/gemma-4-31b-it,A proximity extension assay is a specific type of analyte assay used to measure the concentration of proteins or other analytes.
LLMs4OL_OBI_SUB,gt,flow cytometer analyzer,lsrfortessa x-20,,instance_of,google/gemma-4-31b-it,"The 'lsrfortessa x-20' is a specific model/product of a flow cytometer analyzer, making it an individual instance of that general class."
LLMs4OL_OBI_SUB,gt,dna microarray,affymetrix rhesus macaque genome array,,instance_of,google/gemma-4-31b-it,"The 'affymetrix rhesus macaque genome array' is a specific commercial product/model of a 'dna microarray', making it a specific instance of that general class of technology."
LLMs4OL_OBI_SUB,gt,polymerase chain reaction assay,proximity extension assay,,is_a,google/gemma-4-31b-it,"A proximity extension assay (PEA) is a specific type of assay that utilizes polymerase chain reaction (PCR) for signal amplification, meaning every PEA is a form of PCR-based assay."
LLMs4OL_OBI_SUB,gt,epitope specific cytokine production by t cells,epitope specific interleukin-3 production by t cells,,is_a,google/gemma-4-31b-it,"Since Interleukin-3 is a specific type of cytokine, any instance of epitope-specific Interleukin-3 production by T cells is necessarily an instance of epitope-specific cytokine production by T cells."
LLMs4OL_OBI_SUB,gt,epitope protection experiment based on survival,in vivo assay measuring b cell epitope specific protection based on survival,,is_a,google/gemma-4-31b-it,"An 'in vivo assay measuring b cell epitope specific protection based on survival' is a specific type of 'epitope protection experiment based on survival', as it narrows the scope to a particular cell type (B cell) and a specific method (in vivo assay)."
LLMs4OL_OBI_SUB,gt,microarray,dna microarray,,is_a,google/gemma-4-31b-it,"A DNA microarray is a specific type of microarray designed to detect complementary DNA sequences, meaning every DNA microarray is by definition a microarray."
LLMs4OL_OBI_SUB,gt,alpha-beta t cell,cd4-positive alpha-beta t cell,,is_a,google/gemma-4-31b-it,"A CD4-positive alpha-beta T cell is a specific subtype of alpha-beta T cell, meaning every instance of the former is necessarily an instance of the latter."
LLMs4OL_OBI_SUB,gt,cytometer,flow cytometer,,is_a,google/gemma-4-31b-it,A flow cytometer is a specific type of cytometer used to measure the physical and chemical characteristics of cells.
LLMs4OL_OBI_SUB,gt,continuant,independent continuant,,is_a,google/gemma-4-31b-it,"In ontology (such as BFO), an independent continuant is a specific type of continuant that can exist on its own, meaning every independent continuant is by definition a continuant."
LLMs4OL_OBI_SUB,gt,material component separation,dna subtraction,,is_a,google/gemma-4-31b-it,"DNA subtraction is a specific type of process used to separate components of genetic material, making it a specialized instance of material component separation."
LLMs4OL_OBI_SUB,gt,organization,organization of specimen collector,,is_a,google/gemma-4-31b-it,An organization of a specimen collector is a specific type of organization.
LLMs4OL_OBI_SUB,gt,blood assay,venous blood thyroid stimulating hormone assay,,is_a,google/gemma-4-31b-it,"A 'venous blood thyroid stimulating hormone assay' is a specific type of 'blood assay', as every instance of the former is necessarily an instance of the latter."
LLMs4OL_OBI_SUB,gt,blood assay,comprehensive metabolic panel venous blood albumin assay,,is_a,google/gemma-4-31b-it,"A 'comprehensive metabolic panel venous blood albumin assay' is a specific type of 'blood assay', as every instance of this specific assay is by definition an instance of a blood assay."
LLMs4OL_OBI_SUB,gt,insecticide resistance assay,insecticide resistance by detecting enzyme activity assay,,is_a,google/gemma-4-31b-it,An 'insecticide resistance by detecting enzyme activity assay' is a specific type of 'insecticide resistance assay' characterized by the method used to determine resistance.
LLMs4OL_OBI_SUB,gt,processed material,device,,made_of,google/gemma-4-31b-it,"A device is a functional object typically constructed from processed materials, but it is not a type of material itself."
LLMs4OL_OBI_SUB,gt,molecular entity,tobramycin,,instance_of,google/gemma-4-31b-it,Tobramycin is a specific chemical substance (a particular molecule/drug) that belongs to the general class of molecular entities.
LLMs4OL_OBI_SUB,gt,environmental control device,cryostat,,is_a,google/gemma-4-31b-it,"A cryostat is a specific type of device used to maintain low temperatures, which is a form of environmental control."
LLMs4OL_OBI_SUB,gt,assay measuring a binding constant of a t cell epitopemhctcr complex,assay measuring the on rate kon of a t cell epitopemhctcr complex,,is_a,google/gemma-4-31b-it,"An assay that measures the on rate ($k_{on}$) is a specific type of assay that measures a binding constant, as the on rate is one of the fundamental binding constants."
LLMs4OL_OBI_SUB,gt,organism detection assay,parasite detection assay,,is_a,google/gemma-4-31b-it,"A parasite detection assay is a specific type of organism detection assay, as parasites are a subset of organisms."
LLMs4OL_OBI_SUB,gt,arthropod specimen collection process,live arthropod specimen collection process,,is_a,google/gemma-4-31b-it,A 'live arthropod specimen collection process' is a specific type of 'arthropod specimen collection process' characterized by the requirement that the specimen remains alive.
LLMs4OL_OBI_SUB,gt,material combination,adding a material entity into a target,,is_a,google/gemma-4-31b-it,Adding a material entity into a target is a specific method or type of material combination.
LLMs4OL_OBI_SUB,gt,cytometry assay,monocyte assay,,is_a,google/gemma-4-31b-it,"A monocyte assay is a specific type of cytometry assay used to analyze monocytes, meaning every monocyte assay is a kind of cytometry assay."
LLMs4OL_OBI_SUB,gt,cytometry assay,lymphocyte assay,,is_a,google/gemma-4-31b-it,A lymphocyte assay is a specific type of cytometry assay used to analyze lymphocytes.
LLMs4OL_OBI_SUB,gt,protein,ceruloplasmin,,is_a,google/gemma-4-31b-it,"Ceruloplasmin is a specific type of protein (specifically a ferroxidase), meaning every instance of ceruloplasmin is necessarily an instance of a protein."
LLMs4OL_OBI_SUB,gt,flow cytometer,flow cytometer analyzer,,is_a,google/gemma-4-31b-it,"A 'flow cytometer analyzer' is simply a more specific term for a 'flow cytometer', as the analyzer is the primary functional type of the device."
LLMs4OL_OBI_SUB,gt,assay array,microarray,,is_a,google/gemma-4-31b-it,"A microarray is a specific type of assay array used to detect the expression of genes or other molecules, meaning every microarray is by definition an assay array."
LLMs4OL_OBI_SUB,gt,material processing,material combination,,is_a,google/gemma-4-31b-it,"Combining materials is a specific type of material processing activity, meaning every instance of material combination is necessarily an instance of material processing."
LLMs4OL_OBI_SUB,gt,material processing,material component separation,,is_a,google/gemma-4-31b-it,Separating the components of a material is a specific type of material processing.
LLMs4OL_OBI_SUB,gt,material processing,artificially induced dna repair,,is_a,google/gemma-4-31b-it,"Artificially induced DNA repair is a specific type of process used to manipulate biological material, making it a specialized form of material processing."
LLMs4OL_OBI_SUB,gt,material entity,processed material,,is_a,google/gemma-4-31b-it,"A processed material is a specific type of material entity that has undergone a transformation, meaning every instance of a processed material is necessarily an instance of a material entity."
LLMs4OL_OBI_SUB,gt,material entity,molecular entity,,is_a,google/gemma-4-31b-it,Every molecular entity (such as a protein or a small molecule) is by definition a type of material entity (a physical entity with mass and extension).
LLMs4OL_OBI_SUB,gt,device,measurement device,,is_a,google/gemma-4-31b-it,"A measurement device is a specific type of device used for the purpose of measurement, meaning every measurement device is necessarily a device."
LLMs4OL_OBI_SUB,gt,device,material separation device,,is_a,google/gemma-4-31b-it,"A material separation device is a specific type of device designed to separate materials, meaning every instance of the former is necessarily an instance of the latter."
LLMs4OL_OBI_SUB,gt,device,environmental control device,,is_a,google/gemma-4-31b-it,"An environmental control device is a specific type of device used to regulate environmental conditions, meaning every instance of the former is necessarily an instance of the latter."
LLMs4OL_OBI_SUB,gt,device,assay array,,is_a,google/gemma-4-31b-it,"An assay array is a specific type of laboratory device used to perform assays, meaning every assay array is a device."
LLMs4OL_OBI_SUB,gt,device,container,,is_a,google/gemma-4-31b-it,"A container is a specific type of device used to hold or store items, meaning every container is a device."
LLMs4OL_OBI_SUB,gt,monocyte assay,manual differential bodily fluid monocyte count assay,,is_a,google/gemma-4-31b-it,A 'manual differential bodily fluid monocyte count assay' is a specific type of 'monocyte assay' characterized by the method (manual differential) and the sample source (bodily fluid).
LLMs4OL_OBI_SUB,pred,material entity,protein,1,is_a,google/gemma-4-31b-it,"A protein is a type of physical substance or material entity, meaning every instance of a protein is necessarily an instance of a material entity."
LLMs4OL_OBI_SUB,pred,"continuant (continuant, independent continuant)",realizable entity,1,is_a,google/gemma-4-31b-it,"In formal ontologies (like BFO), a 'realizable entity' (such as a disposition or role) is a type of 'continuant' because it exists over time and is not a process."
LLMs4OL_OBI_SUB,pred,"assay array (assay array, microarray)",protein expression profiling assay,1,other_related,google/gemma-4-31b-it,"A 'protein expression profiling assay' is a procedure (process) that may utilize an 'assay array' (a physical device/material entity) as a tool, but a process is not a kind of physical device."
LLMs4OL_OBI_SUB,pred,realizable entity,venous blood thyroid stimulating hormone assay,1,is_a,google/gemma-4-31b-it,"An assay is a type of planned process, and in many biomedical ontologies (such as BFO), a planned process is a subclass of a realizable entity."
LLMs4OL_OBI_SUB,pred,molecular entity,ceruloplasmin,1,is_a,google/gemma-4-31b-it,"Ceruloplasmin is a specific type of protein, and since all proteins are molecular entities, every instance of ceruloplasmin is necessarily an instance of a molecular entity."
LLMs4OL_OBI_SUB,pred,"continuant (continuant, independent continuant)",device,0,is_a,google/gemma-4-31b-it,"In ontological terms (such as BFO), a device is a type of material entity, which is a type of independent continuant, and therefore every device is necessarily a continuant."
LLMs4OL_OBI_SUB,pred,realizable entity,protein expression profiling assay,1,is_a,google/gemma-4-31b-it,"In many biomedical ontologies (like BFO), a 'realizable entity' is a disposition or plan that can be carried out, and since a 'protein expression profiling assay' is a type of planned process/assay that is realized through execution, it is a kind of realizable entity."
LLMs4OL_OBI_SUB,pred,blood assay,lymphocyte assay,1,is_a,google/gemma-4-31b-it,A lymphocyte assay is a specific type of blood assay because it is a diagnostic test performed on a blood sample to analyze lymphocytes.
LLMs4OL_OBI_SUB,pred,analyte assay,venous blood thyroid stimulating hormone assay,1,is_a,google/gemma-4-31b-it,"A 'venous blood thyroid stimulating hormone assay' is a specific type of assay that measures a particular analyte (TSH), making it a subset of the general category of 'analyte assays'."
LLMs4OL_OBI_SUB,pred,assay,insecticide resistance by detecting glutathione s-transferase activity assay,0,is_a,google/gemma-4-31b-it,"The 'insecticide resistance by detecting glutathione s-transferase activity assay' is a specific type of 'assay', meaning every instance of this specific assay is necessarily an instance of the general class of assays."
LLMs4OL_OBI_SUB,pred,device,container,0,other_related,google/gemma-4-31b-it,"A container is not a type of device, but rather a device can be used as a container or a container can be a component of a device; however, in a general taxonomic sense, they are distinct categories of material entities."
LLMs4OL_OBI_SUB,pred,analyte assay,assay measuring the on rate kon of a t cell epitopemhctcr complex,1,is_a,google/gemma-4-31b-it,"An assay measuring the on rate of a T cell epitope-MHC complex is a specific type of assay used to measure an analyte (the complex/binding rate), making it a proper subclass of analyte assay."
LLMs4OL_OBI_SUB,pred,t cell epitope assay,assay measuring quantitative binding of an epitopemhctcr complex,0,is_a,google/gemma-4-31b-it,An assay that specifically measures the quantitative binding of an epitope-MHC complex is a specific type of T cell epitope assay.
LLMs4OL_OBI_SUB,pred,analyte assay,t cell epitope assay,1,is_a,google/gemma-4-31b-it,"A T cell epitope assay is a specific type of assay designed to measure a particular analyte (the epitope/peptide), making it a subclass of analyte assays."
LLMs4OL_OBI_SUB,pred,realizable entity,albumin assay,1,is_a,google/gemma-4-31b-it,"An 'albumin assay' is a specific type of laboratory procedure or process, and in many biomedical ontologies (like BFO), a 'realizable entity' is the parent class for processes and roles that can be carried out."
LLMs4OL_OBI_SUB,pred,lymphocyte assay,assay measuring binding of a t cell epitopemhctcr complex,1,is_a,google/gemma-4-31b-it,"An assay measuring the binding of a T cell epitope-MHC complex is a specific type of assay performed on or involving lymphocytes, making it a subclass of lymphocyte assays."
LLMs4OL_OBI_SUB,pred,realizable entity,lymphocyte assay,1,is_a,google/gemma-4-31b-it,"A 'lymphocyte assay' is a specific type of process or procedure, and in many biomedical ontologies (like BFO), a 'realizable entity' is the parent class for all dispositions and processes that can be carried out."
LLMs4OL_OBI_SUB,pred,data item,brother clinical history of cancer,1,is_a,google/gemma-4-31b-it,'Brother clinical history of cancer' is a specific type of information element that fits the general definition of a 'data item'.
LLMs4OL_OBI_SUB,pred,realizable entity,adjuvant role,0,is_a,google/gemma-4-31b-it,"An adjuvant role is a specific type of role, and since a role is a kind of realizable entity, every instance of an adjuvant role is necessarily an instance of a realizable entity."
LLMs4OL_OBI_SUB,pred,specimen collection process,arthropod specimen collection by aspiration,0,is_a,google/gemma-4-31b-it,Collecting an arthropod specimen by aspiration is a specific type of specimen collection process.
LLMs4OL_OBI_SUB,pred,assay,assay measuring the on rate kon of a t cell epitopemhctcr complex,1,is_a,google/gemma-4-31b-it,"An assay measuring the on rate of a T cell epitope-MHC complex is a specific type of assay, meaning every instance of the former is necessarily an instance of the latter."
LLMs4OL_OBI_SUB,pred,cytometer,flow cytometer analyzer,0,is_a,google/gemma-4-31b-it,"A flow cytometer analyzer is a specific type of cytometer used for analyzing cells in a fluid stream, meaning every instance of the analyzer is also an instance of a cytometer."
LLMs4OL_OBI_SUB,pred,blood assay,monocyte assay,1,is_a,google/gemma-4-31b-it,A monocyte assay is a specific type of blood assay because it is a procedure performed on a blood sample to analyze monocytes.
LLMs4OL_OBI_SUB,pred,assay,insecticide resistance by detecting enzyme activity assay,0,is_a,google/gemma-4-31b-it,"An 'insecticide resistance by detecting enzyme activity assay' is a specific type of 'assay', meaning every instance of the former is necessarily an instance of the latter."
LLMs4OL_OBI_SUB,pred,"continuant (continuant, independent continuant)",affymetrix rhesus macaque genome array,0,is_a,google/gemma-4-31b-it,"An 'affymetrix rhesus macaque genome array' is a specific type of physical object (a microarray), and in ontological terms, any physical object that persists through time is a 'continuant'."
LLMs4OL_OBI_SUB,pred,realizable entity,anticoagulant-containing test tube,1,unrelated,google/gemma-4-31b-it,"An 'anticoagulant-containing test tube' is a physical object (material entity/continuant), whereas a 'realizable entity' refers to an occurrence, process, or role that can be brought into existence, making the two conceptually distinct categories."
LLMs4OL_OBI_SUB,pred,test tube,anticoagulant-containing test tube,0,is_a,google/gemma-4-31b-it,"An anticoagulant-containing test tube is a specific type of test tube that possesses a particular characteristic (the presence of an anticoagulant), meaning every instance of the former is necessarily an instance of the latter."
LLMs4OL_OBI_SUB,pred,molecular entity,protein,1,is_a,google/gemma-4-31b-it,Every protein is by definition a type of molecular entity.
LLMs4OL_OBI_SUB,pred,realizable entity,analyte assay,1,is_a,google/gemma-4-31b-it,"An 'analyte assay' is a specific type of process or activity that can be defined as a 'realizable entity' (a concept that can be instantiated in the real world), making it a proper subsumption."
LLMs4OL_OBI_SUB,pred,"continuant (continuant, independent continuant)",flow cytometer,0,is_a,google/gemma-4-31b-it,"In the context of formal ontologies (like BFO), a 'continuant' is any entity that persists through time, and since a 'flow cytometer' is a physical object/device, it is by definition a type of continuant."
LLMs4OL_OBI_SUB,pred,planned process,5-nucleotidase activity level assay,0,is_a,google/gemma-4-31b-it,"An assay is a specific type of planned process (a procedure designed to achieve a result), meaning every instance of a 5-nucleotidase activity level assay is also an instance of a planned process."
LLMs4OL_OBI_SUB,pred,material entity,"assay array (assay array, microarray)",0,is_a,google/gemma-4-31b-it,"An assay array is a physical object made of matter, and therefore every instance of an assay array is a type of material entity."
LLMs4OL_OBI_SUB,pred,"continuant (continuant, independent continuant)",role of regulator of consumables and medical devices,1,is_a,google/gemma-4-31b-it,"In Basic Formal Ontology (BFO), a 'role' is a type of 'realizable entity', and all realizable entities are categorized as 'continuants' (entities that persist through time), making this a valid taxonomic subsumption."
LLMs4OL_OBI_SUB,pred,analyte assay,protein expression profiling assay,1,is_a,google/gemma-4-31b-it,"A protein expression profiling assay is a specific type of assay designed to measure the levels of protein analytes, meaning every instance of the former is necessarily an instance of the latter."
LLMs4OL_OBI_SUB,pred,organism detection assay,parasite detection assay,0,is_a,google/gemma-4-31b-it,"A parasite detection assay is a specific type of organism detection assay, as parasites are a subset of organisms."
LLMs4OL_OBI_SUB,pred,assay,epitope protection experiment,1,is_a,google/gemma-4-31b-it,An epitope protection experiment is a specific type of laboratory assay used to determine if a particular site on a molecule is protected from modification or binding.
LLMs4OL_OBI_SUB,pred,cytometer,lsrfortessa x-20,0,instance_of,google/gemma-4-31b-it,"The 'lsrfortessa x-20' is a specific model/product of a cytometer, making it an individual instance of that general class."
LLMs4OL_OBI_SUB,pred,assay measuring quantitative binding of an epitopemhctcr complex,assay measuring a binding constant of a t cell epitopemhctcr complex,0,is_a,google/gemma-4-31b-it,An assay that measures a specific binding constant is a specific type of assay that measures quantitative binding.
LLMs4OL_OBI_SUB,pred,realizable entity,assay measuring quantitative binding of an epitopemhctcr complex,1,is_a,google/gemma-4-31b-it,"An assay is a process or procedure that can be categorized as a realizable entity (something that can be carried out), making this a proper subsumption."
LLMs4OL_OBI_SUB,pred,"continuant (continuant, independent continuant)",epitope protection experiment,1,unrelated,google/gemma-4-31b-it,"An 'epitope protection experiment' is a process or activity (an occurrent), whereas a 'continuant' is an entity that persists through time (like a device or a tube), making the two concepts fundamentally different categories of existence."
LLMs4OL_OBI_SUB,pred,realizable entity,carboxyfluorescein succinimidyl ester staining assay,1,is_a,google/gemma-4-31b-it,"A 'carboxyfluorescein succinimidyl ester staining assay' is a specific type of planned process or assay, whereas 'realizable entity' (as evidenced by its children like 'role') refers to a conceptual role or potentiality that can be fulfilled, making the relationship one of a process being a type of "
LLMs4OL_OBI_SUB,pred,material processing,artificially induced dna repair,0,is_a,google/gemma-4-31b-it,"Artificially induced DNA repair is a specific type of process that involves the manipulation and processing of biological material (DNA), making it a subclass of material processing."
LLMs4OL_OBI_SUB,pred,realizable entity,comprehensive metabolic panel venous blood albumin assay,1,is_a,google/gemma-4-31b-it,"An assay is a type of planned process, and in many biomedical ontologies (such as BFO), a planned process is a subclass of a realizable entity."
LLMs4OL_OBI_SUB,pred,"assay array (assay array, microarray)",dna microarray,0,is_a,google/gemma-4-31b-it,A DNA microarray is a specific type of assay array used to measure the expression of large numbers of genes simultaneously.
LLMs4OL_OBI_SUB,pred,monocyte assay,manual differential bodily fluid monocyte count assay,0,is_a,google/gemma-4-31b-it,A 'manual differential bodily fluid monocyte count assay' is a specific type of 'monocyte assay' characterized by its manual method and the specific sample type (bodily fluid).
LLMs4OL_OBI_SUB,pred,device,affymetrix rhesus macaque genome array,0,is_a,google/gemma-4-31b-it,"An 'affymetrix rhesus macaque genome array' is a specific type of microarray, and a microarray is a type of laboratory device, meaning every instance of the array is also an instance of a device."
LLMs4OL_OBI_SUB,pred,realizable entity,arthropod specimen collection by aspiration,1,is_a,google/gemma-4-31b-it,"'Arthropod specimen collection by aspiration' is a specific type of process, and in formal ontologies (like BFO), a process is a type of 'realizable entity'."
LLMs4OL_OBI_SUB,pred,"continuant (continuant, independent continuant)",cryostat,0,is_a,google/gemma-4-31b-it,"A cryostat is a physical object (a material entity), and in formal ontologies (like BFO), all physical objects are types of continuants."
LLMs4OL_OBI_SUB,pred,realizable entity,specimen collection process,1,other_related,google/gemma-4-31b-it,"In biomedical ontologies (such as BFO), a 'realizable entity' is a disposition or role that can be instantiated as a process, meaning a 'specimen collection process' is the actualization of a realizable entity rather than a type of one."
LLMs4OL_OBI_SUB,pred,material entity,test tube,0,is_a,google/gemma-4-31b-it,"A test tube is a physical object made of matter, and therefore every instance of a test tube is also an instance of a material entity."
LLMs4OL_OBI_SUB,pred,realizable entity,assay measuring binding of a t cell epitopemhctcr complex,1,is_a,google/gemma-4-31b-it,"An assay is a process or activity that can be performed, and in many biomedical ontologies (like BFO or OBO), such activities are categorized as ""realizable entities."""
LLMs4OL_OBI_SUB,pred,"continuant (continuant, independent continuant)",lactoscope c4,0,is_a,google/gemma-4-31b-it,"A lactoscope is a physical object (a measurement device), and in ontological frameworks like BFO, all physical objects are types of continuants."
LLMs4OL_OBI_SUB,pred,analyte assay,carboxyfluorescein succinimidyl ester staining assay,1,is_a,google/gemma-4-31b-it,"A carboxyfluorescein succinimidyl ester staining assay is a specific type of assay used to detect or quantify a particular analyte, making it a subclass of analyte assays."
LLMs4OL_OBI_SUB,pred,"continuant (continuant, independent continuant)",filter paper,0,is_a,google/gemma-4-31b-it,"In the context of formal ontologies (like BFO), a 'continuant' is any entity that persists through time, and since 'filter paper' is a physical object, it is a type of continuant."
LLMs4OL_OBI_SUB,pred,"continuant (continuant, independent continuant)",container,0,is_a,google/gemma-4-31b-it,"In ontology and taxonomy (such as BFO), a continuant is any entity that persists through time, and a container is a type of material entity, which is itself a type of continuant."
LLMs4OL_OBI_SUB,pred,material entity,lactoscope c4,0,is_a,google/gemma-4-31b-it,"A lactoscope c4 is a specific type of measurement device, and since all devices are material entities, every instance of a lactoscope c4 is also an instance of a material entity."
LLMs4OL_OBI_SUB,pred,t cell epitope assay,assay measuring a binding constant of a t cell epitopemhctcr complex,0,is_a,google/gemma-4-31b-it,An assay that specifically measures the binding constant of a T cell epitope-MHC complex is a specialized type of T cell epitope assay.
LLMs4OL_OBI_SUB,pred,"continuant (continuant, independent continuant)",connection function,1,attribute_of,google/gemma-4-31b-it,"A 'connection function' is a process or role (an occurrent) that describes how a 'continuant' (an object or entity) operates, rather than being a type of object itself."
LLMs4OL_OBI_SUB,pred,realizable entity,organism detection assay,1,instance_of,google/gemma-4-31b-it,"An 'organism detection assay' is a specific type of process or procedure, whereas a 'realizable entity' (especially given its children like 'role') typically refers to a conceptual entity that can be instantiated, making the assay an instance or a specific realization of such an entity rather than a"
LLMs4OL_OBI_SUB,pred,assay,carboxyfluorescein succinimidyl ester staining assay measuring epitope specific proliferation of t cells,0,is_a,google/gemma-4-31b-it,"The 'carboxyfluorescein succinimidyl ester staining assay measuring epitope specific proliferation of t cells' is a specific type of 'assay', meaning every instance of this specific assay is necessarily an instance of the general class of assays."
LLMs4OL_OBI_SUB,pred,realizable entity,in vivo assay measuring b cell epitope specific protection based on survival,1,is_a,google/gemma-4-31b-it,"An assay is a process or activity that can be carried out, which fits the definition of a 'realizable entity' (a concept that can be instantiated as a process or role)."
LLMs4OL_OBI_SUB,pred,"continuant (continuant, independent continuant)",alpha-beta t cell,1,is_a,google/gemma-4-31b-it,"In basic ontological frameworks (like BFO), a 'continuant' is any entity that persists through time, and since an 'alpha-beta t cell' is a physical biological entity, it is a type of continuant."
LLMs4OL_OBI_SUB,pred,assay,thyroid stimulating hormone assay,1,is_a,google/gemma-4-31b-it,"A 'thyroid stimulating hormone assay' is a specific type of 'assay', meaning every instance of the former is necessarily an instance of the latter."
LLMs4OL_OBI_SUB,pred,analyte assay,5-nucleotidase activity level assay,1,is_a,google/gemma-4-31b-it,A 5-nucleotidase activity level assay is a specific type of analyte assay because it measures the concentration or activity of a specific analyte (the 5-nucleotidase enzyme).
LLMs4OL_OBI_SUB,pred,"continuant (continuant, independent continuant)",regulatory role,1,attribute_of,google/gemma-4-31b-it,"A 'regulatory role' is a type of role that is played by a continuant, but it is not itself a continuant (it is a realizable entity)."
LLMs4OL_OBI_SUB,pred,material entity,flow cytometer,0,is_a,google/gemma-4-31b-it,"A flow cytometer is a physical object made of matter, and in formal ontologies (like BFO), a 'material entity' is the broad class that encompasses all physical objects."
LLMs4OL_OBI_SUB,pred,analyte assay,lymphocyte count assay,1,is_a,google/gemma-4-31b-it,"A lymphocyte count assay is a specific type of assay designed to measure a particular analyte (lymphocytes), meaning every instance of a lymphocyte count assay is necessarily an instance of an analyte assay."
LLMs4OL_OBI_SUB,pred,"continuant (continuant, independent continuant)",processed material,0,is_a,google/gemma-4-31b-it,"A processed material is a type of material entity, and a material entity is a type of independent continuant, which in turn is a type of continuant; therefore, every processed material is necessarily a continuant."
LLMs4OL_OBI_SUB,pred,realizable entity,epitope specific cytokine production by t cells,1,is_a,google/gemma-4-31b-it,"In biomedical ontologies (like the OBO Foundry), a 'realizable entity' is a class for things that can be performed or enacted (such as processes or roles), and 'epitope specific cytokine production by t cells' is a specific type of biological process that is realized."
LLMs4OL_OBI_SUB,pred,t cell epitope assay,assay measuring epitope specific interferon-alpha production by t cells,1,is_a,google/gemma-4-31b-it,"An assay measuring epitope-specific interferon-alpha production by T cells is a specific type of T cell epitope assay, as it is one method used to evaluate T cell responses to a particular epitope."
LLMs4OL_OBI_SUB,pred,dna microarray,affymetrix rhesus macaque genome array,0,is_a,google/gemma-4-31b-it,"The 'affymetrix rhesus macaque genome array' is a specific type of 'dna microarray' designed for a particular species, meaning every instance of this specific array is necessarily an instance of the broader category of DNA microarrays."
LLMs4OL_OBI_SUB,pred,"continuant (continuant, independent continuant)",protein,1,is_a,google/gemma-4-31b-it,"In formal ontologies (like BFO), a 'continuant' is an entity that persists through time, and a 'protein' is a physical entity that fits this definition."
LLMs4OL_OBI_SUB,pred,material separation device,cytometer,1,other_related,google/gemma-4-31b-it,"A cytometer is a device used to measure and analyze cells, often utilizing separation techniques (like flow cytometry), but it is fundamentally a measurement device rather than a type of material separation device."
LLMs4OL_OBI_SUB,pred,realizable entity,regulatory role,0,is_a,google/gemma-4-31b-it,"A regulatory role is a specific type of realizable entity (a concept that can be played or fulfilled by an object), making this a proper subsumption."
LLMs4OL_OBI_SUB,pred,carboxyfluorescein succinimidyl ester staining assay,carboxyfluorescein succinimidyl ester staining assay measuring epitope specific proliferation of t cells,0,is_a,google/gemma-4-31b-it,"The child term describes a specific application or version of the parent assay (specifically one measuring epitope-specific T cell proliferation), meaning every instance of the specific assay is necessarily an instance of the general assay."
LLMs4OL_OBI_SUB,pred,assay,nose to finger assessment,1,unrelated,google/gemma-4-31b-it,"A 'nose to finger assessment' is a clinical physical examination of motor coordination, whereas an 'assay' is a laboratory procedure to measure the presence or amount of a substance or a specific chemical activity."
LLMs4OL_OBI_SUB,pred,container,test tube,0,is_a,google/gemma-4-31b-it,"A test tube is a specific type of container used in laboratories, meaning every test tube is by definition a container."
LLMs4OL_OBI_SUB,pred,device,measurement device,0,is_a,google/gemma-4-31b-it,"Every measurement device is, by definition, a type of device."
LLMs4OL_OBI_SUB,pred,"function (function, role)",connection function,0,is_a,google/gemma-4-31b-it,"A 'connection function' is a specific type of 'function' used to link entities, meaning every connection function is inherently a function."
LLMs4OL_OBI_SUB,pred,material entity,cryostat,0,is_a,google/gemma-4-31b-it,"A cryostat is a physical object (a device) made of matter, and in many formal ontologies (like BFO or OBO), a 'material entity' is the broad class for any physical object."
LLMs4OL_OBI_SUB,pred,arthropod specimen collection by aspiration,daytime arthropod specimen collection by aspiration,0,is_a,google/gemma-4-31b-it,"Any instance of 'daytime arthropod specimen collection by aspiration' is by definition an instance of 'arthropod specimen collection by aspiration', with the former being a more specific case defined by the time of day."
LLMs4OL_OBI_SUB,pred,container,anticoagulant-containing test tube,0,is_a,google/gemma-4-31b-it,An anticoagulant-containing test tube is a specific type of container used in laboratory settings.
LLMs4OL_OBI_SUB,pred,assay measuring quantitative binding of an epitopemhctcr complex,assay measuring binding of a t cell epitopemhctcr complex,1,is_a,google/gemma-4-31b-it,"The stated parent ('assay measuring binding...') is a general category of assay, while the stated child ('assay measuring quantitative binding...') is a more specific type of that assay (one that provides quantitative data), meaning the subsumption direction is correct."
LLMs4OL_OBI_SUB,pred,assay,assay measuring epitope specific interferon-alpha production by t cells,1,is_a,google/gemma-4-31b-it,"An 'assay measuring epitope specific interferon-alpha production by t cells' is a specific type of 'assay', meaning every instance of the former is necessarily an instance of the latter."
LLMs4OL_OBI_SUB,pred,lymphocyte assay,assay measuring quantitative binding of an epitopemhctcr complex,1,is_a,google/gemma-4-31b-it,"An assay measuring the binding of an epitope-MHC complex is a specific type of T cell assay, and since T cells are a type of lymphocyte, this assay is a specialized kind of lymphocyte assay."
LLMs4OL_OBI_SUB,pred,arthropod specimen collection process,arthropod specimen collection by aspiration,0,is_a,google/gemma-4-31b-it,Collecting an arthropod specimen by aspiration is a specific method (a kind) of the general arthropod specimen collection process.
LLMs4OL_OBI_SUB,pred,assay,blood assay,0,is_a,google/gemma-4-31b-it,"A blood assay is a specific type of assay that is performed on blood samples, meaning every instance of a blood assay is necessarily an instance of an assay."
LLMs4OL_OBI_SUB,pred,measurement device,spectrophotometer,0,is_a,google/gemma-4-31b-it,"A spectrophotometer is a specific type of device used for measurement, meaning every spectrophotometer is necessarily a measurement device."
LLMs4OL_OBI_SUB,pred,realizable entity,5-nucleotidase activity level assay,1,is_a,google/gemma-4-31b-it,"An assay is a type of planned process, and in many biomedical ontologies (like BFO), a planned process is a subclass of a realizable entity."
LLMs4OL_OBI_SUB,pred,"continuant (continuant, independent continuant)",dna microarray,0,is_a,google/gemma-4-31b-it,"A dna microarray is a physical object (a material entity), and in ontological frameworks like BFO, all physical objects are types of continuants."
LLMs4OL_OBI_SUB,pred,realizable entity,polymerase chain reaction assay,1,is_a,google/gemma-4-31b-it,"A 'polymerase chain reaction assay' is a specific type of process or procedure, and in many formal ontologies (like BFO), a 'realizable entity' is the disposition or plan that can be enacted as a process, making the assay a specific kind of realizable entity."
LLMs4OL_OBI_SUB,pred,measurement device,cryostat,1,other_related,google/gemma-4-31b-it,"A cryostat is a device used to maintain low temperatures for samples, often incorporating a microscope for observation, but its primary function is temperature control rather than measurement."
LLMs4OL_OBI_SUB,pred,measurement device,flow cytometer analyzer,0,is_a,google/gemma-4-31b-it,"A flow cytometer analyzer is a specific type of device used for measurement, meaning every instance of the analyzer is necessarily an instance of a measurement device."
LLMs4OL_OBI_SUB,pred,analyte assay,proximity extension assay,0,is_a,google/gemma-4-31b-it,"A proximity extension assay is a specific type of assay used to measure analytes, meaning every instance of a proximity extension assay is necessarily an instance of an analyte assay."
LLMs4OL_OBI_SUB,pred,blood assay,albumin assay,1,is_a,google/gemma-4-31b-it,"An albumin assay is a specific type of blood assay, as it is a laboratory test performed on a blood sample to measure albumin levels."
LLMs4OL_OBI_SUB,pred,clinical history,family clinical history of cancer,0,is_a,google/gemma-4-31b-it,A family clinical history of cancer is a specific type of clinical history.
LLMs4OL_OBI_SUB,pred,arthropod specimen collection process,adult arthropod specimen collection process,0,is_a,google/gemma-4-31b-it,"Collecting an adult arthropod specimen is a specific type of arthropod specimen collection process, as the former is a subset of the latter defined by the life stage of the subject."
LLMs4OL_OBI_SUB,pred,realizable entity,live arthropod specimen collection process,1,is_a,google/gemma-4-31b-it,"In ontology and taxonomy standards (such as BFO), a ""realizable entity"" is a disposition or process that can be instantiated, and a ""collection process"" is a specific type of process that can be realized."
LLMs4OL_OBI_SUB,pred,measurement datum,brother clinical history of cancer,1,other_related,google/gemma-4-31b-it,"A brother's clinical history of cancer is a specific piece of information (a data item) that is recorded, but it is not a ""measurement datum"" (like a dose or a lab value), as it is a qualitative historical fact rather than a quantitative measurement."
LLMs4OL_OBI_SUB,pred,flow cytometer analyzer,lsrfortessa x-20,0,instance_of,google/gemma-4-31b-it,"The 'lsrfortessa x-20' is a specific model/product of a flow cytometer analyzer, making it an individual instance of that general class."
LLMs4OL_OBI_SUB,pred,"continuant (continuant, independent continuant)","assay array (assay array, microarray)",0,is_a,google/gemma-4-31b-it,"An assay array is a physical object (a material entity/device) that exists over time, which fits the definition of a continuant in ontological frameworks like BFO."
LLMs4OL_OBI_SUB,pred,measurement device,lsrfortessa x-20,0,instance_of,google/gemma-4-31b-it,"The 'lsrfortessa x-20' is a specific model/product of a flow cytometer, making it a concrete individual instance of the general class 'measurement device'."
LLMs4OL_OBI_SUB,pred,enzymatic activity level assay,5-nucleotidase activity level assay,0,is_a,google/gemma-4-31b-it,A '5-nucleotidase activity level assay' is a specific type of 'enzymatic activity level assay' because 5-nucleotidase is an enzyme.
LLMs4OL_OBI_SUB,pred,material processing,dna subtraction,0,is_a,google/gemma-4-31b-it,DNA subtraction is a specific type of material processing technique used to remove specific genetic sequences.
LLMs4OL_OBI_SUB,pred,live arthropod specimen collection process,arthropod specimen collection by aspiration,0,is_a,google/gemma-4-31b-it,Collecting an arthropod specimen by aspiration is a specific method (a kind) of the broader process of collecting live arthropod specimens.
LLMs4OL_OBI_SUB,pred,measurement device,multichannel pipette,0,is_a,google/gemma-4-31b-it,"A multichannel pipette is a specific type of device used for measuring and transferring liquid volumes, meaning every multichannel pipette is a measurement device."
LLMs4OL_OBI_SUB,pred,flow cytometer,lsrfortessa x-20,0,instance_of,google/gemma-4-31b-it,"The 'lsrfortessa x-20' is a specific model/product of a flow cytometer, making it an individual instance of that general class."
LLMs4OL_OBI_SUB,pred,planned process,epitope protection experiment,1,is_a,google/gemma-4-31b-it,"An 'epitope protection experiment' is a specific type of 'planned process' (specifically a scientific procedure), meaning every instance of the experiment is also an instance of a planned process."
LLMs4OL_OBI_SUB,pred,realizable entity,insecticide resistance by detecting enzyme activity assay,1,is_a,google/gemma-4-31b-it,"An assay is a type of planned process, and in many formal ontologies (such as BFO), a planned process is a subclass of a realizable entity."
LLMs4OL_OBI_SUB,pred,measurement datum,clinical history,1,has_part,google/gemma-4-31b-it,"A clinical history is a comprehensive record containing various data points, whereas a measurement datum is a single specific value; therefore, a measurement datum is a component part of a clinical history."
LLMs4OL_OBI_SUB,pred,blood assay,thyroid stimulating hormone assay,1,is_a,google/gemma-4-31b-it,"A thyroid stimulating hormone assay is a specific type of blood assay, as it is a diagnostic test performed on a blood sample."
LLMs4OL_OBI_SUB,pred,realizable entity,insecticide resistance assay,1,is_a,google/gemma-4-31b-it,"An 'insecticide resistance assay' is a specific type of process or activity, and in many formal ontologies (like BFO), a 'realizable entity' is the disposition or capacity that is manifested as a process, meaning the assay is the realization of that entity."
LLMs4OL_OBI_SUB,pred,assay,analyte assay,0,is_a,google/gemma-4-31b-it,"An 'analyte assay' is a specific type of 'assay' designed to measure a particular chemical substance (the analyte), meaning every analyte assay is by definition an assay."
LLMs4OL_OBI_SUB,pred,"continuant (continuant, independent continuant)",vial,0,is_a,google/gemma-4-31b-it,"In ontology and taxonomy (such as BFO), a 'continuant' is a high-level entity that persists through time, and a 'vial' is a physical object that fits this definition."
LLMs4OL_OBI_SUB,pred,assay,cytometry assay,1,is_a,google/gemma-4-31b-it,"A cytometry assay is a specific type of assay used to measure the characteristics of cells, meaning every instance of a cytometry assay is necessarily an instance of an assay."
LLMs4OL_OBI_SUB,pred,material entity,device,0,is_a,google/gemma-4-31b-it,"A device is a type of material entity because it is a physical, independent object that exists in space and time."
LLMs4OL_OBI_SUB,pred,realizable entity,parasite detection assay,1,is_a,google/gemma-4-31b-it,"In many formal ontologies (like BFO), a 'realizable entity' is a disposition or process that can be instantiated, and since a 'parasite detection assay' is a planned process (a type of realizable entity), the subsumption holds."
LLMs4OL_OBI_SUB,pred,analyte assay,in vivo assay measuring b cell epitope specific protection based on survival,1,is_a,google/gemma-4-31b-it,"An in vivo survival assay measuring protection is a specific type of assay used to quantify a biological response (the analyte/protection level), making it a specialized instance of an analyte assay."
LLMs4OL_OBI_SUB,pred,cytometry assay,carboxyfluorescein succinimidyl ester staining assay,1,is_a,google/gemma-4-31b-it,"A carboxyfluorescein succinimidyl ester (CFSE) staining assay is a specific type of assay used to label cells for subsequent analysis via flow cytometry, making it a specialized kind of cytometry assay."
LLMs4OL_OBI_SUB,pred,"continuant (continuant, independent continuant)",molecular entity,0,is_a,google/gemma-4-31b-it,"A molecular entity is a type of material entity, which is a type of independent continuant, and therefore every molecular entity is by definition a continuant."
LLMs4OL_OBI_SUB,pred,realizable entity,assay measuring the on rate kon of a t cell epitopemhctcr complex,1,other_related,google/gemma-4-31b-it,"An assay is a process or procedure used to measure a property, whereas a 'realizable entity' (often used in ontologies like BFO or OBO) refers to a role or disposition that is instantiated in a specific entity, making the assay the activity that realizes or measures the property rather than a type o"
LLMs4OL_OBI_SUB,pred,lymphocyte assay,lymphocyte count assay,0,is_a,google/gemma-4-31b-it,"A lymphocyte count assay is a specific type of lymphocyte assay designed to quantify the cells, meaning every instance of a count assay is necessarily an instance of a lymphocyte assay."
LLMs4OL_OBI_SUB,pred,material processing,nanodroplet processing in one pot for trace samples assay,1,part_of,google/gemma-4-31b-it,"The 'nanodroplet processing in one pot for trace samples assay' is a specific type of assay that utilizes material processing techniques as a core component of its procedure, but the assay itself is not a kind of material processing."
LLMs4OL_OBI_SUB,pred,planned process,nanodroplet processing in one pot for trace samples assay,0,is_a,google/gemma-4-31b-it,The term 'nanodroplet processing in one pot for trace samples assay' describes a specific type of planned laboratory procedure or process.
LLMs4OL_OBI_SUB,pred,material entity,material separation device,0,other_related,google/gemma-4-31b-it,"A material separation device is a tool (device) used to manipulate materials, but it is not a type of material itself."
LLMs4OL_OBI_SUB,pred,environmental control device,cryostat,0,is_a,google/gemma-4-31b-it,"A cryostat is a specific type of device used to maintain low temperatures, which is a form of environmental control."
LLMs4OL_OBI_SUB,pred,planned process,assay measuring the on rate kon of a t cell epitopemhctcr complex,1,is_a,google/gemma-4-31b-it,"An assay measuring the on rate of a T cell epitope-MHC complex is a specific type of assay, and since 'assay' is listed as a child of 'planned process', the specific assay is by transitive property a kind of planned process."
LLMs4OL_OBI_SUB,pred,analyte assay,insecticide resistance by detecting enzyme activity assay,1,is_a,google/gemma-4-31b-it,"An assay that detects enzyme activity to determine insecticide resistance is a specific type of assay used to measure a particular analyte (the enzyme), making it a subset of analyte assays."
LLMs4OL_OBI_SUB,pred,assay,assay measuring quantitative binding of an epitopemhctcr complex,1,is_a,google/gemma-4-31b-it,"An assay measuring quantitative binding of an epitope-MHC complex is a specific type of assay, meaning every instance of the former is necessarily an instance of the latter."
LLMs4OL_OBI_SUB,pred,realizable entity,functional assessment of individual,1,is_a,google/gemma-4-31b-it,"A functional assessment is a process or activity that can be carried out (realized), making it a type of realizable entity."
LLMs4OL_OBI_SUB,pred,realizable entity,material component separation,1,other_related,google/gemma-4-31b-it,"'Material component separation' is a process or activity, whereas 'realizable entity' is a broad category for things that can be instantiated (like roles), making the relationship one of a process that results in or involves entities, rather than a taxonomic subsumption."
LLMs4OL_OBI_SUB,pred,realizable entity,role of regulator of consumables and medical devices,0,is_a,google/gemma-4-31b-it,"The 'role of regulator of consumables and medical devices' is a specific type of 'realizable entity' (as roles are entities that can be played or realized), making this a proper subsumption."
LLMs4OL_OBI_SUB,pred,"continuant (continuant, independent continuant)",regulator role,1,attribute_of,google/gemma-4-31b-it,"A 'regulator role' is a functional role that is played by a continuant (such as a protein or molecule), but the role itself is an occurrent/realizable entity, not a kind of continuant."
LLMs4OL_OBI_SUB,pred,device,"assay array (assay array, microarray)",0,is_a,google/gemma-4-31b-it,"An assay array is a specific type of laboratory device used to perform multiple assays simultaneously, meaning every assay array is a device."
LLMs4OL_OBI_SUB,pred,assay,manual differential bodily fluid monocyte count assay,1,is_a,google/gemma-4-31b-it,"A 'manual differential bodily fluid monocyte count assay' is a specific type of 'assay', meaning every instance of the former is necessarily an instance of the latter."
LLMs4OL_OBI_SUB,pred,insecticide resistance assay,insecticide resistance by detecting glutathione s-transferase activity assay,0,is_a,google/gemma-4-31b-it,"The 'insecticide resistance by detecting glutathione s-transferase activity assay' is a specific type of 'insecticide resistance assay', as it is a specialized method within that broader category of assays."
LLMs4OL_OBI_SUB,pred,analyte assay,assay measuring binding of a t cell epitopemhctcr complex,1,is_a,google/gemma-4-31b-it,An assay that measures the binding of a specific complex is a specialized type of assay designed to measure an analyte.
LLMs4OL_OBI_SUB,pred,analyte assay,organism detection assay,1,is_a,google/gemma-4-31b-it,An organism detection assay is a specific type of analyte assay where the analyte being measured is the organism (or a marker of it).
LLMs4OL_OBI_SUB,pred,material separation device,filter paper,0,is_a,google/gemma-4-31b-it,"Filter paper is a specific type of device used for the separation of materials, meaning every instance of filter paper is a material separation device."
LLMs4OL_OBI_SUB,pred,planned process,manual differential bodily fluid monocyte count assay,1,is_a,google/gemma-4-31b-it,"A 'manual differential bodily fluid monocyte count assay' is a specific type of assay, and since 'assay' is listed as a child of 'planned process', the specific assay is by transitive property a kind of planned process."
LLMs4OL_OBI_SUB,pred,"continuant (continuant, independent continuant)",anticoagulant-containing test tube,0,is_a,google/gemma-4-31b-it,"An anticoagulant-containing test tube is a type of physical object that persists through time, which fits the definition of a continuant in ontological frameworks (like BFO)."
LLMs4OL_OBI_SUB,pred,analyte assay,assay measuring a binding constant of a t cell epitopemhctcr complex,1,is_a,google/gemma-4-31b-it,"An assay that measures a binding constant of a specific complex is a specialized type of assay used to analyze a specific analyte (the complex), making it a proper subsumption of 'analyte assay'."
LLMs4OL_OBI_SUB,pred,epitope specific cytokine production by t cells,epitope specific interleukin-3 production by t cells,0,is_a,google/gemma-4-31b-it,"Since Interleukin-3 is a specific type of cytokine, any instance of epitope-specific Interleukin-3 production by T cells is necessarily an instance of epitope-specific cytokine production by T cells."
LLMs4OL_OBI_SUB,pred,analyte assay,insecticide resistance assay,1,other_related,google/gemma-4-31b-it,"An insecticide resistance assay measures the biological response of an organism to a chemical, whereas an analyte assay measures the concentration or presence of a specific chemical substance (the analyte) itself."
LLMs4OL_OBI_SUB,pred,albumin assay,comprehensive metabolic panel venous blood albumin assay,0,is_a,google/gemma-4-31b-it,A 'comprehensive metabolic panel venous blood albumin assay' is a specific type of 'albumin assay' performed as part of a larger panel on a venous blood sample.
LLMs4OL_OBI_SUB,pred,material entity,dna microarray,0,is_a,google/gemma-4-31b-it,"A dna microarray is a physical object made of matter, and therefore every instance of a dna microarray is also an instance of a material entity."
LLMs4OL_OBI_SUB,pred,cytometry assay,lymphocyte count assay,0,is_a,google/gemma-4-31b-it,"A lymphocyte count assay is a specific type of cytometry assay (whether performed via flow cytometry or automated hematology analyzers), meaning every instance of the former is an instance of the latter."
LLMs4OL_OBI_SUB,pred,planned process,assay,0,is_a,google/gemma-4-31b-it,"An assay is a specific type of planned process used to measure or detect a substance, meaning every assay is by definition a planned process."
LLMs4OL_OBI_SUB,pred,realizable entity,arthropod specimen collection process,1,is_a,google/gemma-4-31b-it,"In ontology frameworks (like BFO), a ""realizable entity"" is a disposition or process that can be instantiated, and a ""specimen collection process"" is a specific type of process that can be realized."
LLMs4OL_OBI_SUB,pred,epitope protection experiment,epitope protection experiment based on survival,0,is_a,google/gemma-4-31b-it,An 'epitope protection experiment based on survival' is a specific type of 'epitope protection experiment' defined by its measurement criteria.
LLMs4OL_OBI_SUB,pred,realizable entity,adult arthropod specimen collection process,1,other_related,google/gemma-4-31b-it,"A collection process is a type of activity or process, and in many formal ontologies (such as BFO), a ""realizable entity"" is the disposition or role that is manifested as a process, meaning the process is the realization of the realizable entity rather than a subclass of it."
LLMs4OL_OBI_SUB,pred,assay,dna subtraction,1,other_related,google/gemma-4-31b-it,"DNA subtraction is a method for removing specific sequences from a DNA sample (a separation/processing technique), whereas an assay is a procedure for measuring or detecting the presence/activity of a substance; while both are planned processes, DNA subtraction is not a type of measurement."
LLMs4OL_OBI_SUB,pred,"continuant (continuant, independent continuant)",lsrfortessa x-20,0,instance_of,google/gemma-4-31b-it,"The 'lsrfortessa x-20' is a specific model/individual product of a flow cytometer, whereas 'continuant' is a broad ontological class of entities that persist through time."
LLMs4OL_OBI_SUB,pred,assay,5-nucleotidase activity level assay,0,is_a,google/gemma-4-31b-it,"A '5-nucleotidase activity level assay' is a specific type of 'assay', meaning every instance of the former is necessarily an instance of the latter."
LLMs4OL_OBI_SUB,pred,planned process,adult arthropod specimen collection process,1,is_a,google/gemma-4-31b-it,"An 'adult arthropod specimen collection process' is a specific type of process that is planned, meaning every instance of the former is necessarily an instance of a planned process."
LLMs4OL_OBI_SUB,pred,"continuant (continuant, independent continuant)",test tube,0,is_a,google/gemma-4-31b-it,"In formal ontologies (like BFO), a 'continuant' is an entity that persists through time, and a 'test tube' is a physical object that fits this definition."
LLMs4OL_OBI_SUB,pred,alpha-beta t cell,cd4-positive alpha-beta t cell,0,is_a,google/gemma-4-31b-it,"A CD4-positive alpha-beta T cell is a specific subtype of alpha-beta T cell, meaning every instance of the former is necessarily an instance of the latter."
LLMs4OL_OBI_SUB,pred,functional assessment of individual,nose to finger assessment,0,is_a,google/gemma-4-31b-it,"A 'nose to finger assessment' is a specific type of 'functional assessment of individual', meaning every instance of the former is necessarily an instance of the latter."
LLMs4OL_OBI_SUB,pred,"continuant (continuant, independent continuant)",material entity,0,is_a,google/gemma-4-31b-it,"In ontology (such as BFO), a material entity is a specific type of continuant that has a boundary and is composed of material, meaning every material entity is necessarily a continuant."
LLMs4OL_OBI_SUB,pred,assay,lymphocyte count assay,1,is_a,google/gemma-4-31b-it,"A lymphocyte count assay is a specific type of assay used to measure the number of lymphocytes, meaning every instance of the former is necessarily an instance of the latter."
LLMs4OL_OBI_SUB,pred,planned process,live arthropod specimen collection process,1,is_a,google/gemma-4-31b-it,"A 'live arthropod specimen collection process' is a specific type of process that is planned, meaning every instance of the former is necessarily an instance of a planned process."
LLMs4OL_OBI_SUB,pred,t cell epitope assay,carboxyfluorescein succinimidyl ester staining assay measuring epitope specific proliferation of t cells,1,is_a,google/gemma-4-31b-it,"The 'carboxyfluorescein succinimidyl ester staining assay measuring epitope specific proliferation of t cells' is a specific type of assay used to evaluate t cell epitopes, making it a subclass of the more general 't cell epitope assay'."
LLMs4OL_OBI_SUB,pred,realizable entity,adding a material entity into a target,1,is_a,google/gemma-4-31b-it,"'Adding a material entity into a target' is a specific process or action, whereas a 'realizable entity' is a general ontological category for things that can be instantiated (such as roles or processes), making the process a kind of realizable entity."
LLMs4OL_OBI_SUB,pred,t cell epitope assay,assay measuring binding of a t cell epitopemhctcr complex,0,is_a,google/gemma-4-31b-it,An assay measuring the binding of a T cell epitope-MHC complex is a specific type of T cell epitope assay.
LLMs4OL_OBI_SUB,pred,assay,functional assessment of individual,1,other_related,google/gemma-4-31b-it,"A functional assessment of an individual is a broad evaluative process that may utilize various assays as tools, but it is not a type of assay itself."
LLMs4OL_OBI_SUB,pred,analyte assay,nanodroplet processing in one pot for trace samples assay,1,is_a,google/gemma-4-31b-it,"A 'nanodroplet processing in one pot for trace samples assay' is a specific type of assay designed to measure an analyte, meaning every instance of this specific method is also an instance of an analyte assay."
LLMs4OL_OBI_SUB,pred,device,cryostat,0,is_a,google/gemma-4-31b-it,"A cryostat is a specific type of laboratory device used to keep samples at very low temperatures, meaning every cryostat is a device."
LLMs4OL_OBI_SUB,pred,epitope protection experiment,in vivo assay measuring b cell epitope specific protection based on survival,0,is_a,google/gemma-4-31b-it,"An 'in vivo assay measuring b cell epitope specific protection based on survival' is a specific type of 'epitope protection experiment', meaning every instance of the former is necessarily an instance of the latter."
LLMs4OL_OBI_SUB,pred,insecticide resistance assay,insecticide resistance by detecting enzyme activity assay,0,is_a,google/gemma-4-31b-it,"An 'insecticide resistance by detecting enzyme activity assay' is a specific type of 'insecticide resistance assay', meaning every instance of the former is necessarily an instance of the latter."
LLMs4OL_OBI_SUB,pred,assay,polymerase chain reaction assay,0,is_a,google/gemma-4-31b-it,"A polymerase chain reaction assay is a specific type of assay, meaning every instance of a PCR assay is necessarily an instance of an assay."
LLMs4OL_OBI_SUB,pred,"continuant (continuant, independent continuant)",multichannel pipette,0,is_a,google/gemma-4-31b-it,"In the context of formal ontologies (like BFO), a 'continuant' is an entity that persists through time, and a 'multichannel pipette' is a physical object that fits this definition."
LLMs4OL_OBI_SUB,pred,assay,affymetrix rhesus macaque genome array,1,other_related,google/gemma-4-31b-it,"The 'affymetrix rhesus macaque genome array' is a physical device (material entity) used to perform an assay, whereas 'assay' is defined here as a planned process; therefore, the array is a tool used in the process rather than a type of process itself."
LLMs4OL_OBI_SUB,pred,enzymatic activity level assay,insecticide resistance by detecting enzyme activity assay,1,is_a,google/gemma-4-31b-it,"An 'insecticide resistance by detecting enzyme activity assay' is a specific type of 'enzymatic activity level assay' used for a particular purpose (detecting resistance), meaning every instance of the former is necessarily an instance of the latter."
LLMs4OL_OBI_SUB,pred,"function (function, role)",regulator role,0,is_a,google/gemma-4-31b-it,"A 'regulator role' is a specific type of 'function' (specifically a regulatory function), meaning every instance of a regulator role is also an instance of a function."
LLMs4OL_OBI_SUB,pred,cytometer,flow cytometer,0,is_a,google/gemma-4-31b-it,A flow cytometer is a specific type of cytometer used to measure the physical and chemical characteristics of cells in a fluid stream.
LLMs4OL_OBI_SUB,pred,material entity,lsrfortessa x-20,0,instance_of,google/gemma-4-31b-it,"The 'lsrfortessa x-20' is a specific model/product of a flow cytometer, making it an individual instance of the general class 'material entity'."
LLMs4OL_OBI_SUB,pred,realizable entity,connection function,1,is_a,google/gemma-4-31b-it,"A 'connection function' is a specific type of function that can be realized by a physical entity, making it a kind of 'realizable entity' (a concept that can be instantiated by a material object)."
LLMs4OL_OBI_SUB,pred,realizable entity,blood assay,1,is_a,google/gemma-4-31b-it,"In many biomedical ontologies (like BFO), a 'realizable entity' is a disposition or plan that can be instantiated as a process, and since a 'blood assay' (as a planned process) is a type of entity that can be realized, it is a subclass of realizable entity."
LLMs4OL_OBI_SUB,pred,planned process,arthropod specimen collection by aspiration,1,is_a,google/gemma-4-31b-it,"Collecting an arthropod specimen by aspiration is a specific type of process that is planned, meaning every instance of this collection method is also an instance of a planned process."
LLMs4OL_OBI_SUB,pred,realizable entity,epitope specific interleukin-3 production by t cells,1,is_a,google/gemma-4-31b-it,"The term 'epitope specific interleukin-3 production by t cells' describes a biological process, which in many biomedical ontologies (like the Gene Ontology or OBO Foundry) is categorized as a 'realizable entity' because it is an entity that can be realized or carried out by a biological agent."
LLMs4OL_OBI_SUB,pred,assay,lymphocyte assay,1,is_a,google/gemma-4-31b-it,"A lymphocyte assay is a specific type of assay used to analyze lymphocytes, meaning every instance of a lymphocyte assay is necessarily an instance of an assay."
LLMs4OL_OBI_SUB,pred,material entity,multichannel pipette,0,is_a,google/gemma-4-31b-it,"A multichannel pipette is a physical object made of matter, and in ontological frameworks (like BFO), a material entity is the broad class encompassing all physical objects."
LLMs4OL_OBI_SUB,pred,container,vial,0,is_a,google/gemma-4-31b-it,"A vial is a specific type of container used to hold liquids or powders, meaning every vial is by definition a container."
LLMs4OL_OBI_SUB,pred,planned process,daytime arthropod specimen collection by aspiration,1,is_a,google/gemma-4-31b-it,"Collecting arthropod specimens by aspiration during the day is a specific type of process that is planned, meaning every instance of this specific collection method is also an instance of a planned process."
LLMs4OL_OBI_SUB,pred,planned process,enzymatic activity level assay,0,is_a,google/gemma-4-31b-it,An enzymatic activity level assay is a specific type of planned process used to measure biological activity.
LLMs4OL_OBI_SUB,pred,realizable entity,assay measuring a binding constant of a t cell epitopemhctcr complex,1,is_a,google/gemma-4-31b-it,"An assay is a process or procedure that can be categorized as a realizable entity (something that can be carried out), making it a specific type of realizable entity."
LLMs4OL_OBI_SUB,pred,assay measuring a binding constant of a t cell epitopemhctcr complex,assay measuring the on rate kon of a t cell epitopemhctcr complex,0,is_a,google/gemma-4-31b-it,"An assay measuring the on rate ($k_{on}$) is a specific type of assay that measures a binding constant, as the on rate is one of the fundamental binding constants."
LLMs4OL_OBI_SUB,pred,device,flow cytometer,0,is_a,google/gemma-4-31b-it,"A flow cytometer is a specific type of device used for cell analysis, meaning every flow cytometer is necessarily a device."
LLMs4OL_OBI_SUB,pred,device,material separation device,0,is_a,google/gemma-4-31b-it,"A material separation device is a specific type of device used for the purpose of separating materials, meaning every instance of the former is necessarily an instance of the latter."
LLMs4OL_OBI_SUB,pred,analyte assay,assay measuring epitope specific interferon-alpha production by t cells,1,is_a,google/gemma-4-31b-it,An assay that measures a specific protein (interferon-alpha) produced by specific cells (T cells) is a specific type of assay designed to measure an analyte.
LLMs4OL_OBI_SUB,pred,analyte assay,enzymatic activity level assay,1,is_a,google/gemma-4-31b-it,An enzymatic activity level assay is a specific type of analyte assay because it measures the concentration or activity of a specific biological analyte (the enzyme).
LLMs4OL_OBI_SUB,pred,regulator role,role of regulator of consumables and medical devices,0,is_a,google/gemma-4-31b-it,"The 'role of regulator of consumables and medical devices' is a specific type of 'regulator role', meaning every instance of the former is necessarily an instance of the latter."
LLMs4OL_OBI_SUB,pred,device,lsrfortessa x-20,0,instance_of,google/gemma-4-31b-it,"The 'lsrfortessa x-20' is a specific model/product of a flow cytometer, making it an individual instance of the general class 'device'."
LLMs4OL_OBI_SUB,pred,material entity,spectrophotometer,0,is_a,google/gemma-4-31b-it,"A spectrophotometer is a type of physical object (a device), and in formal ontologies like BFO (which this taxonomy mirrors), all physical objects/devices are categorized as material entities."
LLMs4OL_OBI_SUB,pred,family clinical history of cancer,brother clinical history of cancer,0,is_a,google/gemma-4-31b-it,"A brother's clinical history of cancer is a specific type of family clinical history of cancer, as any instance of the former necessarily satisfies the definition of the latter."
LLMs4OL_OBI_SUB,pred,device,test tube,0,is_a,google/gemma-4-31b-it,A test tube is a specific type of laboratory device used for holding or mixing substances.
LLMs4OL_OBI_SUB,pred,assay,albumin assay,1,is_a,google/gemma-4-31b-it,"An albumin assay is a specific type of assay used to measure the concentration of albumin, meaning every instance of an albumin assay is necessarily an instance of an assay."
LLMs4OL_OBI_SUB,pred,data item,measurement datum,0,is_a,google/gemma-4-31b-it,"A measurement datum is a specific type of data item, as any single piece of measured data is by definition an instance of a data item."
LLMs4OL_OBI_SUB,pred,realizable entity,assay measuring epitope specific interferon-alpha production by t cells,1,is_a,google/gemma-4-31b-it,"An assay is a process or procedure that can be carried out, which fits the definition of a 'realizable entity' (an entity that exists when a process is performed)."
LLMs4OL_OBI_SUB,pred,realizable entity,nose to finger assessment,1,is_a,google/gemma-4-31b-it,"A 'nose to finger assessment' is a specific procedure or activity that can be performed (realized), making it a type of realizable entity in ontological terms."
LLMs4OL_PO_SUB,gt,shoot system,po_0000055,,part_of,google/gemma-4-31b-it,"The term 'po_0000055' (which refers to the shoot apex) is a specific anatomical component or region of the overall shoot system, not a type of shoot system."
LLMs4OL_PO_SUB,gt,plant axis differentiation zone,shoot internode differentiation zone,,is_a,google/gemma-4-31b-it,"A 'shoot internode differentiation zone' is a specific type of 'plant axis differentiation zone' located within the shoot system, meaning every instance of the former is necessarily an instance of the latter."
LLMs4OL_PO_SUB,gt,plant structure,multi-tissue plant structure,,is_a,google/gemma-4-31b-it,"A 'multi-tissue plant structure' is a specific type of 'plant structure' characterized by the presence of multiple tissue types, meaning every instance of the former is necessarily an instance of the latter."
LLMs4OL_PO_SUB,gt,plant structure,cardinal part of multi-tissue plant structure,,part_of,google/gemma-4-31b-it,"The term 'cardinal part of multi-tissue plant structure' describes a component (a part) of a plant structure, rather than a type of plant structure itself."
LLMs4OL_PO_SUB,gt,plant structure,portion of plant tissue,,part_of,google/gemma-4-31b-it,"A 'portion of plant tissue' is a physical segment or piece of a 'plant structure', rather than a taxonomic subclass of it."
LLMs4OL_PO_SUB,gt,multi-tissue plant structure,plant organ,,is_a,google/gemma-4-31b-it,"A plant organ is defined as a structure composed of multiple tissues, meaning every plant organ is by definition a multi-tissue plant structure."
LLMs4OL_PO_SUB,gt,multi-tissue plant structure,fruit,,is_a,google/gemma-4-31b-it,"A fruit is a specific type of multi-tissue plant structure, meaning every instance of a fruit is necessarily an instance of a multi-tissue plant structure."
LLMs4OL_PO_SUB,gt,shoot internode differentiation zone,branch internode differentiation zone,,is_a,google/gemma-4-31b-it,"A branch internode differentiation zone is a specific type of shoot internode differentiation zone, as branches are a subset of the shoot system."
LLMs4OL_PO_SUB,gt,root parenchyma,central root cap,,part_of,google/gemma-4-31b-it,"The central root cap is a specific anatomical region or component located within the root parenchyma, rather than a subtype of parenchyma tissue itself."
LLMs4OL_PO_SUB,gt,root parenchyma,lateral root cap,,part_of,google/gemma-4-31b-it,"The lateral root cap is a specific anatomical structure (a region) located within the root system, whereas root parenchyma is a type of tissue; a root cap is composed of various cells but is not a ""kind of"" parenchyma tissue."
LLMs4OL_PO_SUB,gt,vascular leaf,spine leaf,,is_a,google/gemma-4-31b-it,"A spine leaf is a specialized type of vascular leaf modified for protection or water conservation, meaning every spine leaf is inherently a vascular leaf."
LLMs4OL_PO_SUB,gt,vascular leaf,adult vascular leaf,,is_a,google/gemma-4-31b-it,"An adult vascular leaf is a specific type (stage of development) of a vascular leaf, meaning every adult vascular leaf is necessarily a vascular leaf."
LLMs4OL_PO_SUB,gt,portion of meristem tissue,lateral meristem,,is_a,google/gemma-4-31b-it,"A lateral meristem is a specific type of meristem tissue (a kind of portion of meristem tissue), meaning every lateral meristem is by definition a portion of meristem tissue."
LLMs4OL_PO_SUB,gt,plant organ,phyllome,,is_a,google/gemma-4-31b-it,"In botanical terminology, a phyllome is defined as any leaf-like organ (including leaves, bracts, and scales), making it a specific type of plant organ."
LLMs4OL_PO_SUB,gt,seed coat epidermis,coma,,part_of,google/gemma-4-31b-it,"A coma (a tuft of hairs on a seed) is a specialized structure that forms part of the seed coat epidermis, but it is not a type of epidermis itself."
LLMs4OL_PO_SUB,gt,adult vascular leaf,flag leaf,,is_a,google/gemma-4-31b-it,"A flag leaf is a specific type of adult vascular leaf (typically the first leaf of a plant or a specialized leaf in certain species), meaning every flag leaf is by definition an adult vascular leaf."
LLMs4OL_PO_SUB,gt,plant gamete,plant egg cell,,is_a,google/gemma-4-31b-it,"A plant egg cell is a specific type of plant gamete (the female gamete), meaning every instance of a plant egg cell is necessarily an instance of a plant gamete."
LLMs4OL_PO_SUB,gt,plant gamete,plant sperm cell,,is_a,google/gemma-4-31b-it,"A plant sperm cell is a specific type of plant gamete, meaning every instance of a plant sperm cell is necessarily an instance of a plant gamete."
LLMs4OL_PO_SUB,gt,cardinal part of multi-tissue plant structure,cardinal organ part,,is_a,google/gemma-4-31b-it,"A 'cardinal organ part' is a specific type of 'cardinal part of a multi-tissue plant structure', as the latter is a broader category encompassing various cardinal parts of plant organs."
LLMs4OL_PO_SUB,gt,pith,tuber pith,,is_a,google/gemma-4-31b-it,"Tuber pith is a specific type of pith found within a tuber, meaning every instance of tuber pith is necessarily an instance of pith."
LLMs4OL_PO_SUB,gt,shoot-borne internode root,basal root,,is_a,google/gemma-4-31b-it,A basal root is a specific type of shoot-borne internode root that originates from the base of the shoot.
LLMs4OL_PO_SUB,gt,central root cap,central root cap of lateral root,,is_a,google/gemma-4-31b-it,"The 'central root cap of lateral root' is a specific type of 'central root cap' found in a particular root structure, meaning every instance of the former is necessarily an instance of the latter."
LLMs4OL_PO_SUB,gt,chlorenchyma cell,mesophyll cell,,is_a,google/gemma-4-31b-it,"A mesophyll cell is a specific type of chlorenchyma cell (chlorophyll-containing parenchyma), meaning every mesophyll cell is by definition a chlorenchyma cell."
LLMs4OL_PO_SUB,gt,plant epidermis,shoot system epidermis,,is_a,google/gemma-4-31b-it,"The 'shoot system epidermis' is a specific type of 'plant epidermis' (specifically the portion found in the shoot system), meaning every instance of the former is necessarily an instance of the latter."
LLMs4OL_PO_SUB,gt,plant epidermis,seed coat epidermis,,is_a,google/gemma-4-31b-it,"The 'seed coat epidermis' is a specific type of 'plant epidermis' found specifically on the seed coat, meaning every instance of the former is necessarily an instance of the latter."
LLMs4OL_PO_SUB,gt,lateral meristem,cambium,,is_a,google/gemma-4-31b-it,"The cambium is a specific type of lateral meristem (along with the cork cambium), meaning every instance of cambium is by definition a lateral meristem."
LLMs4OL_PO_SUB,gt,shoot procambium,leaf procambium,,part_of,google/gemma-4-31b-it,"The leaf procambium is a specific anatomical region or portion of the shoot procambium, rather than a taxonomic subclass of it."
LLMs4OL_PO_SUB,gt,pistillate flower,ear floret,,part_of,google/gemma-4-31b-it,"An ear floret is a specific type of floret found on an ear (the inflorescence), and while it may be pistillate, it is a structural component (a part) of the overall pistillate flower arrangement or the ear itself, rather than a subclass of the concept ""pistillate flower."""
LLMs4OL_PO_SUB,gt,root development stage,radicle emergence stage,,is_a,google/gemma-4-31b-it,"The 'radicle emergence stage' is a specific type or phase of 'root development stage', meaning every instance of radicle emergence is necessarily an instance of root development."
LLMs4OL_PO_SUB,gt,storage parenchyma,tuber storage parenchyma,,is_a,google/gemma-4-31b-it,"Tuber storage parenchyma is a specific type of storage parenchyma found specifically in tubers, meaning every instance of the former is necessarily an instance of the latter."
LLMs4OL_PO_SUB,gt,reproductive bud,strobilus bud,,is_a,google/gemma-4-31b-it,A strobilus bud (the bud of a cone) is a specific type of reproductive bud.
LLMs4OL_PO_SUB,gt,reproductive bud,terminal reproductive bud,,is_a,google/gemma-4-31b-it,A terminal reproductive bud is a specific type of reproductive bud that is located at the apex (terminal position) of a shoot.
LLMs4OL_PO_SUB,gt,terminal bud,terminal reproductive bud,,is_a,google/gemma-4-31b-it,"A terminal reproductive bud is a specific type of terminal bud that is specialized for reproduction, meaning every instance of the former is necessarily an instance of the latter."
LLMs4OL_PO_SUB,gt,ground tissue cell,parenchyma cell,,is_a,google/gemma-4-31b-it,"A parenchyma cell is a specific type of ground tissue cell, meaning every parenchyma cell is by definition a ground tissue cell."
LLMs4OL_PO_SUB,gt,strobilus bud,terminal strobilus bud,,is_a,google/gemma-4-31b-it,"A terminal strobilus bud is a specific type of strobilus bud that is located at the terminus of a shoot, meaning every terminal strobilus bud is necessarily a strobilus bud."
LLMs4OL_PO_SUB,gt,carpel epidermis,style epidermis,,is_a,google/gemma-4-31b-it,"The style epidermis is a specific type of carpel epidermis (since the style is a part of the carpel, its epidermis is a specialized instance of the carpel's epidermis), making this a proper subsumption."
LLMs4OL_PO_SUB,gt,flower,spikelet floret,,is_a,google/gemma-4-31b-it,"A spikelet floret is a specific type of flower found within a spikelet, meaning every spikelet floret is inherently a flower."
LLMs4OL_PO_SUB,gt,flower,pistillate flower,,is_a,google/gemma-4-31b-it,"A pistillate flower is a specific type of flower (one that possesses pistils but lacks stamens), meaning every pistillate flower is necessarily a flower."
LLMs4OL_PO_SUB,gt,parenchyma,chlorenchyma,,is_a,google/gemma-4-31b-it,"Chlorenchyma is a specialized type of parenchyma tissue that contains chloroplasts, meaning every instance of chlorenchyma is a type of parenchyma."
LLMs4OL_PO_SUB,gt,parenchyma,pith,,made_of,google/gemma-4-31b-it,"The pith is a specific tissue region in the center of a stem or root that is composed of parenchyma cells, meaning it is made of that tissue type rather than being a subclass of it."
LLMs4OL_PO_SUB,gt,parenchyma,root parenchyma,,is_a,google/gemma-4-31b-it,"Root parenchyma is a specific type of parenchyma tissue found specifically in the root, meaning every instance of root parenchyma is necessarily an instance of parenchyma."
LLMs4OL_PO_SUB,gt,phyllome epidermis,bract epidermis,,is_a,google/gemma-4-31b-it,"A bract is a type of phyllome (a leaf-like organ), and therefore the epidermis of a bract is a specific type of phyllome epidermis."
LLMs4OL_PO_SUB,gt,phyllome epidermis,leaf epidermis,,is_a,google/gemma-4-31b-it,"A leaf epidermis is a specific type of phyllome epidermis (since a phyllome is any leaf-like organ, including leaves, bracts, and carpels), meaning every instance of the former is necessarily an instance of the latter."
LLMs4OL_PO_SUB,gt,phyllome epidermis,carpel epidermis,,is_a,google/gemma-4-31b-it,"A carpel is a type of phyllome (a modified leaf), and therefore the epidermis of a carpel is a specific type of phyllome epidermis."
LLMs4OL_PO_SUB,gt,leaf,vascular leaf,,is_a,google/gemma-4-31b-it,"A vascular leaf is a specific type of leaf characterized by the presence of vascular tissue, meaning every vascular leaf is necessarily a leaf."
LLMs4OL_PO_SUB,gt,procambium,shoot procambium,,is_a,google/gemma-4-31b-it,"The shoot procambium is a specific type of procambium located in the shoot system, meaning every instance of shoot procambium is necessarily an instance of procambium."
LLMs4OL_PO_SUB,gt,primordium,root primordium,,is_a,google/gemma-4-31b-it,"A root primordium is a specific type of primordium (the embryonic tissue that gives rise to an organ), meaning every root primordium is necessarily a primordium."
LLMs4OL_PO_SUB,gt,leaf lamina epidermis,leaf lamina adaxial epidermis,,is_a,google/gemma-4-31b-it,"The 'leaf lamina adaxial epidermis' is a specific type of 'leaf lamina epidermis' (specifically the upper surface), meaning every instance of the adaxial epidermis is necessarily an instance of the lamina epidermis."
LLMs4OL_PO_SUB,gt,spikelet floret,ear floret,,is_a,google/gemma-4-31b-it,"In botanical terminology, an ear floret is a specific type of spikelet floret found within the ear (spike) of a plant, meaning every ear floret is by definition a spikelet floret."
LLMs4OL_PO_SUB,gt,shoot system epidermis,phyllome epidermis,,is_a,google/gemma-4-31b-it,"The 'phyllome' refers to the collective leaf-like organs of the shoot system (including leaves, bracts, and sepals), so the epidermis of the phyllome is a specific type of epidermis found within the shoot system epidermis."
LLMs4OL_PO_SUB,gt,stem elongation stage,se07 seven nodes or internodes visible stage,,is_a,google/gemma-4-31b-it,The 'se07 seven nodes or internodes visible stage' is a specific type or sub-stage of the broader 'stem elongation stage'.
LLMs4OL_PO_SUB,gt,stem elongation stage,se05 five nodes or internodes visible stage,,is_a,google/gemma-4-31b-it,"The 'se05 five nodes or internodes visible stage' is a specific, defined phase within the broader 'stem elongation stage' process, meaning every instance of the se05 stage is necessarily an instance of the stem elongation stage."
LLMs4OL_PO_SUB,gt,shoot axis node,inflorescence axis node,,is_a,google/gemma-4-31b-it,An inflorescence axis node is a specific type of shoot axis node specialized for the support of flowers.
LLMs4OL_PO_SUB,gt,plant anatomical entity,plant structure,,is_a,google/gemma-4-31b-it,"A 'plant structure' is a type of 'plant anatomical entity', as any physical structure within a plant is by definition an anatomical entity of that plant."
LLMs4OL_PO_SUB,gt,portion of plant tissue,plant epidermis,,is_a,google/gemma-4-31b-it,"The plant epidermis is a specific type of plant tissue (specifically a dermal tissue), and therefore every instance of plant epidermis is a kind of portion of plant tissue."
LLMs4OL_PO_SUB,gt,portion of plant tissue,portion of meristem tissue,,is_a,google/gemma-4-31b-it,"A 'portion of meristem tissue' is a specific type of 'portion of plant tissue', as any part of meristematic tissue is necessarily a part of plant tissue."
LLMs4OL_PO_SUB,gt,portion of plant tissue,central endosperm,,is_a,google/gemma-4-31b-it,"The 'central endosperm' is a specific type of plant tissue (a region of the endosperm), and therefore every instance of central endosperm is necessarily an instance of a portion of plant tissue."
LLMs4OL_PO_SUB,gt,portion of plant tissue,portion of ground tissue,,is_a,google/gemma-4-31b-it,"A 'portion of ground tissue' is a specific type of 'portion of plant tissue', as ground tissue is a primary category of plant tissue."
LLMs4OL_PO_SUB,gt,portion of plant tissue,abscission zone,,is_a,google/gemma-4-31b-it,"An abscission zone is a specific type of plant tissue region characterized by its function and structure, making it a subclass of the general category of plant tissue portions."
LLMs4OL_PO_SUB,gt,portion of plant tissue,plant callus,,is_a,google/gemma-4-31b-it,"A plant callus is a specific type of unorganized plant tissue mass, making it a kind of portion of plant tissue."
LLMs4OL_PO_SUB,gt,leaf adaxial epidermis,leaf lamina adaxial epidermis,,part_of,google/gemma-4-31b-it,"The 'leaf lamina adaxial epidermis' is the specific portion of the 'leaf adaxial epidermis' that covers the blade (lamina) of the leaf, making it a spatial component rather than a taxonomic subclass."
LLMs4OL_PO_SUB,gt,lateral root cap,lateral root cap of lateral root,,is_a,google/gemma-4-31b-it,"The 'lateral root cap of lateral root' is a specific type of 'lateral root cap', as it is a specialized instance of that anatomical structure occurring specifically on a lateral root."
LLMs4OL_PO_SUB,gt,lateral root cap,lateral root cap of primary root,,is_a,google/gemma-4-31b-it,"The 'lateral root cap of primary root' is a specific type of 'lateral root cap', as it shares all the defining characteristics of a lateral root cap but is distinguished by its location on the primary root."
LLMs4OL_PO_SUB,gt,cardinal organ part,pulvinus,,is_a,google/gemma-4-31b-it,"A pulvinus is a specific type of joint-like organ part (a motor organ) in plants, meaning every pulvinus is a kind of cardinal organ part."
LLMs4OL_PO_SUB,gt,cardinal organ part,plant axis differentiation zone,,is_a,google/gemma-4-31b-it,"A 'plant axis differentiation zone' is a specific type of 'cardinal organ part' (a fundamental structural component of a plant organ), meaning every instance of the differentiation zone is by definition an instance of a cardinal organ part."
LLMs4OL_PO_SUB,gt,reproductive shoot system,flower,,is_a,google/gemma-4-31b-it,"A flower is a specific type of reproductive shoot system, as the shoot system is the broader botanical category that encompasses flowers and their modified structures."
LLMs4OL_PO_SUB,gt,reproductive shoot system,reproductive bud,,part_of,google/gemma-4-31b-it,"A reproductive bud is a structural component or a specific organ located within the reproductive shoot system, rather than a type of shoot system itself."
LLMs4OL_PO_SUB,gt,parenchyma cell,chlorenchyma cell,,is_a,google/gemma-4-31b-it,"Chlorenchyma cells are a specialized type of parenchyma cell that contain chloroplasts, meaning every chlorenchyma cell is by definition a parenchyma cell."
LLMs4OL_PO_SUB,gt,abscission zone,floral organ abscission zone,,is_a,google/gemma-4-31b-it,"A floral organ abscission zone is a specific type of abscission zone located in floral organs, meaning every instance of the former is necessarily an instance of the latter."
LLMs4OL_PO_SUB,gt,chlorenchyma,plant ovary wall middle layer,,part_of,google/gemma-4-31b-it,"The 'plant ovary wall middle layer' is a specific anatomical region that is composed of chlorenchyma tissue, meaning it is a part of the plant's structure made of that tissue rather than a subtype of the tissue itself."
LLMs4OL_PO_SUB,gt,portion of ground tissue,parenchyma,,is_a,google/gemma-4-31b-it,"Parenchyma is a specific type of ground tissue, meaning every instance of parenchyma is a kind of portion of ground tissue."
LLMs4OL_PO_SUB,gt,po_0000055,terminal bud,,is_a,google/gemma-4-31b-it,"A terminal bud is a specific type of bud (po_0000055), meaning every terminal bud is necessarily a bud."
LLMs4OL_PO_SUB,gt,po_0000055,reproductive bud,,is_a,google/gemma-4-31b-it,"A reproductive bud is a specific type of bud (po_0000055), meaning every reproductive bud is necessarily a bud."
LLMs4OL_PO_SUB,gt,leaf epidermis,leaf lamina epidermis,,is_a,google/gemma-4-31b-it,"The 'leaf lamina epidermis' is the specific layer of epidermis covering the blade (lamina) of the leaf, making it a specialized type of 'leaf epidermis'."
LLMs4OL_PO_SUB,gt,leaf epidermis,leaf adaxial epidermis,,is_a,google/gemma-4-31b-it,"The 'leaf adaxial epidermis' is a specific type of 'leaf epidermis' (specifically the upper surface), meaning every instance of the adaxial epidermis is necessarily an instance of the leaf epidermis."
LLMs4OL_PO_SUB,gt,plant egg cell,embryo sac egg cell,,is_a,google/gemma-4-31b-it,"An embryo sac egg cell is a specific type of plant egg cell (specifically the one found within the embryo sac of angiosperms), meaning every instance of the former is an instance of the latter."
LLMs4OL_PO_SUB,gt,cambium,cork cambium,,is_a,google/gemma-4-31b-it,"The cork cambium (phellogen) is a specific type of cambium (a lateral meristem), meaning every instance of cork cambium is necessarily an instance of cambium."
LLMs4OL_PO_SUB,gt,fruit,samara fruit,,is_a,google/gemma-4-31b-it,"A samara is a specific type of winged fruit, meaning every instance of a samara fruit is necessarily an instance of a fruit."
LLMs4OL_PO_SUB,gt,bract epidermis,bract adaxial epidermis,,is_a,google/gemma-4-31b-it,"The 'bract adaxial epidermis' is a specific type of 'bract epidermis' (specifically the one on the upper surface), meaning every instance of the adaxial epidermis is necessarily an instance of the bract epidermis."
LLMs4OL_PO_SUB,gt,upper glume,upper glume of tassel spikelet,,is_a,google/gemma-4-31b-it,"An 'upper glume of tassel spikelet' is a specific type of 'upper glume' found in a particular botanical structure, meaning every instance of the former is necessarily an instance of the latter."
LLMs4OL_PO_SUB,gt,fruit pedicel,infructescence fruit pedicel,,is_a,google/gemma-4-31b-it,"An infructescence fruit pedicel is a specific type of fruit pedicel (specifically one that supports a cluster of fruits), meaning every instance of the former is necessarily an instance of the latter."
LLMs4OL_PO_SUB,gt,terminal reproductive bud,terminal strobilus bud,,is_a,google/gemma-4-31b-it,"A terminal strobilus bud is a specific type of terminal reproductive bud (specifically one that forms a strobilus/cone), meaning every instance of the former is necessarily an instance of the latter."
LLMs4OL_PO_SUB,gt,upper glume of tassel spikelet,upper glume of pedicellate spikelet of tassel,,is_a,google/gemma-4-31b-it,"The 'upper glume of pedicellate spikelet of tassel' is a specific type of 'upper glume of tassel spikelet' (specifically, the one found on the pedicellate variety), meaning every instance of the former is necessarily an instance of the latter."
LLMs4OL_PO_SUB,gt,native plant cell,plant gamete,,is_a,google/gemma-4-31b-it,"A plant gamete is a specialized type of plant cell, meaning every instance of a plant gamete is necessarily an instance of a plant cell."
LLMs4OL_PO_SUB,gt,native plant cell,ground tissue cell,,is_a,google/gemma-4-31b-it,"A ground tissue cell is a specific type of cell found in native plants, meaning every instance of a ground tissue cell is necessarily an instance of a native plant cell."
LLMs4OL_PO_SUB,gt,tuber axillary shoot,subterranean tuber axillary shoot,,is_a,google/gemma-4-31b-it,"A 'subterranean tuber axillary shoot' is a specific type of 'tuber axillary shoot' that is characterized by its location underground, meaning every instance of the former is necessarily an instance of the latter."
LLMs4OL_PO_SUB,gt,phyllome,leaf,,is_a,google/gemma-4-31b-it,"In botanical terminology, a phyllome is the general term for any leaf-like organ (including leaves, bracts, and sporophylls), meaning every leaf is a type of phyllome."
LLMs4OL_PO_SUB,gt,phyllome,sporophyll,,is_a,google/gemma-4-31b-it,"A sporophyll is a specific type of phyllome (a leaf-like organ) that bears sporangia, meaning every sporophyll is by definition a phyllome."
LLMs4OL_PO_SUB,pred,terminal reproductive bud,terminal strobilus bud,0,is_a,google/gemma-4-31b-it,"A terminal strobilus bud is a specific type of terminal reproductive bud (specifically one that forms a strobilus/cone), meaning every instance of the former is necessarily an instance of the latter."
LLMs4OL_PO_SUB,pred,portion of plant tissue,cork cambium,0,is_a,google/gemma-4-31b-it,"The cork cambium is a specific type of plant tissue (specifically a lateral meristem), making it a subclass of the general category of plant tissue portions."
LLMs4OL_PO_SUB,pred,"plant anatomical entity (plant anatomical entity, plant organ, plant structure)",flag leaf,0,is_a,google/gemma-4-31b-it,"A flag leaf is a specific type of leaf, and since a leaf is a type of plant anatomical entity, every instance of a flag leaf is necessarily an instance of a plant anatomical entity."
LLMs4OL_PO_SUB,pred,"plant anatomical entity (plant anatomical entity, plant organ, plant structure)",plant axis differentiation zone,0,is_a,google/gemma-4-31b-it,"A 'plant axis differentiation zone' is a specific type of anatomical entity found in plants, meaning every instance of this zone is necessarily an instance of a plant anatomical entity."
LLMs4OL_PO_SUB,pred,plant epidermis,style epidermis,0,is_a,google/gemma-4-31b-it,"The style epidermis is a specific type of plant epidermis, as it is the epidermal tissue specifically located on the style of a flower."
LLMs4OL_PO_SUB,pred,multi-tissue plant structure,pulvinus,1,is_a,google/gemma-4-31b-it,"A pulvinus is a specialized joint-like swelling (a specific type of multi-tissue plant structure) that allows for plant movement, meaning every pulvinus is a multi-tissue plant structure."
LLMs4OL_PO_SUB,pred,plant epidermis,bract adaxial epidermis,0,is_a,google/gemma-4-31b-it,"The 'bract adaxial epidermis' is a specific type of 'plant epidermis', as any instance of the epidermis on the adaxial side of a bract is necessarily an instance of plant epidermis."
LLMs4OL_PO_SUB,pred,leaf,vascular leaf,0,is_a,google/gemma-4-31b-it,"A vascular leaf is a specific type of leaf characterized by the presence of vascular tissue, meaning every vascular leaf is necessarily a leaf."
LLMs4OL_PO_SUB,pred,"plant anatomical entity (plant anatomical entity, plant organ, plant structure)",primordium,1,is_a,google/gemma-4-31b-it,"A primordium is a rudimentary organ or tissue mass in a developing plant, making it a specific type of plant anatomical entity."
LLMs4OL_PO_SUB,pred,"plant anatomical entity (plant anatomical entity, plant organ, plant structure)",leaf lamina adaxial epidermis,0,is_a,google/gemma-4-31b-it,"The 'leaf lamina adaxial epidermis' is a specific type of 'plant anatomical entity', as any instance of this specific epidermis is necessarily an instance of a plant anatomical entity."
LLMs4OL_PO_SUB,pred,shoot axis apex,terminal strobilus bud,1,part_of,google/gemma-4-31b-it,"A terminal strobilus bud is a specialized structure located at the tip (apex) of a shoot axis, making it a component or region of that apex rather than a type of apex."
LLMs4OL_PO_SUB,pred,strobilus bud,terminal strobilus bud,0,is_a,google/gemma-4-31b-it,"A terminal strobilus bud is a specific type of strobilus bud that is located at the terminus of a shoot, meaning every terminal strobilus bud is necessarily a strobilus bud."
LLMs4OL_PO_SUB,pred,multi-tissue plant structure,plant ovary wall middle layer,1,part_of,google/gemma-4-31b-it,"The 'plant ovary wall middle layer' is a specific anatomical region or component of the ovary wall, whereas a 'multi-tissue plant structure' (like an organ) is a higher-level assembly that contains such layers."
LLMs4OL_PO_SUB,pred,"plant anatomical entity (plant anatomical entity, plant organ, plant structure)",cork cambium,0,is_a,google/gemma-4-31b-it,"The cork cambium is a specific type of plant anatomical entity, meaning every instance of a cork cambium is necessarily an instance of a plant anatomical entity."
LLMs4OL_PO_SUB,pred,"cardinal organ part (cardinal organ part, cardinal part of multi-tissue plant structure)",abscission zone,1,is_a,google/gemma-4-31b-it,"An abscission zone is a specific type of cardinal organ part (a specialized region of a plant organ that facilitates shedding), meaning every abscission zone is a kind of cardinal organ part."
LLMs4OL_PO_SUB,pred,multi-tissue plant structure,inflorescence axis node,1,part_of,google/gemma-4-31b-it,"An inflorescence axis node is a specific anatomical region (a node) within a plant structure, and while it consists of multiple tissues, it is a component part of the overall multi-tissue plant architecture rather than a taxonomic subtype of it."
LLMs4OL_PO_SUB,pred,multi-tissue plant structure,basal root,1,is_a,google/gemma-4-31b-it,"A basal root is a specific type of plant organ composed of multiple tissues, meaning every instance of a basal root is necessarily an instance of a multi-tissue plant structure."
LLMs4OL_PO_SUB,pred,"plant anatomical entity (plant anatomical entity, plant organ, plant structure)",plant gamete,1,is_a,google/gemma-4-31b-it,"A plant gamete is a specific type of cell, and since cells are the fundamental building blocks and anatomical units of plants, every plant gamete is by definition a plant anatomical entity."
LLMs4OL_PO_SUB,pred,portion of plant tissue,tuber pith,0,is_a,google/gemma-4-31b-it,"A 'tuber pith' is a specific type of plant tissue (specifically a type of parenchyma/pith), and therefore every instance of a tuber pith is necessarily an instance of a portion of plant tissue."
LLMs4OL_PO_SUB,pred,"cardinal organ part (cardinal organ part, cardinal part of multi-tissue plant structure)",shoot axis apex,1,is_a,google/gemma-4-31b-it,"The 'shoot axis apex' is a specific type of 'cardinal organ part' (a primary structural region of a plant organ), meaning every shoot axis apex is by definition a cardinal organ part."
LLMs4OL_PO_SUB,pred,"plant anatomical entity (plant anatomical entity, plant organ, plant structure)",leaf adaxial epidermis,0,is_a,google/gemma-4-31b-it,"The 'leaf adaxial epidermis' is a specific type of 'plant anatomical entity', as any instance of this specific epidermis is necessarily an instance of a plant anatomical entity."
LLMs4OL_PO_SUB,pred,fruit,samara fruit,0,is_a,google/gemma-4-31b-it,"A samara fruit is a specific type of fruit (a winged achene or samara), meaning every instance of a samara fruit is necessarily an instance of a fruit."
LLMs4OL_PO_SUB,pred,parenchyma,storage parenchyma,1,is_a,google/gemma-4-31b-it,"Storage parenchyma is a specialized type of parenchyma tissue characterized by its function in storing nutrients, meaning every instance of storage parenchyma is a type of parenchyma."
LLMs4OL_PO_SUB,pred,vascular leaf,flag leaf,0,is_a,google/gemma-4-31b-it,"A flag leaf is a specific type of vascular leaf (typically the first leaf of a seedling or a specialized leaf in certain plants), meaning every flag leaf is by definition a vascular leaf."
LLMs4OL_PO_SUB,pred,multi-tissue plant structure,"fruit pedicel (fruit pedicel, infructescence fruit pedicel)",1,is_a,google/gemma-4-31b-it,"A fruit pedicel is a specific type of multi-tissue plant structure (the stalk of a fruit), meaning every fruit pedicel is necessarily a multi-tissue plant structure."
LLMs4OL_PO_SUB,pred,"plant anatomical entity (plant anatomical entity, plant organ, plant structure)",reproductive shoot system,1,is_a,google/gemma-4-31b-it,"A reproductive shoot system is a specific type of anatomical entity found in plants, meaning every instance of a reproductive shoot system is necessarily a plant anatomical entity."
LLMs4OL_PO_SUB,pred,"plant anatomical entity (plant anatomical entity, plant organ, plant structure)",portion of ground tissue,0,is_a,google/gemma-4-31b-it,"A 'portion of ground tissue' is a specific type of 'plant anatomical entity', as any part of ground tissue is by definition an anatomical entity of a plant."
LLMs4OL_PO_SUB,pred,reproductive bud,strobilus bud,0,is_a,google/gemma-4-31b-it,"A strobilus bud is a specific type of reproductive bud found in gymnosperms (cones), meaning every strobilus bud is by definition a reproductive bud."
LLMs4OL_PO_SUB,pred,portion of plant tissue,root primordium,1,is_a,google/gemma-4-31b-it,"A root primordium is a specific type of plant tissue (a group of undifferentiated cells) that forms the basis of a root, making it a subclass of portion of plant tissue."
LLMs4OL_PO_SUB,pred,multi-tissue plant structure,central root cap of lateral root,1,part_of,google/gemma-4-31b-it,"The 'central root cap of lateral root' is a specific anatomical region or component of a root system, whereas a 'multi-tissue plant structure' (like an organ) is a higher-level complex entity that contains such components."
LLMs4OL_PO_SUB,pred,"cardinal organ part (cardinal organ part, cardinal part of multi-tissue plant structure)",lateral root cap of lateral root,1,part_of,google/gemma-4-31b-it,"The 'lateral root cap of lateral root' is a specific anatomical component (a part) of a cardinal organ (the lateral root), rather than a type of 'cardinal organ part' (which typically refers to structural zones or specialized organs like the pulvinus)."
LLMs4OL_PO_SUB,pred,"plant anatomical entity (plant anatomical entity, plant organ, plant structure)",central root cap,0,is_a,google/gemma-4-31b-it,"A central root cap is a specific type of plant anatomical entity, as any instance of a central root cap is by definition an instance of a plant anatomical entity."
LLMs4OL_PO_SUB,pred,portion of plant tissue,pulvinus,1,part_of,google/gemma-4-31b-it,"A pulvinus is a specialized joint-like swelling (an organ part) composed of specific tissues, making it a structural component rather than a type of tissue itself."
LLMs4OL_PO_SUB,pred,phyllome,spine leaf,0,is_a,google/gemma-4-31b-it,"A spine leaf is a specialized type of phyllome (a leaf-like organ), meaning every spine leaf is by definition a phyllome."
LLMs4OL_PO_SUB,pred,terminal bud,terminal reproductive bud,0,is_a,google/gemma-4-31b-it,"A terminal reproductive bud is a specific type of terminal bud that is specialized for reproduction, meaning every instance of the former is necessarily an instance of the latter."
LLMs4OL_PO_SUB,pred,parenchyma,pith,0,made_of,google/gemma-4-31b-it,"The pith is a specific tissue region in the center of a stem or root that is composed of parenchyma cells, meaning it is made of that tissue type rather than being a subtype of the tissue itself."
LLMs4OL_PO_SUB,pred,portion of plant tissue,procambium,1,is_a,google/gemma-4-31b-it,"The procambium is a specific type of plant tissue (a primary meristem), making it a subclass of the general category 'portion of plant tissue'."
LLMs4OL_PO_SUB,pred,reproductive shoot system,fruit,1,part_of,google/gemma-4-31b-it,"A fruit is a specialized organ that is a component of the plant's reproductive shoot system, rather than a type of shoot system itself."
LLMs4OL_PO_SUB,pred,"cardinal organ part (cardinal organ part, cardinal part of multi-tissue plant structure)",central endosperm,1,part_of,google/gemma-4-31b-it,"The central endosperm is a specific tissue region within a seed, whereas a cardinal organ part refers to a structural component of a plant's primary axis or organ; the endosperm is a part of the seed (the organ), not a type of ""cardinal organ part."""
LLMs4OL_PO_SUB,pred,phyllome epidermis,bract adaxial epidermis,0,is_a,google/gemma-4-31b-it,"The 'bract adaxial epidermis' is a specific type of 'phyllome epidermis' (since a bract is a type of phyllome), meaning every instance of the former is necessarily an instance of the latter."
LLMs4OL_PO_SUB,pred,lateral root cap,central root cap of lateral root,1,part_of,google/gemma-4-31b-it,The 'central root cap of lateral root' is a specific anatomical region or component located within the broader 'lateral root cap' structure.
LLMs4OL_PO_SUB,pred,multi-tissue plant structure,shoot system,1,is_a,google/gemma-4-31b-it,"The shoot system is a complex anatomical entity composed of multiple tissues (stems, leaves, etc.), making it a specific type of multi-tissue plant structure."
LLMs4OL_PO_SUB,pred,chlorenchyma cell,mesophyll cell,0,is_a,google/gemma-4-31b-it,"A mesophyll cell is a specific type of chlorenchyma cell (chlorophyll-containing parenchyma), meaning every mesophyll cell is by definition a chlorenchyma cell."
LLMs4OL_PO_SUB,pred,portion of plant tissue,leaf adaxial epidermis,0,is_a,google/gemma-4-31b-it,"The 'leaf adaxial epidermis' is a specific type of plant tissue portion, meaning every instance of the former is necessarily an instance of the latter."
LLMs4OL_PO_SUB,pred,portion of ground tissue,pith,0,part_of,google/gemma-4-31b-it,"The pith is a specific region or component of the ground tissue in a plant stem or root, rather than a taxonomic subclass of the concept ""portion of ground tissue."""
LLMs4OL_PO_SUB,pred,portion of plant tissue,style epidermis,0,is_a,google/gemma-4-31b-it,"The 'style epidermis' is a specific type of plant tissue (specifically a dermal tissue), and therefore every instance of style epidermis is necessarily an instance of a portion of plant tissue."
LLMs4OL_PO_SUB,pred,plant epidermis,bract epidermis,0,is_a,google/gemma-4-31b-it,"The 'bract epidermis' is a specific type of 'plant epidermis' (specifically the epidermis of a bract), meaning every instance of a bract epidermis is necessarily an instance of plant epidermis."
LLMs4OL_PO_SUB,pred,portion of plant tissue,shoot axis node,1,part_of,google/gemma-4-31b-it,"A shoot axis node is a specific anatomical region or component of the plant's tissue system, rather than a taxonomic subclass of ""portion of plant tissue."""
LLMs4OL_PO_SUB,pred,"plant anatomical entity (plant anatomical entity, plant organ, plant structure)",central endosperm,0,is_a,google/gemma-4-31b-it,"The central endosperm is a specific type of plant anatomical entity, meaning every instance of a central endosperm is necessarily an instance of a plant anatomical entity."
LLMs4OL_PO_SUB,pred,reproductive bud,terminal strobilus bud,0,is_a,google/gemma-4-31b-it,A terminal strobilus bud is a specific type of reproductive bud that is located at the terminus of a shoot and develops into a strobilus.
LLMs4OL_PO_SUB,pred,portion of plant tissue,lateral root cap,0,part_of,google/gemma-4-31b-it,"The 'lateral root cap' is a specific anatomical region or component of the plant's tissue system, rather than a taxonomic subclass of the general concept of a 'portion of plant tissue'."
LLMs4OL_PO_SUB,pred,multi-tissue plant structure,samara fruit,0,is_a,google/gemma-4-31b-it,"A samara fruit is a specific type of fruit, and since a fruit is a multi-tissue plant structure, every samara fruit is necessarily a multi-tissue plant structure."
LLMs4OL_PO_SUB,pred,leaf,adult vascular leaf,0,is_a,google/gemma-4-31b-it,"An adult vascular leaf is a specific type of leaf, meaning every instance of an adult vascular leaf is necessarily an instance of a leaf."
LLMs4OL_PO_SUB,pred,plant axis differentiation zone,shoot internode differentiation zone,0,is_a,google/gemma-4-31b-it,"A 'shoot internode differentiation zone' is a specific type of 'plant axis differentiation zone' (specifically one located in the shoot), meaning every instance of the former is necessarily an instance of the latter."
LLMs4OL_PO_SUB,pred,shoot axis apex,terminal bud,1,is_a,google/gemma-4-31b-it,"A terminal bud is a specific type of shoot axis apex (the growing tip of the main stem), meaning every terminal bud is a kind of shoot axis apex."
LLMs4OL_PO_SUB,pred,portion of plant tissue,central root cap,0,part_of,google/gemma-4-31b-it,The 'central root cap' is a specific anatomical region or component of the plant's tissue rather than a taxonomic subclass of the general concept 'portion of plant tissue'.
LLMs4OL_PO_SUB,pred,portion of plant tissue,shoot procambium,1,is_a,google/gemma-4-31b-it,"The 'shoot procambium' is a specific type of 'procambium', which in turn is a type of 'portion of plant tissue', making the relationship a proper taxonomic subsumption."
LLMs4OL_PO_SUB,pred,portion of meristem tissue,plant callus,1,derives_from,google/gemma-4-31b-it,"A plant callus is an unorganized mass of parenchyma cells that often develops from meristematic activity or dedifferentiation, but it is not a type of meristem tissue itself."
LLMs4OL_PO_SUB,pred,reproductive shoot system,terminal reproductive bud,0,part_of,google/gemma-4-31b-it,"A terminal reproductive bud is a specific anatomical component of the reproductive shoot system, not a type of shoot system itself."
LLMs4OL_PO_SUB,pred,multi-tissue plant structure,axil,1,located_in,google/gemma-4-31b-it,"An axil is the angle or region between the upper side of a leaf (or stem) and the supporting stem, making it a specific location or region within the plant's structure rather than a type of multi-tissue structure itself."
LLMs4OL_PO_SUB,pred,multi-tissue plant structure,central endosperm,1,part_of,google/gemma-4-31b-it,"The central endosperm is a specific region or portion of the endosperm tissue, whereas a multi-tissue plant structure (like an organ) consists of multiple different tissue types; the endosperm is a single tissue type, making it a component of larger structures rather than a type of multi-tissue stru"
LLMs4OL_PO_SUB,pred,"plant anatomical entity (plant anatomical entity, plant organ, plant structure)",storage parenchyma,1,is_a,google/gemma-4-31b-it,"Storage parenchyma is a specific type of plant tissue, and since all plant tissues are plant anatomical entities, the subsumption holds."
LLMs4OL_PO_SUB,pred,root development stage,se05 five nodes or internodes visible stage,1,unrelated,google/gemma-4-31b-it,"The 'se05 five nodes or internodes visible stage' refers to stem elongation, which is a distinct developmental process from 'root development stage', making them separate stages of plant growth rather than one being a type of the other."
LLMs4OL_PO_SUB,pred,reproductive shoot system,strobilus bud,0,is_a,google/gemma-4-31b-it,"A strobilus bud is a specific type of reproductive shoot system (or a component of one), but in botanical terminology, a bud is a specialized shoot; therefore, a strobilus bud is a kind of reproductive shoot system."
LLMs4OL_PO_SUB,pred,multi-tissue plant structure,terminal strobilus bud,1,is_a,google/gemma-4-31b-it,"A terminal strobilus bud is a specific type of plant structure composed of multiple tissues, meaning every instance of the bud is necessarily an instance of a multi-tissue plant structure."
LLMs4OL_PO_SUB,pred,"plant anatomical entity (plant anatomical entity, plant organ, plant structure)",parenchyma,0,is_a,google/gemma-4-31b-it,"Parenchyma is a specific type of plant tissue, and since all plant tissues are plant anatomical entities, the relation is a proper subsumption."
LLMs4OL_PO_SUB,pred,portion of plant tissue,multi-tissue plant structure,1,has_part,google/gemma-4-31b-it,"A 'multi-tissue plant structure' (like an organ) is composed of various tissues, meaning it is a complex entity that contains 'portions of plant tissue' as its building blocks."
LLMs4OL_PO_SUB,pred,"plant anatomical entity (plant anatomical entity, plant organ, plant structure)",shoot internode differentiation zone,0,is_a,google/gemma-4-31b-it,"A 'shoot internode differentiation zone' is a specific type of plant anatomical entity, meaning every instance of this zone is necessarily an instance of a plant anatomical entity."
LLMs4OL_PO_SUB,pred,"plant anatomical entity (plant anatomical entity, plant organ, plant structure)",style epidermis,0,is_a,google/gemma-4-31b-it,"The 'style epidermis' is a specific type of plant anatomical entity, as any instance of the epidermis of a style is necessarily an instance of a plant anatomical entity."
LLMs4OL_PO_SUB,pred,bract epidermis,bract adaxial epidermis,0,is_a,google/gemma-4-31b-it,"The 'bract adaxial epidermis' is a specific type of 'bract epidermis' (specifically the one on the upper surface), meaning every instance of the adaxial epidermis is necessarily an instance of the bract epidermis."
LLMs4OL_PO_SUB,pred,vascular leaf,spine leaf,0,is_a,google/gemma-4-31b-it,"A spine leaf is a specialized type of vascular leaf modified for protection or water conservation, meaning every spine leaf is inherently a vascular leaf."
LLMs4OL_PO_SUB,pred,lateral meristem,cambium,0,is_a,google/gemma-4-31b-it,"The cambium is a specific type of lateral meristem (along with the cork cambium), meaning every instance of cambium is by definition a lateral meristem."
LLMs4OL_PO_SUB,pred,"plant anatomical entity (plant anatomical entity, plant organ, plant structure)",fruit,0,is_a,google/gemma-4-31b-it,"A fruit is a specific type of anatomical entity found in plants, meaning every fruit is necessarily a plant anatomical entity."
LLMs4OL_PO_SUB,pred,leaf,flag leaf,0,is_a,google/gemma-4-31b-it,"A flag leaf is a specific type of leaf (typically characterized by a narrow, blade-like shape), meaning every instance of a flag leaf is necessarily an instance of a leaf."
LLMs4OL_PO_SUB,pred,native plant cell,chlorenchyma cell,0,is_a,google/gemma-4-31b-it,"A chlorenchyma cell is a specialized type of plant cell, meaning every instance of a chlorenchyma cell is necessarily an instance of a native plant cell."
LLMs4OL_PO_SUB,pred,"plant anatomical entity (plant anatomical entity, plant organ, plant structure)",lateral root cap of primary root,0,is_a,google/gemma-4-31b-it,"A lateral root cap of a primary root is a specific type of plant anatomical entity, meaning every instance of the former is necessarily an instance of the latter."
LLMs4OL_PO_SUB,pred,portion of plant tissue,coma,0,is_a,google/gemma-4-31b-it,"A coma (a tuft of hairs on a seed) is a specific type of plant tissue structure, meaning every instance of a coma is necessarily an instance of a portion of plant tissue."
LLMs4OL_PO_SUB,pred,shoot system epidermis,leaf epidermis,0,is_a,google/gemma-4-31b-it,"The leaf epidermis is a specific type of epidermis found within the shoot system, meaning every instance of leaf epidermis is necessarily an instance of shoot system epidermis."
LLMs4OL_PO_SUB,pred,parenchyma cell,chlorenchyma cell,0,is_a,google/gemma-4-31b-it,"Chlorenchyma cells are a specialized type of parenchyma cell that contain chloroplasts, meaning every chlorenchyma cell is by definition a parenchyma cell."
LLMs4OL_PO_SUB,pred,portion of plant tissue,plant axis differentiation zone,1,part_of,google/gemma-4-31b-it,"A 'plant axis differentiation zone' is a specific region or area within plant tissues where cells differentiate, making it a component or portion of the plant tissue rather than a taxonomic subclass of the general concept of a tissue portion."
LLMs4OL_PO_SUB,pred,"plant anatomical entity (plant anatomical entity, plant organ, plant structure)",plant egg cell,1,is_a,google/gemma-4-31b-it,"A plant egg cell is a specific type of plant cell, and since all plant cells are types of plant anatomical entities, the subsumption holds."
LLMs4OL_PO_SUB,pred,shoot system epidermis,leaf adaxial epidermis,0,is_a,google/gemma-4-31b-it,"The 'leaf adaxial epidermis' is a specific type of 'shoot system epidermis', as any instance of the epidermis on the upper surface of a leaf is necessarily an instance of the epidermis found within the shoot system."
LLMs4OL_PO_SUB,pred,ground tissue cell,mesophyll cell,0,is_a,google/gemma-4-31b-it,"A mesophyll cell is a specific type of ground tissue cell (specifically a specialized parenchyma cell), meaning every mesophyll cell is by definition a ground tissue cell."
LLMs4OL_PO_SUB,pred,"plant anatomical entity (plant anatomical entity, plant organ, plant structure)",terminal bud,1,is_a,google/gemma-4-31b-it,"A terminal bud is a specific type of plant anatomical entity, meaning every terminal bud is necessarily a plant anatomical entity."
LLMs4OL_PO_SUB,pred,multi-tissue plant structure,branch internode differentiation zone,1,part_of,google/gemma-4-31b-it,A differentiation zone is a specific region or portion of a plant structure rather than a type of multi-tissue plant structure itself.
LLMs4OL_PO_SUB,pred,"plant anatomical entity (plant anatomical entity, plant organ, plant structure)",vascular leaf,0,is_a,google/gemma-4-31b-it,"A vascular leaf is a specific type of plant anatomical entity, meaning every instance of a vascular leaf is necessarily an instance of a plant anatomical entity."
LLMs4OL_PO_SUB,pred,reproductive shoot system,flower,0,is_a,google/gemma-4-31b-it,"A flower is a specific type of reproductive shoot system, as it is the specialized shoot that bears the reproductive organs."
LLMs4OL_PO_SUB,pred,plant epidermis,leaf epidermis,0,is_a,google/gemma-4-31b-it,"The 'leaf epidermis' is a specific type of 'plant epidermis', as any instance of epidermis found on a leaf is by definition an instance of epidermis found on a plant."
LLMs4OL_PO_SUB,pred,stem elongation stage,se07 seven nodes or internodes visible stage,0,is_a,google/gemma-4-31b-it,The 'se07 seven nodes or internodes visible stage' is a specific type or sub-stage of the broader 'stem elongation stage'.
LLMs4OL_PO_SUB,pred,portion of plant tissue,inflorescence axis node,1,part_of,google/gemma-4-31b-it,"An inflorescence axis node is a specific anatomical structure (a type of node), whereas a portion of plant tissue is a general material or regional category; the node is composed of or consists of plant tissue rather than being a subclass of it."
LLMs4OL_PO_SUB,pred,"plant anatomical entity (plant anatomical entity, plant organ, plant structure)",strobilus bud,1,is_a,google/gemma-4-31b-it,"A strobilus bud is a specific type of plant anatomical entity, as it is a biological structure within a plant."
LLMs4OL_PO_SUB,pred,"plant anatomical entity (plant anatomical entity, plant organ, plant structure)",inflorescence axis node,1,is_a,google/gemma-4-31b-it,"An 'inflorescence axis node' is a specific type of plant anatomical entity, as every instance of this specific node is necessarily an instance of the broader category of plant anatomical entities."
LLMs4OL_PO_SUB,pred,lateral root cap,central root cap,1,part_of,google/gemma-4-31b-it,"The central root cap (columella) and the lateral root cap are distinct, adjacent regions of the root cap; the central root cap is a component part of the overall root cap structure rather than a subtype of the lateral root cap."
LLMs4OL_PO_SUB,pred,"plant anatomical entity (plant anatomical entity, plant organ, plant structure)",lateral meristem,0,is_a,google/gemma-4-31b-it,"A lateral meristem is a specific type of plant anatomical entity, as any instance of a lateral meristem is by definition an instance of a plant anatomical entity."
LLMs4OL_PO_SUB,pred,parenchyma cell,root parenchyma,1,made_of,google/gemma-4-31b-it,"'Root parenchyma' refers to a tissue (a collection of cells) located in the root, whereas 'parenchyma cell' refers to the individual cellular unit that constitutes such tissue."
LLMs4OL_PO_SUB,pred,"plant anatomical entity (plant anatomical entity, plant organ, plant structure)",lateral root cap,0,is_a,google/gemma-4-31b-it,"A lateral root cap is a specific type of anatomical structure found in plants, meaning every instance of a lateral root cap is necessarily an instance of a plant anatomical entity."
LLMs4OL_PO_SUB,pred,"plant anatomical entity (plant anatomical entity, plant organ, plant structure)",basal root,1,is_a,google/gemma-4-31b-it,"A basal root is a specific type of plant anatomical entity, meaning every instance of a basal root is necessarily an instance of a plant anatomical entity."
LLMs4OL_PO_SUB,pred,portion of plant tissue,chlorenchyma,0,is_a,google/gemma-4-31b-it,"Chlorenchyma is a specific type of plant tissue (specifically a type of parenchyma containing chloroplasts), making it a subclass of the general category of plant tissue portions."
LLMs4OL_PO_SUB,pred,vascular leaf,adult vascular leaf,0,is_a,google/gemma-4-31b-it,"An adult vascular leaf is a specific type (developmental stage) of vascular leaf, meaning every adult vascular leaf is necessarily a vascular leaf."
LLMs4OL_PO_SUB,pred,"plant anatomical entity (plant anatomical entity, plant organ, plant structure)",cambium,0,is_a,google/gemma-4-31b-it,"The cambium is a specific type of plant anatomical entity, meaning every instance of cambium is necessarily an instance of a plant anatomical entity."
LLMs4OL_PO_SUB,pred,leaf adaxial epidermis,leaf lamina adaxial epidermis,0,part_of,google/gemma-4-31b-it,"The 'leaf lamina adaxial epidermis' is the specific portion of the 'leaf adaxial epidermis' that covers the blade (lamina) of the leaf, making it a spatial component rather than a taxonomic subclass."
LLMs4OL_PO_SUB,pred,"cardinal organ part (cardinal organ part, cardinal part of multi-tissue plant structure)",branch internode differentiation zone,0,is_a,google/gemma-4-31b-it,"A 'branch internode differentiation zone' is a specific type of 'cardinal organ part' (a fundamental structural component of a plant organ), meaning every instance of the former is necessarily an instance of the latter."
LLMs4OL_PO_SUB,pred,multi-tissue plant structure,vascular leaf,0,is_a,google/gemma-4-31b-it,"A vascular leaf is a specific type of plant structure composed of multiple tissues, meaning every instance of a vascular leaf is necessarily an instance of a multi-tissue plant structure."
LLMs4OL_PO_SUB,pred,multi-tissue plant structure,lateral root cap of primary root,1,part_of,google/gemma-4-31b-it,"The 'lateral root cap of primary root' is a specific anatomical component (a part) of the primary root system, whereas a 'multi-tissue plant structure' refers to complex organs (like leaves or fruits); the root cap is a specialized tissue region rather than a type of multi-tissue organ."
LLMs4OL_PO_SUB,pred,shoot system epidermis,leaf lamina epidermis,0,is_a,google/gemma-4-31b-it,"The 'leaf lamina epidermis' is a specific type of epidermis found within the shoot system, meaning every instance of the former is necessarily an instance of the latter."
LLMs4OL_PO_SUB,pred,pith,tuber pith,0,is_a,google/gemma-4-31b-it,"Tuber pith is a specific type of pith found within a tuber, meaning every instance of tuber pith is necessarily an instance of pith."
LLMs4OL_PO_SUB,pred,multi-tissue plant structure,lateral root cap of lateral root,1,part_of,google/gemma-4-31b-it,"The 'lateral root cap of lateral root' is a specific anatomical component (a tissue region) of a larger plant structure, rather than a type of 'multi-tissue plant structure' (which typically refers to organs like leaves or fruits)."
LLMs4OL_PO_SUB,pred,portion of plant tissue,leaf lamina epidermis,0,is_a,google/gemma-4-31b-it,"The 'leaf lamina epidermis' is a specific type of plant tissue, and therefore every instance of it is necessarily an instance of a 'portion of plant tissue'."
LLMs4OL_PO_SUB,pred,cambium,cork cambium,0,is_a,google/gemma-4-31b-it,"The cork cambium (phellogen) is a specific type of cambium (a lateral meristem), meaning every instance of cork cambium is necessarily an instance of cambium."
LLMs4OL_PO_SUB,pred,terminal bud,terminal strobilus bud,0,is_a,google/gemma-4-31b-it,"A terminal strobilus bud is a specific type of terminal bud that is specialized for the development of a strobilus (cone), meaning every instance of the former is necessarily an instance of the latter."
LLMs4OL_PO_SUB,pred,leaf epidermis,bract adaxial epidermis,1,is_a,google/gemma-4-31b-it,"A bract is a modified leaf, and therefore the epidermis of a bract is a specific type of leaf epidermis."
LLMs4OL_PO_SUB,pred,multi-tissue plant structure,lateral root cap,1,part_of,google/gemma-4-31b-it,"The 'lateral root cap' is a specific tissue region of the root, whereas a 'multi-tissue plant structure' (like an organ) is a higher-level assembly; the root cap is a component part of the root's overall structure rather than a type of multi-tissue structure itself."
LLMs4OL_PO_SUB,pred,plant epidermis,phyllome epidermis,0,is_a,google/gemma-4-31b-it,"The 'phyllome epidermis' (the epidermis of leaves and related structures) is a specific type of 'plant epidermis', meaning every instance of the former is necessarily an instance of the latter."
LLMs4OL_PO_SUB,pred,multi-tissue plant structure,flower,1,is_a,google/gemma-4-31b-it,"A flower is a specific type of plant organ composed of multiple tissues, meaning every flower is necessarily a multi-tissue plant structure."
LLMs4OL_PO_SUB,pred,"plant anatomical entity (plant anatomical entity, plant organ, plant structure)",shoot axis apex,1,is_a,google/gemma-4-31b-it,"A shoot axis apex is a specific type of plant anatomical entity, as it is a biological structure within a plant."
LLMs4OL_PO_SUB,pred,portion of plant tissue,carpel epidermis,0,is_a,google/gemma-4-31b-it,"The 'carpel epidermis' is a specific type of plant tissue (specifically an epidermal tissue), making it a subclass of 'portion of plant tissue'."
LLMs4OL_PO_SUB,pred,portion of plant tissue,shoot axis apex,1,part_of,google/gemma-4-31b-it,"The 'shoot axis apex' is a specific anatomical region or component of the plant's tissue system, rather than a taxonomic subclass of the general concept of plant tissue."
LLMs4OL_PO_SUB,pred,"plant anatomical entity (plant anatomical entity, plant organ, plant structure)",terminal strobilus bud,1,is_a,google/gemma-4-31b-it,"A terminal strobilus bud is a specific type of plant anatomical entity, as it is a biological structure within a plant."
LLMs4OL_PO_SUB,pred,portion of plant tissue,shoot system epidermis,0,is_a,google/gemma-4-31b-it,"The 'shoot system epidermis' is a specific type of plant tissue (specifically, a dermal tissue), and therefore every instance of it is necessarily an instance of a 'portion of plant tissue'."
LLMs4OL_PO_SUB,pred,"cardinal organ part (cardinal organ part, cardinal part of multi-tissue plant structure)",central root cap of lateral root,1,part_of,google/gemma-4-31b-it,"The 'central root cap of lateral root' is a specific anatomical component (a part) of the root system's structure, whereas a 'cardinal organ part' refers to a primary structural unit or axis of an organ; the root cap is a part of the organ, not a type of cardinal organ part."
LLMs4OL_PO_SUB,pred,primordium,root primordium,0,is_a,google/gemma-4-31b-it,"A root primordium is a specific type of primordium (the embryonic tissue that gives rise to an organ), meaning every root primordium is by definition a primordium."
LLMs4OL_PO_SUB,pred,phyllome,vascular leaf,0,is_a,google/gemma-4-31b-it,"In botany, a phyllome is defined as any leaf-like organ (including leaves, scales, and spines), making a vascular leaf a specific type of phyllome."
LLMs4OL_PO_SUB,pred,plant epidermis,leaf adaxial epidermis,0,is_a,google/gemma-4-31b-it,"The 'leaf adaxial epidermis' is a specific type of 'plant epidermis', as any instance of the former is necessarily an instance of the latter."
LLMs4OL_PO_SUB,pred,multi-tissue plant structure,"ear floret (ear floret, spikelet floret)",1,is_a,google/gemma-4-31b-it,"An ear floret is a type of flower/spikelet floret, and since all flowers are complex plant organs composed of multiple tissue types, every ear floret is necessarily a multi-tissue plant structure."
LLMs4OL_PO_SUB,pred,multi-tissue plant structure,leaf,0,is_a,google/gemma-4-31b-it,"A leaf is a specific type of plant structure composed of multiple tissues, meaning every leaf is necessarily a multi-tissue plant structure."
LLMs4OL_PO_SUB,pred,portion of plant tissue,floral organ abscission zone,0,is_a,google/gemma-4-31b-it,"A floral organ abscission zone is a specific type of abscission zone, and since an abscission zone is a kind of portion of plant tissue, the relation is a proper subsumption."
LLMs4OL_PO_SUB,pred,portion of plant tissue,central root cap of lateral root,0,is_a,google/gemma-4-31b-it,"The 'central root cap of lateral root' is a specific type of plant tissue portion, meaning every instance of this specific root cap is necessarily an instance of a portion of plant tissue."
LLMs4OL_PO_SUB,pred,upper glume of tassel spikelet,upper glume of pedicellate spikelet of tassel,0,is_a,google/gemma-4-31b-it,"The 'upper glume of pedicellate spikelet of tassel' is a specific type of 'upper glume of tassel spikelet' (since a pedicellate spikelet is a kind of tassel spikelet), meaning every instance of the former is necessarily an instance of the latter."
LLMs4OL_PO_SUB,pred,"cardinal organ part (cardinal organ part, cardinal part of multi-tissue plant structure)",plant ovary wall middle layer,1,part_of,google/gemma-4-31b-it,"The 'plant ovary wall middle layer' is a specific anatomical region or component of a plant organ, whereas a 'cardinal organ part' refers to a functional or structural unit of a plant axis; the former is a physical part of the organ structure rather than a type of cardinal organ part."
LLMs4OL_PO_SUB,pred,shoot procambium,leaf procambium,0,part_of,google/gemma-4-31b-it,"The leaf procambium is a specific anatomical region or portion of the shoot procambium, rather than a subclass of it."
LLMs4OL_PO_SUB,pred,root development stage,radicle emergence stage,0,part_of,google/gemma-4-31b-it,"The 'radicle emergence stage' is a specific phase or component of the overall 'root development stage' process, rather than a type of development stage."
LLMs4OL_PO_SUB,pred,native plant cell,plant egg cell,0,is_a,google/gemma-4-31b-it,"A plant egg cell is a specific type of native plant cell, meaning every instance of a plant egg cell is necessarily an instance of a native plant cell."
LLMs4OL_PO_SUB,pred,lateral meristem,cork cambium,0,is_a,google/gemma-4-31b-it,"The cork cambium is a specific type of lateral meristem (specifically the phellogen), meaning every instance of cork cambium is necessarily an instance of lateral meristem."
LLMs4OL_PO_SUB,pred,portion of plant tissue,axil,1,is_a,google/gemma-4-31b-it,"An axil is a specific anatomical region or location (the angle between the upper side of a leaf and the stem), making it a type of plant tissue portion."
LLMs4OL_PO_SUB,pred,multi-tissue plant structure,adult vascular leaf,0,is_a,google/gemma-4-31b-it,"An adult vascular leaf is a specific type of plant structure composed of multiple tissues, meaning every instance of the former is necessarily an instance of the latter."
LLMs4OL_PO_SUB,pred,portion of plant tissue,bract adaxial epidermis,0,is_a,google/gemma-4-31b-it,"The 'bract adaxial epidermis' is a specific type of plant tissue, and therefore every instance of it is necessarily an instance of a 'portion of plant tissue'."
LLMs4OL_PO_SUB,pred,"plant anatomical entity (plant anatomical entity, plant organ, plant structure)",central root cap of lateral root,0,is_a,google/gemma-4-31b-it,"A 'central root cap of lateral root' is a specific type of plant anatomical entity, meaning every instance of the former is necessarily an instance of the latter."
LLMs4OL_PO_SUB,pred,portion of plant tissue,"cardinal organ part (cardinal organ part, cardinal part of multi-tissue plant structure)",1,part_of,google/gemma-4-31b-it,"A 'cardinal organ part' (such as a leaf blade or root tip) is a structural component of a plant organ, whereas a 'portion of plant tissue' refers to a segment of a specific tissue type (like epidermis or cambium); a cardinal organ part is composed of various tissues, but it is not a type of tissue p"
LLMs4OL_PO_SUB,pred,portion of plant tissue,shoot internode differentiation zone,1,part_of,google/gemma-4-31b-it,"The 'shoot internode differentiation zone' is a specific anatomical region or area within plant tissue, making it a part of the tissue rather than a type of tissue itself."
LLMs4OL_PO_SUB,pred,"plant anatomical entity (plant anatomical entity, plant organ, plant structure)",samara fruit,0,is_a,google/gemma-4-31b-it,"A samara fruit is a specific type of plant anatomical entity, as it is a biological structure belonging to the plant kingdom."
LLMs4OL_PO_SUB,pred,"plant anatomical entity (plant anatomical entity, plant organ, plant structure)",plant callus,0,is_a,google/gemma-4-31b-it,"A plant callus is a specific type of plant anatomical entity (specifically a mass of unorganized parenchyma cells), meaning every instance of a plant callus is necessarily an instance of a plant anatomical entity."
LLMs4OL_PO_SUB,pred,shoot system epidermis,style epidermis,0,is_a,google/gemma-4-31b-it,"The style epidermis is a specific type of epidermis found within the shoot system, meaning every instance of style epidermis is necessarily an instance of shoot system epidermis."
LLMs4OL_PO_SUB,pred,phyllome epidermis,leaf epidermis,0,is_a,google/gemma-4-31b-it,"A leaf is a type of phyllome (a leaf-like organ), therefore the epidermis of a leaf is a specific type of phyllome epidermis."
LLMs4OL_PO_SUB,pred,portion of plant tissue,phyllome epidermis,0,is_a,google/gemma-4-31b-it,"The 'phyllome epidermis' is a specific type of plant tissue (the outermost layer of the phyllome), making it a subclass of 'portion of plant tissue'."
LLMs4OL_PO_SUB,pred,"plant anatomical entity (plant anatomical entity, plant organ, plant structure)",sporophyll,0,is_a,google/gemma-4-31b-it,"A sporophyll is a specific type of leaf (phyllome) that bears spores, making it a kind of plant anatomical entity."
LLMs4OL_PO_SUB,pred,native plant cell,plant gamete,0,is_a,google/gemma-4-31b-it,"A plant gamete is a specialized type of plant cell, meaning every instance of a plant gamete is necessarily an instance of a plant cell."
LLMs4OL_PO_SUB,pred,phyllome epidermis,style epidermis,0,is_a,google/gemma-4-31b-it,"The style is a modified leaf-like organ (phyllome), and therefore the epidermis of the style is a specific type of phyllome epidermis."
LLMs4OL_PO_SUB,pred,portion of plant tissue,upper glume,1,is_a,google/gemma-4-31b-it,"An upper glume is a specific anatomical structure (a type of bract) of a plant, making it a kind of plant tissue portion rather than a component of a general tissue mass."
LLMs4OL_PO_SUB,pred,"cardinal organ part (cardinal organ part, cardinal part of multi-tissue plant structure)",terminal reproductive bud,1,part_of,google/gemma-4-31b-it,"A terminal reproductive bud is a specific anatomical structure that functions as a component or region of the plant's cardinal organ system, rather than being a type of ""cardinal organ part"" itself."
LLMs4OL_PO_SUB,pred,"cardinal organ part (cardinal organ part, cardinal part of multi-tissue plant structure)",tuber pith,1,part_of,google/gemma-4-31b-it,"The 'tuber pith' is a specific tissue region (pith) located within a tuber, whereas a 'cardinal organ part' refers to a structural component of a plant's primary axis; the pith is a constituent part of the organ, not a type of cardinal organ part."
LLMs4OL_PO_SUB,pred,reproductive bud,terminal reproductive bud,0,is_a,google/gemma-4-31b-it,A terminal reproductive bud is a specific type of reproductive bud that is located at the apex (terminal position) of a shoot.
LLMs4OL_PO_SUB,pred,phyllome epidermis,carpel epidermis,0,is_a,google/gemma-4-31b-it,"A carpel is a type of phyllome (a modified leaf), and therefore the epidermis of a carpel is a specific type of phyllome epidermis."
LLMs4OL_PO_SUB,pred,portion of plant tissue,plant epidermis,0,is_a,google/gemma-4-31b-it,"The plant epidermis is a specific type of plant tissue (specifically a dermal tissue), making it a kind of portion of plant tissue."
LLMs4OL_PO_SUB,pred,multi-tissue plant structure,tuber pith,1,part_of,google/gemma-4-31b-it,"The 'tuber pith' is a specific tissue region (parenchyma) located within a tuber, whereas a 'multi-tissue plant structure' refers to complex organs (like leaves or fruits); therefore, the pith is a component part of such a structure rather than a type of it."
LLMs4OL_PO_SUB,pred,central root cap,central root cap of lateral root,0,is_a,google/gemma-4-31b-it,"The 'central root cap of lateral root' is a specific type of 'central root cap' found in a particular root structure, meaning every instance of the former is necessarily an instance of the latter."
LLMs4OL_PO_SUB,pred,multi-tissue plant structure,fruit,0,is_a,google/gemma-4-31b-it,"A fruit is a specific type of plant structure composed of multiple tissues, meaning every fruit is necessarily a multi-tissue plant structure."
LLMs4OL_PO_SUB,pred,"plant anatomical entity (plant anatomical entity, plant organ, plant structure)",ground tissue cell,1,is_a,google/gemma-4-31b-it,"A ground tissue cell is a specific type of plant anatomical entity, as any cell within the ground tissue of a plant is by definition an anatomical entity of that plant."
LLMs4OL_PO_SUB,pred,parenchyma cell,mesophyll cell,0,is_a,google/gemma-4-31b-it,A mesophyll cell is a specialized type of parenchyma cell found in the interior of a leaf.
LLMs4OL_PO_SUB,pred,phyllome,leaf,0,is_a,google/gemma-4-31b-it,"In botanical terminology, a phyllome is defined as any leaf-like organ (including leaves, scales, and spines), meaning every leaf is by definition a type of phyllome."
LLMs4OL_PO_SUB,pred,multi-tissue plant structure,"subterranean tuber axillary shoot (subterranean tuber axillary shoot, tuber axillary shoot)",1,is_a,google/gemma-4-31b-it,"A subterranean tuber axillary shoot is a specific type of multi-tissue plant structure, as it is a complex anatomical entity composed of multiple tissue types."
LLMs4OL_PO_SUB,pred,portion of plant tissue,parenchyma,0,is_a,google/gemma-4-31b-it,"Parenchyma is a specific type of plant tissue, making it a subclass of the general category of plant tissue portions."
LLMs4OL_PO_SUB,pred,phyllome,adult vascular leaf,0,is_a,google/gemma-4-31b-it,"An adult vascular leaf is a specific type of phyllome (a leaf-like organ), meaning every instance of the former is necessarily an instance of the latter."
LLMs4OL_PO_SUB,pred,"plant anatomical entity (plant anatomical entity, plant organ, plant structure)",plant sperm cell,1,is_a,google/gemma-4-31b-it,"A plant sperm cell is a specific type of cell, and since cells are the fundamental building blocks and anatomical units of plants, every plant sperm cell is a kind of plant anatomical entity."
LLMs4OL_PO_SUB,pred,multi-tissue plant structure,upper glume,1,is_a,google/gemma-4-31b-it,An upper glume is a specific type of modified leaf (phyllome) and thus constitutes a multi-tissue plant structure.
LLMs4OL_PO_SUB,pred,"plant anatomical entity (plant anatomical entity, plant organ, plant structure)",native plant cell,1,is_a,google/gemma-4-31b-it,"A native plant cell is a specific type of plant anatomical entity, as every instance of such a cell is by definition an anatomical entity of a plant."
LLMs4OL_PO_SUB,pred,multi-tissue plant structure,floral organ abscission zone,1,part_of,google/gemma-4-31b-it,"An abscission zone is a specialized region or portion of tissue within a plant organ, not a type of multi-tissue plant structure itself."
LLMs4OL_PO_SUB,pred,leaf,sporophyll,1,is_a,google/gemma-4-31b-it,"A sporophyll is a specialized leaf that bears sporangia, meaning every sporophyll is a type of leaf."
LLMs4OL_PO_SUB,pred,phyllome epidermis,leaf lamina adaxial epidermis,0,is_a,google/gemma-4-31b-it,"The 'leaf lamina adaxial epidermis' is a specific type of 'phyllome epidermis' (since a leaf lamina is a type of phyllome), meaning every instance of the former is necessarily an instance of the latter."
LLMs4OL_PO_SUB,pred,"cardinal organ part (cardinal organ part, cardinal part of multi-tissue plant structure)",shoot axis node,1,is_a,google/gemma-4-31b-it,"A shoot axis node is a specific type of cardinal organ part (a primary structural unit of the plant axis), meaning every shoot axis node is by definition a cardinal organ part."
LLMs4OL_PO_SUB,pred,native plant cell,parenchyma cell,0,is_a,google/gemma-4-31b-it,"A parenchyma cell is a specific type of plant cell found in native plants, meaning every parenchyma cell is necessarily a plant cell."
LLMs4OL_PO_SUB,pred,"plant anatomical entity (plant anatomical entity, plant organ, plant structure)",tuber pith,0,is_a,google/gemma-4-31b-it,"A tuber pith is a specific type of plant anatomical entity, as it is a specialized anatomical structure within a plant."
LLMs4OL_PO_SUB,pred,shoot system epidermis,bract epidermis,0,is_a,google/gemma-4-31b-it,"The 'bract epidermis' is a specific type of epidermis found within the shoot system, meaning every instance of a bract epidermis is necessarily an instance of shoot system epidermis."
LLMs4OL_PO_SUB,pred,phyllome,sporophyll,0,is_a,google/gemma-4-31b-it,"A sporophyll is a specific type of phyllome (a leaf-like organ) that bears sporangia, meaning every sporophyll is by definition a phyllome."
LLMs4OL_PO_SUB,pred,plant gamete,plant egg cell,0,is_a,google/gemma-4-31b-it,"A plant egg cell is a specific type of plant gamete (the female gamete), meaning every instance of a plant egg cell is necessarily an instance of a plant gamete."
LLMs4OL_PO_SUB,pred,"plant anatomical entity (plant anatomical entity, plant organ, plant structure)",shoot system epidermis,0,is_a,google/gemma-4-31b-it,"The 'shoot system epidermis' is a specific type of 'plant anatomical entity', as any instance of the epidermis of a shoot system is necessarily an instance of a plant anatomical entity."
LLMs4OL_PO_SUB,pred,portion of plant tissue,cambium,0,is_a,google/gemma-4-31b-it,"The cambium is a specific type of plant tissue, meaning every instance of cambium is necessarily an instance of a portion of plant tissue."
LLMs4OL_PO_SUB,pred,"plant anatomical entity (plant anatomical entity, plant organ, plant structure)",embryo sac egg cell,1,is_a,google/gemma-4-31b-it,"An embryo sac egg cell is a specific type of plant cell, and since all plant cells are plant anatomical entities, the relation is a proper subsumption."
LLMs4OL_PO_SUB,pred,portion of ground tissue,storage parenchyma,1,is_a,google/gemma-4-31b-it,"Storage parenchyma is a specific type of parenchyma (which is a kind of ground tissue), meaning every instance of storage parenchyma is by definition a type of portion of ground tissue."
LLMs4OL_PO_SUB,pred,multi-tissue plant structure,shoot axis node,1,is_a,google/gemma-4-31b-it,"A shoot axis node is a specific type of plant structure composed of multiple tissue types, making it a subclass of multi-tissue plant structures."
LLMs4OL_PO_SUB,pred,"cardinal organ part (cardinal organ part, cardinal part of multi-tissue plant structure)",pulvinus,0,is_a,google/gemma-4-31b-it,"A pulvinus is a specific type of specialized organ part (a joint-like thickening) in plants, meaning every pulvinus is a cardinal organ part."
LLMs4OL_PO_SUB,pred,"plant anatomical entity (plant anatomical entity, plant organ, plant structure)",leaf procambium,1,is_a,google/gemma-4-31b-it,"The 'leaf procambium' is a specific type of 'plant anatomical entity', as it is a specialized tissue structure within a plant."
LLMs4OL_PO_SUB,pred,"plant anatomical entity (plant anatomical entity, plant organ, plant structure)","fruit pedicel (fruit pedicel, infructescence fruit pedicel)",1,is_a,google/gemma-4-31b-it,"A fruit pedicel is a specific type of plant anatomical entity, as every instance of a fruit pedicel is necessarily an instance of a plant anatomical entity."
LLMs4OL_PO_SUB,pred,leaf epidermis,leaf lamina adaxial epidermis,0,is_a,google/gemma-4-31b-it,"The 'leaf lamina adaxial epidermis' is a specific type of 'leaf epidermis' (specifically the one located on the upper surface of the blade), meaning every instance of the former is necessarily an instance of the latter."
LLMs4OL_PO_SUB,pred,"plant anatomical entity (plant anatomical entity, plant organ, plant structure)",chlorenchyma cell,1,is_a,google/gemma-4-31b-it,"A chlorenchyma cell is a specific type of plant cell, and since all plant cells are types of plant anatomical entities, the subsumption holds."
LLMs4OL_PO_SUB,pred,"plant anatomical entity (plant anatomical entity, plant organ, plant structure)",pistillate flower,1,is_a,google/gemma-4-31b-it,"A pistillate flower is a specific type of plant anatomical entity, as every instance of a pistillate flower is necessarily an instance of a plant anatomical entity."
LLMs4OL_PO_SUB,pred,"plant anatomical entity (plant anatomical entity, plant organ, plant structure)","ear floret (ear floret, spikelet floret)",1,is_a,google/gemma-4-31b-it,"An ear floret is a specific type of plant anatomical entity, as every instance of an ear floret is necessarily an instance of a plant anatomical entity."
LLMs4OL_PO_SUB,pred,plant gamete,plant sperm cell,0,is_a,google/gemma-4-31b-it,"A plant sperm cell is a specific type of plant gamete, meaning every instance of a plant sperm cell is necessarily an instance of a plant gamete."
LLMs4OL_PO_SUB,pred,"plant anatomical entity (plant anatomical entity, plant organ, plant structure)",multi-tissue plant structure,0,is_a,google/gemma-4-31b-it,"A multi-tissue plant structure is a specific type of plant anatomical entity, as any structure composed of multiple tissues is by definition an anatomical entity of a plant."
LLMs4OL_PO_SUB,pred,"plant anatomical entity (plant anatomical entity, plant organ, plant structure)",root primordium,1,is_a,google/gemma-4-31b-it,"A root primordium is a specific type of plant anatomical entity, as it is a biological structure within a plant."
LLMs4OL_PO_SUB,pred,leaf epidermis,leaf adaxial epidermis,0,is_a,google/gemma-4-31b-it,"The 'leaf adaxial epidermis' is a specific type of 'leaf epidermis' (specifically the upper surface), meaning every instance of the adaxial epidermis is necessarily an instance of the leaf epidermis."
LLMs4OL_PO_SUB,pred,phyllome,flag leaf,0,is_a,google/gemma-4-31b-it,"A flag leaf is a specific type of phyllome (a leaf-like organ), meaning every instance of a flag leaf is necessarily an instance of a phyllome."
LLMs4OL_PO_SUB,pred,"cardinal organ part (cardinal organ part, cardinal part of multi-tissue plant structure)",inflorescence axis node,1,part_of,google/gemma-4-31b-it,"An 'inflorescence axis node' is a specific anatomical region (a node) that constitutes a part of the cardinal organ (the axis), rather than being a type of cardinal organ part in a taxonomic sense."
LLMs4OL_PO_SUB,pred,portion of plant tissue,storage parenchyma,1,is_a,google/gemma-4-31b-it,"Storage parenchyma is a specific type of plant tissue (a kind of parenchyma specialized for storage), making it a subclass of a portion of plant tissue."
LLMs4OL_PO_SUB,pred,plant epidermis,carpel epidermis,0,is_a,google/gemma-4-31b-it,"The carpel epidermis is a specific type of plant epidermis, meaning every instance of carpel epidermis is necessarily an instance of plant epidermis."
LLMs4OL_PO_SUB,pred,shoot axis node,inflorescence axis node,0,is_a,google/gemma-4-31b-it,"An inflorescence axis node is a specific type of shoot axis node, as the inflorescence axis is a specialized form of a shoot axis."
LLMs4OL_PO_SUB,pred,procambium,leaf procambium,0,is_a,google/gemma-4-31b-it,"The leaf procambium is a specific type of procambium located in the leaf, meaning every instance of leaf procambium is necessarily an instance of procambium."
LLMs4OL_PO_SUB,pred,ground tissue cell,chlorenchyma cell,0,is_a,google/gemma-4-31b-it,"Chlorenchyma cells are a specialized type of parenchyma cell found within the ground tissue of plants, meaning every chlorenchyma cell is a type of ground tissue cell."
LLMs4OL_PO_SUB,pred,portion of plant tissue,plant callus,0,is_a,google/gemma-4-31b-it,"A plant callus is a specific type of unorganized plant tissue mass, making it a subclass of the general category of plant tissue portions."
LLMs4OL_PO_SUB,pred,"cardinal organ part (cardinal organ part, cardinal part of multi-tissue plant structure)",upper glume of tassel spikelet,1,part_of,google/gemma-4-31b-it,"The 'upper glume of tassel spikelet' is a specific anatomical component of a cardinal organ (the tassel/spikelet), not a type of 'cardinal organ part' in a taxonomic sense, as the latter refers to general structural categories or specific zones."
LLMs4OL_PO_SUB,pred,parenchyma cell,storage parenchyma,1,is_a,google/gemma-4-31b-it,"Storage parenchyma is a specialized type of parenchyma cell dedicated to the storage of nutrients, meaning every instance of storage parenchyma is a type of parenchyma cell."
SemEvalFood_SUB,gt,jelly,apple jelly,,is_a,google/gemma-4-31b-it,"Apple jelly is a specific type of jelly, meaning every instance of apple jelly is necessarily an instance of jelly."
SemEvalFood_SUB,gt,appetizer,crudites,,is_a,google/gemma-4-31b-it,Crudités are a specific type of appetizer consisting of raw vegetables.
SemEvalFood_SUB,gt,appetizer,antipasto,,is_a,google/gemma-4-31b-it,"An antipasto is a specific type of appetizer, meaning every instance of an antipasto is necessarily an instance of an appetizer."
SemEvalFood_SUB,gt,appetizer,cocktail,,other_related,google/gemma-4-31b-it,"A cocktail is a type of drink often served as an appetizer, but it is not a kind of appetizer itself; rather, it is a component or a specific item served during the appetizer course."
SemEvalFood_SUB,gt,meatball,porcupine ball,,is_a,google/gemma-4-31b-it,A 'porcupine ball' (a specific type of meatball shaped with protruding pieces of meat or ingredients) is a specific kind of 'meatball'.
SemEvalFood_SUB,gt,dressing,mayonnaise,,is_a,google/gemma-4-31b-it,"Mayonnaise is a specific type of dressing, meaning every instance of mayonnaise is also an instance of a dressing."
SemEvalFood_SUB,gt,dressing,blue cheese dressing,,is_a,google/gemma-4-31b-it,"Blue cheese dressing is a specific type of dressing, meaning every instance of blue cheese dressing is necessarily an instance of dressing."
SemEvalFood_SUB,gt,herb,tea,,made_of,google/gemma-4-31b-it,"While some teas are herbal, true tea (from the *Camellia sinensis* plant) is not a kind of herb, and herbs are not a kind of tea; rather, tea is made from the leaves of a plant, which is the defining characteristic of an herb in a culinary context."
SemEvalFood_SUB,gt,sweet,center,,part_of,google/gemma-4-31b-it,"In the context of sweets and candies, a 'center' (such as the filling of a chocolate or a bonbon) is a component part of a 'sweet', not a type of sweet itself."
SemEvalFood_SUB,gt,sweet,candy,,is_a,google/gemma-4-31b-it,"Every piece of candy is, by definition, a type of sweet."
SemEvalFood_SUB,gt,sweet,confiture,,is_a,google/gemma-4-31b-it,"A 'confiture' (jam/preserve) is a specific type of 'sweet' (confectionery/sweet food), meaning every instance of confiture is also an instance of a sweet."
SemEvalFood_SUB,gt,potato,mashed potato,,made_of,google/gemma-4-31b-it,"Mashed potato is not a type of potato (the tuber), but rather a food product created from potatoes as the primary ingredient."
SemEvalFood_SUB,gt,potato,home fries,,made_of,google/gemma-4-31b-it,"Home fries are not a type of potato (the tuber), but are a food product made from potatoes."
SemEvalFood_SUB,gt,ingredient,flavorer,,is_a,google/gemma-4-31b-it,"A flavorer is a specific type of ingredient used to impart taste to food, meaning every flavorer is necessarily an ingredient."
SemEvalFood_SUB,gt,dairy product,curd,,is_a,google/gemma-4-31b-it,"Curd is a specific type of dairy product, meaning every instance of curd is necessarily an instance of a dairy product."
SemEvalFood_SUB,gt,corn,popcorn,,is_a,google/gemma-4-31b-it,"Popcorn is a specific type of corn that has been processed or is genetically predisposed to pop, meaning every instance of popcorn is a kind of corn."
SemEvalFood_SUB,gt,sauce,hard sauce,,is_a,google/gemma-4-31b-it,"A hard sauce is a specific type of sauce (typically a thickened, butter-based sauce), meaning every instance of a hard sauce is necessarily an instance of a sauce."
SemEvalFood_SUB,gt,sauce,dressing,,is_a,google/gemma-4-31b-it,"Every dressing is a type of sauce, as dressings are essentially cold sauces used to flavor salads or other foods."
SemEvalFood_SUB,gt,sauce,ravigote,,is_a,google/gemma-4-31b-it,"A ravigote is a specific type of sauce, meaning every instance of ravigote is necessarily an instance of a sauce."
SemEvalFood_SUB,gt,spread,nut butter,,is_a,google/gemma-4-31b-it,Every instance of nut butter is a type of spread.
SemEvalFood_SUB,gt,grain,groats,,is_a,google/gemma-4-31b-it,"Groats are hulled grains (grains that have had their husks removed), meaning every instance of groats is a type of grain."
SemEvalFood_SUB,gt,grain,buckwheat,,is_a,google/gemma-4-31b-it,"Buckwheat is a specific type of grain (specifically a pseudocereal), meaning every instance of buckwheat is an instance of a grain."
SemEvalFood_SUB,gt,grain,corn,,is_a,google/gemma-4-31b-it,"Corn is a specific type of grain, meaning every instance of corn is also an instance of a grain."
SemEvalFood_SUB,gt,tea,herb tea,,is_a,google/gemma-4-31b-it,"In common usage and culinary taxonomy, an 'herb tea' (tisane) is a specific type of 'tea' (broadly defined as an infusion), meaning every herb tea is a kind of tea."
SemEvalFood_SUB,gt,tea,sun tea,,is_a,google/gemma-4-31b-it,"Sun tea is a specific type of tea prepared by steeping tea leaves in cold water exposed to sunlight, meaning every instance of sun tea is also an instance of tea."
SemEvalFood_SUB,gt,tea,oolong,,is_a,google/gemma-4-31b-it,"Oolong is a specific variety of tea, meaning every instance of oolong is necessarily an instance of tea."
SemEvalFood_SUB,gt,dainty,sweet,,attribute_of,google/gemma-4-31b-it,"In this context, 'dainty' refers to a small, delicate food item (like a candy), and 'sweet' describes the taste or quality of such items, making it a property rather than a category of food."
SemEvalFood_SUB,gt,fare,diet,,is_a,google/gemma-4-31b-it,"In the context of food and dining, 'fare' is a general term for a range of food provided, and a 'diet' (as in a specific regime or type of food eaten) is a specific kind of fare."
SemEvalFood_SUB,gt,fare,chow,,synonym,google/gemma-4-31b-it,"In this context, 'chow' and 'fare' are both informal or formal terms for food, denoting the same general concept."
SemEvalFood_SUB,gt,bread,flatbread,,is_a,google/gemma-4-31b-it,Every instance of a flatbread is by definition a type of bread.
SemEvalFood_SUB,gt,bread,white bread,,is_a,google/gemma-4-31b-it,Every instance of white bread is by definition a type of bread.
SemEvalFood_SUB,gt,bread,bap,,is_a,google/gemma-4-31b-it,"A bap is a specific type of bread roll, meaning every instance of a bap is also an instance of bread."
SemEvalFood_SUB,gt,meal,tea,,part_of,google/gemma-4-31b-it,"Tea is a beverage that is typically consumed as part of a meal, but it is not a type of meal itself."
SemEvalFood_SUB,gt,flavorer,garlic,,is_a,google/gemma-4-31b-it,Garlic is a type of flavorer because it is a substance used specifically to impart flavor to food.
SemEvalFood_SUB,gt,flavorer,herb,,is_a,google/gemma-4-31b-it,"An herb is a type of substance used to flavor food, meaning every herb is a flavorer."
SemEvalFood_SUB,gt,flavorer,fennel seed,,is_a,google/gemma-4-31b-it,"A fennel seed is a type of flavorer (a substance used to add flavor to food), meaning every instance of a fennel seed used in this context is an instance of a flavorer."
SemEvalFood_SUB,gt,flavorer,caraway seed,,is_a,google/gemma-4-31b-it,"A caraway seed is a type of flavorer (a substance used to add flavor), meaning every instance of a caraway seed functions as a flavorer."
SemEvalFood_SUB,gt,flavorer,condiment,,is_a,google/gemma-4-31b-it,"A condiment is a specific type of flavorer used to enhance the taste of food, meaning every condiment is by definition a flavorer."
SemEvalFood_SUB,gt,condiment,taco sauce,,is_a,google/gemma-4-31b-it,"Taco sauce is a specific type of condiment, meaning every instance of taco sauce is also an instance of a condiment."
SemEvalFood_SUB,gt,condiment,spread,,is_a,google/gemma-4-31b-it,"A spread is a specific type of condiment used to enhance the flavor of food, meaning every spread is a condiment."
SemEvalFood_SUB,gt,condiment,relish,,is_a,google/gemma-4-31b-it,A relish is a specific type of condiment used to add flavor to food.
SemEvalFood_SUB,gt,condiment,steak sauce,,is_a,google/gemma-4-31b-it,"Every steak sauce is a type of condiment, as it is a substance added to food to enhance its flavor."
SemEvalFood_SUB,gt,condiment,sauce,,is_a,google/gemma-4-31b-it,Every sauce is a type of condiment used to enhance the flavor of food.
SemEvalFood_SUB,gt,french bread,baguet,,is_a,google/gemma-4-31b-it,"A baguette is a specific type of French bread, meaning every baguette is necessarily a French bread."
SemEvalFood_SUB,gt,flatbread,flatbrod,,is_a,google/gemma-4-31b-it,"'Flatbrod' is a specific Norwegian variety of flatbread, meaning every instance of flatbrod is necessarily an instance of flatbread."
SemEvalFood_SUB,gt,flatbread,bannock,,is_a,google/gemma-4-31b-it,"Bannock is a specific type of flatbread, meaning every instance of bannock is necessarily an instance of flatbread."
SemEvalFood_SUB,gt,relish,pickle relish,,is_a,google/gemma-4-31b-it,"Every instance of pickle relish is, by definition, a type of relish."
SemEvalFood_SUB,gt,vitamin,water soluble vitamin,,is_a,google/gemma-4-31b-it,"Every water soluble vitamin is, by definition, a type of vitamin."
SemEvalFood_SUB,gt,dish,succotash,,is_a,google/gemma-4-31b-it,"Succotash is a specific type of dish, meaning every instance of succotash is necessarily an instance of a dish."
SemEvalFood_SUB,gt,dish,tamale pie,,is_a,google/gemma-4-31b-it,"A tamale pie is a specific type of dish, meaning every instance of a tamale pie is necessarily an instance of a dish."
SemEvalFood_SUB,gt,dish,soup,,is_a,google/gemma-4-31b-it,Every instance of soup is a type of dish.
SemEvalFood_SUB,gt,dish,meatball,,is_a,google/gemma-4-31b-it,"A meatball is a specific type of dish, meaning every instance of a meatball is also an instance of a dish."
SemEvalFood_SUB,gt,dish,scampi,,is_a,google/gemma-4-31b-it,"Scampi is a specific type of prepared culinary dish, meaning every instance of scampi is also an instance of a dish."
SemEvalFood_SUB,gt,dish,moo goo gai pan,,is_a,google/gemma-4-31b-it,"Moo goo gai pan is a specific type of dish, meaning every instance of moo goo gai pan is necessarily an instance of a dish."
SemEvalFood_SUB,gt,water soluble vitamin,b complex vitamin,,is_a,google/gemma-4-31b-it,"The 'b complex vitamin' is a group of vitamins that are all categorized as water-soluble vitamins, meaning every instance of a B complex vitamin is a water-soluble vitamin."
SemEvalFood_SUB,gt,feed,fodder,,is_a,google/gemma-4-31b-it,"Fodder is a specific type of animal feed, meaning every instance of fodder is necessarily an instance of feed."
SemEvalFood_SUB,gt,fodder,eatage,,synonym,google/gemma-4-31b-it,"'Eatage' is an archaic or dialectal term for food or fodder, and since both terms refer to the same concept of animal feed, they are interchangeable."
SemEvalFood_SUB,gt,fodder,alfalfa,,is_a,google/gemma-4-31b-it,"Alfalfa is a specific type of plant used as fodder, meaning every instance of alfalfa used in this context is a kind of fodder."
SemEvalFood_SUB,gt,apple jelly,crabapple jelly,,is_a,google/gemma-4-31b-it,"Crabapple jelly is a specific type of apple jelly, as crabapples are a variety of apple used to make this kind of preserve."
SemEvalFood_SUB,gt,conserve,jelly,,is_a,google/gemma-4-31b-it,"A jelly is a specific type of fruit preserve or conserve, meaning every instance of jelly is also an instance of a conserve."
SemEvalFood_SUB,gt,drinking water,sugar water,,made_of,google/gemma-4-31b-it,"Sugar water is not a type of drinking water, but rather a mixture where drinking water serves as a primary ingredient."
SemEvalFood_SUB,gt,drinking water,soda water,,is_a,google/gemma-4-31b-it,"Soda water is a specific type of drinking water, meaning every instance of soda water is also an instance of drinking water."
SemEvalFood_SUB,gt,liquor,gin,,is_a,google/gemma-4-31b-it,"Gin is a specific type of liquor, meaning every instance of gin is necessarily an instance of liquor."
SemEvalFood_SUB,gt,course,entree,,is_a,google/gemma-4-31b-it,"An entree is a specific type of course in a meal, meaning every instance of an entree is necessarily an instance of a course."
SemEvalFood_SUB,gt,course,appetizer,,is_a,google/gemma-4-31b-it,"An appetizer is a specific type of course in a meal, meaning every appetizer is by definition a course."
SemEvalFood_SUB,gt,course,dessert,,is_a,google/gemma-4-31b-it,"A dessert is a specific type of course in a meal, meaning every instance of a dessert is also an instance of a course."
SemEvalFood_SUB,gt,starches,potato,,made_of,google/gemma-4-31b-it,"A potato is not a type of starch, but rather a vegetable that is rich in starch (and the other items listed under 'starches', like bread, are also foods made from starchy ingredients)."
SemEvalFood_SUB,gt,starches,bread,,made_of,google/gemma-4-31b-it,"Bread is not a type of starch (a carbohydrate molecule), but is rather a food product made from ingredients that contain starch."
SemEvalFood_SUB,gt,candy,hard candy,,is_a,google/gemma-4-31b-it,Every instance of hard candy is by definition a type of candy.
SemEvalFood_SUB,gt,foodstuff,meal,,made_of,google/gemma-4-31b-it,"A meal is not a type of foodstuff (which refers to raw materials or ingredients like buckwheat or caraway seed), but rather is composed of various foodstuffs."
SemEvalFood_SUB,gt,foodstuff,grain,,is_a,google/gemma-4-31b-it,"Every grain is a type of foodstuff, as grains are a category of raw materials used for food."
SemEvalFood_SUB,gt,foodstuff,starches,,is_a,google/gemma-4-31b-it,"The provided examples (baguette, blue cheese dressing, camomile tea) indicate that 'foodstuff' is being used as a general category for food items, and since starches are a type of food item, the relation is a proper subsumption."
SemEvalFood_SUB,gt,foodstuff,dairy product,,is_a,google/gemma-4-31b-it,"Every dairy product is a type of foodstuff, as foodstuff is a general category for any substance used as food."
SemEvalFood_SUB,gt,foodstuff,curd,,is_a,google/gemma-4-31b-it,"Curd is a type of foodstuff, as every instance of curd is by definition a kind of foodstuff."
SemEvalFood_SUB,gt,foodstuff,ingredient,,attribute_of,google/gemma-4-31b-it,"An ingredient is a specific role that a foodstuff plays within a recipe, rather than a taxonomic subclass of foodstuff itself."
SemEvalFood_SUB,gt,confiture,conserve,,is_a,google/gemma-4-31b-it,"In culinary terminology, a conserve is a specific type of fruit preserve (confiture) that typically contains pieces of fruit or nuts, making it a sub-category of the broader term."
SemEvalFood_SUB,gt,soup,gazpacho,,is_a,google/gemma-4-31b-it,"Gazpacho is a specific type of soup (specifically a cold soup), meaning every instance of gazpacho is necessarily an instance of soup."
SemEvalFood_SUB,gt,soup,broth,,is_a,google/gemma-4-31b-it,"A broth is a specific type of soup characterized by being a clear liquid made by simmering meat, fish, or vegetables."
SemEvalFood_SUB,gt,dessert,tiramisu,,is_a,google/gemma-4-31b-it,Every instance of tiramisu is by definition a type of dessert.
SemEvalFood_SUB,gt,cocktail,gin and it,,is_a,google/gemma-4-31b-it,"A 'gin and it' is a specific type of cocktail, meaning every instance of a 'gin and it' is necessarily an instance of a 'cocktail'."
SemEvalFood_SUB,gt,cocktail,bullshot,,is_a,google/gemma-4-31b-it,"A bullshot is a specific type of cocktail made with beef bouillon and vodka, meaning every bullshot is a cocktail."
SemEvalFood_SUB,gt,nutriment,vitamin,,is_a,google/gemma-4-31b-it,"A vitamin is a specific type of nutriment (a substance that provides nourishment), meaning every vitamin is by definition a nutriment."
SemEvalFood_SUB,gt,nutriment,course,,part_of,google/gemma-4-31b-it,"A 'course' (as in a meal course) is a structural part or a stage of a meal consisting of nutriment, rather than a type of nutriment itself."
SemEvalFood_SUB,gt,nutriment,dish,,is_a,google/gemma-4-31b-it,"A dish is a specific kind of nutriment (anything that provides nourishment), meaning every instance of a dish is also an instance of a nutriment."
SemEvalFood_SUB,gt,nutriment,dainty,,is_a,google/gemma-4-31b-it,"A 'dainty' (defined as a small, delicate piece of food) is a specific kind of 'nutriment' (anything that provides nourishment)."
SemEvalFood_SUB,gt,nutriment,meal,,is_a,google/gemma-4-31b-it,"A meal is a specific occasion or collection of food items consumed at once, whereas nutriment refers to any substance that provides nourishment; therefore, every meal is a form of nutriment."
SemEvalFood_SUB,gt,tisane,camomile tea,,is_a,google/gemma-4-31b-it,"Camomile tea is a specific type of tisane (herbal infusion), meaning every instance of camomile tea is necessarily an instance of a tisane."
SemEvalFood_SUB,gt,crudites,celery stick,,is_a,google/gemma-4-31b-it,"A celery stick is a specific type of crudité (raw vegetable served as an appetizer), meaning every celery stick served in this context is a member of the crudités category."
SemEvalFood_SUB,gt,white bread,french bread,,is_a,google/gemma-4-31b-it,Every instance of french bread is a specific type of white bread.
SemEvalFood_SUB,gt,mayonnaise,green mayonnaise,,is_a,google/gemma-4-31b-it,"Every instance of green mayonnaise is, by definition, a type of mayonnaise."
SemEvalFood_SUB,gt,diet,diabetic diet,,is_a,google/gemma-4-31b-it,"A diabetic diet is a specific type of diet tailored for people with diabetes, meaning every instance of a diabetic diet is necessarily an instance of a diet."
SemEvalFood_SUB,gt,b complex vitamin,niacin,,is_a,google/gemma-4-31b-it,"Niacin is a specific type of B complex vitamin, meaning every instance of niacin is necessarily an instance of a B complex vitamin."
SemEvalFood_SUB,gt,b complex vitamin,vitamin b2,,is_a,google/gemma-4-31b-it,"Vitamin B2 (riboflavin) is a specific type of B complex vitamin, meaning every instance of vitamin B2 is necessarily an instance of the B complex vitamin group."
SemEvalFood_SUB,gt,b complex vitamin,pantothenic acid,,is_a,google/gemma-4-31b-it,"Pantothenic acid (Vitamin B5) is a specific type of B complex vitamin, meaning every instance of pantothenic acid is necessarily an instance of a B complex vitamin."
SemEvalFood_SUB,gt,food,feed,,is_a,google/gemma-4-31b-it,"Feed is a specific category of food intended for animals, meaning every instance of feed is also an instance of food."
SemEvalFood_SUB,gt,food,fare,,synonym,google/gemma-4-31b-it,"In this context, 'fare' is a synonym for 'food' (specifically referring to a range of food of a particular type), and the other children listed under 'food' are specific types of food."
SemEvalFood_SUB,gt,food,foodstuff,,synonym,google/gemma-4-31b-it,'Foodstuff' and 'food' are used interchangeably to refer to any substance that can be used as food.
SemEvalFood_SUB,gt,food,water,,is_a,google/gemma-4-31b-it,"Water is a type of sustenance or nourishment, and in many taxonomic contexts (including dietary and nutritional classifications), it is categorized as a kind of food."
SemEvalFood_SUB,gt,food,nutriment,,synonym,google/gemma-4-31b-it,"Nutriment refers to any substance that provides nourishment, and food is the primary source of such substances, making every nutriment a type of food (or vice versa, as they are often used interchangeably in a taxonomic sense to describe nourishing substances)."
SemEvalFood_SUB,gt,broth,liquor,,synonym,google/gemma-4-31b-it,"In this culinary context, 'liquor' refers to the liquid cooking medium (like a stock or broth) rather than alcoholic spirits, making it a synonym for 'broth'."
SemEvalFood_SUB,gt,water,drinking water,,is_a,google/gemma-4-31b-it,"Drinking water is a specific type of water that is safe for human consumption, meaning every instance of drinking water is necessarily an instance of water."
SemEvalFood_SUB,gt,herb tea,tisane,,synonym,google/gemma-4-31b-it,"In common usage and botanical terminology, 'tisane' and 'herb tea' both refer to an infusion made from plants other than the tea plant (*Camellia sinensis*), making them interchangeable terms for the same concept."
SemEvalFood_SUB,pred,dainty,candy,0,is_a,google/gemma-4-31b-it,"A 'dainty' is defined as a small, delicate, or choice piece of food, and since candy fits this description, every instance of candy is a kind of dainty."
SemEvalFood_SUB,pred,relish,pickle relish,0,is_a,google/gemma-4-31b-it,Every instance of pickle relish is by definition a type of relish.
SemEvalFood_SUB,pred,conserve,crabapple jelly,0,is_a,google/gemma-4-31b-it,"A crabapple jelly is a specific type of conserve (a jam-like preserve of fruit), meaning every instance of the former is an instance of the latter."
SemEvalFood_SUB,pred,fodder,alfalfa,0,is_a,google/gemma-4-31b-it,"Alfalfa is a specific type of plant used as fodder, meaning every instance of alfalfa used in this context is a kind of fodder."
SemEvalFood_SUB,pred,course,"dessert (dessert, sweet)",0,is_a,google/gemma-4-31b-it,"A dessert is a specific type of course in a meal, meaning every instance of a dessert is also an instance of a course."
SemEvalFood_SUB,pred,"chow (chow, dish, eatage, feed, food, foodstuff, ingredient, meal, nutriment)",curd,0,is_a,google/gemma-4-31b-it,"'Chow' is a colloquial or general term for food, and since 'curd' is a type of food, it is a specific instance of the broader category."
SemEvalFood_SUB,pred,"chow (chow, dish, eatage, feed, food, foodstuff, ingredient, meal, nutriment)",blue cheese dressing,0,is_a,google/gemma-4-31b-it,"'Chow' is a colloquial or broad term for food, and since blue cheese dressing is a type of food, it is a proper subsumption."
SemEvalFood_SUB,pred,fare,groats,1,is_a,google/gemma-4-31b-it,"'Fare' is a general term for food or a range of food provided, and since 'groats' are a type of food, every instance of groats is a type of fare."
SemEvalFood_SUB,pred,"dessert (dessert, sweet)",sugar water,1,other_related,google/gemma-4-31b-it,"Sugar water is a liquid mixture that may be used as an ingredient or a simple sweet treat, but it is not a type of dessert in the way that cake or jelly is."
SemEvalFood_SUB,pred,spread,mayonnaise,1,is_a,google/gemma-4-31b-it,"Mayonnaise is a type of spread, as it is a food product specifically used for spreading on bread or other surfaces."
SemEvalFood_SUB,pred,water soluble vitamin,vitamin b2,0,is_a,google/gemma-4-31b-it,"Vitamin B2 (riboflavin) is a specific type of water-soluble vitamin, meaning every instance of vitamin B2 is necessarily an instance of a water-soluble vitamin."
SemEvalFood_SUB,pred,fare,hard candy,1,is_a,google/gemma-4-31b-it,"'Fare' is a formal or literary synonym for food, and since hard candy is a type of food, it is also a type of fare."
SemEvalFood_SUB,pred,grain,buckwheat,0,is_a,google/gemma-4-31b-it,"Buckwheat is a specific type of grain (specifically a pseudocereal), meaning every instance of buckwheat is also an instance of a grain."
SemEvalFood_SUB,pred,dainty,tiramisu,1,is_a,google/gemma-4-31b-it,"A 'dainty' is a small, delicate food item or sweet, and since tiramisu is a type of dessert/sweet, it fits the definition of a dainty."
SemEvalFood_SUB,pred,"chow (chow, dish, eatage, feed, food, foodstuff, ingredient, meal, nutriment)",pantothenic acid,0,part_of,google/gemma-4-31b-it,"Pantothenic acid is a vitamin found within various foods, and while 'chow' is a general term for food, a specific vitamin is a component or ingredient of food rather than a type of food."
SemEvalFood_SUB,pred,"chow (chow, dish, eatage, feed, food, foodstuff, ingredient, meal, nutriment)","condiment (condiment, flavorer)",0,is_a,google/gemma-4-31b-it,"'Chow' is a colloquial synonym for 'food', and since every condiment is a type of food, the relation is a proper subsumption."
SemEvalFood_SUB,pred,"chow (chow, dish, eatage, feed, food, foodstuff, ingredient, meal, nutriment)",pickle relish,0,is_a,google/gemma-4-31b-it,"'Chow' is used here as a broad synonym for 'food', and since pickle relish is a type of food, it is a proper subsumption."
SemEvalFood_SUB,pred,"chow (chow, dish, eatage, feed, food, foodstuff, ingredient, meal, nutriment)",mayonnaise,0,is_a,google/gemma-4-31b-it,"'Chow' is used here as a synonym for 'food' or 'fare', and since mayonnaise is a type of food, it is a proper subsumption."
SemEvalFood_SUB,pred,spread,green mayonnaise,1,is_a,google/gemma-4-31b-it,"Green mayonnaise is a specific type of spread, as any instance of green mayonnaise functions as and fits the definition of a spread."
SemEvalFood_SUB,pred,fodder,corn,1,other_related,google/gemma-4-31b-it,"Corn is a type of grain that can be used as fodder, but not all corn is fodder (as it is also human food), and not all fodder is corn."
SemEvalFood_SUB,pred,"chow (chow, dish, eatage, feed, food, foodstuff, ingredient, meal, nutriment)",drinking water,0,is_a,google/gemma-4-31b-it,"'Chow' is a colloquial term for food or sustenance, and since drinking water is a type of sustenance/food in a broad nutritional sense, every instance of drinking water is a form of chow."
SemEvalFood_SUB,pred,fare,bread,1,is_a,google/gemma-4-31b-it,"'Fare' is a synonym for food or a range of food provided, and since bread is a type of food, it is a kind of fare."
SemEvalFood_SUB,pred,"dessert (dessert, sweet)",hard candy,0,other_related,google/gemma-4-31b-it,"While hard candy is often served as a dessert, it is a type of confectionery that can be eaten independently of a meal course, meaning not every instance of hard candy is a dessert."
SemEvalFood_SUB,pred,bread,french bread,0,is_a,google/gemma-4-31b-it,Every instance of french bread is by definition a type of bread.
SemEvalFood_SUB,pred,"chow (chow, dish, eatage, feed, food, foodstuff, ingredient, meal, nutriment)",sugar water,0,is_a,google/gemma-4-31b-it,"'Chow' is a colloquial term for food, and 'sugar water' is a type of food/drink, meaning every instance of sugar water is a form of chow."
SemEvalFood_SUB,pred,antipasto,gazpacho,1,other_related,google/gemma-4-31b-it,"Gazpacho is a type of soup that can be served as an antipasto (appetizer), but not every gazpacho is an antipasto, nor is every antipasto a gazpacho."
SemEvalFood_SUB,pred,"condiment (condiment, flavorer)",hard sauce,0,is_a,google/gemma-4-31b-it,"A hard sauce is a specific type of sauce used as a condiment, meaning every instance of a hard sauce is also an instance of a condiment."
SemEvalFood_SUB,pred,sauce,relish,1,is_a,google/gemma-4-31b-it,"A relish is a specific type of chunky condiment or sauce, meaning every relish is a sauce, but not every sauce is a relish."
SemEvalFood_SUB,pred,water,sugar water,0,made_of,google/gemma-4-31b-it,"Sugar water is not a type of water, but rather a mixture that uses water as a primary ingredient."
SemEvalFood_SUB,pred,"condiment (condiment, flavorer)",steak sauce,0,is_a,google/gemma-4-31b-it,"Steak sauce is a specific type of condiment, meaning every instance of steak sauce is necessarily an instance of a condiment."
SemEvalFood_SUB,pred,"chow (chow, dish, eatage, feed, food, foodstuff, ingredient, meal, nutriment)",mashed potato,0,is_a,google/gemma-4-31b-it,"'Chow' is a colloquial or general term for food, and since mashed potato is a type of food, it is a proper subsumption."
SemEvalFood_SUB,pred,fare,flatbrod,1,is_a,google/gemma-4-31b-it,"'Fare' is a general term for food or a range of food provided, and since 'flatbrod' is a type of food, every instance of flatbrod is a type of fare."
SemEvalFood_SUB,pred,confiture,jelly,0,is_a,google/gemma-4-31b-it,"In culinary terminology, 'confiture' is a broad category of fruit preserves, and 'jelly' is a specific type of preserve characterized by its clarity and firmness."
SemEvalFood_SUB,pred,crudites,celery stick,0,is_a,google/gemma-4-31b-it,"A celery stick is a specific type of crudité (raw vegetable served as an appetizer), meaning every celery stick used in this context is a member of the crudités category."
SemEvalFood_SUB,pred,spread,dressing,1,other_related,google/gemma-4-31b-it,"While some dressings may be used as spreads, a dressing is fundamentally a sauce for salads or meats, whereas a spread is specifically designed for application to bread or crackers; neither is a subset of the other."
SemEvalFood_SUB,pred,"chow (chow, dish, eatage, feed, food, foodstuff, ingredient, meal, nutriment)",bullshot,0,is_a,google/gemma-4-31b-it,"'Chow' is a slang or general term for food, and a 'bullshot' (a cocktail) is a type of food/drink item, making it a specific kind of chow."
SemEvalFood_SUB,pred,confiture,apple jelly,0,is_a,google/gemma-4-31b-it,"Apple jelly is a specific type of confiture (fruit preserve), meaning every instance of apple jelly is necessarily an instance of confiture."
SemEvalFood_SUB,pred,sauce,mayonnaise,0,is_a,google/gemma-4-31b-it,"Mayonnaise is a specific type of sauce, meaning every instance of mayonnaise is also an instance of a sauce."
SemEvalFood_SUB,pred,flatbread,flatbrod,0,is_a,google/gemma-4-31b-it,"'Flatbrod' is a specific Norwegian variety of flatbread, meaning every instance of flatbrod is necessarily an instance of flatbread."
SemEvalFood_SUB,pred,crudites,garlic,1,other_related,google/gemma-4-31b-it,"Garlic is an ingredient that can be served as part of a crudités platter, but it is not a type of crudité (which typically refers to raw vegetables served as an appetizer)."
SemEvalFood_SUB,pred,"chow (chow, dish, eatage, feed, food, foodstuff, ingredient, meal, nutriment)",starches,0,is_a,google/gemma-4-31b-it,"'Chow' is a colloquial synonym for 'food', and since starches are a type of food, every instance of a starch is an instance of chow."
SemEvalFood_SUB,pred,"chow (chow, dish, eatage, feed, food, foodstuff, ingredient, meal, nutriment)",bread,0,is_a,google/gemma-4-31b-it,"'Chow' is a colloquial or general term for food, and since bread is a type of food, it is a proper subsumption."
SemEvalFood_SUB,pred,fare,scampi,1,is_a,google/gemma-4-31b-it,"'Fare' is a formal or literary synonym for 'food', and since 'scampi' is a kind of food, it is also a kind of fare."
SemEvalFood_SUB,pred,fare,mayonnaise,1,is_a,google/gemma-4-31b-it,"'Fare' is a general term for food or a range of food provided, and since mayonnaise is a type of food, it is a specific kind of fare."
SemEvalFood_SUB,pred,soup,broth,0,is_a,google/gemma-4-31b-it,"A broth is a specific type of soup characterized by its clear liquid base, meaning every broth is a soup."
SemEvalFood_SUB,pred,spread,sauce,1,other_related,google/gemma-4-31b-it,"While some sauces can be used as spreads, not every sauce is a spread (e.g., a thin soy sauce or a pasta sauce), and not every spread is a sauce, making them sibling categories under 'condiment' rather than having a subsumption relationship."
SemEvalFood_SUB,pred,fare,mashed potato,1,is_a,google/gemma-4-31b-it,"'Fare' is a synonym for food or a range of food provided, and since mashed potato is a type of food, it is a proper subsumption."
SemEvalFood_SUB,pred,"chow (chow, dish, eatage, feed, food, foodstuff, ingredient, meal, nutriment)",moo goo gai pan,0,is_a,google/gemma-4-31b-it,"'Chow' is a slang or informal synonym for 'food', and since 'moo goo gai pan' is a type of food, it is also a type of 'chow'."
SemEvalFood_SUB,pred,"condiment (condiment, flavorer)",fennel seed,0,is_a,google/gemma-4-31b-it,"Fennel seed is a type of seed used as a condiment, meaning every instance of fennel seed used in this context is a kind of condiment."
SemEvalFood_SUB,pred,soup,gazpacho,0,is_a,google/gemma-4-31b-it,"Gazpacho is a specific type of soup, meaning every instance of gazpacho is necessarily an instance of soup."
SemEvalFood_SUB,pred,"chow (chow, dish, eatage, feed, food, foodstuff, ingredient, meal, nutriment)",bap,0,is_a,google/gemma-4-31b-it,A 'bap' (a type of bread roll) is a specific kind of 'chow' (a slang or general term for food).
SemEvalFood_SUB,pred,"chow (chow, dish, eatage, feed, food, foodstuff, ingredient, meal, nutriment)",broth,0,is_a,google/gemma-4-31b-it,"'Chow' is used as a broad, informal synonym for food or fare, and since broth is a type of food, it is a specific kind of 'chow'."
SemEvalFood_SUB,pred,tea,"herb tea (herb tea, tisane)",0,is_a,google/gemma-4-31b-it,"In common usage and culinary taxonomy, an herbal tea (tisane) is considered a type of tea, as every instance of herb tea is categorized as a tea."
SemEvalFood_SUB,pred,fare,moo goo gai pan,1,is_a,google/gemma-4-31b-it,"'Fare' is a formal or archaic synonym for food or a range of food, and since 'moo goo gai pan' is a type of food, it is also a type of fare."
SemEvalFood_SUB,pred,"condiment (condiment, flavorer)",herb,0,other_related,google/gemma-4-31b-it,"While herbs are often used as condiments, not every herb is a condiment (e.g., medicinal herbs or herbs used as primary vegetables), and not every condiment is an herb (e.g., mayonnaise), making this a relationship of overlap or usage rather than strict subsumption."
SemEvalFood_SUB,pred,sauce,taco sauce,1,is_a,google/gemma-4-31b-it,"Taco sauce is a specific type of sauce, meaning every instance of taco sauce is necessarily an instance of sauce."
SemEvalFood_SUB,pred,bread,flatbrod,0,is_a,google/gemma-4-31b-it,"'Flatbrod' is a variant spelling or specific term for flatbread, which is a type of bread."
SemEvalFood_SUB,pred,fare,french bread,1,is_a,google/gemma-4-31b-it,"'Fare' is a synonym or broad term for food/diet, and since french bread is a type of food, it is a specific kind of fare."
SemEvalFood_SUB,pred,fodder,potato,1,other_related,google/gemma-4-31b-it,"While potatoes can be used as animal feed, not every potato is fodder, and fodder is a functional category of feed rather than a taxonomic class that encompasses all potatoes."
SemEvalFood_SUB,pred,"chow (chow, dish, eatage, feed, food, foodstuff, ingredient, meal, nutriment)",succotash,0,is_a,google/gemma-4-31b-it,"'Chow' is a slang or informal synonym for 'food', and since 'succotash' is a kind of food, it is also a kind of 'chow'."
SemEvalFood_SUB,pred,"chow (chow, dish, eatage, feed, food, foodstuff, ingredient, meal, nutriment)",crudites,0,is_a,google/gemma-4-31b-it,"'Chow' is a slang or general term for food, and 'crudites' (raw vegetables) are a specific type of food."
SemEvalFood_SUB,pred,"chow (chow, dish, eatage, feed, food, foodstuff, ingredient, meal, nutriment)","dessert (dessert, sweet)",0,is_a,google/gemma-4-31b-it,"'Chow' is a slang or informal term for food in general, and since every dessert is a type of food, the relation is a proper subsumption."
SemEvalFood_SUB,pred,"chow (chow, dish, eatage, feed, food, foodstuff, ingredient, meal, nutriment)",apple jelly,0,is_a,google/gemma-4-31b-it,"'Chow' is a slang or general term for food, and since apple jelly is a type of food, every instance of apple jelly is also an instance of chow."
SemEvalFood_SUB,pred,sauce,steak sauce,1,is_a,google/gemma-4-31b-it,"Every steak sauce is, by definition, a type of sauce."
SemEvalFood_SUB,pred,spread,crabapple jelly,1,is_a,google/gemma-4-31b-it,"Crabapple jelly is a specific type of spread, as every instance of crabapple jelly fits the definition of a spread."
SemEvalFood_SUB,pred,corn,popcorn,0,is_a,google/gemma-4-31b-it,"Popcorn is a specific variety or type of corn, meaning every instance of popcorn is necessarily an instance of corn."
SemEvalFood_SUB,pred,fare,ravigote,1,is_a,google/gemma-4-31b-it,"'Ravigote' is a specific type of sauce, and 'fare' is a general term for food or a range of food, meaning every instance of ravigote is a type of fare."
SemEvalFood_SUB,pred,fare,baguet,1,is_a,google/gemma-4-31b-it,"'Fare' is a general term for food or a range of food provided, and since a 'baguet' (baguette) is a type of food, it is a specific instance of fare."
SemEvalFood_SUB,pred,fare,crabapple jelly,1,is_a,google/gemma-4-31b-it,"'Fare' is a synonym or broad term for 'food', and since 'crabapple jelly' is a type of food, it is also a type of fare."
SemEvalFood_SUB,pred,"chow (chow, dish, eatage, feed, food, foodstuff, ingredient, meal, nutriment)",garlic,0,is_a,google/gemma-4-31b-it,"'Chow' is a colloquial synonym for food, and since garlic is a type of food, it is a proper subsumption."
SemEvalFood_SUB,pred,"condiment (condiment, flavorer)",confiture,1,other_related,google/gemma-4-31b-it,"While jam (confiture) is a food product often used to add flavor, it is typically categorized as a preserve or a sweet spread rather than a condiment, which generally refers to savory seasonings or sauces used to enhance other foods."
SemEvalFood_SUB,pred,potato,mashed potato,0,made_of,google/gemma-4-31b-it,"Mashed potato is not a type of potato (the tuber), but rather a food product created by processing potatoes as the primary ingredient."
SemEvalFood_SUB,pred,"chow (chow, dish, eatage, feed, food, foodstuff, ingredient, meal, nutriment)",entree,0,is_a,google/gemma-4-31b-it,"'Chow' is a slang or general term for food, and an 'entree' is a specific type of food, meaning every entree is a form of chow."
SemEvalFood_SUB,pred,course,gazpacho,1,other_related,google/gemma-4-31b-it,"Gazpacho is a specific type of dish that can be served as a course, but it is not a kind of course itself (a course is a slot in a meal sequence, whereas gazpacho is a food item)."
SemEvalFood_SUB,pred,fodder,buckwheat,1,other_related,google/gemma-4-31b-it,"Buckwheat is a type of grain that can be used as fodder, but not all buckwheat is fodder, nor is fodder defined as being buckwheat."
SemEvalFood_SUB,pred,mayonnaise,green mayonnaise,0,is_a,google/gemma-4-31b-it,"Green mayonnaise is a specific type of mayonnaise, meaning every instance of green mayonnaise is necessarily an instance of mayonnaise."
SemEvalFood_SUB,pred,tea,sun tea,0,is_a,google/gemma-4-31b-it,"Sun tea is a specific type of tea defined by its brewing method, meaning every instance of sun tea is necessarily an instance of tea."
SemEvalFood_SUB,pred,appetizer,antipasto,0,is_a,google/gemma-4-31b-it,"An antipasto is a specific type of appetizer, meaning every instance of an antipasto is necessarily an instance of an appetizer."
SemEvalFood_SUB,pred,course,appetizer,0,is_a,google/gemma-4-31b-it,"An appetizer is a specific type of course in a meal, meaning every appetizer is by definition a course."
SemEvalFood_SUB,pred,"condiment (condiment, flavorer)",jelly,1,other_related,google/gemma-4-31b-it,"While jelly can be used as a condiment, not all jellies are condiments (e.g., dessert jellies), and not all condiments are jellies, making it a functional use rather than a strict taxonomic subsumption."
SemEvalFood_SUB,pred,fare,sugar water,1,is_a,google/gemma-4-31b-it,"'Fare' is a general term for food or a range of food provided, and 'sugar water' is a specific type of food/drink."
SemEvalFood_SUB,pred,"chow (chow, dish, eatage, feed, food, foodstuff, ingredient, meal, nutriment)",camomile tea,0,is_a,google/gemma-4-31b-it,"'Chow' is a slang or general term for food, and since camomile tea is a type of food/drink, it is a specific instance of the broader category of food."
SemEvalFood_SUB,pred,grain,popcorn,0,is_a,google/gemma-4-31b-it,"Popcorn is a specific type of grain (specifically a variety of corn), meaning every instance of popcorn is also an instance of a grain."
SemEvalFood_SUB,pred,"chow (chow, dish, eatage, feed, food, foodstuff, ingredient, meal, nutriment)",gin,0,is_a,google/gemma-4-31b-it,"'Chow' is a colloquial term for food, and 'gin' (in the context of the other provided parents like 'broth' and 'soup') refers to a type of food or drink, making gin a kind of chow."
SemEvalFood_SUB,pred,"dessert (dessert, sweet)",crabapple jelly,0,is_a,google/gemma-4-31b-it,"Crabapple jelly is a specific type of food that is categorized as a dessert, meaning every instance of crabapple jelly is also an instance of a dessert."
SemEvalFood_SUB,pred,"chow (chow, dish, eatage, feed, food, foodstuff, ingredient, meal, nutriment)",home fries,0,is_a,google/gemma-4-31b-it,"'Chow' is used here as a general synonym for food or fare, and since home fries are a type of food, the subsumption holds."
SemEvalFood_SUB,pred,"chow (chow, dish, eatage, feed, food, foodstuff, ingredient, meal, nutriment)",hard sauce,0,is_a,google/gemma-4-31b-it,"'Chow' is a colloquial synonym for 'food', and since 'hard sauce' is a type of food, it is a kind of 'chow'."
SemEvalFood_SUB,pred,spread,apple jelly,1,is_a,google/gemma-4-31b-it,"Apple jelly is a specific type of spread, as every instance of apple jelly functions as a spread."
SemEvalFood_SUB,pred,"chow (chow, dish, eatage, feed, food, foodstuff, ingredient, meal, nutriment)",dainty,0,synonym,google/gemma-4-31b-it,"Both 'dainty' and 'chow' are informal synonyms for food, as evidenced by their shared parents ('food', 'nutriment') and their usage as general terms for sustenance."
SemEvalFood_SUB,pred,"chow (chow, dish, eatage, feed, food, foodstuff, ingredient, meal, nutriment)",antipasto,0,is_a,google/gemma-4-31b-it,"'Chow' is a slang or general term for food, and since an 'antipasto' is a type of food, it is a specific kind of 'chow'."
SemEvalFood_SUB,pred,starches,white bread,0,made_of,google/gemma-4-31b-it,"White bread is not a type of starch, but is rather composed of starches as a primary ingredient."
SemEvalFood_SUB,pred,"chow (chow, dish, eatage, feed, food, foodstuff, ingredient, meal, nutriment)",porcupine ball,0,is_a,google/gemma-4-31b-it,"'Chow' is a colloquial term for food, and a 'porcupine ball' (a type of meatball) is a kind of food."
SemEvalFood_SUB,pred,fare,bannock,1,is_a,google/gemma-4-31b-it,"'Fare' is a general term for a range of food or a particular type of diet, and since bannock is a type of food, it is a specific instance of fare."
SemEvalFood_SUB,pred,"chow (chow, dish, eatage, feed, food, foodstuff, ingredient, meal, nutriment)",scampi,0,is_a,google/gemma-4-31b-it,"'Chow' is a slang or general term for food, and 'scampi' is a specific type of food/dish, meaning every instance of scampi is a type of chow."
SemEvalFood_SUB,pred,"chow (chow, dish, eatage, feed, food, foodstuff, ingredient, meal, nutriment)",hard candy,0,is_a,google/gemma-4-31b-it,"'Chow' is a colloquial or general term for food, and since hard candy is a type of food, every instance of hard candy is also an instance of chow."
SemEvalFood_SUB,pred,sauce,hard sauce,0,is_a,google/gemma-4-31b-it,"A hard sauce is a specific type of sauce (typically a thickened sauce made with butter and sugar), meaning every instance of a hard sauce is necessarily an instance of a sauce."
SemEvalFood_SUB,pred,potato,home fries,0,made_of,google/gemma-4-31b-it,"Home fries are not a type of potato (the plant or the tuber), but are rather a food product made from potatoes as the primary ingredient."
SemEvalFood_SUB,pred,sauce,ravigote,0,is_a,google/gemma-4-31b-it,"A ravigote is a specific type of sauce, meaning every instance of ravigote is necessarily an instance of a sauce."
SemEvalFood_SUB,pred,dressing,mayonnaise,0,is_a,google/gemma-4-31b-it,"Mayonnaise is a specific type of dressing (or can be used as one), meaning every instance of mayonnaise is a type of dressing."
SemEvalFood_SUB,pred,"condiment (condiment, flavorer)",sauce,0,is_a,google/gemma-4-31b-it,Every sauce is a type of condiment used to enhance the flavor of food.
SemEvalFood_SUB,pred,sauce,green mayonnaise,0,is_a,google/gemma-4-31b-it,"Green mayonnaise is a specific type of sauce, meaning every instance of green mayonnaise is necessarily an instance of a sauce."
SemEvalFood_SUB,pred,vitamin,niacin,0,is_a,google/gemma-4-31b-it,"Niacin is a specific type of vitamin, meaning every instance of niacin is necessarily an instance of a vitamin."
SemEvalFood_SUB,pred,"chow (chow, dish, eatage, feed, food, foodstuff, ingredient, meal, nutriment)",grain,0,is_a,google/gemma-4-31b-it,"'Chow' is a colloquial or general term for food, and since every grain is a type of food, the relation is a proper subsumption."
SemEvalFood_SUB,pred,"condiment (condiment, flavorer)",nut butter,0,is_a,google/gemma-4-31b-it,"Nut butter is a type of spread used to enhance flavor or accompany food, which fits the definition of a condiment."
SemEvalFood_SUB,pred,"condiment (condiment, flavorer)",mayonnaise,0,is_a,google/gemma-4-31b-it,"Mayonnaise is a specific type of condiment, meaning every instance of mayonnaise is also an instance of a condiment."
SemEvalFood_SUB,pred,"chow (chow, dish, eatage, feed, food, foodstuff, ingredient, meal, nutriment)",water soluble vitamin,0,part_of,google/gemma-4-31b-it,"A water soluble vitamin is a nutrient found within food (chow), but it is not a type of food itself."
SemEvalFood_SUB,pred,"chow (chow, dish, eatage, feed, food, foodstuff, ingredient, meal, nutriment)",flatbread,0,is_a,google/gemma-4-31b-it,"'Chow' is a colloquial or general term for food, and since every flatbread is a type of food, the relation is a proper subsumption."
SemEvalFood_SUB,pred,sauce,dressing,0,is_a,google/gemma-4-31b-it,"A dressing is a specific type of sauce used to flavor salads or other foods, meaning every dressing is a sauce."
SemEvalFood_SUB,pred,liquor,cocktail,1,made_of,google/gemma-4-31b-it,"A cocktail is not a type of liquor, but rather a drink made using liquor as a primary ingredient."
SemEvalFood_SUB,pred,dairy product,blue cheese dressing,1,made_of,google/gemma-4-31b-it,"Blue cheese dressing is not a type of dairy product, but rather a condiment that contains dairy products as an ingredient."
SemEvalFood_SUB,pred,fodder,groats,1,other_related,google/gemma-4-31b-it,"Groats are a type of processed grain that can be used as fodder, but not all fodder consists of groats, and groats are primarily categorized as human food or grain."
SemEvalFood_SUB,pred,"chow (chow, dish, eatage, feed, food, foodstuff, ingredient, meal, nutriment)",potato,0,is_a,google/gemma-4-31b-it,"'Chow' is a colloquial or general term for food, and since a potato is a type of food, it is a proper subsumption."
SemEvalFood_SUB,pred,"chow (chow, dish, eatage, feed, food, foodstuff, ingredient, meal, nutriment)",tea,0,is_a,google/gemma-4-31b-it,"'Chow' is a slang or informal term for food, and since tea is a type of food/drink, every instance of tea is an instance of chow."
SemEvalFood_SUB,pred,spread,confiture,1,is_a,google/gemma-4-31b-it,"A 'confiture' (jam/preserve) is a specific type of 'spread', as every instance of confiture is by definition a spread."
SemEvalFood_SUB,pred,apple jelly,crabapple jelly,0,is_a,google/gemma-4-31b-it,"Crabapple jelly is a specific type of apple jelly, as crabapples are a variety of apple used to make this kind of preserve."
SemEvalFood_SUB,pred,"chow (chow, dish, eatage, feed, food, foodstuff, ingredient, meal, nutriment)",flatbrod,0,is_a,google/gemma-4-31b-it,"'Chow' is a colloquial or general term for food, and since 'flatbrod' (flatbread) is a type of food, it is a proper subsumption."
SemEvalFood_SUB,pred,"chow (chow, dish, eatage, feed, food, foodstuff, ingredient, meal, nutriment)",vitamin b2,0,part_of,google/gemma-4-31b-it,"Vitamin B2 is a nutrient found within food (chow), but it is not a type of food itself."
SemEvalFood_SUB,pred,"chow (chow, dish, eatage, feed, food, foodstuff, ingredient, meal, nutriment)",groats,0,is_a,google/gemma-4-31b-it,"'Chow' is a colloquial or general term for food, and since groats are a type of food, every instance of groats is also an instance of chow."
SemEvalFood_SUB,pred,dressing,taco sauce,1,other_related,google/gemma-4-31b-it,"Taco sauce is a type of sauce, and while dressings are also sauces, taco sauce is not a type of dressing."
SemEvalFood_SUB,pred,vitamin,b complex vitamin,0,is_a,google/gemma-4-31b-it,"A B complex vitamin is a specific type of vitamin, meaning every instance of a B complex vitamin is necessarily an instance of a vitamin."
SemEvalFood_SUB,pred,liquor,bullshot,1,made_of,google/gemma-4-31b-it,"A bullshot is a cocktail made using beef bouillon and vodka, meaning liquor is an ingredient used to create the drink rather than a category it belongs to."
SemEvalFood_SUB,pred,course,antipasto,0,is_a,google/gemma-4-31b-it,"An antipasto is a specific type of course served during a meal, meaning every instance of an antipasto is also an instance of a course."
SemEvalFood_SUB,pred,"chow (chow, dish, eatage, feed, food, foodstuff, ingredient, meal, nutriment)",candy,0,is_a,google/gemma-4-31b-it,"'Chow' is a colloquial or general term for food, and since candy is a type of food, every instance of candy is also an instance of chow."
SemEvalFood_SUB,pred,tea,oolong,0,is_a,google/gemma-4-31b-it,"Oolong is a specific variety of tea, meaning every instance of oolong is necessarily an instance of tea."
SemEvalFood_SUB,pred,"chow (chow, dish, eatage, feed, food, foodstuff, ingredient, meal, nutriment)",liquor,0,is_a,google/gemma-4-31b-it,"'Chow' is a slang or informal term for food, and since liquor is a type of consumable food/drink, every instance of liquor is a type of chow."
SemEvalFood_SUB,pred,confiture,conserve,0,is_a,google/gemma-4-31b-it,"In culinary terms, a conserve is a specific type of fruit preserve (confiture) that typically contains pieces of fruit or nuts, making it a subtype of the broader category."
SemEvalFood_SUB,pred,"chow (chow, dish, eatage, feed, food, foodstuff, ingredient, meal, nutriment)",diet,0,synonym,google/gemma-4-31b-it,Both 'diet' and 'chow' are used as synonyms for food or a particular type of fare.
SemEvalFood_SUB,pred,fare,white bread,1,is_a,google/gemma-4-31b-it,"'Fare' is a synonym for food or a range of food provided, and since white bread is a type of food, it is a kind of fare."
SemEvalFood_SUB,pred,bread,baguet,0,is_a,google/gemma-4-31b-it,"A baguette is a specific type of bread, meaning every instance of a baguette is necessarily an instance of bread."
SemEvalFood_SUB,pred,"dessert (dessert, sweet)",apple jelly,0,is_a,google/gemma-4-31b-it,"Apple jelly is a specific type of food that is served as a dessert, meaning every instance of apple jelly can be categorized as a dessert."
SemEvalFood_SUB,pred,jelly,apple jelly,0,is_a,google/gemma-4-31b-it,"Apple jelly is a specific type of jelly, meaning every instance of apple jelly is necessarily an instance of jelly."
SemEvalFood_SUB,pred,fare,pickle relish,1,is_a,google/gemma-4-31b-it,"'Fare' is a general term for food or a range of food provided, and since 'pickle relish' is a type of food, it is a specific kind of fare."
SemEvalFood_SUB,pred,"chow (chow, dish, eatage, feed, food, foodstuff, ingredient, meal, nutriment)",taco sauce,0,is_a,google/gemma-4-31b-it,"'Chow' is used here as a broad synonym for 'food', and since every taco sauce is a type of food, the relation is a proper subsumption."
SemEvalFood_SUB,pred,herb,garlic,1,other_related,google/gemma-4-31b-it,"While garlic is used as a culinary herb, botanically it is a bulbous vegetable (allium), and the taxonomy's inclusion of teas under 'herb' suggests a functional/culinary grouping rather than a strict taxonomic subsumption."
SemEvalFood_SUB,pred,fare,taco sauce,1,is_a,google/gemma-4-31b-it,"'Fare' is a general term for food or a range of food provided, and since taco sauce is a type of food, it is a specific kind of fare."
SemEvalFood_SUB,pred,"chow (chow, dish, eatage, feed, food, foodstuff, ingredient, meal, nutriment)",ravigote,0,is_a,google/gemma-4-31b-it,"'Ravigote' is a specific type of sauce, and 'chow' is a colloquial or general term for food; since every ravigote sauce is a type of food, the subsumption holds."
SemEvalFood_SUB,pred,conserve,apple jelly,0,is_a,google/gemma-4-31b-it,"Apple jelly is a specific type of conserve (a jam-like preserve of fruit), meaning every instance of apple jelly is also an instance of a conserve."
SemEvalFood_SUB,pred,fare,appetizer,1,is_a,google/gemma-4-31b-it,"'Fare' is a general term for food or a range of food provided, and an 'appetizer' is a specific kind of food."
SemEvalFood_SUB,pred,"condiment (condiment, flavorer)",caraway seed,0,is_a,google/gemma-4-31b-it,"A caraway seed is a spice used as a condiment, meaning every instance of a caraway seed used in this context is a type of condiment."
SemEvalFood_SUB,pred,fare,"herb tea (herb tea, tisane)",1,is_a,google/gemma-4-31b-it,"'Fare' is a synonym for food or a range of food provided, and since 'herb tea' is a type of food/drink, it is a specific kind of fare."
SemEvalFood_SUB,pred,"chow (chow, dish, eatage, feed, food, foodstuff, ingredient, meal, nutriment)",meatball,0,is_a,google/gemma-4-31b-it,"'Chow' is used here as a synonym for 'food' or 'fare', and since a meatball is a type of food, it is a proper subsumption."
SemEvalFood_SUB,pred,"dessert (dessert, sweet)",conserve,0,is_a,google/gemma-4-31b-it,"A conserve is a type of jam or preserve, which is a specific kind of sweet food typically served as a dessert."
SemEvalFood_SUB,pred,herb,fennel seed,1,part_of,google/gemma-4-31b-it,"A fennel seed is a component part of the fennel plant (which is the herb), not a type of herb itself."
SemEvalFood_SUB,pred,"chow (chow, dish, eatage, feed, food, foodstuff, ingredient, meal, nutriment)",confiture,0,is_a,google/gemma-4-31b-it,"'Confiture' (jam) is a type of food, and 'chow' is a colloquial synonym for food, meaning every instance of confiture is a kind of chow."
SemEvalFood_SUB,pred,"condiment (condiment, flavorer)",green mayonnaise,0,is_a,google/gemma-4-31b-it,"Green mayonnaise is a specific type of condiment, meaning every instance of green mayonnaise is necessarily an instance of a condiment."
SemEvalFood_SUB,pred,"chow (chow, dish, eatage, feed, food, foodstuff, ingredient, meal, nutriment)",spread,0,is_a,google/gemma-4-31b-it,"'Chow' is a colloquial synonym for 'food', and since a 'spread' is a type of food, it is a kind of 'chow'."
SemEvalFood_SUB,pred,dressing,blue cheese dressing,0,is_a,google/gemma-4-31b-it,"Blue cheese dressing is a specific type of dressing, meaning every instance of blue cheese dressing is necessarily an instance of dressing."
SemEvalFood_SUB,pred,spread,pickle relish,1,other_related,google/gemma-4-31b-it,"While pickle relish can be used as a spread, not all pickle relishes are spreads (some are used as toppings or ingredients), and not all spreads are relishes; they are sibling categories under 'condiment'."
SemEvalFood_SUB,pred,"chow (chow, dish, eatage, feed, food, foodstuff, ingredient, meal, nutriment)",tiramisu,0,is_a,google/gemma-4-31b-it,"'Chow' is a slang or general term for food, and since tiramisu is a type of food, it is a specific kind of 'chow'."
SemEvalFood_SUB,pred,fare,home fries,1,is_a,google/gemma-4-31b-it,"'Fare' is a general term for a range of food or a particular type of diet, and 'home fries' is a specific kind of food that falls under that category."
SemEvalFood_SUB,pred,"chow (chow, dish, eatage, feed, food, foodstuff, ingredient, meal, nutriment)",course,0,synonym,google/gemma-4-31b-it,"Both 'course' (in the context of a meal) and 'chow' (slang for food) are types of food, but a course is a specific stage of a meal rather than a type of food itself, and 'chow' is a general term for food. However, in common usage, both terms are used as synonyms for food or a meal. Given the context"
SemEvalFood_SUB,pred,course,entree,0,is_a,google/gemma-4-31b-it,"An entree is a specific type of course in a meal, meaning every instance of an entree is necessarily an instance of a course."
SemEvalFood_SUB,pred,fare,sauce,1,is_a,google/gemma-4-31b-it,"'Fare' is a general term for food or a range of food provided, and since every sauce is a type of food, it is a kind of fare."
SemEvalFood_SUB,pred,fare,green mayonnaise,1,is_a,google/gemma-4-31b-it,"'Fare' is a synonym for food or a range of food provided, and since green mayonnaise is a type of food, it is a proper subsumption."
SemEvalFood_SUB,pred,fodder,gazpacho,1,unrelated,google/gemma-4-31b-it,"Gazpacho is a cold soup for human consumption, whereas fodder is bulk food specifically for livestock, making them distinct categories of food."
SemEvalFood_SUB,pred,fare,potato,1,is_a,google/gemma-4-31b-it,"'Fare' is a synonym for food or a range of food provided, and since a potato is a type of food, it is a kind of fare."
SemEvalFood_SUB,pred,bread,flatbread,0,is_a,google/gemma-4-31b-it,Every instance of a flatbread is by definition a type of bread.
SemEvalFood_SUB,pred,course,scampi,1,other_related,google/gemma-4-31b-it,"A scampi dish is a specific type of food that can be served as a course in a meal, but it is not a kind of course itself."
SemEvalFood_SUB,pred,grain,corn,0,is_a,google/gemma-4-31b-it,"Corn is a specific type of grain, meaning every instance of corn is also an instance of a grain."
SemEvalFood_SUB,pred,spread,jelly,1,is_a,google/gemma-4-31b-it,"Every instance of jelly is a type of spread, as it is a food product intended to be spread on other foods."
SemEvalFood_SUB,pred,dressing,ravigote,1,is_a,google/gemma-4-31b-it,A ravigote (specifically a sauce ravigote) is a specific type of vinaigrette or dressing used in French cuisine.
SemEvalFood_SUB,pred,"chow (chow, dish, eatage, feed, food, foodstuff, ingredient, meal, nutriment)",green mayonnaise,0,is_a,google/gemma-4-31b-it,"'Chow' is a colloquial synonym for 'food', and since green mayonnaise is a type of food, it is a proper subsumption."
SemEvalFood_SUB,pred,liquor,gin and it,1,unrelated,google/gemma-4-31b-it,The term 'gin and it' appears to be a corrupted or noisy string (likely a parsing error for 'gin and its [something]') and does not represent a coherent concept that is a type of liquor.
SemEvalFood_SUB,pred,"condiment (condiment, flavorer)",dressing,0,is_a,google/gemma-4-31b-it,Every salad dressing is a type of condiment used to enhance the flavor of food.
SemEvalFood_SUB,pred,water soluble vitamin,niacin,0,is_a,google/gemma-4-31b-it,"Niacin is a specific type of water-soluble vitamin, meaning every instance of niacin is necessarily an instance of a water-soluble vitamin."
SemEvalFood_SUB,pred,fare,diet,0,is_a,google/gemma-4-31b-it,"In this context, 'fare' is a synonym for 'food' or 'sustenance', and a 'diet' is a specific kind of fare (the food habitually eaten by a person)."
SemEvalFood_SUB,pred,dressing,steak sauce,1,other_related,google/gemma-4-31b-it,"Steak sauce is a type of sauce, and while dressings are also a type of sauce, a steak sauce is not a kind of dressing."
SemEvalFood_SUB,pred,fare,flatbread,1,is_a,google/gemma-4-31b-it,"'Fare' is a general term for a range of food or a particular type of diet, and since flatbread is a type of food, it is a kind of fare."
SemEvalFood_SUB,pred,"chow (chow, dish, eatage, feed, food, foodstuff, ingredient, meal, nutriment)",baguet,0,is_a,google/gemma-4-31b-it,"'Chow' is a colloquial or general term for food, and since a 'baguet' (baguette) is a type of food, it is a proper subsumption."
SemEvalFood_SUB,pred,"condiment (condiment, flavorer)",spread,0,is_a,google/gemma-4-31b-it,A spread (such as jam or butter) is a specific type of condiment used to enhance the flavor of food.
SemEvalFood_SUB,pred,drinking water,soda water,0,is_a,google/gemma-4-31b-it,"Soda water is a specific type of drinking water, meaning every instance of soda water is also an instance of drinking water."
SemEvalFood_SUB,pred,spread,blue cheese dressing,1,other_related,google/gemma-4-31b-it,"While both are types of condiments, a blue cheese dressing is a pourable sauce used for salads, whereas a spread is specifically a thick substance intended to be smeared on a surface (like nut butter), meaning a dressing is not a kind of spread."
SemEvalFood_SUB,pred,fodder,ravigote,1,unrelated,google/gemma-4-31b-it,"A ravigote is a type of sauce or condiment for human consumption, whereas fodder is bulk food (like hay or alfalfa) specifically for livestock, making the two concepts unrelated."
SemEvalFood_SUB,pred,"condiment (condiment, flavorer)",blue cheese dressing,0,is_a,google/gemma-4-31b-it,"Blue cheese dressing is a specific type of condiment, meaning every instance of blue cheese dressing is also an instance of a condiment."
SemEvalFood_SUB,pred,fare,bullshot,1,is_a,google/gemma-4-31b-it,"'Fare' is a general term for food or a range of food provided, and a 'bullshot' (a cocktail) is a specific type of food/drink item."
SemEvalFood_SUB,pred,cocktail,gin and it,0,is_a,google/gemma-4-31b-it,"A 'gin and it' is a specific type of cocktail, meaning every instance of a 'gin and it' is necessarily an instance of a 'cocktail'."
SemEvalFood_SUB,pred,appetizer,crudites,0,is_a,google/gemma-4-31b-it,Crudités are a specific type of appetizer consisting of raw vegetables.
SemEvalFood_SUB,pred,fare,relish,1,is_a,google/gemma-4-31b-it,"'Fare' is a general term for food or a range of food provided, and since a 'relish' is a type of food, it is a specific kind of fare."
SemEvalFood_SUB,pred,water soluble vitamin,pantothenic acid,0,is_a,google/gemma-4-31b-it,"Pantothenic acid is a specific type of water-soluble vitamin, meaning every instance of pantothenic acid is necessarily an instance of a water-soluble vitamin."
SemEvalFood_SUB,pred,sauce,pickle relish,1,other_related,google/gemma-4-31b-it,"While both are condiments, a pickle relish is a specific type of relish, and relishes are distinct from sauces (which are typically smoother liquids), making them sibling categories under 'condiment' rather than one being a subtype of the other."
SemEvalFood_SUB,pred,"chow (chow, dish, eatage, feed, food, foodstuff, ingredient, meal, nutriment)",jelly,0,is_a,google/gemma-4-31b-it,"'Chow' is a slang or general term for food, and since 'jelly' is a type of food, every instance of jelly is also an instance of chow."
SemEvalFood_SUB,pred,"chow (chow, dish, eatage, feed, food, foodstuff, ingredient, meal, nutriment)",white bread,0,is_a,google/gemma-4-31b-it,"'Chow' is a colloquial synonym for food, and since white bread is a type of food, it is a kind of chow."
SemEvalFood_SUB,pred,starches,grain,1,made_of,google/gemma-4-31b-it,"Grains are not a type of starch, but rather they are biological entities that contain starch as a primary component."
SemEvalFood_SUB,pred,antipasto,crudites,1,part_of,google/gemma-4-31b-it,"Crudités (raw vegetables) are often served as a component of an antipasto platter, but they are not a type of antipasto itself."
SemEvalFood_SUB,pred,water soluble vitamin,b complex vitamin,0,is_a,google/gemma-4-31b-it,"A B complex vitamin is a specific type of water-soluble vitamin, meaning every instance of the former is necessarily an instance of the latter."
SemEvalFood_SUB,pred,cocktail,bullshot,0,is_a,google/gemma-4-31b-it,"A bullshot is a specific type of cocktail (typically beef bouillon and vodka), meaning every instance of a bullshot is necessarily an instance of a cocktail."
SemEvalFood_SUB,pred,"condiment (condiment, flavorer)",pickle relish,0,is_a,google/gemma-4-31b-it,"Pickle relish is a specific type of condiment, meaning every instance of pickle relish is necessarily an instance of a condiment."
SemEvalFood_SUB,pred,"dessert (dessert, sweet)",tiramisu,0,is_a,google/gemma-4-31b-it,"Tiramisu is a specific type of dessert, meaning every instance of tiramisu is necessarily an instance of a dessert."
SemEvalFood_SUB,pred,confiture,crabapple jelly,0,is_a,google/gemma-4-31b-it,"Crabapple jelly is a specific type of confiture (fruit preserve), meaning every instance of crabapple jelly is also an instance of confiture."
SemEvalFood_SUB,pred,"condiment (condiment, flavorer)",ravigote,0,is_a,google/gemma-4-31b-it,A ravigote (sauce) is a specific type of condiment used to add flavor to food.
SemEvalFood_SUB,pred,fare,liquor,1,is_a,google/gemma-4-31b-it,"'Fare' is a formal or literary term for a range of food and drink provided, and since liquor is a type of drink/food, it is a specific kind of fare."
SemEvalFood_SUB,pred,herb,caraway seed,1,part_of,google/gemma-4-31b-it,"A caraway seed is a part of the caraway plant (which is an herb), but a seed itself is not a type of herb."
SemEvalFood_SUB,pred,fare,jelly,1,is_a,google/gemma-4-31b-it,"'Fare' is a formal or literary synonym for food, and since jelly is a type of food, it is also a type of fare."
SemEvalFood_SUB,pred,fodder,scampi,1,unrelated,google/gemma-4-31b-it,"Scampi is a type of seafood intended for human consumption, whereas fodder is food specifically intended for livestock."
SemEvalFood_SUB,pred,fare,tamale pie,1,is_a,google/gemma-4-31b-it,"'Fare' is a synonym for 'food' or 'dietary offerings,' and since a tamale pie is a type of food, it is a specific kind of fare."
SemEvalFood_SUB,pred,"chow (chow, dish, eatage, feed, food, foodstuff, ingredient, meal, nutriment)",water,0,is_a,google/gemma-4-31b-it,"'Chow' is a colloquial term for food or sustenance, and since water is a necessary form of sustenance/nourishment, it functions as a type of 'chow' in this broad context."
SemEvalFood_SUB,pred,"chow (chow, dish, eatage, feed, food, foodstuff, ingredient, meal, nutriment)",buckwheat,0,is_a,google/gemma-4-31b-it,"'Chow' is a colloquial or general term for food, and since buckwheat is a type of food, it is a proper subsumption."
SemEvalFood_SUB,pred,"chow (chow, dish, eatage, feed, food, foodstuff, ingredient, meal, nutriment)",steak sauce,0,is_a,google/gemma-4-31b-it,"'Chow' is a colloquial synonym for 'food', and since 'steak sauce' is a type of food, it is a proper subsumption."
SemEvalFood_SUB,pred,"chow (chow, dish, eatage, feed, food, foodstuff, ingredient, meal, nutriment)",alfalfa,0,is_a,google/gemma-4-31b-it,"'Chow' is a general term for food or feed, and 'alfalfa' is a specific type of feed, meaning every instance of alfalfa (as feed) is a type of chow."
SemEvalFood_SUB,pred,water,soda water,0,is_a,google/gemma-4-31b-it,"Soda water is a specific type of water (carbonated water), meaning every instance of soda water is necessarily an instance of water."
LLMs4OL_SchemaOrg_SUB,gt,clip,movieclip,,is_a,google/gemma-4-31b-it,"A movieclip is a specific type of clip, meaning every instance of a movieclip is necessarily an instance of a clip."
LLMs4OL_SchemaOrg_SUB,gt,measurementtypeenumeration,wearablemeasurementtypeenumeration,,is_a,google/gemma-4-31b-it,"A wearable measurement type enumeration is a specific kind of measurement type enumeration, meaning every instance of the former is necessarily an instance of the latter."
LLMs4OL_SchemaOrg_SUB,gt,creativework,conversation,,is_a,google/gemma-4-31b-it,A conversation is a form of intellectual or artistic expression that can be documented or treated as a creative work.
LLMs4OL_SchemaOrg_SUB,gt,creativework,howtostep,,part_of,google/gemma-4-31b-it,"A 'howtostep' (a single step within a how-to guide) is a component part of a 'creativework' (the overall guide or instructional document), rather than a type of creative work itself."
LLMs4OL_SchemaOrg_SUB,gt,creativework,shortstory,,is_a,google/gemma-4-31b-it,"A short story is a specific type of creative work, meaning every instance of a short story is necessarily an instance of a creative work."
LLMs4OL_SchemaOrg_SUB,gt,creativework,article,,is_a,google/gemma-4-31b-it,"An article is a specific type of creative work, meaning every instance of an article is necessarily an instance of a creative work."
LLMs4OL_SchemaOrg_SUB,gt,creativework,sheetmusic,,is_a,google/gemma-4-31b-it,"Sheet music is a specific type of creative work, meaning every instance of sheet music is by definition a creative work."
LLMs4OL_SchemaOrg_SUB,gt,creativework,creativeworkseries,,is_a,google/gemma-4-31b-it,A creative work series is a specific type of creative work that consists of multiple related works.
LLMs4OL_SchemaOrg_SUB,gt,creativework,collection,,is_a,google/gemma-4-31b-it,"A collection is a specific type of creative work (such as an anthology or a curated set) that organizes other works, meaning every collection is itself a creative work."
LLMs4OL_SchemaOrg_SUB,gt,creativework,ampstory,,is_a,google/gemma-4-31b-it,An AMPstory (Accelerated Mobile Pages story) is a specific type of digital creative work designed for mobile storytelling.
LLMs4OL_SchemaOrg_SUB,gt,creativework,sculpture,,is_a,google/gemma-4-31b-it,"Every sculpture is, by definition, a type of creative work."
LLMs4OL_SchemaOrg_SUB,gt,lodgingbusiness,motel,,is_a,google/gemma-4-31b-it,"A motel is a specific type of lodging business, meaning every instance of a motel is necessarily an instance of a lodging business."
LLMs4OL_SchemaOrg_SUB,gt,enumeration,measurementmethodenum,,instance_of,google/gemma-4-31b-it,"'measurementmethodenum' is a specific named enumeration (an individual instance) used to define a set of measurement methods, while 'enumeration' is the general class of such data structures."
LLMs4OL_SchemaOrg_SUB,gt,enumeration,governmentbenefitstype,,instance_of,google/gemma-4-31b-it,"'governmentbenefitstype' is a specific instance of an enumeration (a defined list of values), rather than a subclass of the general concept of enumerations."
LLMs4OL_SchemaOrg_SUB,gt,enumeration,physicalactivitycategory,,instance_of,google/gemma-4-31b-it,'physicalactivitycategory' is a specific instance of a data structure type known as an 'enumeration'.
LLMs4OL_SchemaOrg_SUB,gt,enumeration,certificationstatusenumeration,,instance_of,google/gemma-4-31b-it,"'certificationstatusenumeration' is a specific instance or definition of an enumeration type used for a particular purpose, rather than a general subclass of all enumerations."
LLMs4OL_SchemaOrg_SUB,gt,enumeration,adultorientedenumeration,,is_a,google/gemma-4-31b-it,"An 'adultorientedenumeration' is a specific type of 'enumeration' used to categorize adult-oriented content, meaning every instance of the former is necessarily an instance of the latter."
LLMs4OL_SchemaOrg_SUB,gt,enumeration,measurementtypeenumeration,,is_a,google/gemma-4-31b-it,A 'measurementtypeenumeration' is a specific kind of 'enumeration' used to define a set of measurement types.
LLMs4OL_SchemaOrg_SUB,gt,enumeration,itemlistordertype,,is_a,google/gemma-4-31b-it,"'itemlistordertype' is a specific type of 'enumeration' (a defined list of possible values), meaning every instance of an item list order type is an instance of an enumeration."
LLMs4OL_SchemaOrg_SUB,gt,enumeration,sizegroupenumeration,,is_a,google/gemma-4-31b-it,"A 'sizegroupenumeration' is a specific type of 'enumeration' used to categorize size groups, meaning every instance of the former is necessarily an instance of the latter."
LLMs4OL_SchemaOrg_SUB,gt,localbusiness,foodestablishment,,is_a,google/gemma-4-31b-it,"Every food establishment is, by definition, a type of local business."
LLMs4OL_SchemaOrg_SUB,gt,localbusiness,entertainmentbusiness,,is_a,google/gemma-4-31b-it,"An entertainment business is a specific type of local business, meaning every instance of an entertainment business is also an instance of a local business."
LLMs4OL_SchemaOrg_SUB,gt,localbusiness,legalservice,,is_a,google/gemma-4-31b-it,A legal service provided as a local business is a specific type of local business.
LLMs4OL_SchemaOrg_SUB,gt,localbusiness,lodgingbusiness,,is_a,google/gemma-4-31b-it,A lodging business (such as a hotel or motel) is a specific type of local business.
LLMs4OL_SchemaOrg_SUB,gt,localbusiness,sportsactivitylocation,,is_a,google/gemma-4-31b-it,A sports activity location (such as a gym or stadium) that operates as a commercial entity is a specific type of local business.
LLMs4OL_SchemaOrg_SUB,gt,localbusiness,emergencyservice,,is_a,google/gemma-4-31b-it,An emergency service (such as a fire station or ambulance service) is a specific type of local business in the context of organizational and commercial classification.
LLMs4OL_SchemaOrg_SUB,gt,article,techarticle,,is_a,google/gemma-4-31b-it,"A technical article is a specific type of article, meaning every instance of a technical article is necessarily an instance of an article."
LLMs4OL_SchemaOrg_SUB,gt,article,socialmediaposting,,is_a,google/gemma-4-31b-it,"A social media posting is a specific type of article (a short-form written work), meaning every social media posting is a kind of article."
LLMs4OL_SchemaOrg_SUB,gt,socialmediaposting,blogposting,,is_a,google/gemma-4-31b-it,"A blog posting is a specific type of social media posting (or a digital post shared on a social platform), meaning every blog posting is a social media posting."
LLMs4OL_SchemaOrg_SUB,gt,periodical,comicseries,,is_a,google/gemma-4-31b-it,A comic series is a specific type of periodical publication.
LLMs4OL_SchemaOrg_SUB,gt,therapeuticprocedure,medicaltherapy,,is_a,google/gemma-4-31b-it,"Medical therapy is a specific type of therapeutic procedure, meaning every instance of a medical therapy is by definition a therapeutic procedure."
LLMs4OL_SchemaOrg_SUB,gt,review,recommendation,,is_a,google/gemma-4-31b-it,"A recommendation is a specific type of review that includes a positive endorsement, meaning every recommendation is a review."
LLMs4OL_SchemaOrg_SUB,gt,consumeaction,eataction,,is_a,google/gemma-4-31b-it,"Eating is a specific type of consuming, meaning every instance of an eating action is necessarily an instance of a consuming action."
LLMs4OL_SchemaOrg_SUB,gt,allocateaction,assignaction,,is_a,google/gemma-4-31b-it,Assigning a specific resource or task to a person or entity is a specific type of allocation action.
LLMs4OL_SchemaOrg_SUB,gt,allocateaction,authorizeaction,,is_a,google/gemma-4-31b-it,"Authorizing an action is a specific way of allocating authority or permissions, making it a specialized type of allocation action."
LLMs4OL_SchemaOrg_SUB,gt,achieveaction,tieaction,,is_a,google/gemma-4-31b-it,A 'tieaction' (the act of creating a tie or draw) is a specific type of 'achieveaction' (an action that results in a specific state or outcome).
LLMs4OL_SchemaOrg_SUB,gt,product,vehicle,,is_a,google/gemma-4-31b-it,Every vehicle is a type of product.
LLMs4OL_SchemaOrg_SUB,gt,action,achieveaction,,is_a,google/gemma-4-31b-it,"An 'achieveaction' is a specific type of 'action' characterized by the goal of accomplishment, meaning every instance of an achieveaction is necessarily an instance of an action."
LLMs4OL_SchemaOrg_SUB,gt,action,organizeaction,,is_a,google/gemma-4-31b-it,"An organizing action is a specific type of action, meaning every instance of an organizeaction is necessarily an instance of an action."
LLMs4OL_SchemaOrg_SUB,gt,action,transferaction,,is_a,google/gemma-4-31b-it,"A transfer action is a specific type of action, meaning every instance of a transfer action is necessarily an instance of an action."
LLMs4OL_SchemaOrg_SUB,gt,action,consumeaction,,is_a,google/gemma-4-31b-it,"A 'consumeaction' is a specific type of 'action', meaning every instance of consuming is an instance of performing an action."
LLMs4OL_SchemaOrg_SUB,gt,action,findaction,,is_a,google/gemma-4-31b-it,"A 'findaction' is a specific type of 'action', just as 'createaction' or 'assignaction' are types of actions."
LLMs4OL_SchemaOrg_SUB,gt,action,createaction,,is_a,google/gemma-4-31b-it,"A 'createaction' is a specific type of 'action', meaning every instance of creating something is fundamentally an action."
LLMs4OL_SchemaOrg_SUB,gt,medicalintangible,medicalcode,,is_a,google/gemma-4-31b-it,"A medical code is a specific type of medical intangible entity, as it is a conceptual representation rather than a physical object."
LLMs4OL_SchemaOrg_SUB,gt,foodestablishment,bakery,,is_a,google/gemma-4-31b-it,"Every bakery is, by definition, a type of food establishment."
LLMs4OL_SchemaOrg_SUB,gt,intangible,audience,,is_a,google/gemma-4-31b-it,"An audience is a conceptual entity that lacks physical substance, making it a type of intangible thing."
LLMs4OL_SchemaOrg_SUB,gt,intangible,listitem,,is_a,google/gemma-4-31b-it,"A list item is a type of intangible entity (a conceptual element of a list), meaning every instance of a list item is also an instance of an intangible."
LLMs4OL_SchemaOrg_SUB,gt,intangible,constraintnode,,is_a,google/gemma-4-31b-it,"A 'constraintnode' is a conceptual or logical entity used to define restrictions, making it a type of 'intangible' object."
LLMs4OL_SchemaOrg_SUB,gt,intangible,entrypoint,,is_a,google/gemma-4-31b-it,An entrypoint (such as a URL or a specific access point to a digital resource) is a type of intangible entity.
LLMs4OL_SchemaOrg_SUB,gt,intangible,service,,is_a,google/gemma-4-31b-it,"A service is a type of intangible offering or entity, meaning every instance of a service is necessarily an instance of something intangible."
LLMs4OL_SchemaOrg_SUB,gt,intangible,series,,is_a,google/gemma-4-31b-it,"A series is a type of intangible entity (a conceptual grouping or sequence), meaning every instance of a series is also an instance of an intangible."
LLMs4OL_SchemaOrg_SUB,gt,intangible,seat,,unrelated,google/gemma-4-31b-it,"A seat is a physical object, whereas an intangible is something that lacks physical substance, making the claim that a seat is a kind of intangible logically contradictory."
LLMs4OL_SchemaOrg_SUB,gt,intangible,observation,,is_a,google/gemma-4-31b-it,"An observation is a conceptual entity that lacks physical substance, making it a type of intangible thing."
LLMs4OL_SchemaOrg_SUB,gt,intangible,speakablespecification,,is_a,google/gemma-4-31b-it,"A speakable specification is a type of intangible entity (a set of rules or descriptions), fitting the definition of a proper subsumption."
LLMs4OL_SchemaOrg_SUB,gt,intangible,ticket,,is_a,google/gemma-4-31b-it,"A ticket is a type of intangible asset or document, meaning every instance of a ticket is an instance of an intangible entity."
LLMs4OL_SchemaOrg_SUB,gt,intangible,invoice,,is_a,google/gemma-4-31b-it,"An invoice is a type of intangible asset or document, meaning every instance of an invoice is an instance of an intangible entity."
LLMs4OL_SchemaOrg_SUB,gt,medicalentity,medicalintangible,,is_a,google/gemma-4-31b-it,A medical intangible (such as a diagnosis or a medical concept) is a specific type of medical entity.
LLMs4OL_SchemaOrg_SUB,gt,medicalentity,medicalprocedure,,is_a,google/gemma-4-31b-it,"A medical procedure is a specific type of medical entity, meaning every instance of a procedure is necessarily an instance of a medical entity."
LLMs4OL_SchemaOrg_SUB,gt,creativeworkseries,movieseries,,is_a,google/gemma-4-31b-it,"Every movie series is, by definition, a type of creative work series."
LLMs4OL_SchemaOrg_SUB,gt,creativeworkseries,radioseries,,is_a,google/gemma-4-31b-it,"A radio series is a specific type of creative work series, meaning every instance of a radio series is necessarily an instance of a creative work series."
LLMs4OL_SchemaOrg_SUB,gt,medicalprocedure,therapeuticprocedure,,is_a,google/gemma-4-31b-it,"A therapeutic procedure is a specific type of medical procedure intended to treat a condition, meaning every therapeutic procedure is by definition a medical procedure."
LLMs4OL_SchemaOrg_SUB,gt,medicalprocedure,surgicalprocedure,,is_a,google/gemma-4-31b-it,"Every surgical procedure is, by definition, a type of medical procedure."
LLMs4OL_SchemaOrg_SUB,gt,audience,peopleaudience,,is_a,google/gemma-4-31b-it,"A 'peopleaudience' is a specific type of 'audience' consisting of people, meaning every instance of a peopleaudience is necessarily an instance of an audience."
LLMs4OL_SchemaOrg_SUB,gt,organizeaction,bookmarkaction,,is_a,google/gemma-4-31b-it,"Bookmarking a piece of information is a specific way of organizing it, meaning every bookmark action is a type of organize action."
LLMs4OL_SchemaOrg_SUB,gt,organizeaction,allocateaction,,is_a,google/gemma-4-31b-it,"Allocating resources or tasks is a specific way of organizing them, meaning every instance of an allocate action is inherently an instance of an organize action."
LLMs4OL_SchemaOrg_SUB,gt,createaction,cookaction,,is_a,google/gemma-4-31b-it,"Cooking is a specific type of creating action, as every instance of cooking is inherently an instance of creating something (e.g., a meal)."
LLMs4OL_SchemaOrg_SUB,gt,imageobject,imageobjectsnapshot,,is_a,google/gemma-4-31b-it,A snapshot of an image object is a specific type or instance of an image object.
LLMs4OL_SchemaOrg_SUB,gt,listitem,howtostep,,is_a,google/gemma-4-31b-it,"A 'howtostep' is a specific type of 'listitem' (a step within a sequence), meaning every instance of a how-to step is inherently an instance of a list item."
LLMs4OL_SchemaOrg_SUB,gt,service,taxiservice,,is_a,google/gemma-4-31b-it,"A taxi service is a specific type of service, meaning every instance of a taxi service is necessarily an instance of a service."
LLMs4OL_SchemaOrg_SUB,gt,service,broadcastservice,,is_a,google/gemma-4-31b-it,"A broadcast service is a specific type of service, meaning every instance of a broadcast service is necessarily an instance of a service."
LLMs4OL_SchemaOrg_SUB,gt,paymentmethod,paymentservice,,other_related,google/gemma-4-31b-it,"A payment service (like PayPal or Stripe) is a provider or platform that facilitates a payment method, but it is not a type of payment method itself."
LLMs4OL_SchemaOrg_SUB,gt,itemlist,howtostep,,part_of,google/gemma-4-31b-it,"A 'howtostep' is a specific type of item within a list, but it is not a kind of 'itemlist' itself; rather, it is a component part of such a list."
LLMs4OL_SchemaOrg_SUB,gt,organization,localbusiness,,is_a,google/gemma-4-31b-it,"Every local business is, by definition, a type of organization."
LLMs4OL_SchemaOrg_SUB,gt,organization,researchorganization,,is_a,google/gemma-4-31b-it,"A research organization is a specific type of organization, meaning every instance of a research organization is necessarily an instance of an organization."
LLMs4OL_SchemaOrg_SUB,gt,organization,medicalorganization,,is_a,google/gemma-4-31b-it,"A medical organization is a specific type of organization, meaning every instance of a medical organization is necessarily an instance of an organization."
LLMs4OL_SchemaOrg_SUB,gt,datatype,time,,is_a,google/gemma-4-31b-it,A 'time' value is a specific kind of 'datatype' used in computing and data modeling.
LLMs4OL_SchemaOrg_SUB,gt,transferaction,takeaction,,synonym,google/gemma-4-31b-it,"The terms 'takeaction' and 'transferaction' both describe the general act of performing or transferring an action, and in this context, they are used interchangeably to denote the same conceptual operation."
LLMs4OL_SchemaOrg_SUB,gt,civicstructure,zoo,,is_a,google/gemma-4-31b-it,"A zoo is a specific type of civic structure (a public facility managed by a municipality or government), meaning every zoo is a civic structure."
LLMs4OL_SchemaOrg_SUB,gt,place,localbusiness,,is_a,google/gemma-4-31b-it,"A local business is a type of place (specifically a physical location where business is conducted), meaning every instance of a local business is also an instance of a place."
LLMs4OL_SchemaOrg_SUB,gt,series,creativeworkseries,,is_a,google/gemma-4-31b-it,"A creative work series is a specific type of series, meaning every instance of a creative work series is necessarily an instance of a series."
LLMs4OL_SchemaOrg_SUB,gt,sportsactivitylocation,exercisegym,,is_a,google/gemma-4-31b-it,"An exercise gym is a specific type of location dedicated to sports and physical activity, meaning every exercise gym is necessarily a sports activity location."
LLMs4OL_SchemaOrg_SUB,gt,sportsactivitylocation,tenniscomplex,,is_a,google/gemma-4-31b-it,"A tennis complex is a specific type of sports activity location, meaning every instance of a tennis complex is necessarily an instance of a sports activity location."
LLMs4OL_SchemaOrg_SUB,gt,medicalorganization,pharmacy,,is_a,google/gemma-4-31b-it,"A pharmacy is a specific type of medical organization, meaning every pharmacy is by definition a medical organization."
LLMs4OL_SchemaOrg_SUB,gt,vehicle,busorcoach,,is_a,google/gemma-4-31b-it,"Every bus or coach is, by definition, a type of vehicle."
LLMs4OL_SchemaOrg_SUB,gt,broadcastservice,radiobroadcastservice,,is_a,google/gemma-4-31b-it,"A radio broadcast service is a specific type of broadcast service, meaning every instance of the former is necessarily an instance of the latter."
LLMs4OL_SchemaOrg_SUB,pred,socialmediaposting,blogposting,0,other_related,google/gemma-4-31b-it,"While some blogs are shared on social media, a blog post is a distinct form of long-form content that is not inherently a type of social media post."
LLMs4OL_SchemaOrg_SUB,pred,socialmediaposting,ampstory,1,is_a,google/gemma-4-31b-it,"An AMPstory (Accelerated Mobile Pages story) is a specific format of content designed for distribution as a social media post, meaning every AMPstory is a type of social media posting."
LLMs4OL_SchemaOrg_SUB,pred,article,blogposting,0,is_a,google/gemma-4-31b-it,"A blog posting is a specific type of article, meaning every instance of a blog posting is also an instance of an article."
LLMs4OL_SchemaOrg_SUB,pred,article,techarticle,0,is_a,google/gemma-4-31b-it,"A technical article is a specific type of article, meaning every instance of a 'techarticle' is necessarily an instance of an 'article'."
LLMs4OL_SchemaOrg_SUB,pred,article,socialmediaposting,0,other_related,google/gemma-4-31b-it,"While a social media posting is a type of creative work, it is not a type of article, as articles typically imply a level of length, structure, and editorial intent that social media posts lack."
LLMs4OL_SchemaOrg_SUB,pred,article,howtostep,1,part_of,google/gemma-4-31b-it,"A 'howtostep' (a single step in a how-to process) is a component part of a larger instructional article, not a type of article itself."
LLMs4OL_SchemaOrg_SUB,pred,creativework,blogposting,0,is_a,google/gemma-4-31b-it,"Every blog posting is, by definition, a type of creative work."
LLMs4OL_SchemaOrg_SUB,pred,creativework,clip,1,is_a,google/gemma-4-31b-it,"A clip is a short excerpt or a specific type of audiovisual work, making it a specialized kind of creative work."
LLMs4OL_SchemaOrg_SUB,pred,creativework,movieseries,0,is_a,google/gemma-4-31b-it,"Every movie series is, by definition, a type of creative work."
LLMs4OL_SchemaOrg_SUB,pred,creativework,article,0,is_a,google/gemma-4-31b-it,"An article is a specific type of creative work, meaning every instance of an article is necessarily an instance of a creative work."
LLMs4OL_SchemaOrg_SUB,pred,creativework,socialmediaposting,0,is_a,google/gemma-4-31b-it,"A social media posting is a specific type of creative work, as it is an expression fixed in a tangible medium."
LLMs4OL_SchemaOrg_SUB,pred,creativework,periodical,1,is_a,google/gemma-4-31b-it,A periodical (such as a magazine or journal) is a specific type of creative work.
LLMs4OL_SchemaOrg_SUB,pred,creativework,review,1,is_a,google/gemma-4-31b-it,"A review is a specific type of creative work, as it is a written or spoken composition created by an author."
LLMs4OL_SchemaOrg_SUB,pred,creativework,radioseries,0,is_a,google/gemma-4-31b-it,"A radio series is a specific type of creative work, meaning every instance of a radio series is necessarily an instance of a creative work."
LLMs4OL_SchemaOrg_SUB,pred,creativework,movieclip,1,is_a,google/gemma-4-31b-it,"A movieclip is a specific type of creative work, meaning every instance of a movieclip is necessarily an instance of a creative work."
LLMs4OL_SchemaOrg_SUB,pred,creativework,creativeworkseries,0,is_a,google/gemma-4-31b-it,"A creative work series is a specific type of creative work, meaning every instance of a series is also an instance of a creative work."
LLMs4OL_SchemaOrg_SUB,pred,creativework,shortstory,0,is_a,google/gemma-4-31b-it,"Every short story is, by definition, a type of creative work."
LLMs4OL_SchemaOrg_SUB,pred,creativework,sheetmusic,0,is_a,google/gemma-4-31b-it,"Sheet music is a specific type of creative work, meaning every instance of sheet music is necessarily an instance of a creative work."
LLMs4OL_SchemaOrg_SUB,pred,creativework,game,1,is_a,google/gemma-4-31b-it,"A game is a specific type of creative work, meaning every instance of a game is also an instance of a creative work."
LLMs4OL_SchemaOrg_SUB,pred,creativework,imageobject,1,is_a,google/gemma-4-31b-it,"An image object is a specific type of creative work, meaning every instance of an image object is necessarily an instance of a creative work."
LLMs4OL_SchemaOrg_SUB,pred,creativework,techarticle,0,is_a,google/gemma-4-31b-it,"A technical article is a specific type of creative work, meaning every instance of a techarticle is necessarily an instance of a creativework."
LLMs4OL_SchemaOrg_SUB,pred,creativework,sculpture,0,is_a,google/gemma-4-31b-it,"Every sculpture is, by definition, a type of creative work."
LLMs4OL_SchemaOrg_SUB,pred,creativework,imageobjectsnapshot,1,is_a,google/gemma-4-31b-it,"An image object snapshot is a specific type of image object, and since image objects are a subclass of creative works, every instance of an image object snapshot is also a creative work."
LLMs4OL_SchemaOrg_SUB,pred,creativework,ampstory,0,is_a,google/gemma-4-31b-it,An AMPstory (Accelerated Mobile Pages story) is a specific type of digital creative work.
LLMs4OL_SchemaOrg_SUB,pred,creativework,comicseries,1,is_a,google/gemma-4-31b-it,"A comic series is a specific type of creative work, meaning every instance of a comic series is necessarily an instance of a creative work."
LLMs4OL_SchemaOrg_SUB,pred,creativework,howtostep,0,part_of,google/gemma-4-31b-it,"A 'howtostep' (a single step within a how-to guide) is a component part of a 'creativework' (the overall guide or instructional piece), rather than a type of creative work itself."
LLMs4OL_SchemaOrg_SUB,pred,creativework,series,1,is_a,google/gemma-4-31b-it,"A series (such as a book or movie series) is a specific type of creative work, meaning every instance of a series is also an instance of a creative work."
LLMs4OL_SchemaOrg_SUB,pred,enumeration,sizegroupenumeration,0,is_a,google/gemma-4-31b-it,"A 'sizegroupenumeration' is a specific type of 'enumeration' used to categorize size groups, meaning every instance of the former is necessarily an instance of the latter."
LLMs4OL_SchemaOrg_SUB,pred,enumeration,adultorientedenumeration,0,is_a,google/gemma-4-31b-it,"An 'adultorientedenumeration' is a specific type of 'enumeration' (likely a data type or schema element), meaning every instance of the former is necessarily an instance of the latter."
LLMs4OL_SchemaOrg_SUB,pred,enumeration,measurementtypeenumeration,0,is_a,google/gemma-4-31b-it,A 'measurementtypeenumeration' is a specific kind of 'enumeration' used to define a set of measurement types.
LLMs4OL_SchemaOrg_SUB,pred,enumeration,certificationstatusenumeration,0,instance_of,google/gemma-4-31b-it,"'certificationstatusenumeration' is a specific named instance of a data type (an enumeration) used to define a particular set of values, rather than a general category of enumerations."
LLMs4OL_SchemaOrg_SUB,pred,enumeration,sizesystemenumeration,1,is_a,google/gemma-4-31b-it,"A 'sizesystemenumeration' is a specific type of 'enumeration' used to define a set of size systems, fitting the definition of a proper subsumption."
LLMs4OL_SchemaOrg_SUB,pred,enumeration,wearablemeasurementtypeenumeration,0,is_a,google/gemma-4-31b-it,A 'wearablemeasurementtypeenumeration' is a specific kind of 'enumeration' used to categorize types of measurements for wearables.
LLMs4OL_SchemaOrg_SUB,pred,enumeration,governmentbenefitstype,0,instance_of,google/gemma-4-31b-it,"'governmentbenefitstype' is a specific instance of a data type (an enumeration) used in a schema, rather than a subclass of the general concept of an enumeration."
LLMs4OL_SchemaOrg_SUB,pred,enumeration,medicalcode,1,is_a,google/gemma-4-31b-it,"A medical code is a specific type of enumeration (a predefined list of values), meaning every instance of a medical code is also an instance of an enumeration."
LLMs4OL_SchemaOrg_SUB,pred,enumeration,itemlistordertype,0,instance_of,google/gemma-4-31b-it,"'itemlistordertype' is a specific named enumeration (a data type) used in a schema, making it an instance of the general concept of an 'enumeration'."
LLMs4OL_SchemaOrg_SUB,pred,enumeration,measurementmethodenum,0,instance_of,google/gemma-4-31b-it,'measurementmethodenum' is a specific named enumeration (a data type or object) rather than a general category of enumerations.
LLMs4OL_SchemaOrg_SUB,pred,service,paymentservice,1,is_a,google/gemma-4-31b-it,"A payment service is a specific type of service, meaning every instance of a payment service is necessarily an instance of a service."
LLMs4OL_SchemaOrg_SUB,pred,service,taxiservice,0,is_a,google/gemma-4-31b-it,"A taxi service is a specific type of service, meaning every instance of a taxi service is necessarily an instance of a service."
LLMs4OL_SchemaOrg_SUB,pred,service,medicalprocedure,1,is_a,google/gemma-4-31b-it,"A medical procedure is a specific type of service provided to a patient, meaning every instance of a medical procedure is also an instance of a service."
LLMs4OL_SchemaOrg_SUB,pred,service,radiobroadcastservice,0,is_a,google/gemma-4-31b-it,"A radio broadcast service is a specific type of service, meaning every instance of a radio broadcast service is necessarily an instance of a service."
LLMs4OL_SchemaOrg_SUB,pred,service,entertainmentbusiness,1,other_related,google/gemma-4-31b-it,"An entertainment business is an organization that provides services, but it is not itself a type of service (which is an intangible offering)."
LLMs4OL_SchemaOrg_SUB,pred,service,legalservice,1,is_a,google/gemma-4-31b-it,"A legal service is a specific type of service, meaning every instance of a legal service is necessarily an instance of a service."
LLMs4OL_SchemaOrg_SUB,pred,service,emergencyservice,1,is_a,google/gemma-4-31b-it,"An emergency service is a specific type of service, meaning every instance of an emergency service is also an instance of a service."
LLMs4OL_SchemaOrg_SUB,pred,service,broadcastservice,0,is_a,google/gemma-4-31b-it,"A broadcast service is a specific type of service, meaning every instance of a broadcast service is necessarily an instance of a service."
LLMs4OL_SchemaOrg_SUB,pred,action,bookmarkaction,0,is_a,google/gemma-4-31b-it,"A bookmark action is a specific type of action, meaning every instance of a bookmark action is necessarily an instance of an action."
LLMs4OL_SchemaOrg_SUB,pred,action,authorizeaction,0,is_a,google/gemma-4-31b-it,Authorizing an action is a specific type of action.
LLMs4OL_SchemaOrg_SUB,pred,action,takeaction,0,is_a,google/gemma-4-31b-it,"'takeaction' is a specific type of 'action', meaning every instance of taking an action is an instance of an action."
LLMs4OL_SchemaOrg_SUB,pred,action,therapeuticprocedure,1,is_a,google/gemma-4-31b-it,"A therapeutic procedure is a specific type of action performed to treat a patient, meaning every instance of a therapeutic procedure is necessarily an instance of an action."
LLMs4OL_SchemaOrg_SUB,pred,action,tieaction,0,is_a,google/gemma-4-31b-it,A 'tieaction' (an action that ties something) is a specific type of 'action'.
LLMs4OL_SchemaOrg_SUB,pred,action,consumeaction,0,is_a,google/gemma-4-31b-it,"A 'consumeaction' is a specific type of 'action', meaning every instance of consuming is an instance of acting."
LLMs4OL_SchemaOrg_SUB,pred,action,allocateaction,0,is_a,google/gemma-4-31b-it,An 'allocateaction' (the act of allocating) is a specific type of 'action'.
LLMs4OL_SchemaOrg_SUB,pred,action,achieveaction,0,is_a,google/gemma-4-31b-it,"An 'achieveaction' is a specific type of 'action', meaning every instance of achieving something is fundamentally an action."
LLMs4OL_SchemaOrg_SUB,pred,action,organizeaction,0,is_a,google/gemma-4-31b-it,"An 'organizeaction' is a specific type of 'action', meaning every instance of organizing is inherently an instance of acting."
LLMs4OL_SchemaOrg_SUB,pred,action,createaction,0,is_a,google/gemma-4-31b-it,"A 'createaction' is a specific type of 'action', meaning every instance of creating something is fundamentally an action."
LLMs4OL_SchemaOrg_SUB,pred,action,findaction,0,is_a,google/gemma-4-31b-it,"A 'findaction' is a specific type of 'action', meaning every instance of a findaction is necessarily an instance of an action."
LLMs4OL_SchemaOrg_SUB,pred,action,eataction,0,is_a,google/gemma-4-31b-it,"Eating is a specific type of action, meaning every instance of an 'eataction' is necessarily an instance of an 'action'."
LLMs4OL_SchemaOrg_SUB,pred,action,transferaction,0,is_a,google/gemma-4-31b-it,"A transfer action is a specific type of action, meaning every instance of a transfer action is necessarily an instance of an action."
LLMs4OL_SchemaOrg_SUB,pred,action,assignaction,0,is_a,google/gemma-4-31b-it,An 'assignaction' (the act of assigning) is a specific type of 'action'.
LLMs4OL_SchemaOrg_SUB,pred,action,cookaction,0,is_a,google/gemma-4-31b-it,"Cooking is a specific type of action, meaning every instance of a cookaction is necessarily an instance of an action."
LLMs4OL_SchemaOrg_SUB,pred,action,conversation,1,is_a,google/gemma-4-31b-it,"A conversation is a specific type of social action or communicative act, meaning every instance of a conversation is also an instance of an action."
LLMs4OL_SchemaOrg_SUB,pred,clip,movieclip,0,is_a,google/gemma-4-31b-it,"A movieclip is a specific type of clip, meaning every instance of a movieclip is necessarily an instance of a clip."
LLMs4OL_SchemaOrg_SUB,pred,measurementtypeenumeration,wearablemeasurementtypeenumeration,0,is_a,google/gemma-4-31b-it,"A 'wearablemeasurementtypeenumeration' is a specific kind of 'measurementtypeenumeration' tailored for wearable devices, meaning every instance of the former is necessarily an instance of the latter."
LLMs4OL_SchemaOrg_SUB,pred,creativeworkseries,movieseries,0,is_a,google/gemma-4-31b-it,"Every movie series is, by definition, a type of creative work series."
LLMs4OL_SchemaOrg_SUB,pred,creativeworkseries,periodical,1,is_a,google/gemma-4-31b-it,"A periodical (such as a magazine or journal) is a specific type of creative work series, as it consists of a sequence of publications issued at regular intervals."
LLMs4OL_SchemaOrg_SUB,pred,creativeworkseries,radioseries,0,is_a,google/gemma-4-31b-it,"Every radio series is, by definition, a type of creative work series."
LLMs4OL_SchemaOrg_SUB,pred,creativeworkseries,comicseries,1,is_a,google/gemma-4-31b-it,"Every comic series is, by definition, a series of creative works, making it a specific subtype of a creative work series."
LLMs4OL_SchemaOrg_SUB,pred,imageobject,imageobjectsnapshot,0,is_a,google/gemma-4-31b-it,A snapshot of an image object is a specific type or instance of an image object.
LLMs4OL_SchemaOrg_SUB,pred,techarticle,howtostep,1,part_of,google/gemma-4-31b-it,"A 'howtostep' (a single step in a how-to guide) is a constituent component of a 'techarticle' (the overall technical document), not a type of technical article itself."
LLMs4OL_SchemaOrg_SUB,pred,series,movieseries,0,is_a,google/gemma-4-31b-it,"Every movie series is, by definition, a type of series."
LLMs4OL_SchemaOrg_SUB,pred,series,periodical,1,is_a,google/gemma-4-31b-it,"A periodical (such as a magazine or journal) is a specific type of series, as it consists of a sequence of publications issued at regular intervals."
LLMs4OL_SchemaOrg_SUB,pred,series,radioseries,0,is_a,google/gemma-4-31b-it,"Every radio series is, by definition, a type of series."
LLMs4OL_SchemaOrg_SUB,pred,series,creativeworkseries,0,is_a,google/gemma-4-31b-it,"A creative work series is a specific type of series, meaning every instance of a creative work series is necessarily an instance of a series."
LLMs4OL_SchemaOrg_SUB,pred,series,comicseries,1,is_a,google/gemma-4-31b-it,"Every comic series is a specific type of series, fitting the definition of proper subsumption."
LLMs4OL_SchemaOrg_SUB,pred,medicalprocedure,surgicalprocedure,0,is_a,google/gemma-4-31b-it,"Every surgical procedure is, by definition, a type of medical procedure."
LLMs4OL_SchemaOrg_SUB,pred,medicalprocedure,therapeuticprocedure,0,is_a,google/gemma-4-31b-it,"A therapeutic procedure is a specific type of medical procedure intended to treat or cure a condition, meaning every therapeutic procedure is by definition a medical procedure."
LLMs4OL_SchemaOrg_SUB,pred,medicalprocedure,medicaltherapy,0,is_a,google/gemma-4-31b-it,"A medical therapy is a specific type of medical procedure intended to treat a condition, meaning every instance of a therapy is also a medical procedure."
LLMs4OL_SchemaOrg_SUB,pred,therapeuticprocedure,surgicalprocedure,1,is_a,google/gemma-4-31b-it,"Every surgical procedure is, by definition, a type of therapeutic procedure intended to treat a condition."
LLMs4OL_SchemaOrg_SUB,pred,therapeuticprocedure,medicaltherapy,0,is_a,google/gemma-4-31b-it,"Medical therapy is a specific type of therapeutic procedure, meaning every instance of a medical therapy is by definition a therapeutic procedure."
LLMs4OL_SchemaOrg_SUB,pred,medicalentity,surgicalprocedure,0,is_a,google/gemma-4-31b-it,"Every surgical procedure is, by definition, a type of medical entity."
LLMs4OL_SchemaOrg_SUB,pred,medicalentity,therapeuticprocedure,0,is_a,google/gemma-4-31b-it,"A therapeutic procedure is a specific type of medical entity, meaning every instance of a therapeutic procedure is necessarily an instance of a medical entity."
LLMs4OL_SchemaOrg_SUB,pred,medicalentity,medicalintangible,0,is_a,google/gemma-4-31b-it,A medical intangible (such as a diagnosis or a medical concept) is a specific type of medical entity.
LLMs4OL_SchemaOrg_SUB,pred,medicalentity,medicalcode,0,is_a,google/gemma-4-31b-it,A medical code is a specific type of medical entity used for classification and identification.
LLMs4OL_SchemaOrg_SUB,pred,medicalentity,medicalprocedure,0,is_a,google/gemma-4-31b-it,"A medical procedure is a specific type of medical entity, meaning every instance of a procedure is necessarily an instance of a medical entity."
LLMs4OL_SchemaOrg_SUB,pred,medicalentity,medicaltherapy,0,is_a,google/gemma-4-31b-it,"A medical therapy is a specific type of medical entity, meaning every instance of a therapy is necessarily an instance of a medical entity."
LLMs4OL_SchemaOrg_SUB,pred,medicalentity,"medicalorganization (medicalorganization, researchorganization)",1,is_a,google/gemma-4-31b-it,"A medical organization is a specific type of entity within the medical domain, fitting the definition of a proper subsumption."
LLMs4OL_SchemaOrg_SUB,pred,intangible,surgicalprocedure,1,is_a,google/gemma-4-31b-it,"A surgical procedure is a type of activity or process that lacks physical substance, making it a kind of intangible entity."
LLMs4OL_SchemaOrg_SUB,pred,intangible,therapeuticprocedure,1,is_a,google/gemma-4-31b-it,"A therapeutic procedure is a type of action or process, which is conceptually intangible, meaning every instance of a therapeutic procedure is an instance of an intangible entity."
LLMs4OL_SchemaOrg_SUB,pred,intangible,governmentbenefitstype,1,attribute_of,google/gemma-4-31b-it,"A 'governmentbenefitstype' is a category or classification (an enumeration) used to describe a benefit, and while it is conceptually non-physical, it is not a ""kind of"" intangible entity in a taxonomic sense, but rather a metadata attribute used to describe one."
LLMs4OL_SchemaOrg_SUB,pred,intangible,medicalintangible,1,is_a,google/gemma-4-31b-it,"A medical intangible is a specific type of intangible entity, meaning every instance of a medical intangible is necessarily an instance of an intangible."
LLMs4OL_SchemaOrg_SUB,pred,intangible,ticket,0,is_a,google/gemma-4-31b-it,"A ticket is a type of intangible asset or entity (such as a digital right or a contractual claim), meaning every ticket is an instance of an intangible."
LLMs4OL_SchemaOrg_SUB,pred,intangible,medicalcode,1,is_a,google/gemma-4-31b-it,"A medical code is a specific type of intangible entity (a conceptual identifier), meaning every instance of a medical code is necessarily an instance of an intangible."
LLMs4OL_SchemaOrg_SUB,pred,intangible,sheetmusic,1,is_a,google/gemma-4-31b-it,"Sheet music is a specific type of creative work that represents an intangible composition, and since all sheet music is a form of intangible intellectual property, the subsumption holds."
LLMs4OL_SchemaOrg_SUB,pred,intangible,game,1,is_a,google/gemma-4-31b-it,"A game is a type of intangible asset or conceptual entity, meaning every instance of a game is also an instance of something intangible."
LLMs4OL_SchemaOrg_SUB,pred,intangible,legalservice,1,is_a,google/gemma-4-31b-it,"A legal service is a type of intangible offering or service, meaning every instance of a legal service is inherently an intangible entity."
LLMs4OL_SchemaOrg_SUB,pred,intangible,medicaltherapy,1,is_a,google/gemma-4-31b-it,"A medical therapy is a conceptual process or service that lacks physical substance, making it a type of intangible entity."
LLMs4OL_SchemaOrg_SUB,pred,intangible,imageobjectsnapshot,1,is_a,google/gemma-4-31b-it,"An image object snapshot is a digital representation or a specific state of an image object, making it an intangible entity."
LLMs4OL_SchemaOrg_SUB,pred,localbusiness,lodgingbusiness,0,is_a,google/gemma-4-31b-it,Every lodging business (such as a hotel or motel) is by definition a type of local business.
LLMs4OL_SchemaOrg_SUB,pred,localbusiness,pharmacy,1,is_a,google/gemma-4-31b-it,Every pharmacy that operates as a physical storefront is a type of local business.
LLMs4OL_SchemaOrg_SUB,pred,localbusiness,tenniscomplex,0,is_a,google/gemma-4-31b-it,"A tennis complex is a specific type of local business, meaning every instance of a tennis complex is also an instance of a local business."
LLMs4OL_SchemaOrg_SUB,pred,localbusiness,bakery,0,is_a,google/gemma-4-31b-it,Every bakery is by definition a type of local business.
LLMs4OL_SchemaOrg_SUB,pred,localbusiness,foodestablishment,0,is_a,google/gemma-4-31b-it,Every food establishment is by definition a type of local business.
LLMs4OL_SchemaOrg_SUB,pred,localbusiness,taxiservice,1,is_a,google/gemma-4-31b-it,"A taxi service is a specific type of local business, as any entity providing taxi services locally fits the definition of a local business."
LLMs4OL_SchemaOrg_SUB,pred,localbusiness,entertainmentbusiness,0,is_a,google/gemma-4-31b-it,"An entertainment business is a specific type of local business, meaning every instance of the former is necessarily an instance of the latter."
LLMs4OL_SchemaOrg_SUB,pred,localbusiness,busorcoach,1,other_related,google/gemma-4-31b-it,"A bus or coach is a vehicle (a physical object), whereas a local business is a commercial entity; a bus company is a business, but the vehicle itself is not."
LLMs4OL_SchemaOrg_SUB,pred,localbusiness,legalservice,0,is_a,google/gemma-4-31b-it,"A legal service provider is a specific type of local business, meaning every instance of a legal service is also an instance of a local business."
LLMs4OL_SchemaOrg_SUB,pred,localbusiness,motel,0,is_a,google/gemma-4-31b-it,Every motel is by definition a type of local business.
LLMs4OL_SchemaOrg_SUB,pred,localbusiness,emergencyservice,0,is_a,google/gemma-4-31b-it,An emergency service (such as a fire station or ambulance service) is a specific type of local business in the context of organizational classification.
LLMs4OL_SchemaOrg_SUB,pred,localbusiness,zoo,1,is_a,google/gemma-4-31b-it,"A zoo is a specific type of local business that provides services and exhibits for a fee, fitting the definition of a business operating within a local community."
LLMs4OL_SchemaOrg_SUB,pred,localbusiness,exercisegym,0,is_a,google/gemma-4-31b-it,"An exercise gym is a specific type of local business, meaning every instance of an exercise gym is necessarily an instance of a local business."
LLMs4OL_SchemaOrg_SUB,pred,localbusiness,sportsactivitylocation,0,is_a,google/gemma-4-31b-it,A sports activity location (such as a stadium or a gym) is a specific type of local business.
LLMs4OL_SchemaOrg_SUB,pred,localbusiness,"medicalorganization (medicalorganization, researchorganization)",1,other_related,google/gemma-4-31b-it,"While many medical organizations are local businesses (like a private clinic), not all medical organizations (such as a national health ministry or a global research institute) are local businesses."
LLMs4OL_SchemaOrg_SUB,pred,lodgingbusiness,motel,0,is_a,google/gemma-4-31b-it,Every motel is by definition a type of lodging business.
LLMs4OL_SchemaOrg_SUB,pred,organization,lodgingbusiness,0,is_a,google/gemma-4-31b-it,"Every lodging business is, by definition, a type of organization."
LLMs4OL_SchemaOrg_SUB,pred,organization,localbusiness,0,is_a,google/gemma-4-31b-it,"Every local business is, by definition, a type of organization."
LLMs4OL_SchemaOrg_SUB,pred,organization,pharmacy,0,is_a,google/gemma-4-31b-it,"Every pharmacy is, by definition, a type of organization."
LLMs4OL_SchemaOrg_SUB,pred,organization,bakery,0,is_a,google/gemma-4-31b-it,"A bakery is a specific type of organization (specifically a business organization), meaning every bakery is necessarily an organization."
LLMs4OL_SchemaOrg_SUB,pred,organization,foodestablishment,0,is_a,google/gemma-4-31b-it,"Every food establishment is, by definition, a type of organization."
LLMs4OL_SchemaOrg_SUB,pred,organization,taxiservice,1,is_a,google/gemma-4-31b-it,"A taxi service is a type of business or organization that provides transportation, meaning every taxi service is an instance of an organization."
LLMs4OL_SchemaOrg_SUB,pred,organization,"medicalorganization (medicalorganization, researchorganization)",0,is_a,google/gemma-4-31b-it,"Every medical organization is, by definition, a type of organization."
LLMs4OL_SchemaOrg_SUB,pred,organization,entertainmentbusiness,0,is_a,google/gemma-4-31b-it,"Every entertainment business is, by definition, a type of organization."
LLMs4OL_SchemaOrg_SUB,pred,organization,legalservice,0,is_a,google/gemma-4-31b-it,A legal service is a specific type of organization that provides legal assistance.
LLMs4OL_SchemaOrg_SUB,pred,organization,motel,0,is_a,google/gemma-4-31b-it,"A motel is a type of business entity, and all business entities are types of organizations."
LLMs4OL_SchemaOrg_SUB,pred,organization,tenniscomplex,0,is_a,google/gemma-4-31b-it,"A tennis complex is a type of organization (specifically a business or facility), meaning every instance of a tennis complex is also an instance of an organization."
LLMs4OL_SchemaOrg_SUB,pred,organization,radiobroadcastservice,1,other_related,google/gemma-4-31b-it,"A radio broadcast service is a function or offering provided by an organization, not a type of organization itself."
LLMs4OL_SchemaOrg_SUB,pred,organization,busorcoach,1,unrelated,google/gemma-4-31b-it,"A bus or coach is a vehicle (a physical object), whereas an organization is a social entity; while a bus company is an organization, the vehicle itself is not."
LLMs4OL_SchemaOrg_SUB,pred,organization,emergencyservice,0,is_a,google/gemma-4-31b-it,"An emergency service is a specific type of organization, meaning every instance of an emergency service is necessarily an instance of an organization."
LLMs4OL_SchemaOrg_SUB,pred,organization,zoo,1,is_a,google/gemma-4-31b-it,"A zoo is a type of organization (specifically a business or non-profit entity) that manages animals and staff, fitting the definition of a proper subsumption."
LLMs4OL_SchemaOrg_SUB,pred,organization,exercisegym,0,is_a,google/gemma-4-31b-it,"An exercise gym is a specific type of organization, as every instance of a gym is also an instance of an organization."
LLMs4OL_SchemaOrg_SUB,pred,organization,broadcastservice,1,other_related,google/gemma-4-31b-it,"A broadcast service is a function or offering provided by a broadcasting organization, but the service itself is not a type of organization."
LLMs4OL_SchemaOrg_SUB,pred,organization,governmentbuilding,1,located_in,google/gemma-4-31b-it,"A government building is a physical structure used by an organization, not a type of organization itself."
LLMs4OL_SchemaOrg_SUB,pred,place,lodgingbusiness,0,is_a,google/gemma-4-31b-it,"A lodging business is a specific type of place (a physical location where people stay), meaning every instance of a lodging business is also an instance of a place."
LLMs4OL_SchemaOrg_SUB,pred,place,localbusiness,0,is_a,google/gemma-4-31b-it,"A local business is a specific type of place (a physical location where business is conducted), meaning every instance of a local business is also an instance of a place."
LLMs4OL_SchemaOrg_SUB,pred,place,pharmacy,1,is_a,google/gemma-4-31b-it,"A pharmacy is a specific type of place, meaning every instance of a pharmacy is necessarily an instance of a place."
LLMs4OL_SchemaOrg_SUB,pred,place,tenniscomplex,0,is_a,google/gemma-4-31b-it,"A tennis complex is a specific type of place, meaning every instance of a tennis complex is necessarily an instance of a place."
LLMs4OL_SchemaOrg_SUB,pred,place,bakery,0,is_a,google/gemma-4-31b-it,"Every bakery is, by definition, a type of place."
LLMs4OL_SchemaOrg_SUB,pred,place,foodestablishment,0,is_a,google/gemma-4-31b-it,"Every food establishment is, by definition, a type of place."
LLMs4OL_SchemaOrg_SUB,pred,place,motel,0,is_a,google/gemma-4-31b-it,"Every motel is, by definition, a type of place."
LLMs4OL_SchemaOrg_SUB,pred,place,zoo,1,is_a,google/gemma-4-31b-it,"A zoo is a specific type of place, meaning every instance of a zoo is necessarily an instance of a place."
LLMs4OL_SchemaOrg_SUB,pred,place,civicstructure,1,is_a,google/gemma-4-31b-it,"A civic structure is a specific type of place, just as a bakery or a gym is a type of place."
LLMs4OL_SchemaOrg_SUB,pred,place,taxiservice,1,other_related,google/gemma-4-31b-it,"A taxi service is a business activity or service that may operate from a location, but it is not a type of physical place."
LLMs4OL_SchemaOrg_SUB,pred,place,"medicalorganization (medicalorganization, researchorganization)",1,located_in,google/gemma-4-31b-it,"A medical organization is an entity (organization) that may operate out of a physical location, but it is not a type of place itself."
LLMs4OL_SchemaOrg_SUB,pred,place,entertainmentbusiness,0,is_a,google/gemma-4-31b-it,"An entertainment business is a specific type of place (a physical location where business is conducted), meaning every instance of an entertainment business is also an instance of a place."
LLMs4OL_SchemaOrg_SUB,pred,place,busorcoach,1,located_in,google/gemma-4-31b-it,"A bus or coach is a vehicle that can be located in a place, but it is not a type of place, nor is it a component of one."
LLMs4OL_SchemaOrg_SUB,pred,place,legalservice,0,located_in,google/gemma-4-31b-it,"A legal service is a type of business or organization that operates from a physical location, but it is not a ""kind of"" place itself."
LLMs4OL_SchemaOrg_SUB,pred,place,organization,1,located_in,google/gemma-4-31b-it,"An organization is not a type of place, but rather an entity that is typically situated at or occupies a place."
LLMs4OL_SchemaOrg_SUB,pred,place,emergencyservice,0,located_in,google/gemma-4-31b-it,"An emergency service is a type of organization or business that operates from a physical location, but it is not a ""kind of"" place itself."
LLMs4OL_SchemaOrg_SUB,pred,place,exercisegym,0,is_a,google/gemma-4-31b-it,"An exercise gym is a specific type of place, meaning every instance of an exercise gym is necessarily an instance of a place."
LLMs4OL_SchemaOrg_SUB,pred,place,sportsactivitylocation,0,is_a,google/gemma-4-31b-it,"A sports activity location is a specific type of place, meaning every instance of a sports activity location is necessarily an instance of a place."
LLMs4OL_SchemaOrg_SUB,pred,place,governmentbuilding,1,is_a,google/gemma-4-31b-it,"Every government building is, by definition, a type of place."
LLMs4OL_SchemaOrg_SUB,pred,foodestablishment,bakery,0,is_a,google/gemma-4-31b-it,"Every bakery is, by definition, a type of food establishment."
LLMs4OL_SchemaOrg_SUB,pred,entertainmentbusiness,zoo,1,is_a,google/gemma-4-31b-it,"A zoo is a specific type of entertainment business, as every zoo functions as a business providing entertainment/education to the public."
LLMs4OL_SchemaOrg_SUB,pred,sportsactivitylocation,tenniscomplex,0,is_a,google/gemma-4-31b-it,"A tennis complex is a specific type of sports activity location, meaning every instance of a tennis complex is necessarily an instance of a sports activity location."
LLMs4OL_SchemaOrg_SUB,pred,sportsactivitylocation,exercisegym,0,is_a,google/gemma-4-31b-it,"An exercise gym is a specific type of location used for sports and physical activities, meaning every exercise gym is by definition a sports activity location."
LLMs4OL_SchemaOrg_SUB,pred,medicalintangible,therapeuticprocedure,1,other_related,google/gemma-4-31b-it,"A therapeutic procedure is a concrete action or process performed on a patient, whereas a medical intangible refers to non-physical entities (like codes or concepts), making the ""is-a"" claim logically incorrect."
LLMs4OL_SchemaOrg_SUB,pred,medicalintangible,medicalcode,0,is_a,google/gemma-4-31b-it,"A medical code is a specific type of medical intangible entity, as it is a conceptual representation rather than a physical object."
LLMs4OL_SchemaOrg_SUB,pred,medicalintangible,medicaltherapy,1,other_related,google/gemma-4-31b-it,"A medical therapy is a type of procedure or intervention (an action), whereas a medical intangible refers to non-physical entities like codes or concepts, making the ""is-a"" claim conceptually incorrect."
LLMs4OL_SchemaOrg_SUB,pred,consumeaction,eataction,0,is_a,google/gemma-4-31b-it,"Eating is a specific type of consuming, meaning every instance of an eating action is necessarily an instance of a consuming action."
LLMs4OL_SchemaOrg_SUB,pred,"medicalorganization (medicalorganization, researchorganization)",pharmacy,0,is_a,google/gemma-4-31b-it,"Every pharmacy is, by definition, a type of medical organization."
LLMs4OL_SchemaOrg_SUB,pred,civicstructure,tenniscomplex,1,other_related,google/gemma-4-31b-it,"A tennis complex is a specific type of facility that may be owned or operated by a municipality as a civic structure, but it is not inherently a kind of civic structure by definition."
LLMs4OL_SchemaOrg_SUB,pred,civicstructure,governmentbuilding,1,is_a,google/gemma-4-31b-it,"Every government building is, by definition, a type of civic structure."
LLMs4OL_SchemaOrg_SUB,pred,audience,peopleaudience,0,is_a,google/gemma-4-31b-it,"The term 'peopleaudience' is a specific type of 'audience' (one consisting of people), meaning every instance of a peopleaudience is necessarily an instance of an audience."
LLMs4OL_SchemaOrg_SUB,pred,createaction,cookaction,0,is_a,google/gemma-4-31b-it,"Cooking is a specific way of creating (food), so every instance of a cookaction is necessarily an instance of a createaction."
LLMs4OL_SchemaOrg_SUB,pred,event,bookmarkaction,1,is_a,google/gemma-4-31b-it,"A bookmark action is a specific type of event (an occurrence or activity), meaning every instance of a bookmark action is also an instance of an event."
LLMs4OL_SchemaOrg_SUB,pred,event,authorizeaction,1,is_a,google/gemma-4-31b-it,"An action that authorizes something is a specific type of event (an occurrence in time), making it a proper subsumption."
LLMs4OL_SchemaOrg_SUB,pred,event,takeaction,1,is_a,google/gemma-4-31b-it,Taking an action is a specific type of occurrence or event that happens in time.
LLMs4OL_SchemaOrg_SUB,pred,event,surgicalprocedure,1,is_a,google/gemma-4-31b-it,"A surgical procedure is a specific type of event (an occurrence with a beginning and an end), meaning every instance of a surgical procedure is also an instance of an event."
LLMs4OL_SchemaOrg_SUB,pred,event,therapeuticprocedure,1,is_a,google/gemma-4-31b-it,"A therapeutic procedure is a specific type of event (an occurrence with a beginning and an end), meaning every instance of a therapeutic procedure is also an instance of an event."
LLMs4OL_SchemaOrg_SUB,pred,event,tieaction,1,is_a,google/gemma-4-31b-it,"A 'tieaction' (an action that results in a tie) is a specific type of 'event', as all actions are events."
LLMs4OL_SchemaOrg_SUB,pred,event,consumeaction,1,is_a,google/gemma-4-31b-it,"A consumption action is a specific type of event (an occurrence in time and space), meaning every instance of a consumeaction is also an instance of an event."
LLMs4OL_SchemaOrg_SUB,pred,event,allocateaction,1,is_a,google/gemma-4-31b-it,"An action (specifically an allocation action) is a type of event in most ontological frameworks, as an event is a general occurrence and an action is a purposeful event."
LLMs4OL_SchemaOrg_SUB,pred,event,achieveaction,1,is_a,google/gemma-4-31b-it,"An action that achieves a goal is a specific type of event, as all actions are events."
LLMs4OL_SchemaOrg_SUB,pred,event,action,1,is_a,google/gemma-4-31b-it,"An action is a specific type of event characterized by intentionality or agency, meaning every action is necessarily an event."
LLMs4OL_SchemaOrg_SUB,pred,event,medicalprocedure,1,is_a,google/gemma-4-31b-it,"A medical procedure is a specific type of event (an occurrence with a beginning and an end), meaning every instance of a medical procedure is also an instance of an event."
LLMs4OL_SchemaOrg_SUB,pred,event,organizeaction,1,other_related,google/gemma-4-31b-it,"Organizing an action is a process that leads to or manages an event, but the act of organizing is not a type of event itself."
LLMs4OL_SchemaOrg_SUB,pred,event,createaction,1,is_a,google/gemma-4-31b-it,"A create action is a specific type of event (an occurrence in time), meaning every instance of a create action is necessarily an instance of an event."
LLMs4OL_SchemaOrg_SUB,pred,event,findaction,1,is_a,google/gemma-4-31b-it,"A 'findaction' (the act of searching or finding) is a specific type of 'event' (a thing that happens), meaning every instance of a findaction is necessarily an instance of an event."
LLMs4OL_SchemaOrg_SUB,pred,event,eataction,1,is_a,google/gemma-4-31b-it,"An eating action is a specific type of event (an occurrence in time and space), meaning every instance of an eating action is also an instance of an event."
LLMs4OL_SchemaOrg_SUB,pred,event,transferaction,1,is_a,google/gemma-4-31b-it,"A transfer action is a specific type of event, as any occurrence of transferring something is by definition an event."
LLMs4OL_SchemaOrg_SUB,pred,event,assignaction,1,is_a,google/gemma-4-31b-it,"An 'assignaction' (the act of assigning) is a specific type of 'event' (something that happens), as all actions are events."
LLMs4OL_SchemaOrg_SUB,pred,event,cookaction,1,is_a,google/gemma-4-31b-it,"A cooking action is a specific type of event (an occurrence in time and space), meaning every instance of a cookaction is also an instance of an event."
LLMs4OL_SchemaOrg_SUB,pred,event,conversation,1,is_a,google/gemma-4-31b-it,"A conversation is a specific type of event (a social occurrence that happens at a particular time and place), meaning every conversation is an instance of an event."
LLMs4OL_SchemaOrg_SUB,pred,product,ticket,1,is_a,google/gemma-4-31b-it,"A ticket is a type of product (specifically an intangible one) sold to a customer, meaning every ticket is a product."
LLMs4OL_SchemaOrg_SUB,pred,product,sheetmusic,1,is_a,google/gemma-4-31b-it,"Sheet music is a type of product that can be bought and sold, meaning every instance of sheet music is also an instance of a product."
LLMs4OL_SchemaOrg_SUB,pred,product,game,1,is_a,google/gemma-4-31b-it,"A game (whether physical or digital) is a type of product that can be bought and sold, fitting the definition of proper subsumption."
LLMs4OL_SchemaOrg_SUB,pred,product,sculpture,1,other_related,google/gemma-4-31b-it,"While a sculpture can be sold as a product, not every sculpture is a product (some are purely artistic expressions or public monuments), and the primary nature of a sculpture is a creative work rather than a commercial commodity."
LLMs4OL_SchemaOrg_SUB,pred,product,vehicle,0,is_a,google/gemma-4-31b-it,"Every vehicle is, by definition, a type of product."
LLMs4OL_SchemaOrg_SUB,pred,datatype,medicalcode,1,is_a,google/gemma-4-31b-it,"A medical code is a specific type of data representation or format, making it a kind of datatype."
LLMs4OL_SchemaOrg_SUB,pred,broadcastservice,radiobroadcastservice,0,is_a,google/gemma-4-31b-it,"A radio broadcast service is a specific type of broadcast service, meaning every instance of the former is necessarily an instance of the latter."
LLMs4OL_SchemaOrg_SUB,pred,vehicle,busorcoach,0,is_a,google/gemma-4-31b-it,Every bus or coach is by definition a type of vehicle.
LLMs4OL_SchemaOrg_SUB,pred,listitem,howtostep,0,is_a,google/gemma-4-31b-it,"A 'howtostep' is a specific type of 'listitem' used within a sequence of instructions, meaning every instance of a how-to step is fundamentally a list item."
LLMs4OL_SchemaOrg_SUB,pred,collection,itemlist,1,is_a,google/gemma-4-31b-it,"An item list is a specific type of collection used to organize items, meaning every item list is a collection."
LLMs4OL_SchemaOrg_SUB,pred,collection,creativeworkseries,1,other_related,google/gemma-4-31b-it,"A creative work series is a sequence of related works, whereas a collection is a grouping of works; while similar, a series is not a type of collection, but rather a specific way of organizing works that may be collected."
LLMs4OL_SchemaOrg_SUB,pred,collection,movieseries,1,is_a,google/gemma-4-31b-it,A movie series is a specific type of collection of related creative works.
LLMs4OL_SchemaOrg_SUB,pred,collection,radioseries,1,other_related,google/gemma-4-31b-it,"A radio series is a specific type of creative work organized as a sequence, whereas a collection is a grouping of items; while a series can be collected, it is not a taxonomic subtype of a collection."
LLMs4OL_SchemaOrg_SUB,pred,collection,comicseries,1,part_of,google/gemma-4-31b-it,"A comic series is not a type of collection, but rather a series of issues that can be gathered into a collection (such as a trade paperback or omnibus)."
LLMs4OL_SchemaOrg_SUB,pred,collection,series,1,is_a,google/gemma-4-31b-it,"A series is a specific type of collection (a group of related items), meaning every series is by definition a collection."
LLMs4OL_MatOnto_SUB,gt,derivedunit,scaled unit,,is_a,google/gemma-4-31b-it,"A scaled unit is a specific type of derived unit (one modified by a prefix), meaning every scaled unit is necessarily a derived unit."
LLMs4OL_MatOnto_SUB,gt,moleculecomponentcount,undefined stereo atom count,,is_a,google/gemma-4-31b-it,"An 'undefined stereo atom count' is a specific type of 'molecule component count' (a count of a specific type of component), meaning every instance of the former is necessarily an instance of the latter."
LLMs4OL_MatOnto_SUB,gt,object,organic group,,part_of,google/gemma-4-31b-it,"In chemistry, an organic group (such as a methyl or ethyl group) is a functional component or a structural fragment of a larger molecule (an object), rather than a type of object itself."
LLMs4OL_MatOnto_SUB,gt,object,atom,,is_a,google/gemma-4-31b-it,"An atom is a specific type of physical object (specifically an independent continuant), meaning every instance of an atom is necessarily an instance of an object."
LLMs4OL_MatOnto_SUB,gt,object,mixture,,is_a,google/gemma-4-31b-it,"A mixture is a specific type of physical object (specifically an independent continuant), meaning every instance of a mixture is necessarily an instance of an object."
LLMs4OL_MatOnto_SUB,gt,chemical quality,chemical formula,,attribute_of,google/gemma-4-31b-it,"A chemical formula is a symbolic representation or a descriptive attribute used to specify the composition of a chemical entity, rather than being a type of chemical quality itself."
LLMs4OL_MatOnto_SUB,gt,chemical quality,electronegativity,,is_a,google/gemma-4-31b-it,"Electronegativity is a specific type of chemical quality, meaning every instance of electronegativity is necessarily an instance of a chemical quality."
LLMs4OL_MatOnto_SUB,gt,chemical quality,chemical class,,other_related,google/gemma-4-31b-it,"A 'chemical class' (such as alcohols or alkanes) is a category used to group chemicals based on shared 'chemical qualities', but a class itself is not a type of quality."
LLMs4OL_MatOnto_SUB,gt,chemical quality,molecular center,,is_a,google/gemma-4-31b-it,A molecular center (such as a chiral center) is a specific type of chemical quality or property used to describe the spatial and chemical characteristics of a molecule.
LLMs4OL_MatOnto_SUB,gt,organic group,thiol group,,is_a,google/gemma-4-31b-it,"A thiol group is a specific type of organic functional group characterized by a sulfhydryl (-SH) moiety, meaning every thiol group is an organic group."
LLMs4OL_MatOnto_SUB,gt,organic group,general sulfinic acid group,,is_a,google/gemma-4-31b-it,"A general sulfinic acid group is a specific type of organic functional group, meaning every instance of a sulfinic acid group is necessarily an instance of an organic group."
LLMs4OL_MatOnto_SUB,gt,radiation unit,dose equivalent unit,,is_a,google/gemma-4-31b-it,"A dose equivalent unit (such as the sievert) is a specific type of radiation unit, meaning every dose equivalent unit is necessarily a radiation unit."
LLMs4OL_MatOnto_SUB,gt,cyclicity,acyclic,,is_a,google/gemma-4-31b-it,"Acyclicity is a specific state or type of cyclicity (the property of lacking cycles), meaning every instance of an acyclic structure is an instance of a structure characterized by its cyclicity status."
LLMs4OL_MatOnto_SUB,gt,aromaticity,aromatic,,is_a,google/gemma-4-31b-it,"'Aromaticity' is the abstract property or quality, while 'aromatic' is the specific state or quality of possessing that property."
LLMs4OL_MatOnto_SUB,gt,chemical formula,molecular formula,,is_a,google/gemma-4-31b-it,"A molecular formula is a specific type of chemical formula that indicates the exact number of atoms of each element in a molecule, meaning every molecular formula is necessarily a chemical formula."
LLMs4OL_MatOnto_SUB,gt,dependent_continuant,quality,,is_a,google/gemma-4-31b-it,"In ontological frameworks (such as BFO), a quality is defined as a type of dependent continuant because it cannot exist without a dependent bearer."
LLMs4OL_MatOnto_SUB,gt,independent_continuant,site,,is_a,google/gemma-4-31b-it,"In ontology and taxonomy (such as BFO), a 'site' is defined as a specific region or area of an entity, and since it is an entity that exists independently over time, it is a type of independent continuant."
LLMs4OL_MatOnto_SUB,gt,independent_continuant,object,,is_a,google/gemma-4-31b-it,"In ontological frameworks like BFO (Basic Formal Ontology), an 'object' (specifically a material entity) is a type of 'independent continuant' because it exists independently of other entities."
LLMs4OL_MatOnto_SUB,gt,homogeneous mixture,solution,,is_a,google/gemma-4-31b-it,"A solution is by definition a type of homogeneous mixture, meaning every instance of a solution is necessarily an instance of a homogeneous mixture."
LLMs4OL_MatOnto_SUB,gt,element,molybdenum,,is_a,google/gemma-4-31b-it,"Molybdenum is a specific type of chemical element, meaning every instance of molybdenum is necessarily an instance of an element."
LLMs4OL_MatOnto_SUB,gt,element,promethium,,is_a,google/gemma-4-31b-it,"Promethium is a specific type of chemical element, meaning every instance of promethium is necessarily an instance of an element."
LLMs4OL_MatOnto_SUB,gt,element,scandium,,is_a,google/gemma-4-31b-it,"Scandium is a specific type of chemical element, meaning every instance of scandium is necessarily an instance of an element."
LLMs4OL_MatOnto_SUB,gt,element,magnesium,,is_a,google/gemma-4-31b-it,"Magnesium is a specific type of chemical element, meaning every instance of magnesium is necessarily an instance of an element."
LLMs4OL_MatOnto_SUB,gt,element,darmstadtium,,instance_of,google/gemma-4-31b-it,"Darmstadtium is a specific chemical element, making it a member of the class of elements."
LLMs4OL_MatOnto_SUB,gt,element,xenon,,is_a,google/gemma-4-31b-it,"Xenon is a specific type of chemical element, meaning every instance of xenon is necessarily an instance of an element."
LLMs4OL_MatOnto_SUB,gt,concentration,amount of substance concentration,,is_a,google/gemma-4-31b-it,"An 'amount of substance concentration' is a specific type of 'concentration' (specifically one measured in moles per unit volume), meaning every instance of the former is necessarily an instance of the latter."
LLMs4OL_MatOnto_SUB,gt,molecularquality,moleculecomponentcount,,is_a,google/gemma-4-31b-it,"A count of molecular components is a specific type of molecular quality (a measured property of a molecule), meaning every instance of a component count is an instance of a molecular quality."
LLMs4OL_MatOnto_SUB,gt,molecularquality,identifier,,other_related,google/gemma-4-31b-it,"An identifier (such as a SMILES string or InChI) is a label or piece of data used to specify a molecular quality or entity, but it is not a type of molecular quality itself."
LLMs4OL_MatOnto_SUB,gt,molecularquality,cyclicity,,is_a,google/gemma-4-31b-it,"Cyclicity is a specific type of molecular quality (the property of being cyclic or acyclic), meaning every instance of cyclicity is a molecular quality."
LLMs4OL_MatOnto_SUB,gt,molecularquality,aromaticity,,is_a,google/gemma-4-31b-it,"Aromaticity is a specific type of molecular quality, meaning every instance of aromaticity is necessarily an instance of a molecular quality."
LLMs4OL_MatOnto_SUB,gt,organic compound,imine,,is_a,google/gemma-4-31b-it,An imine is a specific type of organic compound characterized by a carbon-nitrogen double bond.
LLMs4OL_MatOnto_SUB,gt,density unit,linear density unit,,is_a,google/gemma-4-31b-it,"A linear density unit (e.g., kg/m) is a specific type of density unit (e.g., kg/m³, kg/m²), meaning every linear density unit is necessarily a density unit."
LLMs4OL_MatOnto_SUB,gt,density unit,area density unit,,is_a,google/gemma-4-31b-it,An area density unit (such as grams per square meter) is a specific type of density unit.
LLMs4OL_MatOnto_SUB,gt,identifier,molecular formula,,is_a,google/gemma-4-31b-it,A molecular formula is a specific type of identifier used to uniquely represent the elemental composition of a molecule.
LLMs4OL_MatOnto_SUB,gt,mixture,homogeneous mixture,,is_a,google/gemma-4-31b-it,"Every homogeneous mixture is, by definition, a type of mixture."
LLMs4OL_MatOnto_SUB,gt,molecular center,chiral center,,is_a,google/gemma-4-31b-it,"A chiral center is a specific type of molecular center (a center of asymmetry within a molecule), meaning every chiral center is by definition a molecular center."
LLMs4OL_MatOnto_SUB,gt,angle,solid angle,,is_a,google/gemma-4-31b-it,"A solid angle is a specific type of angle (a 3D generalization of the 2D concept), meaning every instance of a solid angle is fundamentally a type of angle."
LLMs4OL_MatOnto_SUB,gt,scaled unit,peta scaled unit,,is_a,google/gemma-4-31b-it,"A 'peta scaled unit' is a specific type of 'scaled unit' characterized by the peta- prefix, meaning every peta scaled unit is necessarily a scaled unit."
LLMs4OL_MatOnto_SUB,gt,scaled unit,zepto scaled unit,,is_a,google/gemma-4-31b-it,"A 'zepto scaled unit' is a specific type of 'scaled unit' (specifically one scaled by $10^{-21}$), meaning every zepto scaled unit is necessarily a scaled unit."
LLMs4OL_MatOnto_SUB,gt,measured property,molecularquality,,is_a,google/gemma-4-31b-it,"A molecular quality is a specific type of quality that can be quantified or measured, making it a subclass of measured property."
LLMs4OL_MatOnto_SUB,gt,measured property,wavenumber,,is_a,google/gemma-4-31b-it,A wavenumber is a specific type of measured property used to describe the spatial frequency of a wave.
LLMs4OL_MatOnto_SUB,gt,measured property,permittivity,,is_a,google/gemma-4-31b-it,"Permittivity is a specific type of physical property that can be measured, making it a subclass of the general category of measured properties."
LLMs4OL_MatOnto_SUB,gt,measured property,radiation,,other_related,google/gemma-4-31b-it,"Radiation is a physical phenomenon or energy emission, whereas a measured property is a characteristic or attribute that can be quantified; radiation is not a type of property."
LLMs4OL_MatOnto_SUB,gt,measured property,density,,is_a,google/gemma-4-31b-it,"Density is a specific type of measured property, as any instance of density is necessarily an instance of a measured property."
LLMs4OL_MatOnto_SUB,gt,measured property,velocity,,is_a,google/gemma-4-31b-it,"Velocity is a specific type of measured property, as any instance of velocity is by definition an instance of a property that can be measured."
LLMs4OL_MatOnto_SUB,gt,measured property,surface tension,,is_a,google/gemma-4-31b-it,"Surface tension is a specific type of physical property that can be quantified, making it a subclass of measured properties."
LLMs4OL_MatOnto_SUB,gt,measured property,angular acceleration,,is_a,google/gemma-4-31b-it,"Angular acceleration is a specific type of measured property, as any instance of angular acceleration is by definition a measured property."
LLMs4OL_MatOnto_SUB,gt,measured property,molar entropy,,is_a,google/gemma-4-31b-it,"Molar entropy is a specific type of measured property (a thermodynamic property measured per mole of substance), meaning every instance of molar entropy is necessarily an instance of a measured property."
LLMs4OL_MatOnto_SUB,gt,measured property,electric resistance,,is_a,google/gemma-4-31b-it,"Electric resistance is a specific type of measured property, as any instance of electric resistance is necessarily an instance of a property that can be measured."
LLMs4OL_MatOnto_SUB,gt,measured property,temperature,,is_a,google/gemma-4-31b-it,"Temperature is a specific type of property that can be measured, meaning every instance of temperature is an instance of a measured property."
LLMs4OL_MatOnto_SUB,gt,measured property,intensive property,,is_a,google/gemma-4-31b-it,An intensive property (a physical property that does not depend on the system size or amount of material) is a specific type of measured property.
LLMs4OL_MatOnto_SUB,gt,measured property,angle,,is_a,google/gemma-4-31b-it,"An angle is a specific type of measured property (a quantitative characteristic of a geometric figure), meaning every instance of an angle is an instance of a measured property."
LLMs4OL_MatOnto_SUB,gt,measured property,magnetic flux,,is_a,google/gemma-4-31b-it,"Magnetic flux is a specific type of measured property (a physical quantity), meaning every instance of magnetic flux is necessarily an instance of a measured property."
LLMs4OL_MatOnto_SUB,gt,measured property,concentration,,is_a,google/gemma-4-31b-it,"Concentration is a specific type of measured property, as any instance of a concentration measurement is necessarily an instance of a measured property."
LLMs4OL_MatOnto_SUB,gt,measured property,count,,is_a,google/gemma-4-31b-it,A count is a specific type of measured property used to determine the number of elements in a set.
LLMs4OL_MatOnto_SUB,gt,electronegativity,pauling electronegativity,,is_a,google/gemma-4-31b-it,"Pauling electronegativity is a specific scale or method of measuring the general property of electronegativity, meaning every instance of Pauling electronegativity is a type of electronegativity."
LLMs4OL_MatOnto_SUB,gt,electronegativity,mulliken electronegativity,,is_a,google/gemma-4-31b-it,"Mulliken electronegativity is a specific method or scale used to define and measure the general concept of electronegativity, making it a subtype of that concept."
LLMs4OL_MatOnto_SUB,gt,intensive property,flexural modulus,,is_a,google/gemma-4-31b-it,"Flexural modulus is a specific type of intensive property (a physical property that does not depend on the amount of substance present), meaning every instance of flexural modulus is necessarily an instance of an intensive property."
LLMs4OL_MatOnto_SUB,gt,continuant,independent_continuant,,is_a,google/gemma-4-31b-it,"In formal ontology (such as BFO), an independent continuant is defined as a type of continuant that can exist on its own, meaning every independent continuant is by definition a continuant."
LLMs4OL_MatOnto_SUB,gt,continuant,dependent_continuant,,is_a,google/gemma-4-31b-it,"In formal ontology (such as BFO), a dependent continuant is defined as a type of continuant that cannot exist without a dependent relationship to another entity, meaning every dependent continuant is by definition a continuant."
LLMs4OL_MatOnto_SUB,gt,ion,anion,,is_a,google/gemma-4-31b-it,"An anion is by definition a type of ion (specifically a negatively charged one), meaning every anion is necessarily an ion."
LLMs4OL_MatOnto_SUB,gt,periodic table element,periodic block,,part_of,google/gemma-4-31b-it,"A periodic block (such as the s-block or p-block) is a structural region or section of the periodic table, not a type of chemical element itself."
LLMs4OL_MatOnto_SUB,gt,quality,measured property,,is_a,google/gemma-4-31b-it,"A measured property is a specific type of quality that can be quantified via a measurement process, meaning every measured property is necessarily a quality."
LLMs4OL_MatOnto_SUB,gt,quality,chemical quality,,is_a,google/gemma-4-31b-it,"A chemical quality is a specific type of quality, meaning every instance of a chemical quality is necessarily an instance of a quality."
LLMs4OL_MatOnto_SUB,gt,periodic block,p-block element,,located_in,google/gemma-4-31b-it,"A 'p-block element' is a specific type of chemical element, whereas a 'periodic block' is a structural region of the periodic table; an element is not a kind of block, but rather is located within one."
LLMs4OL_MatOnto_SUB,gt,carbon allotrope,fullerene,,is_a,google/gemma-4-31b-it,"A fullerene is a specific type of carbon allotrope, meaning every fullerene is by definition a carbon allotrope."
LLMs4OL_MatOnto_SUB,gt,carbon allotrope,chaoite,,is_a,google/gemma-4-31b-it,"Chaoite is a specific crystalline form of carbon, making it a type of carbon allotrope."
LLMs4OL_MatOnto_SUB,gt,electromagnetic radiation unit,luminous flux unit,,is_a,google/gemma-4-31b-it,"A unit of luminous flux (such as the lumen) is a specific type of unit used to measure electromagnetic radiation (specifically visible light), meaning every luminous flux unit is an electromagnetic radiation unit."
LLMs4OL_MatOnto_SUB,gt,atom,rubidium atom,,is_a,google/gemma-4-31b-it,"Every rubidium atom is, by definition, a type of atom."
LLMs4OL_MatOnto_SUB,gt,atom,gallium atom,,is_a,google/gemma-4-31b-it,"A gallium atom is a specific type of atom, meaning every instance of a gallium atom is necessarily an instance of an atom."
LLMs4OL_MatOnto_SUB,gt,atom,tellurium atom,,is_a,google/gemma-4-31b-it,"A tellurium atom is a specific type of atom, meaning every instance of a tellurium atom is necessarily an instance of the general class of atoms."
LLMs4OL_MatOnto_SUB,gt,atom,curium atom,,is_a,google/gemma-4-31b-it,"A curium atom is a specific type of atom, meaning every instance of a curium atom is necessarily an instance of the general class of atoms."
LLMs4OL_MatOnto_SUB,gt,atom,potassium atom,,is_a,google/gemma-4-31b-it,"Every potassium atom is, by definition, a type of atom."
LLMs4OL_MatOnto_SUB,gt,atom,terbium atom,,is_a,google/gemma-4-31b-it,"Every terbium atom is, by definition, a type of atom."
LLMs4OL_MatOnto_SUB,gt,radiation,exposure,,attribute_of,google/gemma-4-31b-it,"Exposure is a measurement or quality resulting from being subjected to radiation, rather than a type of radiation itself."
LLMs4OL_MatOnto_SUB,gt,material,ceramic material,,is_a,google/gemma-4-31b-it,"Every ceramic material is, by definition, a type of material."
LLMs4OL_MatOnto_SUB,gt,unit,electromagnetic radiation unit,,is_a,google/gemma-4-31b-it,"An electromagnetic radiation unit is a specific type of unit used for measurement, meaning every instance of the former is necessarily an instance of the latter."
LLMs4OL_MatOnto_SUB,gt,unit,catalytic activity unit,,is_a,google/gemma-4-31b-it,"A catalytic activity unit is a specific type of unit used for measurement, meaning every instance of a catalytic activity unit is necessarily an instance of a unit."
LLMs4OL_MatOnto_SUB,gt,unit,derivedunit,,is_a,google/gemma-4-31b-it,"A derived unit is a specific type of unit (one formed by combining base units), meaning every instance of a derived unit is necessarily an instance of a unit."
LLMs4OL_MatOnto_SUB,gt,unit,conduction unit,,is_a,google/gemma-4-31b-it,"A conduction unit is a specific type of unit used for measurement, meaning every instance of a conduction unit is necessarily an instance of a unit."
LLMs4OL_MatOnto_SUB,gt,unit,molar mass unit,,is_a,google/gemma-4-31b-it,"A molar mass unit (such as g/mol) is a specific type of unit used for measurement, meaning every molar mass unit is necessarily a unit."
LLMs4OL_MatOnto_SUB,gt,unit,energy unit,,is_a,google/gemma-4-31b-it,"An energy unit (such as a Joule) is a specific type of unit of measurement, meaning every energy unit is necessarily a unit."
LLMs4OL_MatOnto_SUB,gt,unit,density unit,,is_a,google/gemma-4-31b-it,Every density unit (such as $\text{kg/m}^3$) is by definition a type of unit of measurement.
LLMs4OL_MatOnto_SUB,gt,unit,electric resistance unit,,is_a,google/gemma-4-31b-it,"An electric resistance unit (such as the ohm) is a specific type of unit used for measurement, meaning every electric resistance unit is necessarily a unit."
LLMs4OL_MatOnto_SUB,gt,unit,moment of force unit,,is_a,google/gemma-4-31b-it,A 'moment of force unit' (such as the Newton-meter) is a specific type of 'unit' used for measurement.
LLMs4OL_MatOnto_SUB,gt,unit,electric current unit,,is_a,google/gemma-4-31b-it,"An electric current unit (such as the ampere) is a specific type of unit used for measurement, meaning every electric current unit is necessarily a unit."
LLMs4OL_MatOnto_SUB,gt,unit,molecular mass unit,,is_a,google/gemma-4-31b-it,"A molecular mass unit is a specific type of unit used for measurement, meaning every instance of a molecular mass unit is necessarily an instance of a unit."
LLMs4OL_MatOnto_SUB,gt,unit,radiation unit,,is_a,google/gemma-4-31b-it,"A radiation unit (such as the Gray or Sievert) is a specific type of unit used for measurement, meaning every radiation unit is necessarily a unit."
LLMs4OL_MatOnto_SUB,gt,unit raised to power,unit raised to power of three,,is_a,google/gemma-4-31b-it,"Any unit raised to the power of three is, by definition, a specific case of a unit raised to a power."
LLMs4OL_MatOnto_SUB,gt,unit raised to power,unit raised to power of negative one,,is_a,google/gemma-4-31b-it,"A 'unit raised to power of negative one' is a specific type of 'unit raised to power', meaning every instance of the former is necessarily an instance of the latter."
LLMs4OL_MatOnto_SUB,pred,derivedunit,unit raised to power of three,1,is_a,google/gemma-4-31b-it,"A unit raised to the power of three (such as a cubic meter) is a specific type of derived unit, as it is formed by combining base units through multiplication."
LLMs4OL_MatOnto_SUB,pred,measured property,magnetic flux,0,is_a,google/gemma-4-31b-it,"Magnetic flux is a specific type of physical quantity that can be measured, making it a member of the class of measured properties."
LLMs4OL_MatOnto_SUB,pred,measured property,concentration,0,is_a,google/gemma-4-31b-it,"Concentration is a specific type of measured property, as any instance of a concentration measurement is necessarily an instance of a measured property."
LLMs4OL_MatOnto_SUB,pred,continuant,molybdenum,1,is_a,google/gemma-4-31b-it,"In Basic Formal Ontology (BFO), a 'continuant' is an entity that persists through time, and since molybdenum (as a chemical element/substance) is a type of material entity, it is by definition a continuant."
LLMs4OL_MatOnto_SUB,pred,continuant,terbium atom,0,is_a,google/gemma-4-31b-it,"In basic ontology (such as BFO), a continuant is an entity that persists through time, and since a terbium atom is a physical object that persists, it is a type of continuant."
LLMs4OL_MatOnto_SUB,pred,quality,intensive property,0,is_a,google/gemma-4-31b-it,"An intensive property is a specific type of quality (one that does not depend on the size or amount of the system), meaning every intensive property is necessarily a quality."
LLMs4OL_MatOnto_SUB,pred,chemical formula,molecular formula,0,is_a,google/gemma-4-31b-it,"A molecular formula is a specific type of chemical formula that indicates the exact number of atoms of each element in a molecule, meaning every molecular formula is by definition a chemical formula."
LLMs4OL_MatOnto_SUB,pred,continuant,fullerene,1,is_a,google/gemma-4-31b-it,"In Basic Formal Ontology (BFO), a continuant is an entity that persists through time, and since a fullerene is a physical object (a carbon allotrope), it is a type of continuant."
LLMs4OL_MatOnto_SUB,pred,chemical class,ion,1,is_a,google/gemma-4-31b-it,"An ion is a specific type of chemical class (a category of chemical species), meaning every instance of an ion is necessarily an instance of a chemical class."
LLMs4OL_MatOnto_SUB,pred,"independent_continuant (independent_continuant, object)",scandium,1,is_a,google/gemma-4-31b-it,"Scandium is a chemical element, and since elements are types of matter/substances that are independent continuants in ontological frameworks (like BFO), every instance of scandium is an instance of an independent continuant."
LLMs4OL_MatOnto_SUB,pred,density unit,linear density unit,0,is_a,google/gemma-4-31b-it,"A linear density unit (such as kg/m) is a specific type of density unit (which encompasses linear, area, and volumetric densities)."
LLMs4OL_MatOnto_SUB,pred,"independent_continuant (independent_continuant, object)",moleculecomponentcount,1,attribute_of,google/gemma-4-31b-it,"A 'moleculecomponentcount' is a measurement or quality (a dependent continuant) that describes a property of a molecule, whereas an 'independent_continuant' is a standalone entity (like an atom or object); therefore, the count is an attribute of the entity it measures."
LLMs4OL_MatOnto_SUB,pred,measured property,flexural modulus,0,is_a,google/gemma-4-31b-it,"Flexural modulus is a specific type of property that can be quantified through measurement, making it a subclass of measured property."
LLMs4OL_MatOnto_SUB,pred,quality,radiation,0,other_related,google/gemma-4-31b-it,"Radiation is a physical phenomenon or process (the emission of energy), whereas a quality is a property or characteristic of an object; radiation is not a type of quality."
LLMs4OL_MatOnto_SUB,pred,chemical class,anion,1,is_a,google/gemma-4-31b-it,"An anion is a type of ion, and an ion is a type of chemical class, meaning every instance of an anion is necessarily an instance of a chemical class."
LLMs4OL_MatOnto_SUB,pred,radiation unit,dose equivalent unit,0,is_a,google/gemma-4-31b-it,A dose equivalent unit (such as the sievert) is a specific type of radiation unit.
LLMs4OL_MatOnto_SUB,pred,"independent_continuant (independent_continuant, object)",general sulfinic acid group,0,is_a,google/gemma-4-31b-it,"A general sulfinic acid group is a type of chemical entity (an organic group) that exists as a physical entity in space and time, thus fitting the definition of an independent continuant."
LLMs4OL_MatOnto_SUB,pred,measured property,solid angle,0,is_a,google/gemma-4-31b-it,"A solid angle is a specific type of measurable physical quantity, making it a subclass of measured properties."
LLMs4OL_MatOnto_SUB,pred,intensive property,wavenumber,1,is_a,google/gemma-4-31b-it,"Wavenumber is a physical quantity that does not depend on the size or amount of the system it describes, making it a type of intensive property."
LLMs4OL_MatOnto_SUB,pred,chemical class,p-block element,1,attribute_of,google/gemma-4-31b-it,"A 'p-block element' is a specific type of chemical element, and while it belongs to a chemical category, 'chemical class' (defined here as a quality or dependent continuant) refers to a property or classification rather than the physical substance itself."
LLMs4OL_MatOnto_SUB,pred,continuant,ion,1,is_a,google/gemma-4-31b-it,"In the context of formal ontologies (like BFO), a 'continuant' is an entity that persists through time, and an 'ion' (a type of atom or molecule) is a physical entity that fits this definition."
LLMs4OL_MatOnto_SUB,pred,derivedunit,unit raised to power,1,is_a,google/gemma-4-31b-it,"A unit raised to a power (such as $\text{m}^2$ or $\text{s}^{-1}$) is a specific type of derived unit, as it is formed by combining base units through mathematical operations."
LLMs4OL_MatOnto_SUB,pred,quality,density,0,is_a,google/gemma-4-31b-it,"Density is a specific type of physical quality (a measured property), meaning every instance of density is necessarily an instance of a quality."
LLMs4OL_MatOnto_SUB,pred,continuant,curium atom,0,is_a,google/gemma-4-31b-it,"In ontology (such as BFO), a continuant is an entity that persists through time, and since a curium atom is a physical object that persists, it is a type of continuant."
LLMs4OL_MatOnto_SUB,pred,"independent_continuant (independent_continuant, object)",solution,0,is_a,google/gemma-4-31b-it,"A solution is a type of homogeneous mixture, which is a type of object, and since objects are independent continuants in basic ontological frameworks, every solution is necessarily an independent continuant."
LLMs4OL_MatOnto_SUB,pred,continuant,chaoite,1,is_a,google/gemma-4-31b-it,"In Basic Formal Ontology (BFO), a 'continuant' is an entity that persists through time (such as an object or a material), and since 'chaoite' is a mineral/carbon allotrope (a physical object), it is a type of continuant."
LLMs4OL_MatOnto_SUB,pred,mixture,solution,0,is_a,google/gemma-4-31b-it,"A solution is a specific type of mixture (specifically a homogeneous one), meaning every solution is by definition a mixture."
LLMs4OL_MatOnto_SUB,pred,"independent_continuant (independent_continuant, object)",anion,1,is_a,google/gemma-4-31b-it,"An anion is a type of ion, and since ions are physical entities that exist independently in space and time, they are categorized as independent continuants."
LLMs4OL_MatOnto_SUB,pred,concentration,amount of substance concentration,0,is_a,google/gemma-4-31b-it,"An 'amount of substance concentration' is a specific type of 'concentration' (specifically one measured in moles per unit volume), meaning every instance of the former is necessarily an instance of the latter."
LLMs4OL_MatOnto_SUB,pred,derivedunit,electromagnetic radiation unit,1,is_a,google/gemma-4-31b-it,"An electromagnetic radiation unit (such as the hertz or the photon energy unit) is a specific type of unit that is derived from base units, meaning every instance of the former is necessarily an instance of the latter."
LLMs4OL_MatOnto_SUB,pred,identifier,molecular formula,0,is_a,google/gemma-4-31b-it,A molecular formula is a specific type of identifier used to uniquely represent the elemental composition of a molecule.
LLMs4OL_MatOnto_SUB,pred,unit,unit raised to power of negative one,1,is_a,google/gemma-4-31b-it,A unit raised to the power of negative one (such as $s^{-1}$ for frequency) is still a type of unit used for measurement.
LLMs4OL_MatOnto_SUB,pred,quality,amount of substance concentration,0,is_a,google/gemma-4-31b-it,Amount of substance concentration is a specific type of quality (specifically a measured property) that describes a characteristic of a substance.
LLMs4OL_MatOnto_SUB,pred,unit,electromagnetic radiation unit,0,is_a,google/gemma-4-31b-it,"An electromagnetic radiation unit is a specific type of unit used for measurement, meaning every instance of the former is necessarily an instance of the latter."
LLMs4OL_MatOnto_SUB,pred,derivedunit,linear density unit,1,is_a,google/gemma-4-31b-it,A linear density unit (such as kg/m) is a specific type of derived unit because it is created by combining base units of mass and length.
LLMs4OL_MatOnto_SUB,pred,"chemical quality (chemical quality, molecularquality)",molar entropy,1,is_a,google/gemma-4-31b-it,"Molar entropy is a specific type of chemical quality (a measurable property of a chemical substance), meaning every instance of molar entropy is necessarily an instance of a chemical quality."
LLMs4OL_MatOnto_SUB,pred,atom,tellurium atom,0,is_a,google/gemma-4-31b-it,"A tellurium atom is a specific type of atom, meaning every instance of a tellurium atom is necessarily an instance of the general class of atoms."
LLMs4OL_MatOnto_SUB,pred,"independent_continuant (independent_continuant, object)",curium atom,0,is_a,google/gemma-4-31b-it,"A curium atom is a specific type of atom, and since atoms are independent continuants (entities that exist in time and space independently of other entities), every curium atom is necessarily an independent continuant."
LLMs4OL_MatOnto_SUB,pred,derivedunit,peta scaled unit,0,is_a,google/gemma-4-31b-it,"A 'peta scaled unit' is a specific type of 'derivedunit' (as it is a unit modified by a prefix), meaning every instance of the former is necessarily an instance of the latter."
LLMs4OL_MatOnto_SUB,pred,"independent_continuant (independent_continuant, object)",promethium,1,is_a,google/gemma-4-31b-it,"Promethium is a chemical element, and in ontological frameworks like BFO, elements (and the atoms/substances they represent) are types of independent continuants."
LLMs4OL_MatOnto_SUB,pred,measured property,moleculecomponentcount,0,is_a,google/gemma-4-31b-it,The count of components in a molecule is a specific type of measured property.
LLMs4OL_MatOnto_SUB,pred,measured property,aromaticity,0,is_a,google/gemma-4-31b-it,"Aromaticity is a specific type of molecular quality that can be quantified or measured, making it a subclass of measured properties."
LLMs4OL_MatOnto_SUB,pred,continuant,solution,0,is_a,google/gemma-4-31b-it,"In the context of formal ontologies (like BFO), a 'continuant' is an entity that persists through time, and a 'solution' (as a physical object/mixture) is a type of entity that persists through time."
LLMs4OL_MatOnto_SUB,pred,intensive property,concentration,1,is_a,google/gemma-4-31b-it,Concentration is a specific type of intensive property because it is a physical property of a system that does not depend on the system's size or shape.
LLMs4OL_MatOnto_SUB,pred,quality,permittivity,0,is_a,google/gemma-4-31b-it,"Permittivity is a specific type of physical property or quality of a material, meaning every instance of permittivity is necessarily an instance of a quality."
LLMs4OL_MatOnto_SUB,pred,continuant,scandium,1,is_a,google/gemma-4-31b-it,"In Basic Formal Ontology (BFO), a continuant is an entity that persists through time, and since scandium is a chemical element (a type of material entity), it is by definition a kind of continuant."
LLMs4OL_MatOnto_SUB,pred,intensive property,density,1,is_a,google/gemma-4-31b-it,Density is a specific type of intensive property because it is a physical property of a system that does not depend on the system size or amount of material.
LLMs4OL_MatOnto_SUB,pred,"independent_continuant (independent_continuant, object)",site,0,is_a,google/gemma-4-31b-it,"In ontological frameworks (like BFO), a 'site' is a specific type of 'independent continuant' (an entity that exists on its own and persists through time), meaning every site is necessarily an independent continuant."
LLMs4OL_MatOnto_SUB,pred,continuant,carbon allotrope,1,is_a,google/gemma-4-31b-it,"In Basic Formal Ontology (BFO), a 'continuant' is an entity that persists through time, and since a 'carbon allotrope' (such as diamond or graphite) is a physical entity that persists through time, it is a type of continuant."
LLMs4OL_MatOnto_SUB,pred,quality,undefined stereo atom count,0,is_a,google/gemma-4-31b-it,"An 'undefined stereo atom count' is a specific type of molecular quality (a measured property), and since 'quality' is the general class for such properties, the subsumption holds."
LLMs4OL_MatOnto_SUB,pred,intensive property,velocity,1,is_a,google/gemma-4-31b-it,Velocity is a type of intensive property because its value does not depend on the amount of matter present in the system.
LLMs4OL_MatOnto_SUB,pred,continuant,anion,1,is_a,google/gemma-4-31b-it,"In Basic Formal Ontology (BFO), a continuant is an entity that persists through time, and since an anion is a physical entity (a type of ion), it is a kind of continuant."
LLMs4OL_MatOnto_SUB,pred,unit,density unit,0,is_a,google/gemma-4-31b-it,"A density unit (such as $\text{g/cm}^3$) is a specific type of unit of measurement, meaning every density unit is necessarily a unit."
LLMs4OL_MatOnto_SUB,pred,intensive property,amount of substance concentration,1,is_a,google/gemma-4-31b-it,An amount of substance concentration is a specific type of intensive property because its value does not depend on the total amount of matter present in the system.
LLMs4OL_MatOnto_SUB,pred,unit,electric current unit,0,is_a,google/gemma-4-31b-it,An electric current unit (such as the ampere) is a specific type of unit of measurement.
LLMs4OL_MatOnto_SUB,pred,periodic table element,magnesium,1,is_a,google/gemma-4-31b-it,"Magnesium is a specific chemical element, and every instance of magnesium is an instance of a periodic table element."
LLMs4OL_MatOnto_SUB,pred,"chemical quality (chemical quality, molecularquality)",undefined stereo atom count,0,is_a,google/gemma-4-31b-it,"An 'undefined stereo atom count' is a specific type of chemical quality (specifically a molecular component count), meaning every instance of the former is necessarily an instance of the latter."
LLMs4OL_MatOnto_SUB,pred,"independent_continuant (independent_continuant, object)",p-block element,1,is_a,google/gemma-4-31b-it,"A p-block element is a type of chemical element (which is a kind of atom/matter), and since atoms and objects are categorized as independent continuants in this ontology, every p-block element is necessarily an independent continuant."
LLMs4OL_MatOnto_SUB,pred,derivedunit,moment of force unit,1,is_a,google/gemma-4-31b-it,A unit of moment of force (such as the Newton-meter) is a specific type of derived unit because it is defined in terms of base units.
LLMs4OL_MatOnto_SUB,pred,intensive property,flexural modulus,0,is_a,google/gemma-4-31b-it,"Flexural modulus is a specific type of intensive property (a physical property that does not depend on the amount of substance present), meaning every instance of flexural modulus is necessarily an instance of an intensive property."
LLMs4OL_MatOnto_SUB,pred,atom,terbium atom,0,is_a,google/gemma-4-31b-it,"Every terbium atom is, by definition, a type of atom."
LLMs4OL_MatOnto_SUB,pred,element,magnesium,0,is_a,google/gemma-4-31b-it,"Magnesium is a specific type of chemical element, meaning every instance of magnesium is necessarily an instance of an element."
LLMs4OL_MatOnto_SUB,pred,quality,flexural modulus,0,is_a,google/gemma-4-31b-it,"Flexural modulus is a specific type of mechanical property, and in ontological frameworks (like BFO), a property or measured property is a subclass of quality."
LLMs4OL_MatOnto_SUB,pred,identifier,chemical formula,1,is_a,google/gemma-4-31b-it,A chemical formula is a specific type of identifier used to represent the elemental composition of a substance.
LLMs4OL_MatOnto_SUB,pred,unit,unit raised to power,1,is_a,google/gemma-4-31b-it,"A 'unit raised to power' (such as $\text{m}^2$) is a specific type of 'unit', as any instance of a unit raised to a power is still fundamentally a unit of measurement."
LLMs4OL_MatOnto_SUB,pred,continuant,tellurium atom,0,is_a,google/gemma-4-31b-it,"In formal ontology (such as BFO), a continuant is an entity that persists through time, and since a tellurium atom is a physical object that persists, it is a type of continuant."
LLMs4OL_MatOnto_SUB,pred,derivedunit,area density unit,1,is_a,google/gemma-4-31b-it,An area density unit (such as g/m²) is a specific type of derived unit because it is created by combining base units of mass and area.
LLMs4OL_MatOnto_SUB,pred,material,element,1,is_a,google/gemma-4-31b-it,An element (such as gold or oxygen) is a specific type of material.
LLMs4OL_MatOnto_SUB,pred,"chemical quality (chemical quality, molecularquality)",concentration,1,is_a,google/gemma-4-31b-it,"Concentration is a specific type of chemical quality (a measured property of a chemical substance), meaning every instance of concentration is necessarily an instance of a chemical quality."
LLMs4OL_MatOnto_SUB,pred,quality,concentration,0,is_a,google/gemma-4-31b-it,Concentration is a specific type of quality (specifically a measured property) that describes the amount of a substance in a given volume.
LLMs4OL_MatOnto_SUB,pred,"independent_continuant (independent_continuant, object)",carbon allotrope,1,is_a,google/gemma-4-31b-it,"A carbon allotrope is a specific type of physical entity that exists independently in time and space, thus fitting the definition of an independent continuant."
LLMs4OL_MatOnto_SUB,pred,material,p-block element,1,made_of,google/gemma-4-31b-it,"A p-block element is a type of chemical element, and chemical elements are the fundamental substances that constitute all materials."
LLMs4OL_MatOnto_SUB,pred,quality,velocity,0,is_a,google/gemma-4-31b-it,"Velocity is a specific type of quality (specifically a measured property of a physical object), meaning every instance of velocity is an instance of a quality."
LLMs4OL_MatOnto_SUB,pred,material,mixture,1,is_a,google/gemma-4-31b-it,"A mixture is a specific type of material (a substance composed of two or more constituent materials), meaning every mixture is necessarily a material."
LLMs4OL_MatOnto_SUB,pred,chemical class,fullerene,1,is_a,google/gemma-4-31b-it,"A fullerene is a specific type of chemical class (specifically a class of carbon allotropes), meaning every fullerene is by definition a member of a chemical class."
LLMs4OL_MatOnto_SUB,pred,electronegativity,pauling electronegativity,0,is_a,google/gemma-4-31b-it,"Pauling electronegativity is a specific type or scale of electronegativity, meaning every instance of Pauling electronegativity is necessarily an instance of electronegativity."
LLMs4OL_MatOnto_SUB,pred,"chemical quality (chemical quality, molecularquality)",electronegativity,0,is_a,google/gemma-4-31b-it,"Electronegativity is a specific type of chemical quality, meaning every instance of electronegativity is necessarily an instance of a chemical quality."
LLMs4OL_MatOnto_SUB,pred,dependent_continuant,site,1,located_in,google/gemma-4-31b-it,"A 'site' (a specific location or region) is a spatial area within a larger entity, whereas a 'dependent continuant' is a quality or property that cannot exist without a bearer; therefore, a site is not a type of dependent continuant, but rather a location where such things may be found."
LLMs4OL_MatOnto_SUB,pred,"independent_continuant (independent_continuant, object)",xenon,1,is_a,google/gemma-4-31b-it,"Xenon is a chemical element, and as a physical entity that exists independently in time, it is a type of independent continuant."
LLMs4OL_MatOnto_SUB,pred,material,darmstadtium,1,is_a,google/gemma-4-31b-it,"Darmstadtium is a chemical element, and all chemical elements are types of materials."
LLMs4OL_MatOnto_SUB,pred,atom,potassium atom,0,is_a,google/gemma-4-31b-it,"A potassium atom is a specific type of atom, meaning every instance of a potassium atom is necessarily an instance of an atom."
LLMs4OL_MatOnto_SUB,pred,element,molybdenum,0,is_a,google/gemma-4-31b-it,"Molybdenum is a specific chemical element, meaning every instance of molybdenum is necessarily an instance of an element."
LLMs4OL_MatOnto_SUB,pred,continuant,potassium atom,0,is_a,google/gemma-4-31b-it,"In formal ontology (such as BFO), a continuant is an entity that persists through time, and since a potassium atom is a physical object that persists, it is a type of continuant."
LLMs4OL_MatOnto_SUB,pred,"independent_continuant (independent_continuant, object)",radiation,1,attribute_of,google/gemma-4-31b-it,"Radiation is a phenomenon or quality (a dependent continuant) rather than a self-subsisting entity (an independent continuant), making it an attribute or property of the physical systems that emit it."
LLMs4OL_MatOnto_SUB,pred,measured property,count,0,is_a,google/gemma-4-31b-it,A count is a specific type of measured property used to quantify discrete entities.
LLMs4OL_MatOnto_SUB,pred,atom,curium atom,0,is_a,google/gemma-4-31b-it,"A curium atom is a specific type of atom, meaning every instance of a curium atom is necessarily an instance of the general class of atoms."
LLMs4OL_MatOnto_SUB,pred,material,promethium,1,is_a,google/gemma-4-31b-it,"Promethium is a chemical element, and all chemical elements are types of materials."
LLMs4OL_MatOnto_SUB,pred,derivedunit,density unit,1,is_a,google/gemma-4-31b-it,A density unit (such as $\text{kg/m}^3$) is a specific type of derived unit because it is defined by a combination of base units.
LLMs4OL_MatOnto_SUB,pred,unit,zepto scaled unit,0,is_a,google/gemma-4-31b-it,"A zepto scaled unit is a specific type of unit (specifically a unit scaled by $10^{-21}$), meaning every instance of a zepto scaled unit is necessarily an instance of a unit."
LLMs4OL_MatOnto_SUB,pred,"chemical quality (chemical quality, molecularquality)",aromatic,0,is_a,google/gemma-4-31b-it,Being 'aromatic' is a specific type of 'chemical quality' that a molecule can possess.
LLMs4OL_MatOnto_SUB,pred,"independent_continuant (independent_continuant, object)",mixture,0,is_a,google/gemma-4-31b-it,"A mixture is a type of entity that exists independently in space and time, making it a specific kind of independent continuant."
LLMs4OL_MatOnto_SUB,pred,continuant,ceramic material,1,is_a,google/gemma-4-31b-it,"In formal ontologies (like BFO), a 'continuant' is an entity that persists through time, and since a 'ceramic material' is a type of material entity that persists, it is a subclass of continuant."
LLMs4OL_MatOnto_SUB,pred,element,xenon,0,instance_of,google/gemma-4-31b-it,"Xenon is a specific chemical element, making it a member of the class of elements."
LLMs4OL_MatOnto_SUB,pred,"independent_continuant (independent_continuant, object)",imine,1,is_a,google/gemma-4-31b-it,"An imine is a type of organic compound, and since all organic compounds are physical entities that exist independently in time (independent continuants), every instance of an imine is also an instance of an independent continuant."
LLMs4OL_MatOnto_SUB,pred,measured property,angular acceleration,0,is_a,google/gemma-4-31b-it,"Angular acceleration is a specific type of measured property, as any instance of angular acceleration is by definition a measured property."
LLMs4OL_MatOnto_SUB,pred,continuant,site,0,is_a,google/gemma-4-31b-it,"In the context of formal ontologies (like BFO), a 'site' is a specific type of 'continuant' (an entity that persists through time), making this a proper subsumption."
LLMs4OL_MatOnto_SUB,pred,conduction unit,electric current unit,1,is_a,google/gemma-4-31b-it,"'Electric current' is a specific type of 'conduction' (the process of transporting charge), making a unit of electric current a specific type of unit used to measure conduction."
LLMs4OL_MatOnto_SUB,pred,continuant,chiral center,0,is_a,google/gemma-4-31b-it,"A chiral center is a specific geometric property or quality of a molecule, and in Basic Formal Ontology (BFO), a quality is a type of dependent continuant, which is a subclass of continuant."
LLMs4OL_MatOnto_SUB,pred,continuant,"independent_continuant (independent_continuant, object)",0,is_a,google/gemma-4-31b-it,"In formal ontology (such as BFO), an independent continuant is a specific type of continuant that can exist on its own, meaning every independent continuant is by definition a continuant."
LLMs4OL_MatOnto_SUB,pred,"chemical quality (chemical quality, molecularquality)",cyclicity,0,is_a,google/gemma-4-31b-it,"Cyclicity is a specific type of chemical quality (the property of being cyclic or acyclic), meaning every instance of cyclicity is necessarily an instance of a chemical quality."
LLMs4OL_MatOnto_SUB,pred,unit raised to power,unit raised to power of three,0,is_a,google/gemma-4-31b-it,"Any unit raised to the power of three is, by definition, a specific case of a unit raised to a power."
LLMs4OL_MatOnto_SUB,pred,unit,linear density unit,0,is_a,google/gemma-4-31b-it,"A linear density unit is a specific type of unit used for measurement, meaning every instance of a linear density unit is necessarily an instance of a unit."
LLMs4OL_MatOnto_SUB,pred,measured property,temperature,0,is_a,google/gemma-4-31b-it,"Temperature is a specific type of property that can be measured, meaning every instance of temperature is necessarily an instance of a measured property."
LLMs4OL_MatOnto_SUB,pred,measured property,wavenumber,0,is_a,google/gemma-4-31b-it,Wavenumber is a specific type of measured property used to describe the spatial frequency of a wave.
LLMs4OL_MatOnto_SUB,pred,radiation unit,luminous flux unit,1,is_a,google/gemma-4-31b-it,"A luminous flux unit (such as the lumen) is a specific type of unit used to measure a form of electromagnetic radiation (visible light), making it a subset of radiation units."
LLMs4OL_MatOnto_SUB,pred,carbon allotrope,fullerene,0,is_a,google/gemma-4-31b-it,"A fullerene is a specific type of carbon allotrope, meaning every fullerene is by definition a carbon allotrope."
LLMs4OL_MatOnto_SUB,pred,intensive property,hardness range,1,other_related,google/gemma-4-31b-it,"A 'hardness range' is a specification or measurement interval of a property, not a type of intensive property itself."
LLMs4OL_MatOnto_SUB,pred,continuant,magnesium,1,is_a,google/gemma-4-31b-it,"In Basic Formal Ontology (BFO), a continuant is an entity that persists through time, and since magnesium (as a chemical element/substance) is a type of continuant, the subsumption holds."
LLMs4OL_MatOnto_SUB,pred,material,magnesium,1,is_a,google/gemma-4-31b-it,"Magnesium is a type of chemical element that functions as a material, meaning every instance of magnesium is also an instance of a material."
LLMs4OL_MatOnto_SUB,pred,derivedunit,luminous flux unit,1,is_a,google/gemma-4-31b-it,A luminous flux unit (such as the lumen) is a specific type of derived unit because it is defined in terms of other SI base units.
LLMs4OL_MatOnto_SUB,pred,"chemical quality (chemical quality, molecularquality)",moleculecomponentcount,0,is_a,google/gemma-4-31b-it,"The count of components in a molecule is a specific type of chemical quality (a measurable property of a chemical entity), meaning every instance of a molecule component count is also an instance of a chemical quality."
LLMs4OL_MatOnto_SUB,pred,atom,rubidium atom,0,is_a,google/gemma-4-31b-it,"A rubidium atom is a specific type of atom, meaning every instance of a rubidium atom is necessarily an instance of the general class of atoms."
LLMs4OL_MatOnto_SUB,pred,material,solution,1,is_a,google/gemma-4-31b-it,"A solution is a specific type of material (specifically a liquid mixture), meaning every instance of a solution is also an instance of a material."
LLMs4OL_MatOnto_SUB,pred,quality,exposure,0,is_a,google/gemma-4-31b-it,"In the context of a formal ontology (like BFO, which the terms 'continuant' and 'dependent_continuant' suggest), 'exposure' (the amount of radiation received) is a measured property or quality of an entity."
LLMs4OL_MatOnto_SUB,pred,unit,derivedunit,0,is_a,google/gemma-4-31b-it,"A derived unit is a specific type of unit (one created by combining base units), meaning every instance of a derived unit is necessarily an instance of a unit."
LLMs4OL_MatOnto_SUB,pred,continuant,quality,0,is_a,google/gemma-4-31b-it,"In formal ontology (such as BFO), a quality is a type of dependent continuant, and every dependent continuant is a type of continuant."
LLMs4OL_MatOnto_SUB,pred,homogeneous mixture,solution,0,is_a,google/gemma-4-31b-it,"A solution is by definition a type of homogeneous mixture, meaning every instance of a solution is necessarily an instance of a homogeneous mixture."
LLMs4OL_MatOnto_SUB,pred,material,carbon allotrope,1,is_a,google/gemma-4-31b-it,A carbon allotrope (such as diamond or graphite) is a specific type of material.
LLMs4OL_MatOnto_SUB,pred,"independent_continuant (independent_continuant, object)",tellurium atom,0,is_a,google/gemma-4-31b-it,"A tellurium atom is a specific type of atom, and since atoms are independent continuants (entities that exist independently and persist through time), every tellurium atom is necessarily an independent continuant."
LLMs4OL_MatOnto_SUB,pred,intensive property,permittivity,1,is_a,google/gemma-4-31b-it,Permittivity is a specific type of intensive property because its value does not depend on the amount of material present.
LLMs4OL_MatOnto_SUB,pred,measured property,"chemical quality (chemical quality, molecularquality)",0,is_a,google/gemma-4-31b-it,"A chemical quality (such as purity or acidity) is a specific type of property that can be quantified or measured, making it a subclass of measured property."
LLMs4OL_MatOnto_SUB,pred,quality,aromaticity,0,is_a,google/gemma-4-31b-it,"Aromaticity is a specific type of chemical quality (a molecular quality), meaning every instance of aromaticity is necessarily an instance of a quality."
LLMs4OL_MatOnto_SUB,pred,continuant,gallium atom,0,is_a,google/gemma-4-31b-it,"In basic ontology (such as BFO), a continuant is an entity that persists through time, and since a gallium atom is a physical object that persists, it is a type of continuant."
LLMs4OL_MatOnto_SUB,pred,molecular center,chiral center,0,is_a,google/gemma-4-31b-it,"A chiral center is a specific type of molecular center (a center of asymmetry within a molecule), meaning every chiral center is by definition a molecular center."
LLMs4OL_MatOnto_SUB,pred,unit,luminous flux unit,0,is_a,google/gemma-4-31b-it,"A luminous flux unit (such as the lumen) is a specific type of unit of measurement, meaning every instance of a luminous flux unit is necessarily an instance of a unit."
LLMs4OL_MatOnto_SUB,pred,continuant,rubidium atom,0,is_a,google/gemma-4-31b-it,"In basic ontology (such as BFO), a continuant is an entity that persists through time, and since a rubidium atom is a physical object that persists, it is a type of continuant."
LLMs4OL_MatOnto_SUB,pred,p-block element,promethium,1,unrelated,google/gemma-4-31b-it,"Promethium is a lanthanide and therefore an f-block element, not a p-block element."
LLMs4OL_MatOnto_SUB,pred,organic compound,imine,0,is_a,google/gemma-4-31b-it,An imine is a specific type of organic compound characterized by a carbon-nitrogen double bond.
LLMs4OL_MatOnto_SUB,pred,continuant,general sulfinic acid group,0,is_a,google/gemma-4-31b-it,"A 'general sulfinic acid group' is a type of chemical entity, and in formal ontologies (like BFO), chemical entities are categorized as 'continuants' (entities that persist through time)."
LLMs4OL_MatOnto_SUB,pred,unit,moment of force unit,0,is_a,google/gemma-4-31b-it,A 'moment of force unit' (such as the Newton-meter) is a specific type of 'unit' used for measurement.
LLMs4OL_MatOnto_SUB,pred,count,moleculecomponentcount,1,is_a,google/gemma-4-31b-it,"A 'moleculecomponentcount' is a specific type of 'count' (specifically, a count of components within a molecule), meaning every instance of the former is necessarily an instance of the latter."
LLMs4OL_MatOnto_SUB,pred,"independent_continuant (independent_continuant, object)",organic group,0,is_a,google/gemma-4-31b-it,"An organic group (such as a methyl or hydroxyl group) is a type of independent continuant (an entity that persists through time and exists independently), fitting the definition of a proper subsumption."
LLMs4OL_MatOnto_SUB,pred,"independent_continuant (independent_continuant, object)",ion,1,is_a,google/gemma-4-31b-it,"An ion is a type of physical entity that exists independently in space and time, making it a subclass of independent continuant."
LLMs4OL_MatOnto_SUB,pred,chemical class,organic group,1,part_of,google/gemma-4-31b-it,"An organic group (such as a methyl or hydroxyl group) is a structural component or a part of a chemical class (such as an alcohol or alkane), rather than a type of chemical class itself."
LLMs4OL_MatOnto_SUB,pred,"independent_continuant (independent_continuant, object)",fullerene,1,is_a,google/gemma-4-31b-it,"A fullerene is a type of carbon allotrope, and since carbon allotropes are physical objects (independent continuants), every instance of a fullerene is necessarily an instance of an independent continuant."
LLMs4OL_MatOnto_SUB,pred,quality,"chemical quality (chemical quality, molecularquality)",0,is_a,google/gemma-4-31b-it,"A chemical quality is a specific type of quality, meaning every instance of a chemical quality is necessarily an instance of a quality."
LLMs4OL_MatOnto_SUB,pred,element,periodic table element,1,is_a,google/gemma-4-31b-it,"Every periodic table element is, by definition, a chemical element."
LLMs4OL_MatOnto_SUB,pred,measured property,velocity,0,is_a,google/gemma-4-31b-it,"Velocity is a specific type of measured property, as any instance of velocity is by definition an instance of a property that can be measured."
LLMs4OL_MatOnto_SUB,pred,measured property,pauling electronegativity,1,is_a,google/gemma-4-31b-it,Pauling electronegativity is a specific type of measured property used to describe the tendency of a chemical element to attract a shared pair of electrons.
LLMs4OL_MatOnto_SUB,pred,dependent_continuant,"chemical quality (chemical quality, molecularquality)",0,is_a,google/gemma-4-31b-it,"A chemical quality is a specific type of quality that depends on a chemical entity for its existence, making it a subclass of dependent continuants."
LLMs4OL_MatOnto_SUB,pred,quality,electronegativity,0,is_a,google/gemma-4-31b-it,"Electronegativity is a specific type of chemical quality, and since every chemical quality is a quality, electronegativity is a kind of quality."
LLMs4OL_MatOnto_SUB,pred,"independent_continuant (independent_continuant, object)",chaoite,1,is_a,google/gemma-4-31b-it,"Chaoite is a mineral (a carbon allotrope), and in Basic Formal Ontology (BFO), all physical objects/materials are types of independent continuants."
LLMs4OL_MatOnto_SUB,pred,organic compound,fullerene,1,is_a,google/gemma-4-31b-it,"Fullerenes are molecules composed entirely of carbon, and by the broad chemical definition, carbon-based molecules are classified as organic compounds."
LLMs4OL_MatOnto_SUB,pred,unit,scaled unit,0,is_a,google/gemma-4-31b-it,"A scaled unit is a specific type of unit that has been adjusted by a scaling factor, meaning every scaled unit is necessarily a unit."
LLMs4OL_MatOnto_SUB,pred,measured property,radiation,0,other_related,google/gemma-4-31b-it,"Radiation is a physical phenomenon or energy emission, whereas a measured property is a characteristic or attribute that can be quantified; radiation is not a type of property."
LLMs4OL_MatOnto_SUB,pred,quality,molar entropy,0,is_a,google/gemma-4-31b-it,"Molar entropy is a specific type of thermodynamic property, and in ontological frameworks (like BFO), a measured property is a subclass of quality."
LLMs4OL_MatOnto_SUB,pred,intensive property,"chemical quality (chemical quality, molecularquality)",1,is_a,google/gemma-4-31b-it,A chemical quality (such as acidity or reactivity) is a type of intensive property because it does not depend on the amount of substance present.
LLMs4OL_MatOnto_SUB,pred,quality,mulliken electronegativity,0,is_a,google/gemma-4-31b-it,"Mulliken electronegativity is a specific type of chemical quality, and since every instance of Mulliken electronegativity is necessarily an instance of a quality, the subsumption holds."
LLMs4OL_MatOnto_SUB,pred,derivedunit,electric current unit,1,unrelated,google/gemma-4-31b-it,"The Ampere (the standard electric current unit) is a base unit, not a derived unit, meaning an electric current unit is not a kind of derived unit."
LLMs4OL_MatOnto_SUB,pred,quality,electric resistance,0,is_a,google/gemma-4-31b-it,"Electric resistance is a specific type of quality (specifically a measured property of a material), meaning every instance of electric resistance is necessarily an instance of a quality."
LLMs4OL_MatOnto_SUB,pred,"independent_continuant (independent_continuant, object)",gallium atom,0,is_a,google/gemma-4-31b-it,"A gallium atom is a specific type of atom, and since an atom is a type of independent continuant, every gallium atom is necessarily an independent continuant."
LLMs4OL_MatOnto_SUB,pred,site,chiral center,1,part_of,google/gemma-4-31b-it,"A chiral center is a specific location or region within a molecule that possesses chirality, making it a part of the molecular site rather than a type of site."
LLMs4OL_MatOnto_SUB,pred,material,xenon,1,is_a,google/gemma-4-31b-it,"Xenon is a chemical element, and all chemical elements are types of materials."
LLMs4OL_MatOnto_SUB,pred,"independent_continuant (independent_continuant, object)",molecular center,1,attribute_of,google/gemma-4-31b-it,"A 'molecular center' is a quality or property (as indicated by its placement under 'chemical quality' and 'dependent_continuant') that characterizes a physical entity, whereas an 'independent_continuant' is a standalone object; therefore, the center is an attribute of the object."
LLMs4OL_MatOnto_SUB,pred,continuant,organic compound,1,is_a,google/gemma-4-31b-it,"In Basic Formal Ontology (BFO), a continuant is an entity that persists through time, and since an organic compound is a type of material entity (which is a continuant), every organic compound is necessarily a continuant."
LLMs4OL_MatOnto_SUB,pred,count,undefined stereo atom count,1,is_a,google/gemma-4-31b-it,"An 'undefined stereo atom count' is a specific type of 'count' (specifically one where the value is undefined), meaning every instance of the former is necessarily an instance of the latter."
LLMs4OL_MatOnto_SUB,pred,material,scandium,1,is_a,google/gemma-4-31b-it,Scandium is a chemical element and therefore a type of material.
LLMs4OL_MatOnto_SUB,pred,dependent_continuant,measured property,0,is_a,google/gemma-4-31b-it,"A measured property is a specific type of quality that depends on a bearer to exist, making it a subclass of the broader category of dependent continuants."
LLMs4OL_MatOnto_SUB,pred,intensive property,surface tension,1,is_a,google/gemma-4-31b-it,"Surface tension is a physical property that does not depend on the amount of matter present, which is the defining characteristic of an intensive property."
LLMs4OL_MatOnto_SUB,pred,measured property,hardness range,1,is_a,google/gemma-4-31b-it,"A 'hardness range' is a specific type of 'measured property' (specifically, a range of values for a property), meaning every instance of a hardness range is an instance of a measured property."
LLMs4OL_MatOnto_SUB,pred,measured property,intensive property,0,is_a,google/gemma-4-31b-it,An intensive property (a physical property that does not depend on the system size or amount of material) is a specific type of measured property.
LLMs4OL_MatOnto_SUB,pred,p-block element,magnesium,1,unrelated,google/gemma-4-31b-it,"Magnesium is an s-block element, not a p-block element, so it does not belong to that category."
LLMs4OL_MatOnto_SUB,pred,quality,aromatic,0,is_a,google/gemma-4-31b-it,Being 'aromatic' is a specific type of chemical quality (molecular quality) that a substance can possess.
LLMs4OL_MatOnto_SUB,pred,periodic table element,p-block element,0,is_a,google/gemma-4-31b-it,"Every p-block element is, by definition, a type of periodic table element."
LLMs4OL_MatOnto_SUB,pred,"chemical quality (chemical quality, molecularquality)",pauling electronegativity,0,is_a,google/gemma-4-31b-it,"Pauling electronegativity is a specific type of chemical quality (specifically a scale for measuring electronegativity), meaning every instance of Pauling electronegativity is necessarily an instance of a chemical quality."
LLMs4OL_MatOnto_SUB,pred,"independent_continuant (independent_continuant, object)",chiral center,1,attribute_of,google/gemma-4-31b-it,"A chiral center is a geometric property or quality of a molecular arrangement (a dependent continuant), not a standalone physical entity (an independent continuant)."
LLMs4OL_MatOnto_SUB,pred,measured property,mulliken electronegativity,1,is_a,google/gemma-4-31b-it,"Mulliken electronegativity is a specific type of property that can be measured, making it a subclass of measured properties."
LLMs4OL_MatOnto_SUB,pred,measured property,undefined stereo atom count,0,is_a,google/gemma-4-31b-it,"An 'undefined stereo atom count' is a specific type of 'count', which is itself a type of 'measured property', making the child a specialized instance of the parent class."
LLMs4OL_MatOnto_SUB,pred,unit,radiation unit,0,is_a,google/gemma-4-31b-it,"A radiation unit is a specific type of unit used for measurement, meaning every radiation unit is necessarily a unit."
LLMs4OL_MatOnto_SUB,pred,"independent_continuant (independent_continuant, object)",thiol group,0,is_a,google/gemma-4-31b-it,"A thiol group is a specific type of organic group, which is a type of object, and since objects are independent continuants in this ontological framework, every thiol group is an independent continuant."
LLMs4OL_MatOnto_SUB,pred,derivedunit,radiation unit,1,is_a,google/gemma-4-31b-it,A radiation unit (such as the Gray or Sievert) is a specific type of derived unit because it is defined in terms of other base SI units.
LLMs4OL_MatOnto_SUB,pred,periodic table element,xenon,1,instance_of,google/gemma-4-31b-it,"Xenon is a specific chemical element, making it a unique individual instance of the class of periodic table elements."
LLMs4OL_MatOnto_SUB,pred,"chemical quality (chemical quality, molecularquality)",mulliken electronegativity,0,is_a,google/gemma-4-31b-it,"Mulliken electronegativity is a specific type of chemical quality (specifically a measure of electronegativity), meaning every instance of the former is necessarily an instance of the latter."
LLMs4OL_MatOnto_SUB,pred,intensive property,electronegativity,1,is_a,google/gemma-4-31b-it,Electronegativity is a specific type of intensive property because it is a physical property of a chemical element that does not depend on the amount of substance present.
LLMs4OL_MatOnto_SUB,pred,intensive property,cyclicity,1,is_a,google/gemma-4-31b-it,Cyclicity (the property of being cyclic) is a specific type of intensive property because it is a characteristic of a substance or molecule that does not depend on the amount of matter present.
LLMs4OL_MatOnto_SUB,pred,derivedunit,electric resistance unit,1,is_a,google/gemma-4-31b-it,An electric resistance unit (such as the ohm) is a specific type of derived unit because it is defined in terms of base units.
LLMs4OL_MatOnto_SUB,pred,continuant,element,1,is_a,google/gemma-4-31b-it,"In ontology (such as BFO), a continuant is an entity that persists through time, and a chemical element is a type of material entity that persists, making it a subclass of continuant."
LLMs4OL_MatOnto_SUB,pred,organic group,general sulfinic acid group,0,is_a,google/gemma-4-31b-it,"A general sulfinic acid group is a specific type of organic functional group, meaning every instance of a sulfinic acid group is necessarily an instance of an organic group."
LLMs4OL_MatOnto_SUB,pred,"independent_continuant (independent_continuant, object)",organic compound,1,is_a,google/gemma-4-31b-it,"An organic compound is a type of physical entity that exists independently in time and space, making it a subclass of an independent continuant."
LLMs4OL_MatOnto_SUB,pred,continuant,atom,0,is_a,google/gemma-4-31b-it,"In formal ontology (such as BFO), a continuant is an entity that persists through time, and an atom is a type of physical entity that fits this definition."
LLMs4OL_MatOnto_SUB,pred,derivedunit,zepto scaled unit,0,is_a,google/gemma-4-31b-it,"A zepto scaled unit is a specific type of derived unit (specifically one using a SI prefix), meaning every instance of a zepto scaled unit is necessarily a derived unit."
LLMs4OL_MatOnto_SUB,pred,intensive property,mulliken electronegativity,1,is_a,google/gemma-4-31b-it,Mulliken electronegativity is a specific type of intensive property because it is a physical property of a chemical element that does not depend on the amount of substance present.
LLMs4OL_MatOnto_SUB,pred,continuant,xenon,1,is_a,google/gemma-4-31b-it,"In Basic Formal Ontology (BFO), a 'continuant' is a high-level category for entities that persist through time, and since xenon (as a chemical element/type of matter) is a type of entity that persists, it is a subclass of continuant."
LLMs4OL_MatOnto_SUB,pred,"independent_continuant (independent_continuant, object)",homogeneous mixture,0,is_a,google/gemma-4-31b-it,"A homogeneous mixture is a type of physical entity that exists independently in space and time, making it a specific kind of independent continuant."
LLMs4OL_MatOnto_SUB,pred,"independent_continuant (independent_continuant, object)",terbium atom,0,is_a,google/gemma-4-31b-it,"A terbium atom is a specific type of atom, and since atoms are categorized as independent continuants in this ontology, every terbium atom is necessarily an independent continuant."
LLMs4OL_MatOnto_SUB,pred,element,darmstadtium,0,instance_of,google/gemma-4-31b-it,"Darmstadtium is a specific chemical element, making it a member of the class of elements."
LLMs4OL_MatOnto_SUB,pred,continuant,mixture,0,is_a,google/gemma-4-31b-it,"In basic ontological frameworks (like BFO), a continuant is an entity that persists through time, and a mixture is a type of material entity that fits this definition."
LLMs4OL_MatOnto_SUB,pred,element,scandium,0,instance_of,google/gemma-4-31b-it,"Scandium is a specific chemical element, making it a member of the class of elements."
LLMs4OL_MatOnto_SUB,pred,continuant,periodic table element,1,is_a,google/gemma-4-31b-it,"In formal ontology (such as BFO), a continuant is an entity that persists through time, and a periodic table element (as a chemical species or type of matter) is a kind of continuant."
LLMs4OL_MatOnto_SUB,pred,intensive property,temperature,1,is_a,google/gemma-4-31b-it,Temperature is a specific type of intensive property because its value does not depend on the amount of matter present in a system.
LLMs4OL_MatOnto_SUB,pred,"independent_continuant (independent_continuant, object)",ceramic material,1,is_a,google/gemma-4-31b-it,"A ceramic material is a type of material, and since materials are physical entities that exist independently in time and space, they are a subclass of independent continuants."
LLMs4OL_MatOnto_SUB,pred,continuant,material,1,is_a,google/gemma-4-31b-it,"In formal ontology (such as BFO), a continuant is an entity that persists through time, and a material is a type of continuant."
LLMs4OL_MatOnto_SUB,pred,"independent_continuant (independent_continuant, object)",magnesium,1,is_a,google/gemma-4-31b-it,"Magnesium is a chemical element, and since elements (and the atoms/substances they comprise) are types of independent continuants in ontological frameworks like BFO, every instance of magnesium is an instance of an independent continuant."
LLMs4OL_MatOnto_SUB,pred,organic group,imine,1,has_part,google/gemma-4-31b-it,"An imine is a type of organic compound, but the ""imine group"" (the functional group) is a kind of organic group; since 'imine' here refers to the chemical species/compound, it is not a subclass of a functional group, but rather contains one."
LLMs4OL_MatOnto_SUB,pred,unit,unit raised to power of three,1,is_a,google/gemma-4-31b-it,A 'unit raised to power of three' (such as a cubic meter) is a specific type of 'unit' used for measurement.
LLMs4OL_MatOnto_SUB,pred,atom,gallium atom,0,is_a,google/gemma-4-31b-it,"A gallium atom is a specific type of atom, meaning every instance of a gallium atom is necessarily an instance of the general class of atoms."
LLMs4OL_MatOnto_SUB,pred,radiation unit,electromagnetic radiation unit,1,is_a,google/gemma-4-31b-it,"Every unit used to measure electromagnetic radiation is, by definition, a unit used to measure radiation."
LLMs4OL_MatOnto_SUB,pred,ion,anion,0,is_a,google/gemma-4-31b-it,"An anion is by definition a type of ion (specifically a negatively charged one), meaning every anion is necessarily an ion."
LLMs4OL_MatOnto_SUB,pred,measured property,amount of substance concentration,0,is_a,google/gemma-4-31b-it,"An amount of substance concentration is a specific type of property that can be measured, meaning every instance of the former is necessarily an instance of the latter."
LLMs4OL_MatOnto_SUB,pred,element,promethium,0,is_a,google/gemma-4-31b-it,"Promethium is a specific type of chemical element, meaning every instance of promethium is necessarily an instance of an element."
