dataset,source,parent,child,is_fp,type,model,justification
CellOntology_SUB,gt,branched duct epithelial cell,cholangiocyte,,is_a,google/gemma-4-31b-it,"A cholangiocyte is a specific type of epithelial cell that lines the branched bile ducts, making it a subclass of branched duct epithelial cells."
CellOntology_SUB,gt,germ line cell,germ cell,,synonym,google/gemma-4-31b-it,"In biological terminology, 'germ cell' and 'germ line cell' are used interchangeably to describe the cells that give rise to gametes."
CellOntology_SUB,gt,germ line cell,germline-derived nurse cell,,is_a,google/gemma-4-31b-it,"A germline-derived nurse cell is a specific type of cell originating from the germ line, meaning every instance of a germline-derived nurse cell is necessarily a germ line cell."
CellOntology_SUB,gt,peripheral nervous system neuron,autonomic neuron,,is_a,google/gemma-4-31b-it,"An autonomic neuron is a specific type of neuron located within the peripheral nervous system, meaning every autonomic neuron is by definition a peripheral nervous system neuron."
CellOntology_SUB,gt,peripheral nervous system neuron,peripheral sensory neuron,,is_a,google/gemma-4-31b-it,"A peripheral sensory neuron is a specific type of neuron located within the peripheral nervous system, meaning every instance of the former is necessarily an instance of the latter."
CellOntology_SUB,gt,sensory neuron,peripheral sensory neuron,,is_a,google/gemma-4-31b-it,"A peripheral sensory neuron is a specific type of sensory neuron located in the peripheral nervous system, meaning every peripheral sensory neuron is necessarily a sensory neuron."
CellOntology_SUB,gt,duct epithelial cell,branched duct epithelial cell,,is_a,google/gemma-4-31b-it,"A branched duct epithelial cell is a specific type of duct epithelial cell characterized by its morphology or arrangement, meaning every instance of the former is necessarily an instance of the latter."
CellOntology_SUB,gt,enteric neuron,intrinsic primary afferent neuron of myenteric plexus,,is_a,google/gemma-4-31b-it,"An intrinsic primary afferent neuron of the myenteric plexus is a specific type of neuron found within the enteric nervous system, meaning every instance of the former is necessarily an instance of the latter."
CellOntology_SUB,gt,lymphocyte of b lineage cd19-positive,b cell cd19-positive,,synonym,google/gemma-4-31b-it,"The terms 'b cell cd19-positive' and 'lymphocyte of b lineage cd19-positive' both describe the same biological entity (a CD19+ B lymphocyte), and the taxonomy explicitly lists 'b cell cd19-positive' as a member of the group containing 'lymphocyte of b lineage cd19-positive'."
CellOntology_SUB,gt,mucus secreting cell,large mucus secreting cholangiocyte,,is_a,google/gemma-4-31b-it,A large mucus secreting cholangiocyte is a specific type of mucus secreting cell that is also a cholangiocyte.
CellOntology_SUB,gt,neurecto-epithelial cell,olfactory epithelial cell,,is_a,google/gemma-4-31b-it,"Olfactory epithelial cells are a specialized type of neuroepithelial cell (neurecto-epithelial cell) derived from the olfactory placode, meaning every olfactory epithelial cell is a kind of neurecto-epithelial cell."
CellOntology_SUB,gt,cholangiocyte,large mucus secreting cholangiocyte,,is_a,google/gemma-4-31b-it,A 'large mucus secreting cholangiocyte' is a specific subtype of 'cholangiocyte' characterized by its size and secretory function.
CellOntology_SUB,gt,vein endothelial cell,schlemms canal endothelial cell,,is_a,google/gemma-4-31b-it,"Schlemm's canal is a specialized venous-like drainage channel in the eye, and its endothelial cells are a specific subtype of vein endothelial cells."
CellOntology_SUB,gt,seromucus secreting cell,mucus secreting cell,,is_a_inverted,google/gemma-4-31b-it,"A seromucous secreting cell is a specific type of secretory cell that produces both serous and mucous secretions, whereas a mucus secreting cell produces only mucus; therefore, a seromucous cell is a specialized subtype of a mucus secreting cell."
CellOntology_SUB,gt,endo-epithelial cell,epithelial cell of alimentary canal,,is_a,google/gemma-4-31b-it,An epithelial cell of the alimentary canal is a specific type of endo-epithelial cell (epithelium lining the internal organs derived from the endoderm).
CellOntology_SUB,gt,endo-epithelial cell,respiratory tract epithelial cell,,is_a,google/gemma-4-31b-it,"A respiratory tract epithelial cell is a specific type of endo-epithelial cell (epithelial cells lining internal organs/cavities), meaning every instance of the former is necessarily an instance of the latter."
CellOntology_SUB,gt,vascular leptomeningeal cell,vlmc nn vascular leptomeningeal cell mmus,,synonym,google/gemma-4-31b-it,"The term 'vlmc nn vascular leptomeningeal cell mmus' is a species-specific identifier (Mus musculus) for the general cell type 'vascular leptomeningeal cell', and both share the exact same set of parent classes in the taxonomy, indicating they denote the same biological concept in different naming c"
CellOntology_SUB,gt,ecto-epithelial cell,neurecto-epithelial cell,,is_a,google/gemma-4-31b-it,"A neurecto-epithelial cell is a specific type of ecto-epithelial cell specialized for the development of the nervous system, meaning every neurecto-epithelial cell is by definition an ecto-epithelial cell."
CellOntology_SUB,gt,sensory receptor cell,sensory epithelial cell,,is_a,google/gemma-4-31b-it,A sensory epithelial cell is a specific type of sensory receptor cell that is derived from or located within an epithelium.
CellOntology_SUB,gt,sensory receptor cell,chemoreceptor cell,,is_a,google/gemma-4-31b-it,A chemoreceptor cell is a specific type of sensory receptor cell that responds to chemical stimuli.
CellOntology_SUB,gt,brain macroglial cell,astrocyte of the forebrain,,is_a,google/gemma-4-31b-it,"An astrocyte of the forebrain is a specific type of brain macroglial cell, meaning every instance of the former is necessarily an instance of the latter."
CellOntology_SUB,gt,epithelial cell of alimentary canal,epithelial cell of stomach,,is_a,google/gemma-4-31b-it,"Every epithelial cell of the stomach is, by definition, a type of epithelial cell found within the alimentary canal."
CellOntology_SUB,gt,sensory epithelial cell,olfactory epithelial cell,,is_a,google/gemma-4-31b-it,"An olfactory epithelial cell is a specific type of sensory epithelial cell, as it is an epithelial cell specialized for the sensory function of olfaction."
CellOntology_SUB,gt,sensory epithelial cell,auditory epithelial cell,,is_a,google/gemma-4-31b-it,"An auditory epithelial cell is a specific type of sensory epithelial cell specialized for hearing, meaning every instance of the former is necessarily an instance of the latter."
CellOntology_SUB,gt,macroglial cell,astrocyte,,is_a,google/gemma-4-31b-it,"An astrocyte is a specific type of macroglial cell, meaning every astrocyte is by definition a macroglial cell."
CellOntology_SUB,gt,macroglial cell,brain macroglial cell,,is_a,google/gemma-4-31b-it,"A 'brain macroglial cell' is a specific type of 'macroglial cell' that is located in the brain, meaning every instance of the former is necessarily an instance of the latter."
CellOntology_SUB,gt,mesenchymal stem cell of adipose tissue,mesenchymal stem cell of orbital adipose tissue,,is_a,google/gemma-4-31b-it,"A mesenchymal stem cell of orbital adipose tissue is a specific type of mesenchymal stem cell of adipose tissue, distinguished by its anatomical origin."
CellOntology_SUB,gt,b cell,b cell cd19-positive,,is_a,google/gemma-4-31b-it,"A 'b cell cd19-positive' is a specific subtype of 'b cell' defined by the expression of the CD19 marker, meaning every CD19-positive B cell is necessarily a B cell."
CellOntology_SUB,gt,mature alpha-beta t cell,mucosal-associated invariant t cell,,is_a,google/gemma-4-31b-it,"Mucosal-associated invariant T (MAIT) cells are a specific subtype of mature T cells that express a semi-invariant T-cell receptor (TCR) of the alpha-beta class, meaning every MAIT cell is by definition a mature alpha-beta T cell."
CellOntology_SUB,gt,afferent neuron,sensory neuron,,is_a,google/gemma-4-31b-it,"In neuroanatomy, sensory neurons are the primary type of afferent neurons (neurons that carry signals toward the central nervous system), meaning every sensory neuron is by definition an afferent neuron."
CellOntology_SUB,gt,electrically responsive cell,neuron,,is_a,google/gemma-4-31b-it,"Every neuron is, by definition, a cell that responds to electrical stimuli, making it a specific type of electrically responsive cell."
CellOntology_SUB,gt,male germ cell,spermatid,,is_a,google/gemma-4-31b-it,"A spermatid is a specific type of male germ cell (specifically a haploid cell resulting from meiosis), meaning every spermatid is by definition a male germ cell."
CellOntology_SUB,gt,neural cell,neuron associated cell,,is_a,google/gemma-4-31b-it,"A 'neuron associated cell' (such as a glial cell) is a specific type of 'neural cell', meaning every instance of the former is necessarily an instance of the latter."
CellOntology_SUB,gt,neural cell,neuron,,is_a,google/gemma-4-31b-it,"Every neuron is, by definition, a type of neural cell."
CellOntology_SUB,gt,neural cell,olfactory epithelial cell,,is_a,google/gemma-4-31b-it,"Olfactory epithelial cells are specialized sensory neurons (or their precursors/supporting cells) that function as the primary neural interface for smell, making them a specific type of neural cell."
CellOntology_SUB,gt,neural cell,retinal cell,,is_a,google/gemma-4-31b-it,"A retinal cell is a specialized type of neural cell found in the retina, meaning every retinal cell is by definition a neural cell."
CellOntology_SUB,gt,neural cell,mesothelial fibroblast of the leptomeninx,,located_in,google/gemma-4-31b-it,"A mesothelial fibroblast is a type of connective tissue cell found within the leptomeninx (a membrane of the nervous system), but it is not a neural cell (neuron or glia) by lineage or function."
CellOntology_SUB,gt,neuron associated cell,glial cell,,is_a,google/gemma-4-31b-it,"A glial cell is a type of cell associated with neurons, and the provided taxonomy lists other glial subtypes (like astrocytes) under 'neuron associated cell', confirming that 'neuron associated cell' serves as a broader category for glial cells."
CellOntology_SUB,gt,auditory epithelial cell,strial basal cell,,is_a,google/gemma-4-31b-it,"A strial basal cell is a specific type of epithelial cell found within the auditory system (specifically the stria vascularis), making it a subtype of auditory epithelial cell."
CellOntology_SUB,gt,endothelial cell of vascular tree,blood vessel endothelial cell,,is_a,google/gemma-4-31b-it,"A blood vessel endothelial cell is a specific type of endothelial cell found within the vascular tree, meaning every instance of the former is necessarily an instance of the latter."
CellOntology_SUB,gt,lymphocyte,t cell,,is_a,google/gemma-4-31b-it,"A T cell is a specific type of lymphocyte, meaning every T cell is by definition a lymphocyte."
CellOntology_SUB,gt,lymphocyte,lymphocyte of b lineage,,is_a,google/gemma-4-31b-it,"A 'lymphocyte of b lineage' is a specific type of 'lymphocyte', meaning every instance of the former is necessarily an instance of the latter."
CellOntology_SUB,gt,blood vessel endothelial cell,vein endothelial cell,,is_a,google/gemma-4-31b-it,"A vein endothelial cell is a specific type of blood vessel endothelial cell, as veins are a category of blood vessels."
CellOntology_SUB,gt,b cell cd19-positive,mature b cell,,is_a,google/gemma-4-31b-it,"Every mature B cell is by definition a B cell that expresses CD19, making it a specific subtype of the CD19-positive B cell population."
CellOntology_SUB,gt,astrocyte of the forebrain,astrocyte of the cerebral cortex,,is_a,google/gemma-4-31b-it,"Every astrocyte of the cerebral cortex is, by definition, an astrocyte of the forebrain, as the cerebral cortex is a part of the forebrain."
CellOntology_SUB,gt,neural crest derived neuron,enteric neuron,,is_a,google/gemma-4-31b-it,"Every enteric neuron is a type of neuron that originates from the neural crest, meaning it is a specific subclass of neural crest derived neurons."
CellOntology_SUB,gt,endothelial cell,endothelial cell of vascular tree,,is_a,google/gemma-4-31b-it,"An endothelial cell of the vascular tree is a specific type of endothelial cell, meaning every instance of the former is necessarily an instance of the latter."
CellOntology_SUB,gt,wide field retinal amacrine cell,wf4 amacrine cell,,is_a,google/gemma-4-31b-it,The 'wf4 amacrine cell' is a specific subtype of the 'wide field retinal amacrine cell' based on its classification and the shared parentage of both terms under 'amacrine cell'.
CellOntology_SUB,gt,epithelial cell of upper respiratory tract,olfactory epithelial cell,,is_a,google/gemma-4-31b-it,"An olfactory epithelial cell is a specific type of epithelial cell found within the upper respiratory tract, meaning every instance of the former is necessarily an instance of the latter."
CellOntology_SUB,gt,t cell,alpha-beta t cell,,is_a,google/gemma-4-31b-it,"An alpha-beta T cell is a specific subtype of T cell characterized by the expression of an $\alpha\beta$ T-cell receptor, meaning every alpha-beta T cell is necessarily a T cell."
CellOntology_SUB,gt,t cell,mature t cell,,is_a,google/gemma-4-31b-it,"A mature T cell is a specific type of T cell that has completed its development, meaning every instance of a mature T cell is necessarily an instance of a T cell."
CellOntology_SUB,gt,gamete-nursing cell,germline-derived nurse cell,,is_a,google/gemma-4-31b-it,"A germline-derived nurse cell is a specific type of gamete-nursing cell that originates from the germline, meaning every instance of the former is necessarily an instance of the latter."
CellOntology_SUB,gt,amacrine cell,wide field retinal amacrine cell,,is_a,google/gemma-4-31b-it,A wide field retinal amacrine cell is a specific subtype of amacrine cell characterized by its extensive dendritic field.
CellOntology_SUB,gt,precursor cell,stem cell,,is_a,google/gemma-4-31b-it,A stem cell is a specific type of precursor cell characterized by its capacity for self-renewal and potency.
CellOntology_SUB,gt,multi fate stem cell,mesenchymal stem cell,,is_a,google/gemma-4-31b-it,A mesenchymal stem cell is a specific type of multipotent (multi-fate) stem cell capable of differentiating into various cell types of the connective tissue.
CellOntology_SUB,gt,multi fate stem cell,stem cell of gastric gland,,is_a,google/gemma-4-31b-it,A stem cell of the gastric gland is a specific type of multi-fate stem cell because it possesses the capacity to differentiate into multiple distinct cell lineages within the gastric mucosa.
CellOntology_SUB,gt,mesothelial fibroblast,mesothelial fibroblast of the leptomeninx,,is_a,google/gemma-4-31b-it,"The term 'mesothelial fibroblast of the leptomeninx' describes a specific subtype of 'mesothelial fibroblast' defined by its anatomical location, meaning every instance of the former is necessarily an instance of the latter."
CellOntology_SUB,gt,germline-derived nurse cell,invertebrate nurse cell,,is_a,google/gemma-4-31b-it,"An invertebrate nurse cell is a specific type of nurse cell that is derived from the germline, meaning every instance of the former is necessarily an instance of the latter."
CellOntology_SUB,gt,eukaryotic cell,spermatid,,is_a,google/gemma-4-31b-it,"A spermatid is a specific type of haploid cell found in males, and since it is a cell with a nucleus and organelles, every spermatid is by definition a eukaryotic cell."
CellOntology_SUB,gt,eukaryotic cell,invertebrate nurse cell,,is_a,google/gemma-4-31b-it,An invertebrate nurse cell is a specialized type of eukaryotic cell found in the germline of various invertebrates.
CellOntology_SUB,gt,eukaryotic cell,epithelial cell,,is_a,google/gemma-4-31b-it,"An epithelial cell is a specific type of eukaryotic cell, meaning every instance of an epithelial cell is necessarily an instance of a eukaryotic cell."
CellOntology_SUB,gt,eukaryotic cell,endothelial cell,,is_a,google/gemma-4-31b-it,"An endothelial cell is a specific type of eukaryotic cell, meaning every instance of an endothelial cell is necessarily an instance of a eukaryotic cell."
CellOntology_SUB,gt,eukaryotic cell,sensory receptor cell,,is_a,google/gemma-4-31b-it,"A sensory receptor cell is a specialized type of eukaryotic cell, meaning every instance of a sensory receptor cell is necessarily an instance of a eukaryotic cell."
CellOntology_SUB,gt,eukaryotic cell,single nucleate cell,,is_a,google/gemma-4-31b-it,"A single nucleate cell is a specific type of eukaryotic cell (as eukaryotes are defined by having a nucleus), meaning every instance of the former is necessarily an instance of the latter."
CellOntology_SUB,gt,eukaryotic cell,leukocyte,,is_a,google/gemma-4-31b-it,"A leukocyte is a type of white blood cell, and since all white blood cells are eukaryotic cells, every instance of a leukocyte is necessarily an instance of a eukaryotic cell."
CellOntology_SUB,gt,eukaryotic cell,neural cell,,is_a,google/gemma-4-31b-it,"Every neural cell is a type of eukaryotic cell, as it possesses a nucleus and membrane-bound organelles characteristic of eukaryotes."
CellOntology_SUB,gt,eukaryotic cell,connective tissue cell,,is_a,google/gemma-4-31b-it,"A connective tissue cell is a specific type of eukaryotic cell, meaning every instance of the former is necessarily an instance of the latter."
CellOntology_SUB,gt,professional antigen presenting cell,mature b cell,,is_a,google/gemma-4-31b-it,"A mature B cell is a specific type of professional antigen-presenting cell, as it possesses the necessary machinery (MHC class II) to present antigens to T cells."
CellOntology_SUB,gt,mature b cell,be cell,,is_a_inverted,google/gemma-4-31b-it,"The term 'be cell' (B-1 cell) is a specific subtype of 'mature b cell', meaning the stated parent ('be cell') is actually the child and the stated child ('mature b cell') is the parent."
CellOntology_SUB,gt,columnarcuboidal epithelial cell,neurecto-epithelial cell,,is_a,google/gemma-4-31b-it,A neurecto-epithelial cell is a specific type of epithelial cell characterized by a columnar or cuboidal morphology.
CellOntology_SUB,gt,hematopoietic cell,leukocyte,,is_a,google/gemma-4-31b-it,"Every leukocyte (white blood cell) is by definition a hematopoietic cell, as leukocytes are the cells derived from the hematopoietic stem cell lineage."
CellOntology_SUB,gt,alpha-beta t cell,mature alpha-beta t cell,,is_a,google/gemma-4-31b-it,"A mature alpha-beta T cell is a specific subtype of alpha-beta T cell characterized by its developmental stage, meaning every instance of the former is necessarily an instance of the latter."
CellOntology_SUB,gt,nucleate cell,single nucleate cell,,is_a,google/gemma-4-31b-it,"A 'single nucleate cell' is a specific type of 'nucleate cell' characterized by having exactly one nucleus, meaning every instance of the former is necessarily an instance of the latter."
CellOntology_SUB,gt,nucleate cell,leukocyte,,is_a,google/gemma-4-31b-it,"Every leukocyte (white blood cell) is a type of cell that possesses a nucleus, making it a specific instance of the broader category of nucleate cells."
CellOntology_SUB,gt,cell,germ line cell,,is_a,google/gemma-4-31b-it,"A germ line cell is a specific type of cell, meaning every instance of a germ line cell is necessarily an instance of a cell."
CellOntology_SUB,gt,cell,secretory cell,,is_a,google/gemma-4-31b-it,"A secretory cell is a specialized type of cell defined by its function of secretion, meaning every secretory cell is necessarily a cell."
CellOntology_SUB,gt,cell,electrically active cell,,is_a,google/gemma-4-31b-it,An electrically active cell is a specific type of cell characterized by its ability to maintain and change its membrane potential.
CellOntology_SUB,gt,cell,motile cell,,is_a,google/gemma-4-31b-it,"A motile cell is a specific type of cell characterized by the ability to move, meaning every motile cell is necessarily a cell."
CellOntology_SUB,gt,cell,eukaryotic cell,,is_a,google/gemma-4-31b-it,"Every eukaryotic cell is, by definition, a type of cell."
CellOntology_SUB,gt,cell,polyploid cell,,is_a,google/gemma-4-31b-it,A polyploid cell is a specific type of cell characterized by having more than two complete sets of chromosomes.
CellOntology_SUB,gt,cell,hematopoietic cell,,is_a,google/gemma-4-31b-it,"A hematopoietic cell is a specific type of cell involved in the formation of blood components, meaning every hematopoietic cell is necessarily a cell."
CellOntology_SUB,gt,cell,nucleate cell,,is_a,google/gemma-4-31b-it,"A nucleate cell is defined as a cell that possesses a nucleus, meaning every nucleate cell is necessarily a cell."
CellOntology_SUB,gt,cell,precursor cell,,is_a,google/gemma-4-31b-it,"A precursor cell is a specific type of cell that serves as a progenitor for other cell types, meaning every precursor cell is necessarily a cell."
CellOntology_SUB,gt,cell,gamete-nursing cell,,is_a,google/gemma-4-31b-it,A gamete-nursing cell is a specialized type of cell.
CellOntology_SUB,gt,lymphocyte of b lineage,b cell,,synonym,google/gemma-4-31b-it,"A 'b cell' is the common name for a 'lymphocyte of b lineage', and the provided taxonomy lists them as sharing nearly identical parentage and containing each other as subtypes, indicating they denote the same biological concept."
CellOntology_SUB,gt,lymphocyte of b lineage,lymphocyte of b lineage cd19-positive,,is_a,google/gemma-4-31b-it,"A 'lymphocyte of b lineage cd19-positive' is a specific subtype of 'lymphocyte of b lineage' defined by the expression of the CD19 marker, meaning every instance of the former is necessarily an instance of the latter."
CellOntology_SUB,gt,germ cell,male germ cell,,is_a,google/gemma-4-31b-it,"Every male germ cell is, by definition, a type of germ cell."
CellOntology_SUB,gt,autonomic neuron,enteric neuron,,is_a,google/gemma-4-31b-it,"An enteric neuron is a specific type of autonomic neuron (specifically part of the enteric nervous system, which is a division of the autonomic nervous system), meaning every enteric neuron is by definition an autonomic neuron."
CellOntology_SUB,gt,autonomic neuron,sympathetic neuron,,is_a,google/gemma-4-31b-it,"Every sympathetic neuron is, by definition, a type of autonomic neuron."
CellOntology_SUB,gt,motile cell,leukocyte,,is_a,google/gemma-4-31b-it,"Every leukocyte (white blood cell) is by definition a cell capable of motility, making it a specific type of motile cell."
CellOntology_SUB,gt,retinal cell,amacrine cell,,is_a,google/gemma-4-31b-it,"An amacrine cell is a specific type of cell found in the retina, meaning every amacrine cell is by definition a retinal cell."
CellOntology_SUB,gt,astrocyte,astrocyte of the forebrain,,is_a,google/gemma-4-31b-it,"An 'astrocyte of the forebrain' is a specific type of 'astrocyte' defined by its location, meaning every instance of the former is necessarily an instance of the latter."
CellOntology_SUB,gt,epithelial cell of stomach,stem cell of gastric gland,,is_a,google/gemma-4-31b-it,"A stem cell of the gastric gland is a specific type of epithelial cell found in the stomach, meaning every instance of the former is necessarily an instance of the latter."
CellOntology_SUB,gt,mature t cell,mature alpha-beta t cell,,is_a,google/gemma-4-31b-it,"Every mature alpha-beta T cell is, by definition, a type of mature T cell, making this a proper subsumption relation."
CellOntology_SUB,gt,epithelial cell,duct epithelial cell,,is_a,google/gemma-4-31b-it,"A duct epithelial cell is a specific type of epithelial cell that lines the ducts of glands or organs, meaning every instance of the former is necessarily an instance of the latter."
CellOntology_SUB,gt,epithelial cell,columnarcuboidal epithelial cell,,is_a,google/gemma-4-31b-it,"A columnarcuboidal epithelial cell is a specific morphological subtype of epithelial cell, meaning every instance of the former is necessarily an instance of the latter."
CellOntology_SUB,gt,epithelial cell,sensory epithelial cell,,is_a,google/gemma-4-31b-it,"A sensory epithelial cell is a specialized type of epithelial cell that possesses sensory capabilities, meaning every sensory epithelial cell is necessarily an epithelial cell."
CellOntology_SUB,gt,epithelial cell,endo-epithelial cell,,is_a,google/gemma-4-31b-it,"An endo-epithelial cell is a specific type of epithelial cell (specifically those derived from the endoderm or lining internal organs), meaning every endo-epithelial cell is by definition an epithelial cell."
CellOntology_SUB,gt,epithelial cell,ecto-epithelial cell,,is_a,google/gemma-4-31b-it,"An ecto-epithelial cell is a specific type of epithelial cell derived from the ectoderm, meaning every ecto-epithelial cell is necessarily an epithelial cell."
CellOntology_SUB,gt,epithelial cell,secretory epithelial cell,,is_a,google/gemma-4-31b-it,A secretory epithelial cell is a specific type of epithelial cell that possesses the additional functional characteristic of secretion.
CellOntology_SUB,gt,stem cell,multi fate stem cell,,is_a,google/gemma-4-31b-it,A multi-fate stem cell is a specific type of stem cell characterized by its ability to differentiate into multiple cell lineages.
CellOntology_SUB,gt,sympathetic neuron,superior cervical ganglion thnpy neuron,,is_a,google/gemma-4-31b-it,A superior cervical ganglion thnpy neuron is a specific type of sympathetic neuron located within the superior cervical ganglion.
CellOntology_SUB,gt,leukocyte,professional antigen presenting cell,,is_a,google/gemma-4-31b-it,"Professional antigen presenting cells (such as dendritic cells, macrophages, and B cells) are a specialized subset of leukocytes."
CellOntology_SUB,gt,leukocyte,mononuclear leukocyte,,is_a,google/gemma-4-31b-it,"A mononuclear leukocyte is a specific type of leukocyte characterized by having a single, non-lobed nucleus."
CellOntology_SUB,gt,be cell,be1 cell,,is_a,google/gemma-4-31b-it,"A 'be1 cell' is a specific subtype of 'be cell' (both being specialized B cells), meaning every be1 cell is necessarily a be cell."
CellOntology_SUB,gt,secretory cell,seromucus secreting cell,,is_a,google/gemma-4-31b-it,A seromucus secreting cell is a specific type of secretory cell that secretes both serous and mucous products.
CellOntology_SUB,gt,secretory cell,steroid hormone secreting cell,,is_a,google/gemma-4-31b-it,"A steroid hormone secreting cell is a specific type of secretory cell, as it performs the general function of secretion but specializes in the production of steroid hormones."
CellOntology_SUB,gt,secretory cell,secretory epithelial cell,,is_a,google/gemma-4-31b-it,"A secretory epithelial cell is a specific type of secretory cell that also possesses the characteristics of an epithelial cell, meaning every instance of the former is necessarily an instance of the latter."
CellOntology_SUB,gt,interneuron,amacrine cell,,is_a,google/gemma-4-31b-it,"An amacrine cell is a specific type of interneuron found in the retina, meaning every amacrine cell is by definition an interneuron."
CellOntology_SUB,gt,respiratory tract epithelial cell,epithelial cell of upper respiratory tract,,is_a,google/gemma-4-31b-it,"An epithelial cell of the upper respiratory tract is a specific type of respiratory tract epithelial cell, meaning every instance of the former is necessarily an instance of the latter."
CellOntology_SUB,gt,peripheral sensory neuron,intrinsic primary afferent neuron of myenteric plexus,,is_a,google/gemma-4-31b-it,"An intrinsic primary afferent neuron (IPAN) of the myenteric plexus is a specific type of sensory neuron located in the peripheral nervous system (specifically the enteric nervous system), meaning every IPAN is a peripheral sensory neuron."
CellOntology_SUB,gt,astrocyte of the cerebral cortex,interlaminar astrocyte,,is_a,google/gemma-4-31b-it,"An interlaminar astrocyte is a specific subtype of astrocyte found within the layers of the cerebral cortex, meaning every interlaminar astrocyte is by definition an astrocyte of the cerebral cortex."
CellOntology_SUB,gt,mesothelial fibroblast of the leptomeninx,vascular leptomeningeal cell,,is_a,google/gemma-4-31b-it,"The 'vascular leptomeningeal cell' is a specialized subtype of the 'mesothelial fibroblast of the leptomeninx', as it shares the same lineage and general characteristics but is specifically associated with the vasculature."
CellOntology_SUB,gt,electrically signaling cell,neuron,,is_a,google/gemma-4-31b-it,"Every neuron is, by definition, a cell that signals using electrical impulses, making it a specific type of electrically signaling cell."
CellOntology_SUB,gt,connective tissue cell,mesenchymal stem cell,,is_a,google/gemma-4-31b-it,Mesenchymal stem cells are a specific type of multipotent cell that belongs to the broader category of connective tissue cells.
CellOntology_SUB,gt,connective tissue cell,stromal cell,,is_a,google/gemma-4-31b-it,"Stromal cells are the structural cells of the stroma, which is composed of connective tissue, making every stromal cell a type of connective tissue cell."
CellOntology_SUB,gt,fibroblast,mesothelial fibroblast,,is_a,google/gemma-4-31b-it,"A mesothelial fibroblast is a specific subtype of fibroblast found in the mesothelium, meaning every mesothelial fibroblast is by definition a fibroblast."
CellOntology_SUB,gt,steroid hormone secreting cell,androgen secreting cell,,is_a,google/gemma-4-31b-it,"An androgen secreting cell is a specific type of steroid hormone secreting cell, as androgens are a subclass of steroid hormones."
CellOntology_SUB,gt,mononuclear leukocyte,lymphocyte,,is_a,google/gemma-4-31b-it,"A lymphocyte is a specific type of mononuclear leukocyte (a leukocyte with a single, non-lobed nucleus), meaning every lymphocyte is by definition a mononuclear leukocyte."
CellOntology_SUB,gt,chemoreceptor cell,olfactory epithelial cell,,is_a,google/gemma-4-31b-it,An olfactory epithelial cell (specifically the olfactory sensory neuron) is a specialized type of chemoreceptor cell used to detect odorants.
CellOntology_SUB,gt,glial cell,macroglial cell,,is_a,google/gemma-4-31b-it,"A macroglial cell is a specific type of glial cell (distinguished from microglia), meaning every macroglial cell is by definition a glial cell."
CellOntology_SUB,gt,glial cell,cerebral cortex glial cell,,is_a,google/gemma-4-31b-it,"A 'cerebral cortex glial cell' is a specific type of 'glial cell' that is located in the cerebral cortex, meaning every instance of the former is necessarily an instance of the latter."
CellOntology_SUB,gt,electrically active cell,electrically responsive cell,,is_a,google/gemma-4-31b-it,"A cell that is electrically responsive is, by definition, a cell that is electrically active, as responsiveness to electrical stimuli is a specific form of electrical activity."
CellOntology_SUB,gt,electrically active cell,electrically signaling cell,,is_a,google/gemma-4-31b-it,"An electrically signaling cell is a specific type of electrically active cell, as signaling (the transmission of information) is a specialized function of the broader capacity to be electrically active."
CellOntology_SUB,gt,secretory epithelial cell,large mucus secreting cholangiocyte,,is_a,google/gemma-4-31b-it,"A large mucus secreting cholangiocyte is a specific type of epithelial cell that possesses secretory functions, making it a subset of secretory epithelial cells."
CellOntology_SUB,gt,cerebral cortex glial cell,astrocyte of the cerebral cortex,,is_a,google/gemma-4-31b-it,"An astrocyte of the cerebral cortex is a specific type of glial cell found within the cerebral cortex, meaning every instance of the former is necessarily an instance of the latter."
CellOntology_SUB,gt,neuron,neural crest derived neuron,,is_a,google/gemma-4-31b-it,"Every neural crest derived neuron is, by definition, a type of neuron."
CellOntology_SUB,gt,neuron,afferent neuron,,is_a,google/gemma-4-31b-it,"An afferent neuron is a specific type of neuron that carries sensory information toward the central nervous system, meaning every afferent neuron is necessarily a neuron."
CellOntology_SUB,gt,neuron,central nervous system neuron,,is_a,google/gemma-4-31b-it,"Every central nervous system neuron is, by definition, a type of neuron."
CellOntology_SUB,gt,neuron,peripheral nervous system neuron,,is_a,google/gemma-4-31b-it,"A peripheral nervous system neuron is a specific type of neuron, meaning every instance of the former is necessarily an instance of the latter."
CellOntology_SUB,gt,polyploid cell,invertebrate nurse cell,,is_a,google/gemma-4-31b-it,"An invertebrate nurse cell is a specific type of cell that undergoes endoreplication to become polyploid, meaning every invertebrate nurse cell is a polyploid cell."
CellOntology_SUB,gt,single nucleate cell,mononuclear leukocyte,,is_a,google/gemma-4-31b-it,"A mononuclear leukocyte is, by definition, a type of cell that possesses a single nucleus, meaning every instance of a mononuclear leukocyte is necessarily an instance of a single nucleate cell."
CellOntology_SUB,gt,stromal cell,fibroblast,,is_a,google/gemma-4-31b-it,"A fibroblast is a specific type of stromal cell found within connective tissues, meaning every fibroblast is by definition a stromal cell."
CellOntology_SUB,gt,central nervous system neuron,interneuron,,is_a,google/gemma-4-31b-it,"An interneuron is a specific type of neuron found within the central nervous system, meaning every interneuron is by definition a central nervous system neuron."
CellOntology_SUB,gt,mesenchymal stem cell,mesenchymal stem cell of adipose tissue,,is_a,google/gemma-4-31b-it,"A mesenchymal stem cell of adipose tissue is a specific type of mesenchymal stem cell characterized by its origin/location, meaning every instance of the former is necessarily an instance of the latter."
CellOntology_SUB,pred,duct epithelial cell,branched duct epithelial cell,0,is_a,google/gemma-4-31b-it,"A branched duct epithelial cell is a specific type of duct epithelial cell characterized by its morphology or arrangement, meaning every instance of the former is necessarily an instance of the latter."
CellOntology_SUB,pred,duct epithelial cell,cholangiocyte,0,is_a,google/gemma-4-31b-it,"A cholangiocyte is a specific type of epithelial cell that lines the bile ducts, making it a subtype of duct epithelial cell."
CellOntology_SUB,pred,duct epithelial cell,large mucus secreting cholangiocyte,0,is_a,google/gemma-4-31b-it,"A large mucus secreting cholangiocyte is a specialized type of cholangiocyte, which is itself a type of duct epithelial cell, making the relationship a proper subsumption."
CellOntology_SUB,pred,branched duct epithelial cell,large mucus secreting cholangiocyte,0,is_a,google/gemma-4-31b-it,"A large mucus secreting cholangiocyte is a specific subtype of a branched duct epithelial cell, as it is a specialized cell found within the branched duct system of the liver."
CellOntology_SUB,pred,epithelial cell,branched duct epithelial cell,0,is_a,google/gemma-4-31b-it,A branched duct epithelial cell is a specific type of epithelial cell characterized by its location and morphology in a branched duct.
CellOntology_SUB,pred,epithelial cell,duct epithelial cell,0,is_a,google/gemma-4-31b-it,"A duct epithelial cell is a specific type of epithelial cell that lines the ducts of glands or organs, meaning every instance of the former is necessarily an instance of the latter."
CellOntology_SUB,pred,epithelial cell,neurecto-epithelial cell,0,is_a,google/gemma-4-31b-it,"A neurecto-epithelial cell is a specific type of epithelial cell derived from the neuroectoderm, meaning every instance of the former is necessarily an instance of the latter."
CellOntology_SUB,pred,epithelial cell,strial basal cell,0,is_a,google/gemma-4-31b-it,"A strial basal cell is a specific type of epithelial cell found in the stria vascularis of the inner ear, meaning every strial basal cell is necessarily an epithelial cell."
CellOntology_SUB,pred,epithelial cell,cholangiocyte,0,is_a,google/gemma-4-31b-it,A cholangiocyte is a specific type of epithelial cell that lines the bile ducts of the liver.
CellOntology_SUB,pred,epithelial cell,vein endothelial cell,1,is_a,google/gemma-4-31b-it,"Endothelial cells are a specialized type of simple squamous epithelium, meaning that every endothelial cell is biologically a type of epithelial cell."
CellOntology_SUB,pred,epithelial cell,seromucus secreting cell,1,is_a,google/gemma-4-31b-it,"A seromucus secreting cell is a specialized type of secretory cell found within epithelial tissues, meaning every seromucus secreting cell is a type of epithelial cell."
CellOntology_SUB,pred,epithelial cell,endo-epithelial cell,0,is_a,google/gemma-4-31b-it,"An endo-epithelial cell is a specific type of epithelial cell (specifically those derived from the endoderm), meaning every endo-epithelial cell is by definition an epithelial cell."
CellOntology_SUB,pred,epithelial cell,ecto-epithelial cell,0,is_a,google/gemma-4-31b-it,"An ecto-epithelial cell is a specific type of epithelial cell derived from the ectoderm, meaning every instance of the former is necessarily an instance of the latter."
CellOntology_SUB,pred,epithelial cell,epithelial cell of alimentary canal,0,is_a,google/gemma-4-31b-it,"An epithelial cell of the alimentary canal is a specific type of epithelial cell, meaning every instance of the former is necessarily an instance of the latter."
CellOntology_SUB,pred,epithelial cell,sensory epithelial cell,0,is_a,google/gemma-4-31b-it,"A sensory epithelial cell is a specialized type of epithelial cell that possesses sensory capabilities, meaning every instance of the former is necessarily an instance of the latter."
CellOntology_SUB,pred,epithelial cell,schlemms canal endothelial cell,1,is_a,google/gemma-4-31b-it,"Endothelial cells are a specialized type of simple squamous epithelium, meaning that every endothelial cell is biologically classified as a type of epithelial cell."
CellOntology_SUB,pred,epithelial cell,auditory epithelial cell,0,is_a,google/gemma-4-31b-it,"An auditory epithelial cell is a specific type of epithelial cell specialized for the auditory system, meaning every instance of the former is necessarily an instance of the latter."
CellOntology_SUB,pred,epithelial cell,endothelial cell of vascular tree,1,unrelated,google/gemma-4-31b-it,"Endothelial cells and epithelial cells are two distinct types of surface-lining cells; while they share similar functions and are both types of ""epithelioid"" cells, an endothelial cell is not a subtype of an epithelial cell."
CellOntology_SUB,pred,epithelial cell,blood vessel endothelial cell,1,other_related,google/gemma-4-31b-it,"While endothelial cells share some characteristics with epithelial cells (both are simple squamous-like linings), they are distinct lineages; endothelial cells line the circulatory system, whereas epithelial cells line organs and cavities."
CellOntology_SUB,pred,epithelial cell,endothelial cell,1,other_related,google/gemma-4-31b-it,"Endothelial cells and epithelial cells are distinct types of surface-lining cells; while they share similar characteristics and are both types of eukaryotic cells, an endothelial cell is not a subtype of an epithelial cell."
CellOntology_SUB,pred,epithelial cell,epithelial cell of upper respiratory tract,0,is_a,google/gemma-4-31b-it,"An epithelial cell of the upper respiratory tract is a specific type of epithelial cell, meaning every instance of the former is necessarily an instance of the latter."
CellOntology_SUB,pred,epithelial cell,olfactory epithelial cell,0,is_a,google/gemma-4-31b-it,An olfactory epithelial cell is a specialized type of epithelial cell found in the olfactory epithelium.
CellOntology_SUB,pred,epithelial cell,columnarcuboidal epithelial cell,0,is_a,google/gemma-4-31b-it,A columnarcuboidal epithelial cell is a specific morphological subtype of epithelial cell.
CellOntology_SUB,pred,epithelial cell,epithelial cell of stomach,0,is_a,google/gemma-4-31b-it,"An epithelial cell of the stomach is a specific type of epithelial cell, meaning every instance of the former is necessarily an instance of the latter."
CellOntology_SUB,pred,epithelial cell,respiratory tract epithelial cell,0,is_a,google/gemma-4-31b-it,A respiratory tract epithelial cell is a specific type of epithelial cell characterized by its location and function within the respiratory system.
CellOntology_SUB,pred,epithelial cell,secretory epithelial cell,0,is_a,google/gemma-4-31b-it,A secretory epithelial cell is a specific type of epithelial cell that possesses the additional functional characteristic of secretion.
CellOntology_SUB,pred,epithelial cell,large mucus secreting cholangiocyte,0,is_a,google/gemma-4-31b-it,"A large mucus secreting cholangiocyte is a specialized type of epithelial cell found in the bile ducts, meaning every instance of the former is necessarily an instance of the latter."
CellOntology_SUB,pred,epithelial cell,stem cell of gastric gland,0,is_a,google/gemma-4-31b-it,"A stem cell of the gastric gland is a specialized type of epithelial cell, meaning every instance of the former is necessarily an instance of the latter."
CellOntology_SUB,pred,cell,branched duct epithelial cell,0,is_a,google/gemma-4-31b-it,"A branched duct epithelial cell is a specific type of cell, meaning every instance of the former is necessarily an instance of the latter."
CellOntology_SUB,pred,cell,germ line cell,0,is_a,google/gemma-4-31b-it,"A germ line cell is a specific type of cell, meaning every instance of a germ line cell is necessarily an instance of a cell."
CellOntology_SUB,pred,cell,peripheral nervous system neuron,0,is_a,google/gemma-4-31b-it,"A peripheral nervous system neuron is a specific type of cell, meaning every instance of the former is necessarily an instance of the latter."
CellOntology_SUB,pred,cell,sensory neuron,0,is_a,google/gemma-4-31b-it,"Every sensory neuron is, by definition, a type of cell."
CellOntology_SUB,pred,cell,duct epithelial cell,0,is_a,google/gemma-4-31b-it,"A duct epithelial cell is a specific type of cell, meaning every instance of a duct epithelial cell is necessarily an instance of a cell."
CellOntology_SUB,pred,cell,enteric neuron,0,is_a,google/gemma-4-31b-it,"An enteric neuron is a specialized type of cell, meaning every instance of an enteric neuron is necessarily an instance of a cell."
CellOntology_SUB,pred,cell,be1 cell,0,is_a,google/gemma-4-31b-it,"A 'be1 cell' is a specific subtype of a biological cell, meaning every instance of a be1 cell is necessarily an instance of a cell."
CellOntology_SUB,pred,cell,lymphocyte of b lineage cd19-positive,0,is_a,google/gemma-4-31b-it,"A 'lymphocyte of b lineage cd19-positive' is a specific type of cell, meaning every instance of this specialized lymphocyte is necessarily an instance of the general category 'cell'."
CellOntology_SUB,pred,cell,androgen secreting cell,0,is_a,google/gemma-4-31b-it,"An androgen secreting cell is a specific type of cell, meaning every instance of the former is necessarily an instance of the latter."
CellOntology_SUB,pred,cell,mucus secreting cell,0,is_a,google/gemma-4-31b-it,"A mucus secreting cell is a specific type of cell, meaning every instance of a mucus secreting cell is necessarily an instance of a cell."
CellOntology_SUB,pred,cell,neurecto-epithelial cell,0,is_a,google/gemma-4-31b-it,"A neurecto-epithelial cell is a specific type of cell, meaning every instance of the former is necessarily an instance of the latter."
CellOntology_SUB,pred,cell,strial basal cell,0,is_a,google/gemma-4-31b-it,"A strial basal cell is a specific type of cell, meaning every instance of a strial basal cell is necessarily an instance of a cell."
CellOntology_SUB,pred,cell,cholangiocyte,0,is_a,google/gemma-4-31b-it,"A cholangiocyte is a specific type of epithelial cell that lines the bile ducts, and therefore every cholangiocyte is necessarily a cell."
CellOntology_SUB,pred,cell,vein endothelial cell,0,is_a,google/gemma-4-31b-it,"A vein endothelial cell is a specific type of cell, meaning every instance of a vein endothelial cell is necessarily an instance of a cell."
CellOntology_SUB,pred,cell,seromucus secreting cell,0,is_a,google/gemma-4-31b-it,"A seromucus secreting cell is a specialized type of cell, meaning every instance of the former is necessarily an instance of the latter."
CellOntology_SUB,pred,cell,mesenchymal stem cell of orbital adipose tissue,0,is_a,google/gemma-4-31b-it,"A mesenchymal stem cell of orbital adipose tissue is a specific type of cell, meaning every instance of the former is necessarily an instance of the latter."
CellOntology_SUB,pred,cell,endo-epithelial cell,0,is_a,google/gemma-4-31b-it,"An endo-epithelial cell is a specific type of cell, meaning every instance of an endo-epithelial cell is necessarily an instance of a cell."
CellOntology_SUB,pred,cell,vascular leptomeningeal cell,0,is_a,google/gemma-4-31b-it,"A vascular leptomeningeal cell is a specific type of cell, meaning every instance of the former is necessarily an instance of the latter."
CellOntology_SUB,pred,cell,ecto-epithelial cell,0,is_a,google/gemma-4-31b-it,"An ecto-epithelial cell is a specific type of cell, meaning every instance of an ecto-epithelial cell is necessarily an instance of a cell."
CellOntology_SUB,pred,cell,sensory receptor cell,0,is_a,google/gemma-4-31b-it,"A sensory receptor cell is a specialized type of cell, meaning every instance of a sensory receptor cell is necessarily an instance of a cell."
CellOntology_SUB,pred,cell,brain macroglial cell,0,is_a,google/gemma-4-31b-it,"A brain macroglial cell is a specific type of cell, meaning every instance of a brain macroglial cell is necessarily an instance of a cell."
CellOntology_SUB,pred,cell,epithelial cell of alimentary canal,0,is_a,google/gemma-4-31b-it,"An epithelial cell of the alimentary canal is a specific type of cell, meaning every instance of the former is necessarily an instance of the latter."
CellOntology_SUB,pred,cell,sensory epithelial cell,0,is_a,google/gemma-4-31b-it,"A sensory epithelial cell is a specific type of cell, meaning every instance of a sensory epithelial cell is necessarily an instance of a cell."
CellOntology_SUB,pred,cell,macroglial cell,0,is_a,google/gemma-4-31b-it,"A macroglial cell is a specific type of cell, meaning every instance of a macroglial cell is necessarily an instance of a cell."
CellOntology_SUB,pred,cell,mesenchymal stem cell of adipose tissue,0,is_a,google/gemma-4-31b-it,"A mesenchymal stem cell of adipose tissue is a specific type of cell, meaning every instance of the former is necessarily an instance of the latter."
CellOntology_SUB,pred,cell,b cell,0,is_a,google/gemma-4-31b-it,"A B cell is a specific type of cell, meaning every instance of a B cell is necessarily an instance of a cell."
CellOntology_SUB,pred,cell,mature alpha-beta t cell,0,is_a,google/gemma-4-31b-it,"A mature alpha-beta T cell is a specific type of cell, meaning every instance of the former is necessarily an instance of the latter."
CellOntology_SUB,pred,cell,afferent neuron,0,is_a,google/gemma-4-31b-it,"An afferent neuron is a specialized type of cell, meaning every instance of an afferent neuron is necessarily an instance of a cell."
CellOntology_SUB,pred,cell,"electrically active cell (electrically active cell, electrically responsive cell)",0,is_a,google/gemma-4-31b-it,An electrically active cell is a specific type of cell characterized by its ability to maintain and change its membrane potential.
CellOntology_SUB,pred,cell,schlemms canal endothelial cell,0,is_a,google/gemma-4-31b-it,"A schlemms canal endothelial cell is a specific type of cell, meaning every instance of the former is necessarily an instance of the latter."
CellOntology_SUB,pred,cell,male germ cell,0,is_a,google/gemma-4-31b-it,"A male germ cell is a specific type of cell, meaning every instance of a male germ cell is necessarily an instance of a cell."
CellOntology_SUB,pred,cell,neural cell,0,is_a,google/gemma-4-31b-it,"Every neural cell is, by definition, a type of cell."
CellOntology_SUB,pred,cell,neuron associated cell,0,is_a,google/gemma-4-31b-it,"A neuron associated cell (such as a glial cell) is a specific type of cell, meaning every instance of the child is necessarily an instance of the parent."
CellOntology_SUB,pred,cell,auditory epithelial cell,0,is_a,google/gemma-4-31b-it,"An auditory epithelial cell is a specific type of cell, meaning every instance of the former is necessarily an instance of the latter."
CellOntology_SUB,pred,cell,endothelial cell of vascular tree,0,is_a,google/gemma-4-31b-it,"An endothelial cell of the vascular tree is a specific type of cell, meaning every instance of the former is necessarily an instance of the latter."
CellOntology_SUB,pred,cell,lymphocyte,0,is_a,google/gemma-4-31b-it,"Every lymphocyte is, by definition, a type of cell."
CellOntology_SUB,pred,cell,blood vessel endothelial cell,0,is_a,google/gemma-4-31b-it,"A blood vessel endothelial cell is a specific type of cell, meaning every instance of the former is necessarily an instance of the latter."
CellOntology_SUB,pred,cell,b cell cd19-positive,0,is_a,google/gemma-4-31b-it,"A 'b cell cd19-positive' is a specific type of 'cell', meaning every instance of the former is necessarily an instance of the latter."
CellOntology_SUB,pred,cell,interlaminar astrocyte,0,is_a,google/gemma-4-31b-it,"An interlaminar astrocyte is a specific type of astrocyte, and since all astrocytes are cells, every instance of an interlaminar astrocyte is necessarily an instance of a cell."
CellOntology_SUB,pred,cell,astrocyte of the forebrain,0,is_a,google/gemma-4-31b-it,"An astrocyte of the forebrain is a specific type of cell, meaning every instance of the former is necessarily an instance of the latter."
CellOntology_SUB,pred,cell,neural crest derived neuron,0,is_a,google/gemma-4-31b-it,"A neural crest derived neuron is a specific type of neuron, and every neuron is a type of cell, therefore it is a proper subsumption."
CellOntology_SUB,pred,cell,endothelial cell,0,is_a,google/gemma-4-31b-it,"An endothelial cell is a specific type of cell, meaning every instance of an endothelial cell is necessarily an instance of a cell."
CellOntology_SUB,pred,cell,wide field retinal amacrine cell,0,is_a,google/gemma-4-31b-it,"A wide field retinal amacrine cell is a specific type of cell, meaning every instance of the former is necessarily an instance of the latter."
CellOntology_SUB,pred,cell,epithelial cell of upper respiratory tract,0,is_a,google/gemma-4-31b-it,"An epithelial cell of the upper respiratory tract is a specific type of cell, meaning every instance of the former is necessarily an instance of the latter."
CellOntology_SUB,pred,cell,t cell,0,is_a,google/gemma-4-31b-it,"A T cell is a specific type of biological cell, meaning every instance of a T cell is necessarily an instance of a cell."
CellOntology_SUB,pred,cell,intrinsic primary afferent neuron of myenteric plexus,0,is_a,google/gemma-4-31b-it,"An intrinsic primary afferent neuron of the myenteric plexus is a specialized type of neuron, and every neuron is a type of cell."
CellOntology_SUB,pred,cell,gamete-nursing cell,0,is_a,google/gemma-4-31b-it,A gamete-nursing cell is a specialized type of cell.
CellOntology_SUB,pred,cell,spermatid,0,is_a,google/gemma-4-31b-it,"A spermatid is a specific type of cell (specifically a haploid male germ cell), meaning every instance of a spermatid is necessarily an instance of a cell."
CellOntology_SUB,pred,cell,amacrine cell,0,is_a,google/gemma-4-31b-it,"An amacrine cell is a specific type of cell found in the retina, meaning every amacrine cell is necessarily a cell."
CellOntology_SUB,pred,cell,olfactory epithelial cell,0,is_a,google/gemma-4-31b-it,"An olfactory epithelial cell is a specific type of cell, meaning every instance of the former is necessarily an instance of the latter."
CellOntology_SUB,pred,cell,precursor cell,0,is_a,google/gemma-4-31b-it,"A precursor cell is a specific type of cell that serves as a progenitor for other cell types, meaning every precursor cell is necessarily a cell."
CellOntology_SUB,pred,cell,multi fate stem cell,0,is_a,google/gemma-4-31b-it,"A multi fate stem cell is a specific type of cell, meaning every instance of a multi fate stem cell is necessarily an instance of a cell."
CellOntology_SUB,pred,cell,mesothelial fibroblast,0,is_a,google/gemma-4-31b-it,"A mesothelial fibroblast is a specific type of cell, meaning every instance of a mesothelial fibroblast is necessarily an instance of a cell."
CellOntology_SUB,pred,cell,germline-derived nurse cell,0,is_a,google/gemma-4-31b-it,"A germline-derived nurse cell is a specific type of cell, meaning every instance of the former is necessarily an instance of the latter."
CellOntology_SUB,pred,cell,eukaryotic cell,0,is_a,google/gemma-4-31b-it,"Every eukaryotic cell is, by definition, a type of cell."
CellOntology_SUB,pred,cell,professional antigen presenting cell,0,is_a,google/gemma-4-31b-it,"Every professional antigen presenting cell is, by definition, a type of cell."
CellOntology_SUB,pred,cell,wf4 amacrine cell,0,is_a,google/gemma-4-31b-it,"A wf4 amacrine cell is a specific type of amacrine cell, which is a type of neuron, and therefore every instance of a wf4 amacrine cell is necessarily an instance of a cell."
CellOntology_SUB,pred,cell,mature b cell,0,is_a,google/gemma-4-31b-it,"A mature B cell is a specific type of cell, meaning every instance of a mature B cell is necessarily an instance of a cell."
CellOntology_SUB,pred,cell,superior cervical ganglion thnpy neuron,0,is_a,google/gemma-4-31b-it,"A superior cervical ganglion thnpy neuron is a specific type of neuron, and every neuron is a type of cell."
CellOntology_SUB,pred,cell,columnarcuboidal epithelial cell,0,is_a,google/gemma-4-31b-it,"A columnarcuboidal epithelial cell is a specific type of cell, meaning every instance of the former is necessarily an instance of the latter."
CellOntology_SUB,pred,cell,hematopoietic cell,0,is_a,google/gemma-4-31b-it,"A hematopoietic cell is a specific type of cell specialized for the production of blood cells, meaning every hematopoietic cell is necessarily a cell."
CellOntology_SUB,pred,cell,alpha-beta t cell,0,is_a,google/gemma-4-31b-it,"An alpha-beta T cell is a specific type of cell, meaning every instance of an alpha-beta T cell is necessarily an instance of a cell."
CellOntology_SUB,pred,cell,nucleate cell,0,is_a,google/gemma-4-31b-it,"A nucleate cell is a specific type of cell characterized by the presence of a nucleus, meaning every nucleate cell is necessarily a cell."
CellOntology_SUB,pred,cell,lymphocyte of b lineage,0,is_a,google/gemma-4-31b-it,"A lymphocyte of B lineage is a specific type of cell, meaning every instance of the child is necessarily an instance of the parent."
CellOntology_SUB,pred,cell,germ cell,0,is_a,google/gemma-4-31b-it,"A germ cell is a specific type of cell, meaning every instance of a germ cell is necessarily an instance of a cell."
CellOntology_SUB,pred,cell,autonomic neuron,0,is_a,google/gemma-4-31b-it,"An autonomic neuron is a specialized type of cell, meaning every instance of an autonomic neuron is necessarily an instance of a cell."
CellOntology_SUB,pred,cell,motile cell,0,is_a,google/gemma-4-31b-it,"A motile cell is a specific type of cell characterized by the ability to move independently, meaning every motile cell is necessarily a cell."
CellOntology_SUB,pred,cell,retinal cell,0,is_a,google/gemma-4-31b-it,"Every retinal cell is, by definition, a type of cell."
CellOntology_SUB,pred,cell,astrocyte,0,is_a,google/gemma-4-31b-it,"An astrocyte is a specific type of cell, meaning every instance of an astrocyte is necessarily an instance of a cell."
CellOntology_SUB,pred,cell,epithelial cell of stomach,0,is_a,google/gemma-4-31b-it,"An epithelial cell of the stomach is a specific type of cell, meaning every instance of the former is necessarily an instance of the latter."
CellOntology_SUB,pred,cell,mature t cell,0,is_a,google/gemma-4-31b-it,"A mature T cell is a specific type of cell, meaning every instance of a mature T cell is necessarily an instance of a cell."
CellOntology_SUB,pred,cell,epithelial cell,0,is_a,google/gemma-4-31b-it,"An epithelial cell is a specific type of cell, meaning every instance of an epithelial cell is necessarily an instance of a cell."
CellOntology_SUB,pred,cell,stem cell,0,is_a,google/gemma-4-31b-it,"A stem cell is a specific type of cell, meaning every instance of a stem cell is necessarily an instance of a cell."
CellOntology_SUB,pred,cell,sympathetic neuron,0,is_a,google/gemma-4-31b-it,"Every sympathetic neuron is, by definition, a type of cell."
CellOntology_SUB,pred,cell,leukocyte,0,is_a,google/gemma-4-31b-it,"Every leukocyte is, by definition, a type of cell."
CellOntology_SUB,pred,cell,be cell,0,is_a,google/gemma-4-31b-it,"The term 'be cell' is a misspelling of 'B cell', which is a specific type of biological cell."
CellOntology_SUB,pred,cell,secretory cell,0,is_a,google/gemma-4-31b-it,"A secretory cell is a specialized type of cell, meaning every instance of a secretory cell is necessarily an instance of a cell."
CellOntology_SUB,pred,cell,interneuron,0,is_a,google/gemma-4-31b-it,"An interneuron is a specific type of neuron, and every neuron is a type of cell, therefore every interneuron is also a cell."
CellOntology_SUB,pred,cell,respiratory tract epithelial cell,0,is_a,google/gemma-4-31b-it,"A respiratory tract epithelial cell is a specific type of cell, meaning every instance of the former is necessarily an instance of the latter."
CellOntology_SUB,pred,cell,vlmc nn vascular leptomeningeal cell mmus,0,is_a,google/gemma-4-31b-it,"A vascular leptomeningeal cell is a specific type of cell, meaning every instance of the former is necessarily an instance of the latter."
CellOntology_SUB,pred,cell,peripheral sensory neuron,0,is_a,google/gemma-4-31b-it,"A peripheral sensory neuron is a specialized type of cell, meaning every instance of a peripheral sensory neuron is necessarily an instance of a cell."
CellOntology_SUB,pred,cell,astrocyte of the cerebral cortex,0,is_a,google/gemma-4-31b-it,"An astrocyte of the cerebral cortex is a specific type of cell, meaning every instance of the former is necessarily an instance of the latter."
CellOntology_SUB,pred,cell,mesothelial fibroblast of the leptomeninx,0,is_a,google/gemma-4-31b-it,"A mesothelial fibroblast of the leptomeninx is a specific type of cell, meaning every instance of this cell is necessarily an instance of the general class 'cell'."
CellOntology_SUB,pred,cell,electrically signaling cell,0,is_a,google/gemma-4-31b-it,"An electrically signaling cell is a specific type of cell characterized by its ability to transmit electrical signals, meaning every instance of the former is necessarily an instance of the latter."
CellOntology_SUB,pred,cell,invertebrate nurse cell,0,is_a,google/gemma-4-31b-it,"An invertebrate nurse cell is a specialized type of cell, meaning every instance of an invertebrate nurse cell is necessarily an instance of a cell."
CellOntology_SUB,pred,cell,mucosal-associated invariant t cell,0,is_a,google/gemma-4-31b-it,"A mucosal-associated invariant T cell is a specific type of T cell, and every T cell is a type of cell, therefore the child is a subclass of the parent."
CellOntology_SUB,pred,cell,connective tissue cell,0,is_a,google/gemma-4-31b-it,"A connective tissue cell is a specific type of cell, meaning every instance of a connective tissue cell is necessarily an instance of a cell."
CellOntology_SUB,pred,cell,fibroblast,0,is_a,google/gemma-4-31b-it,"A fibroblast is a specific type of cell, meaning every instance of a fibroblast is necessarily an instance of a cell."
CellOntology_SUB,pred,cell,steroid hormone secreting cell,0,is_a,google/gemma-4-31b-it,"Every steroid hormone secreting cell is, by definition, a type of cell."
CellOntology_SUB,pred,cell,mononuclear leukocyte,0,is_a,google/gemma-4-31b-it,"A mononuclear leukocyte is a specific type of cell, meaning every instance of a mononuclear leukocyte is necessarily an instance of a cell."
CellOntology_SUB,pred,cell,chemoreceptor cell,0,is_a,google/gemma-4-31b-it,"A chemoreceptor cell is a specialized type of cell, meaning every instance of a chemoreceptor cell is necessarily an instance of a cell."
CellOntology_SUB,pred,cell,glial cell,0,is_a,google/gemma-4-31b-it,"A glial cell is a specific type of cell, meaning every instance of a glial cell is necessarily an instance of a cell."
CellOntology_SUB,pred,cell,secretory epithelial cell,0,is_a,google/gemma-4-31b-it,"A secretory epithelial cell is a specific type of cell, meaning every instance of the former is necessarily an instance of the latter."
CellOntology_SUB,pred,cell,cerebral cortex glial cell,0,is_a,google/gemma-4-31b-it,"A cerebral cortex glial cell is a specific type of cell, meaning every instance of the child is necessarily an instance of the parent."
CellOntology_SUB,pred,cell,large mucus secreting cholangiocyte,0,is_a,google/gemma-4-31b-it,"A large mucus secreting cholangiocyte is a specific type of cell, meaning every instance of the former is necessarily an instance of the latter."
CellOntology_SUB,pred,cell,neuron,0,is_a,google/gemma-4-31b-it,"Every neuron is by definition a type of cell, meaning the child concept is a specialized subclass of the parent concept."
CellOntology_SUB,pred,cell,polyploid cell,0,is_a,google/gemma-4-31b-it,A polyploid cell is a specific type of cell characterized by having more than two paired sets of chromosomes.
CellOntology_SUB,pred,cell,single nucleate cell,0,is_a,google/gemma-4-31b-it,"Every single nucleate cell is, by definition, a type of cell."
CellOntology_SUB,pred,cell,stem cell of gastric gland,0,is_a,google/gemma-4-31b-it,"A stem cell of the gastric gland is a specific type of cell, meaning every instance of the former is necessarily an instance of the latter."
CellOntology_SUB,pred,cell,stromal cell,0,is_a,google/gemma-4-31b-it,"A stromal cell is a specific type of cell, meaning every instance of a stromal cell is necessarily an instance of a cell."
CellOntology_SUB,pred,cell,central nervous system neuron,0,is_a,google/gemma-4-31b-it,"A central nervous system neuron is a specific type of cell, meaning every instance of the former is necessarily an instance of the latter."
CellOntology_SUB,pred,cell,mesenchymal stem cell,0,is_a,google/gemma-4-31b-it,"A mesenchymal stem cell is a specific type of cell, meaning every instance of a mesenchymal stem cell is necessarily an instance of a cell."
CellOntology_SUB,pred,eukaryotic cell,branched duct epithelial cell,0,is_a,google/gemma-4-31b-it,"A branched duct epithelial cell is a specific type of eukaryotic cell, as all animal epithelial cells possess a nucleus and organelles characteristic of eukaryotes."
CellOntology_SUB,pred,eukaryotic cell,peripheral nervous system neuron,0,is_a,google/gemma-4-31b-it,"A peripheral nervous system neuron is a specific type of eukaryotic cell, as all neurons are cells with a nucleus and membrane-bound organelles."
CellOntology_SUB,pred,eukaryotic cell,sensory neuron,0,is_a,google/gemma-4-31b-it,"Every sensory neuron is a type of neuron, and every neuron is a type of eukaryotic cell, therefore every instance of a sensory neuron is also an instance of a eukaryotic cell."
CellOntology_SUB,pred,eukaryotic cell,duct epithelial cell,0,is_a,google/gemma-4-31b-it,"A duct epithelial cell is a specific type of eukaryotic cell, as all animal cells are eukaryotic."
CellOntology_SUB,pred,eukaryotic cell,enteric neuron,0,is_a,google/gemma-4-31b-it,"An enteric neuron is a specialized type of neuron, and since all neurons are eukaryotic cells, every instance of an enteric neuron is necessarily an instance of a eukaryotic cell."
CellOntology_SUB,pred,eukaryotic cell,be1 cell,0,is_a,google/gemma-4-31b-it,"A 'be1 cell' is a specific type of B cell, and since all B cells are eukaryotic cells, every instance of a be1 cell is necessarily an instance of a eukaryotic cell."
CellOntology_SUB,pred,eukaryotic cell,lymphocyte of b lineage cd19-positive,0,is_a,google/gemma-4-31b-it,"A 'lymphocyte of b lineage cd19-positive' is a specific type of leukocyte, which is a type of hematopoietic cell, which is a type of eukaryotic cell; therefore, every instance of the child is necessarily an instance of the parent."
CellOntology_SUB,pred,eukaryotic cell,mucus secreting cell,1,is_a,google/gemma-4-31b-it,"A mucus secreting cell is a specialized type of eukaryotic cell, meaning every instance of the former is necessarily an instance of the latter."
CellOntology_SUB,pred,eukaryotic cell,neurecto-epithelial cell,0,is_a,google/gemma-4-31b-it,"A neurecto-epithelial cell is a specialized type of eukaryotic cell, meaning every instance of the former is necessarily an instance of the latter."
CellOntology_SUB,pred,eukaryotic cell,strial basal cell,0,is_a,google/gemma-4-31b-it,"A strial basal cell is a specific type of cell found in the auditory system, and since all such cells are eukaryotic, it is a proper subsumption."
CellOntology_SUB,pred,eukaryotic cell,cholangiocyte,0,is_a,google/gemma-4-31b-it,"A cholangiocyte is a specific type of epithelial cell found in the bile ducts, and since all such cells are eukaryotic cells, the subsumption is correct."
CellOntology_SUB,pred,eukaryotic cell,vein endothelial cell,0,is_a,google/gemma-4-31b-it,"A vein endothelial cell is a specific type of eukaryotic cell, as all animal cells (including those lining veins) possess a nucleus and membrane-bound organelles."
CellOntology_SUB,pred,eukaryotic cell,seromucus secreting cell,1,is_a,google/gemma-4-31b-it,"A seromucus secreting cell is a specialized type of secretory cell, and since all such cells in this context are eukaryotic, every instance of a seromucus secreting cell is also an instance of a eukaryotic cell."
CellOntology_SUB,pred,eukaryotic cell,mesenchymal stem cell of orbital adipose tissue,0,is_a,google/gemma-4-31b-it,"A mesenchymal stem cell of orbital adipose tissue is a specific type of eukaryotic cell, as all animal stem cells possess a nucleus and organelles characteristic of eukaryotes."
CellOntology_SUB,pred,eukaryotic cell,endo-epithelial cell,0,is_a,google/gemma-4-31b-it,"An endo-epithelial cell is a specialized type of epithelial cell, and since all epithelial cells are eukaryotic cells, every instance of an endo-epithelial cell is necessarily a eukaryotic cell."
CellOntology_SUB,pred,eukaryotic cell,vascular leptomeningeal cell,0,is_a,google/gemma-4-31b-it,"A vascular leptomeningeal cell is a specific type of cell found in eukaryotes, meaning every instance of the former is necessarily an instance of the latter."
CellOntology_SUB,pred,eukaryotic cell,ecto-epithelial cell,0,is_a,google/gemma-4-31b-it,"An ecto-epithelial cell is a specific type of epithelial cell, and since all epithelial cells are eukaryotic cells, every instance of an ecto-epithelial cell is necessarily an instance of a eukaryotic cell."
CellOntology_SUB,pred,eukaryotic cell,sensory receptor cell,0,is_a,google/gemma-4-31b-it,"A sensory receptor cell is a specialized type of eukaryotic cell, meaning every instance of the former is necessarily an instance of the latter."
CellOntology_SUB,pred,eukaryotic cell,brain macroglial cell,0,is_a,google/gemma-4-31b-it,"A brain macroglial cell is a specific type of eukaryotic cell, as all glial cells are eukaryotic cells."
CellOntology_SUB,pred,eukaryotic cell,epithelial cell of alimentary canal,0,is_a,google/gemma-4-31b-it,"An epithelial cell of the alimentary canal is a specific type of eukaryotic cell, as all animal cells are eukaryotic."
CellOntology_SUB,pred,eukaryotic cell,sensory epithelial cell,0,is_a,google/gemma-4-31b-it,"Every sensory epithelial cell is a type of cell that possesses a nucleus and organelles, making it a specific kind of eukaryotic cell."
CellOntology_SUB,pred,eukaryotic cell,macroglial cell,0,is_a,google/gemma-4-31b-it,"A macroglial cell is a specific type of glial cell, and since all glial cells are eukaryotic cells, every instance of a macroglial cell is necessarily an instance of a eukaryotic cell."
CellOntology_SUB,pred,eukaryotic cell,mesenchymal stem cell of adipose tissue,0,is_a,google/gemma-4-31b-it,"A mesenchymal stem cell of adipose tissue is a specific type of eukaryotic cell, as all animal stem cells possess a nucleus and organelles characteristic of eukaryotes."
CellOntology_SUB,pred,eukaryotic cell,b cell,0,is_a,google/gemma-4-31b-it,"A B cell is a specific type of eukaryotic cell, meaning every instance of a B cell is necessarily an instance of a eukaryotic cell."
CellOntology_SUB,pred,eukaryotic cell,mature alpha-beta t cell,0,is_a,google/gemma-4-31b-it,"A mature alpha-beta T cell is a specific type of eukaryotic cell, meaning every instance of the former is necessarily an instance of the latter."
CellOntology_SUB,pred,eukaryotic cell,afferent neuron,0,is_a,google/gemma-4-31b-it,"An afferent neuron is a specialized type of neuron, and since all neurons are eukaryotic cells, every instance of an afferent neuron is necessarily an instance of a eukaryotic cell."
CellOntology_SUB,pred,eukaryotic cell,schlemms canal endothelial cell,0,is_a,google/gemma-4-31b-it,"A Schlemm's canal endothelial cell is a specialized type of eukaryotic cell, meaning every instance of the former is necessarily an instance of the latter."
CellOntology_SUB,pred,eukaryotic cell,male germ cell,1,is_a,google/gemma-4-31b-it,"A male germ cell is a specific type of eukaryotic cell, as all animal germ cells possess a nucleus and organelles characteristic of eukaryotes."
CellOntology_SUB,pred,eukaryotic cell,neural cell,0,is_a,google/gemma-4-31b-it,"Every neural cell is, by definition, a type of eukaryotic cell."
CellOntology_SUB,pred,eukaryotic cell,neuron associated cell,0,is_a,google/gemma-4-31b-it,A neuron associated cell (such as a glial cell) is a specific type of eukaryotic cell.
CellOntology_SUB,pred,eukaryotic cell,auditory epithelial cell,0,is_a,google/gemma-4-31b-it,"An auditory epithelial cell is a specialized type of eukaryotic cell, meaning every instance of the former is necessarily an instance of the latter."
CellOntology_SUB,pred,eukaryotic cell,endothelial cell of vascular tree,0,is_a,google/gemma-4-31b-it,"An endothelial cell of the vascular tree is a specific type of eukaryotic cell, meaning every instance of the former is necessarily an instance of the latter."
CellOntology_SUB,pred,eukaryotic cell,lymphocyte,0,is_a,google/gemma-4-31b-it,"Every lymphocyte is a type of eukaryotic cell, as it is a specialized cell containing a nucleus and membrane-bound organelles."
CellOntology_SUB,pred,eukaryotic cell,blood vessel endothelial cell,0,is_a,google/gemma-4-31b-it,"A blood vessel endothelial cell is a specific type of eukaryotic cell, meaning every instance of the former is necessarily an instance of the latter."
CellOntology_SUB,pred,eukaryotic cell,b cell cd19-positive,0,is_a,google/gemma-4-31b-it,"A 'b cell cd19-positive' is a specific type of lymphocyte, which is a type of leukocyte, which is a type of hematopoietic cell, all of which are types of eukaryotic cells."
CellOntology_SUB,pred,eukaryotic cell,interlaminar astrocyte,0,is_a,google/gemma-4-31b-it,"An interlaminar astrocyte is a specific type of astrocyte, which is a type of glial cell, which is a type of eukaryotic cell; therefore, every interlaminar astrocyte is necessarily a eukaryotic cell."
CellOntology_SUB,pred,eukaryotic cell,astrocyte of the forebrain,0,is_a,google/gemma-4-31b-it,"An astrocyte of the forebrain is a specific type of eukaryotic cell, meaning every instance of the former is necessarily an instance of the latter."
CellOntology_SUB,pred,eukaryotic cell,neural crest derived neuron,0,is_a,google/gemma-4-31b-it,"A neural crest derived neuron is a specific type of neuron, and since all neurons are eukaryotic cells, every instance of the child is necessarily an instance of the parent."
CellOntology_SUB,pred,eukaryotic cell,endothelial cell,0,is_a,google/gemma-4-31b-it,"An endothelial cell is a specific type of eukaryotic cell, meaning every instance of an endothelial cell is necessarily an instance of a eukaryotic cell."
CellOntology_SUB,pred,eukaryotic cell,wide field retinal amacrine cell,0,is_a,google/gemma-4-31b-it,"A wide field retinal amacrine cell is a specific type of neuron, and all neurons are types of eukaryotic cells."
CellOntology_SUB,pred,eukaryotic cell,epithelial cell of upper respiratory tract,0,is_a,google/gemma-4-31b-it,"An epithelial cell of the upper respiratory tract is a specific type of eukaryotic cell, as all animal cells are eukaryotic."
CellOntology_SUB,pred,eukaryotic cell,t cell,0,is_a,google/gemma-4-31b-it,"Every T cell is a type of eukaryotic cell, as it is a specialized cell containing a nucleus and membrane-bound organelles."
CellOntology_SUB,pred,eukaryotic cell,intrinsic primary afferent neuron of myenteric plexus,0,is_a,google/gemma-4-31b-it,"An intrinsic primary afferent neuron of the myenteric plexus is a specialized type of neuron, and since all neurons are eukaryotic cells, every instance of the former is necessarily an instance of the latter."
CellOntology_SUB,pred,eukaryotic cell,spermatid,0,is_a,google/gemma-4-31b-it,"A spermatid is a specific type of eukaryotic cell (specifically a haploid male germ cell), meaning every instance of a spermatid is necessarily an instance of a eukaryotic cell."
CellOntology_SUB,pred,eukaryotic cell,amacrine cell,0,is_a,google/gemma-4-31b-it,"An amacrine cell is a specific type of neuron, and since all neurons are eukaryotic cells, every instance of an amacrine cell is necessarily an instance of a eukaryotic cell."
CellOntology_SUB,pred,eukaryotic cell,olfactory epithelial cell,0,is_a,google/gemma-4-31b-it,"An olfactory epithelial cell is a specialized type of cell that possesses a nucleus and organelles, making it a specific instance of the broader class of eukaryotic cells."
CellOntology_SUB,pred,eukaryotic cell,multi fate stem cell,1,is_a,google/gemma-4-31b-it,"A multi-fate stem cell is a specific type of stem cell, and since all stem cells in this biological context are eukaryotic cells, every instance of a multi-fate stem cell is also an instance of a eukaryotic cell."
CellOntology_SUB,pred,eukaryotic cell,mesothelial fibroblast,0,is_a,google/gemma-4-31b-it,"A mesothelial fibroblast is a specific type of cell that possesses a nucleus and organelles, making it a member of the class of eukaryotic cells."
CellOntology_SUB,pred,eukaryotic cell,germline-derived nurse cell,1,is_a,google/gemma-4-31b-it,"A germline-derived nurse cell is a specialized type of cell found in eukaryotes, meaning every instance of the former is necessarily an instance of the latter."
CellOntology_SUB,pred,eukaryotic cell,germ line cell,1,is_a,google/gemma-4-31b-it,"A germ line cell is a specific type of eukaryotic cell, as all germ line cells possess a nucleus and organelles characteristic of eukaryotes."
CellOntology_SUB,pred,eukaryotic cell,androgen secreting cell,1,is_a,google/gemma-4-31b-it,"An androgen secreting cell is a specialized type of cell that possesses a nucleus and organelles, making it a specific kind of eukaryotic cell."
CellOntology_SUB,pred,eukaryotic cell,gamete-nursing cell,1,is_a,google/gemma-4-31b-it,A gamete-nursing cell (such as a Sertoli cell or follicle cell) is a specialized type of eukaryotic cell.
CellOntology_SUB,pred,eukaryotic cell,professional antigen presenting cell,0,is_a,google/gemma-4-31b-it,A professional antigen presenting cell is a specialized type of eukaryotic cell.
CellOntology_SUB,pred,eukaryotic cell,wf4 amacrine cell,0,is_a,google/gemma-4-31b-it,"A wf4 amacrine cell is a specific type of amacrine cell, which is a type of neuron, and all neurons are types of eukaryotic cells."
CellOntology_SUB,pred,eukaryotic cell,mature b cell,0,is_a,google/gemma-4-31b-it,"A mature B cell is a specific type of eukaryotic cell, meaning every instance of a mature B cell is necessarily an instance of a eukaryotic cell."
CellOntology_SUB,pred,eukaryotic cell,superior cervical ganglion thnpy neuron,0,is_a,google/gemma-4-31b-it,"A superior cervical ganglion thnpy neuron is a specific type of neuron, and since all neurons are eukaryotic cells, every instance of the child is an instance of the parent."
CellOntology_SUB,pred,eukaryotic cell,columnarcuboidal epithelial cell,0,is_a,google/gemma-4-31b-it,"A columnarcuboidal epithelial cell is a specific type of eukaryotic cell, as all animal epithelial cells possess a nucleus and membrane-bound organelles."
CellOntology_SUB,pred,eukaryotic cell,hematopoietic cell,1,is_a,google/gemma-4-31b-it,"A hematopoietic cell is a type of blood-forming cell, and since all animal cells (including blood cells) are eukaryotic, every hematopoietic cell is necessarily a eukaryotic cell."
CellOntology_SUB,pred,eukaryotic cell,alpha-beta t cell,0,is_a,google/gemma-4-31b-it,"An alpha-beta T cell is a specific type of eukaryotic cell, meaning every instance of the former is necessarily an instance of the latter."
CellOntology_SUB,pred,eukaryotic cell,nucleate cell,1,synonym,google/gemma-4-31b-it,"A nucleate cell is defined as a cell containing a nucleus, which is the defining characteristic of a eukaryotic cell, making the two terms conceptually equivalent in a biological context."
CellOntology_SUB,pred,eukaryotic cell,lymphocyte of b lineage,0,is_a,google/gemma-4-31b-it,"A lymphocyte of B lineage is a specific type of leukocyte, which is a type of animal cell, and all animal cells are eukaryotic cells."
CellOntology_SUB,pred,eukaryotic cell,germ cell,1,is_a,google/gemma-4-31b-it,"Every germ cell is a type of eukaryotic cell, as germ cells are specialized cells found in eukaryotic organisms."
CellOntology_SUB,pred,eukaryotic cell,autonomic neuron,0,is_a,google/gemma-4-31b-it,"An autonomic neuron is a specialized type of neuron, and since all neurons are eukaryotic cells, every instance of an autonomic neuron is necessarily an instance of a eukaryotic cell."
CellOntology_SUB,pred,eukaryotic cell,retinal cell,0,is_a,google/gemma-4-31b-it,"A retinal cell is a specific type of eukaryotic cell, meaning every instance of a retinal cell is necessarily an instance of a eukaryotic cell."
CellOntology_SUB,pred,eukaryotic cell,astrocyte,0,is_a,google/gemma-4-31b-it,"An astrocyte is a specific type of glial cell, and since all glial cells are eukaryotic cells, every astrocyte is necessarily a eukaryotic cell."
CellOntology_SUB,pred,eukaryotic cell,epithelial cell of stomach,0,is_a,google/gemma-4-31b-it,"An epithelial cell of the stomach is a specific type of eukaryotic cell, meaning every instance of the former is necessarily an instance of the latter."
CellOntology_SUB,pred,eukaryotic cell,mature t cell,0,is_a,google/gemma-4-31b-it,"Every mature T cell is a type of eukaryotic cell, as it is a specialized cell containing a nucleus and organelles."
CellOntology_SUB,pred,eukaryotic cell,epithelial cell,0,is_a,google/gemma-4-31b-it,"An epithelial cell is a specific type of eukaryotic cell, meaning every instance of an epithelial cell is necessarily an instance of a eukaryotic cell."
CellOntology_SUB,pred,eukaryotic cell,sympathetic neuron,0,is_a,google/gemma-4-31b-it,"A sympathetic neuron is a specialized type of neuron, and since all neurons are eukaryotic cells, every instance of a sympathetic neuron is necessarily an instance of a eukaryotic cell."
CellOntology_SUB,pred,eukaryotic cell,leukocyte,0,is_a,google/gemma-4-31b-it,"A leukocyte is a type of white blood cell, and since all white blood cells are eukaryotic cells, every instance of a leukocyte is necessarily an instance of a eukaryotic cell."
CellOntology_SUB,pred,eukaryotic cell,be cell,0,is_a,google/gemma-4-31b-it,"The term 'be cell' is a misspelling or truncation of 'B cell', which is a specific type of lymphocyte and therefore a type of eukaryotic cell."
CellOntology_SUB,pred,eukaryotic cell,interneuron,0,is_a,google/gemma-4-31b-it,"An interneuron is a specific type of neuron, and since all neurons are eukaryotic cells, every instance of an interneuron is necessarily an instance of a eukaryotic cell."
CellOntology_SUB,pred,eukaryotic cell,respiratory tract epithelial cell,0,is_a,google/gemma-4-31b-it,"A respiratory tract epithelial cell is a specific type of eukaryotic cell, as all animal cells are eukaryotic."
CellOntology_SUB,pred,eukaryotic cell,vlmc nn vascular leptomeningeal cell mmus,0,is_a,google/gemma-4-31b-it,"A vascular leptomeningeal cell is a specific type of cell found in eukaryotes, meaning every instance of the child is necessarily an instance of the parent."
CellOntology_SUB,pred,eukaryotic cell,peripheral sensory neuron,0,is_a,google/gemma-4-31b-it,"A peripheral sensory neuron is a specialized type of neuron, and since all neurons are eukaryotic cells, every instance of a peripheral sensory neuron is necessarily an instance of a eukaryotic cell."
CellOntology_SUB,pred,eukaryotic cell,astrocyte of the cerebral cortex,0,is_a,google/gemma-4-31b-it,"An astrocyte of the cerebral cortex is a specific type of eukaryotic cell, meaning every instance of the former is necessarily an instance of the latter."
CellOntology_SUB,pred,eukaryotic cell,mesothelial fibroblast of the leptomeninx,0,is_a,google/gemma-4-31b-it,"A mesothelial fibroblast of the leptomeninx is a specific type of cell that possesses a nucleus and organelles, making it a member of the class of eukaryotic cells."
CellOntology_SUB,pred,eukaryotic cell,invertebrate nurse cell,0,is_a,google/gemma-4-31b-it,"An invertebrate nurse cell is a specialized type of eukaryotic cell, meaning every instance of the former is necessarily an instance of the latter."
CellOntology_SUB,pred,eukaryotic cell,mucosal-associated invariant t cell,0,is_a,google/gemma-4-31b-it,"A mucosal-associated invariant T cell is a specialized type of T lymphocyte, and since all lymphocytes are eukaryotic cells, every instance of the former is necessarily an instance of the latter."
CellOntology_SUB,pred,eukaryotic cell,connective tissue cell,0,is_a,google/gemma-4-31b-it,"Every connective tissue cell is a type of eukaryotic cell, as it is a specialized cell from an organism with a nucleus and membrane-bound organelles."
CellOntology_SUB,pred,eukaryotic cell,fibroblast,0,is_a,google/gemma-4-31b-it,"A fibroblast is a specific type of cell that possesses a nucleus and organelles, making every fibroblast an instance of a eukaryotic cell."
CellOntology_SUB,pred,eukaryotic cell,steroid hormone secreting cell,1,is_a,google/gemma-4-31b-it,"Every steroid hormone secreting cell is a type of cell that possesses a nucleus and organelles, making it a specific kind of eukaryotic cell."
CellOntology_SUB,pred,eukaryotic cell,mononuclear leukocyte,0,is_a,google/gemma-4-31b-it,"A mononuclear leukocyte is a specific type of cell that possesses a nucleus and membrane-bound organelles, making it a member of the class of eukaryotic cells."
CellOntology_SUB,pred,eukaryotic cell,chemoreceptor cell,0,is_a,google/gemma-4-31b-it,"A chemoreceptor cell is a specialized type of eukaryotic cell, meaning every instance of a chemoreceptor cell is necessarily an instance of a eukaryotic cell."
CellOntology_SUB,pred,eukaryotic cell,glial cell,0,is_a,google/gemma-4-31b-it,"Every glial cell is a type of eukaryotic cell, as it is a cell with a nucleus and membrane-bound organelles."
CellOntology_SUB,pred,eukaryotic cell,secretory epithelial cell,0,is_a,google/gemma-4-31b-it,"Every secretory epithelial cell is, by definition, a type of eukaryotic cell."
CellOntology_SUB,pred,eukaryotic cell,cerebral cortex glial cell,0,is_a,google/gemma-4-31b-it,"A cerebral cortex glial cell is a specific type of glial cell, and since all glial cells are eukaryotic cells, every instance of the child is necessarily an instance of the parent."
CellOntology_SUB,pred,eukaryotic cell,large mucus secreting cholangiocyte,0,is_a,google/gemma-4-31b-it,"A large mucus secreting cholangiocyte is a specialized type of eukaryotic cell, meaning every instance of the former is necessarily an instance of the latter."
CellOntology_SUB,pred,eukaryotic cell,neuron,0,is_a,google/gemma-4-31b-it,"Every neuron is a type of eukaryotic cell, as neurons are specialized cells with a nucleus and membrane-bound organelles."
CellOntology_SUB,pred,eukaryotic cell,polyploid cell,1,is_a,google/gemma-4-31b-it,"A polyploid cell is a cell containing more than two paired sets of chromosomes, a condition that occurs exclusively in eukaryotic cells."
CellOntology_SUB,pred,eukaryotic cell,single nucleate cell,0,is_a,google/gemma-4-31b-it,"A single nucleate cell is a specific type of eukaryotic cell (as eukaryotes are defined by having a nucleus), meaning every instance of the former is necessarily an instance of the latter."
CellOntology_SUB,pred,eukaryotic cell,stem cell of gastric gland,0,is_a,google/gemma-4-31b-it,"A stem cell of the gastric gland is a specialized type of eukaryotic cell, meaning every instance of the former is necessarily an instance of the latter."
CellOntology_SUB,pred,eukaryotic cell,stromal cell,0,is_a,google/gemma-4-31b-it,"A stromal cell is a type of cell found in animals, and since all animal cells are eukaryotic, every instance of a stromal cell is necessarily an instance of a eukaryotic cell."
CellOntology_SUB,pred,eukaryotic cell,central nervous system neuron,0,is_a,google/gemma-4-31b-it,"A central nervous system neuron is a specific type of eukaryotic cell, meaning every instance of the former is necessarily an instance of the latter."
CellOntology_SUB,pred,eukaryotic cell,mesenchymal stem cell,0,is_a,google/gemma-4-31b-it,"A mesenchymal stem cell is a specific type of eukaryotic cell, as all animal stem cells possess a nucleus and membrane-bound organelles."
CellOntology_SUB,pred,eukaryotic cell,stem cell,1,is_a,google/gemma-4-31b-it,"Every stem cell is a type of eukaryotic cell, as stem cells are specialized cells found in eukaryotic organisms."
CellOntology_SUB,pred,nucleate cell,branched duct epithelial cell,1,is_a,google/gemma-4-31b-it,"A branched duct epithelial cell is a type of eukaryotic cell, and since all eukaryotic cells possess a nucleus, it is by definition a nucleate cell."
CellOntology_SUB,pred,nucleate cell,peripheral nervous system neuron,1,is_a,google/gemma-4-31b-it,"A peripheral nervous system neuron is a type of cell that possesses a nucleus, making it a member of the class of nucleate cells."
CellOntology_SUB,pred,nucleate cell,sensory neuron,1,is_a,google/gemma-4-31b-it,"A sensory neuron is a type of cell that possesses a nucleus, meaning every instance of a sensory neuron is necessarily an instance of a nucleate cell."
CellOntology_SUB,pred,nucleate cell,duct epithelial cell,1,is_a,google/gemma-4-31b-it,"A duct epithelial cell is a type of eukaryotic cell that possesses a nucleus, making it a specific instance of the broader category of nucleate cells."
CellOntology_SUB,pred,nucleate cell,enteric neuron,1,is_a,google/gemma-4-31b-it,"An enteric neuron is a type of cell that possesses a nucleus, and since all neurons are nucleate cells, every instance of an enteric neuron is also an instance of a nucleate cell."
CellOntology_SUB,pred,nucleate cell,be1 cell,0,is_a,google/gemma-4-31b-it,"A 'be1 cell' is a specific type of B cell, and since all B cells are nucleate cells, every instance of a 'be1 cell' is necessarily an instance of a 'nucleate cell'."
CellOntology_SUB,pred,nucleate cell,lymphocyte of b lineage cd19-positive,0,is_a,google/gemma-4-31b-it,"A 'lymphocyte of b lineage cd19-positive' is a specific type of cell that possesses a nucleus, making it a member of the class of nucleate cells."
CellOntology_SUB,pred,nucleate cell,strial basal cell,1,is_a,google/gemma-4-31b-it,"A strial basal cell is a type of cell that contains a nucleus, and since all nucleate cells are cells and the strial basal cell is a specialized eukaryotic cell, it is a member of the class of nucleate cells."
CellOntology_SUB,pred,nucleate cell,cholangiocyte,1,is_a,google/gemma-4-31b-it,"A cholangiocyte is a type of epithelial cell that possesses a nucleus, making it a specific instance of the broader category of nucleate cells."
CellOntology_SUB,pred,nucleate cell,vein endothelial cell,1,is_a,google/gemma-4-31b-it,"A vein endothelial cell is a type of cell that possesses a nucleus, and therefore every instance of a vein endothelial cell is also an instance of a nucleate cell."
CellOntology_SUB,pred,nucleate cell,seromucus secreting cell,1,is_a,google/gemma-4-31b-it,"A seromucus secreting cell is a type of cell that possesses a nucleus, meaning every instance of a seromucus secreting cell is also an instance of a nucleate cell."
CellOntology_SUB,pred,nucleate cell,mesenchymal stem cell of orbital adipose tissue,1,is_a,google/gemma-4-31b-it,"A mesenchymal stem cell of orbital adipose tissue is a type of eukaryotic cell that possesses a nucleus, making it a member of the class of nucleate cells."
CellOntology_SUB,pred,nucleate cell,endo-epithelial cell,1,is_a,google/gemma-4-31b-it,"An endo-epithelial cell is a type of eukaryotic cell that possesses a nucleus, making it a specific instance of the broader category of nucleate cells."
CellOntology_SUB,pred,nucleate cell,vascular leptomeningeal cell,1,is_a,google/gemma-4-31b-it,"A vascular leptomeningeal cell is a type of cell that possesses a nucleus, and since all cells in this category are nucleate, it is a proper subsumption."
CellOntology_SUB,pred,nucleate cell,sensory receptor cell,1,is_a,google/gemma-4-31b-it,"A sensory receptor cell is a type of cell that possesses a nucleus, making it a specific instance of the broader category of nucleate cells."
CellOntology_SUB,pred,nucleate cell,brain macroglial cell,1,is_a,google/gemma-4-31b-it,"A brain macroglial cell is a type of cell that possesses a nucleus, and therefore every instance of a brain macroglial cell is also an instance of a nucleate cell."
CellOntology_SUB,pred,nucleate cell,epithelial cell of alimentary canal,1,is_a,google/gemma-4-31b-it,"An epithelial cell of the alimentary canal is a type of cell that possesses a nucleus, meaning every instance of the former is necessarily an instance of the latter."
CellOntology_SUB,pred,nucleate cell,macroglial cell,1,is_a,google/gemma-4-31b-it,"A macroglial cell is a type of eukaryotic cell that possesses a nucleus, and therefore every instance of a macroglial cell is by definition a nucleate cell."
CellOntology_SUB,pred,nucleate cell,mesenchymal stem cell of adipose tissue,1,is_a,google/gemma-4-31b-it,"A mesenchymal stem cell of adipose tissue is a type of eukaryotic cell that possesses a nucleus, making it a member of the class of nucleate cells."
CellOntology_SUB,pred,nucleate cell,b cell,0,is_a,google/gemma-4-31b-it,"A B cell is a type of cell that possesses a nucleus, meaning every B cell is by definition a nucleate cell."
CellOntology_SUB,pred,nucleate cell,mature alpha-beta t cell,0,is_a,google/gemma-4-31b-it,"A mature alpha-beta T cell is a specific type of cell that possesses a nucleus, meaning every instance of the former is necessarily an instance of the latter."
CellOntology_SUB,pred,nucleate cell,afferent neuron,1,is_a,google/gemma-4-31b-it,"An afferent neuron is a type of cell that possesses a nucleus, meaning every instance of an afferent neuron is necessarily an instance of a nucleate cell."
CellOntology_SUB,pred,nucleate cell,schlemms canal endothelial cell,1,is_a,google/gemma-4-31b-it,"A schlemms canal endothelial cell is a type of cell that possesses a nucleus, and therefore every instance of it is by definition a nucleate cell."
CellOntology_SUB,pred,nucleate cell,male germ cell,1,is_a,google/gemma-4-31b-it,"A male germ cell is a type of cell that contains a nucleus, meaning every instance of a male germ cell is necessarily an instance of a nucleate cell."
CellOntology_SUB,pred,nucleate cell,neural cell,1,is_a,google/gemma-4-31b-it,"A neural cell is a type of cell that possesses a nucleus, making it a specific instance of the broader category of nucleate cells."
CellOntology_SUB,pred,nucleate cell,neuron associated cell,1,is_a,google/gemma-4-31b-it,"A neuron associated cell (such as a glial cell) is a type of cell that possesses a nucleus, making it a member of the class of nucleate cells."
CellOntology_SUB,pred,nucleate cell,endothelial cell of vascular tree,1,is_a,google/gemma-4-31b-it,"An endothelial cell of the vascular tree is a type of cell that possesses a nucleus, meaning every instance of the former is necessarily an instance of a nucleate cell."
CellOntology_SUB,pred,nucleate cell,lymphocyte,0,is_a,google/gemma-4-31b-it,"A lymphocyte is a type of cell that possesses a nucleus, meaning every instance of a lymphocyte is necessarily an instance of a nucleate cell."
CellOntology_SUB,pred,nucleate cell,blood vessel endothelial cell,1,is_a,google/gemma-4-31b-it,"A blood vessel endothelial cell is a type of eukaryotic cell that possesses a nucleus, making it a member of the class of nucleate cells."
CellOntology_SUB,pred,nucleate cell,b cell cd19-positive,0,is_a,google/gemma-4-31b-it,"A 'b cell cd19-positive' is a specific type of cell that possesses a nucleus, making it a member of the class of nucleate cells."
CellOntology_SUB,pred,nucleate cell,interlaminar astrocyte,1,is_a,google/gemma-4-31b-it,"An interlaminar astrocyte is a type of cell that possesses a nucleus, and since all astrocytes are nucleate cells, every instance of the child is an instance of the parent."
CellOntology_SUB,pred,nucleate cell,astrocyte of the forebrain,1,is_a,google/gemma-4-31b-it,"An astrocyte of the forebrain is a type of cell that possesses a nucleus, meaning every instance of the child is necessarily an instance of a nucleate cell."
CellOntology_SUB,pred,nucleate cell,neural crest derived neuron,1,is_a,google/gemma-4-31b-it,"A neural crest derived neuron is a type of neuron, and since all neurons are cells that possess a nucleus, every instance of a neural crest derived neuron is necessarily a nucleate cell."
CellOntology_SUB,pred,nucleate cell,endothelial cell,1,is_a,google/gemma-4-31b-it,"An endothelial cell is a type of eukaryotic cell that possesses a nucleus, meaning every instance of an endothelial cell is necessarily an instance of a nucleate cell."
CellOntology_SUB,pred,nucleate cell,wide field retinal amacrine cell,1,is_a,google/gemma-4-31b-it,"A wide field retinal amacrine cell is a type of cell that possesses a nucleus, and since all amacrine cells are nucleate, every instance of the child is an instance of the parent."
CellOntology_SUB,pred,nucleate cell,epithelial cell of upper respiratory tract,1,is_a,google/gemma-4-31b-it,"An epithelial cell of the upper respiratory tract is a type of cell that possesses a nucleus, making it a member of the class of nucleate cells."
CellOntology_SUB,pred,nucleate cell,t cell,0,is_a,google/gemma-4-31b-it,"A T cell is a type of cell that possesses a nucleus, meaning every T cell is by definition a nucleate cell."
CellOntology_SUB,pred,nucleate cell,intrinsic primary afferent neuron of myenteric plexus,1,is_a,google/gemma-4-31b-it,"An intrinsic primary afferent neuron of the myenteric plexus is a type of neuron, and all neurons are eukaryotic cells that possess a nucleus, making them instances of nucleate cells."
CellOntology_SUB,pred,nucleate cell,spermatid,1,is_a,google/gemma-4-31b-it,"A spermatid is a type of cell that contains a nucleus, and therefore every instance of a spermatid is necessarily an instance of a nucleate cell."
CellOntology_SUB,pred,nucleate cell,amacrine cell,1,is_a,google/gemma-4-31b-it,"An amacrine cell is a type of cell that possesses a nucleus, and since all nucleate cells are cells and all amacrine cells are nucleate, the subsumption holds."
CellOntology_SUB,pred,nucleate cell,olfactory epithelial cell,1,is_a,google/gemma-4-31b-it,"An olfactory epithelial cell is a type of eukaryotic cell that possesses a nucleus, and therefore every instance of an olfactory epithelial cell is by definition a nucleate cell."
CellOntology_SUB,pred,nucleate cell,multi fate stem cell,1,is_a,google/gemma-4-31b-it,"A multi-fate stem cell is a type of cell that possesses a nucleus, meaning every instance of a multi-fate stem cell is necessarily an instance of a nucleate cell."
CellOntology_SUB,pred,nucleate cell,mesothelial fibroblast,1,is_a,google/gemma-4-31b-it,"A mesothelial fibroblast is a type of eukaryotic cell that possesses a nucleus, meaning every instance of a mesothelial fibroblast is necessarily an instance of a nucleate cell."
CellOntology_SUB,pred,nucleate cell,germline-derived nurse cell,1,is_a,google/gemma-4-31b-it,"A germline-derived nurse cell is a specific type of cell that contains a nucleus, meaning every instance of the former is necessarily an instance of the latter."
CellOntology_SUB,pred,nucleate cell,professional antigen presenting cell,0,is_a,google/gemma-4-31b-it,"A professional antigen presenting cell (such as a dendritic cell, macrophage, or B cell) is a type of cell that possesses a nucleus, making it a specific instance of the broader category of nucleate cells."
CellOntology_SUB,pred,nucleate cell,wf4 amacrine cell,1,is_a,google/gemma-4-31b-it,"A 'wf4 amacrine cell' is a type of cell that possesses a nucleus, and since 'nucleate cell' refers to any cell containing a nucleus, every instance of the former is an instance of the latter."
CellOntology_SUB,pred,nucleate cell,mature b cell,0,is_a,google/gemma-4-31b-it,"A mature B cell is a type of cell that possesses a nucleus, meaning every instance of a mature B cell is necessarily an instance of a nucleate cell."
CellOntology_SUB,pred,nucleate cell,superior cervical ganglion thnpy neuron,1,is_a,google/gemma-4-31b-it,"A 'superior cervical ganglion thnpy neuron' is a type of neuron, and since all neurons are cells that possess a nucleus, it is by definition a nucleate cell."
CellOntology_SUB,pred,nucleate cell,columnarcuboidal epithelial cell,1,is_a,google/gemma-4-31b-it,"A columnarcuboidal epithelial cell is a type of eukaryotic cell, and since all eukaryotic cells possess a nucleus, it is by definition a nucleate cell."
CellOntology_SUB,pred,nucleate cell,alpha-beta t cell,0,is_a,google/gemma-4-31b-it,"An alpha-beta T cell is a specific type of cell that possesses a nucleus, making it a member of the class of nucleate cells."
CellOntology_SUB,pred,nucleate cell,lymphocyte of b lineage,0,is_a,google/gemma-4-31b-it,"A lymphocyte of B lineage is a specific type of cell that possesses a nucleus, meaning every instance of a B lymphocyte is necessarily an instance of a nucleate cell."
CellOntology_SUB,pred,nucleate cell,mature t cell,0,is_a,google/gemma-4-31b-it,"A mature T cell is a specific type of cell that possesses a nucleus, meaning every instance of a mature T cell is necessarily an instance of a nucleate cell."
CellOntology_SUB,pred,nucleate cell,leukocyte,0,is_a,google/gemma-4-31b-it,"Every leukocyte is a type of cell that possesses a nucleus, meaning every instance of a leukocyte is also an instance of a nucleate cell."
CellOntology_SUB,pred,nucleate cell,be cell,0,is_a,google/gemma-4-31b-it,"The term 'be cell' (likely referring to a B-cell or a specific subtype) is a type of cell that possesses a nucleus, making it a specific instance of the broader category 'nucleate cell'."
CellOntology_SUB,pred,nucleate cell,mucosal-associated invariant t cell,0,is_a,google/gemma-4-31b-it,"A mucosal-associated invariant T cell is a type of lymphocyte, and since all lymphocytes are cells that possess a nucleus, every instance of a mucosal-associated invariant T cell is necessarily an instance of a nucleate cell."
CellOntology_SUB,pred,nucleate cell,mononuclear leukocyte,0,is_a,google/gemma-4-31b-it,"A mononuclear leukocyte is a type of cell that possesses a nucleus, meaning every instance of a mononuclear leukocyte is necessarily an instance of a nucleate cell."
CellOntology_SUB,pred,nucleate cell,polyploid cell,1,is_a,google/gemma-4-31b-it,"A polyploid cell is a type of cell that contains multiple sets of chromosomes within its nucleus, meaning every polyploid cell is necessarily a nucleate cell."
CellOntology_SUB,pred,nucleate cell,single nucleate cell,0,is_a,google/gemma-4-31b-it,"A 'single nucleate cell' is a specific type of 'nucleate cell' characterized by having exactly one nucleus, meaning every instance of the former is necessarily an instance of the latter."
CellOntology_SUB,pred,nucleate cell,autonomic neuron,1,is_a,google/gemma-4-31b-it,"An autonomic neuron is a type of cell that possesses a nucleus, meaning every instance of an autonomic neuron is necessarily an instance of a nucleate cell."
CellOntology_SUB,pred,nucleate cell,astrocyte,1,is_a,google/gemma-4-31b-it,"An astrocyte is a type of eukaryotic cell that possesses a nucleus, and therefore every instance of an astrocyte is necessarily an instance of a nucleate cell."
CellOntology_SUB,pred,nucleate cell,epithelial cell of stomach,1,is_a,google/gemma-4-31b-it,"An epithelial cell of the stomach is a type of cell that possesses a nucleus, meaning every instance of the child is also an instance of the parent."
CellOntology_SUB,pred,nucleate cell,stem cell,1,is_a,google/gemma-4-31b-it,"A stem cell is a type of cell that possesses a nucleus, meaning every instance of a stem cell is also an instance of a nucleate cell."
CellOntology_SUB,pred,nucleate cell,sympathetic neuron,1,is_a,google/gemma-4-31b-it,"A sympathetic neuron is a type of cell that possesses a nucleus, meaning every instance of a sympathetic neuron is necessarily an instance of a nucleate cell."
CellOntology_SUB,pred,nucleate cell,interneuron,1,is_a,google/gemma-4-31b-it,"An interneuron is a type of neuron, and since all neurons are eukaryotic cells that possess a nucleus, every interneuron is by definition a nucleate cell."
CellOntology_SUB,pred,nucleate cell,respiratory tract epithelial cell,1,is_a,google/gemma-4-31b-it,"A respiratory tract epithelial cell is a type of eukaryotic cell that possesses a nucleus, making it a specific instance of the broader category of nucleate cells."
CellOntology_SUB,pred,nucleate cell,vlmc nn vascular leptomeningeal cell mmus,1,is_a,google/gemma-4-31b-it,"A vascular leptomeningeal cell is a type of cell that possesses a nucleus, making it a member of the class of nucleate cells."
CellOntology_SUB,pred,nucleate cell,peripheral sensory neuron,1,is_a,google/gemma-4-31b-it,"A peripheral sensory neuron is a type of cell that possesses a nucleus, meaning every instance of a peripheral sensory neuron is necessarily an instance of a nucleate cell."
CellOntology_SUB,pred,nucleate cell,astrocyte of the cerebral cortex,1,is_a,google/gemma-4-31b-it,"An astrocyte of the cerebral cortex is a type of cell that possesses a nucleus, and therefore every instance of this specific cell is also an instance of a nucleate cell."
CellOntology_SUB,pred,nucleate cell,mesothelial fibroblast of the leptomeninx,1,is_a,google/gemma-4-31b-it,"A mesothelial fibroblast of the leptomeninx is a type of cell that possesses a nucleus, and therefore every instance of this specific cell is also an instance of a nucleate cell."
CellOntology_SUB,pred,nucleate cell,invertebrate nurse cell,1,is_a,google/gemma-4-31b-it,"An invertebrate nurse cell is a type of cell that contains a nucleus, and therefore every instance of an invertebrate nurse cell is necessarily an instance of a nucleate cell."
CellOntology_SUB,pred,nucleate cell,connective tissue cell,1,is_a,google/gemma-4-31b-it,"Since connective tissue cells are eukaryotic cells and possess a nucleus, every instance of a connective tissue cell is necessarily a nucleate cell."
CellOntology_SUB,pred,nucleate cell,fibroblast,1,is_a,google/gemma-4-31b-it,"A fibroblast is a type of cell that possesses a nucleus, meaning every instance of a fibroblast is necessarily an instance of a nucleate cell."
CellOntology_SUB,pred,nucleate cell,steroid hormone secreting cell,1,is_a,google/gemma-4-31b-it,"A steroid hormone secreting cell is a type of cell that possesses a nucleus, meaning every instance of the former is necessarily an instance of the latter."
CellOntology_SUB,pred,nucleate cell,glial cell,1,is_a,google/gemma-4-31b-it,"A glial cell is a type of eukaryotic cell that possesses a nucleus, and therefore every instance of a glial cell is by definition a nucleate cell."
CellOntology_SUB,pred,nucleate cell,secretory epithelial cell,1,is_a,google/gemma-4-31b-it,"A secretory epithelial cell is a type of eukaryotic cell, and all eukaryotic cells (including epithelial cells) possess a nucleus, making them instances of nucleate cells."
CellOntology_SUB,pred,nucleate cell,cerebral cortex glial cell,1,is_a,google/gemma-4-31b-it,"A cerebral cortex glial cell is a type of cell that possesses a nucleus, and therefore every instance of a cerebral cortex glial cell is also an instance of a nucleate cell."
CellOntology_SUB,pred,nucleate cell,large mucus secreting cholangiocyte,1,is_a,google/gemma-4-31b-it,"A large mucus secreting cholangiocyte is a type of cell that possesses a nucleus, making it a member of the class of nucleate cells."
CellOntology_SUB,pred,nucleate cell,neuron,1,is_a,google/gemma-4-31b-it,"A neuron is a type of cell that possesses a nucleus, meaning every instance of a neuron is necessarily an instance of a nucleate cell."
CellOntology_SUB,pred,nucleate cell,stem cell of gastric gland,1,is_a,google/gemma-4-31b-it,"A stem cell of the gastric gland is a type of cell that possesses a nucleus, meaning every instance of the child is necessarily an instance of the parent."
CellOntology_SUB,pred,nucleate cell,central nervous system neuron,1,is_a,google/gemma-4-31b-it,"A central nervous system neuron is a type of cell that possesses a nucleus, making it a member of the class of nucleate cells."
CellOntology_SUB,pred,nucleate cell,mesenchymal stem cell,1,is_a,google/gemma-4-31b-it,"A mesenchymal stem cell is a type of eukaryotic cell that possesses a nucleus, and therefore every instance of a mesenchymal stem cell is by definition a nucleate cell."
CellOntology_SUB,pred,germ line cell,germ cell,0,synonym,google/gemma-4-31b-it,"In biological terminology, ""germ cell"" and ""germ line cell"" are used interchangeably to describe the cells that give rise to gametes."
CellOntology_SUB,pred,germ line cell,male germ cell,0,is_a,google/gemma-4-31b-it,"A male germ cell is a specific type of germ line cell, meaning every instance of the former is necessarily an instance of the latter."
CellOntology_SUB,pred,germ line cell,spermatid,0,is_a,google/gemma-4-31b-it,A spermatid is a specific type of haploid male germ line cell produced during spermatogenesis.
CellOntology_SUB,pred,germ line cell,germline-derived nurse cell,0,is_a,google/gemma-4-31b-it,"A germline-derived nurse cell is a specific type of cell originating from the germ line, meaning every instance of a germline-derived nurse cell is necessarily a germ line cell."
CellOntology_SUB,pred,germ cell,male germ cell,0,is_a,google/gemma-4-31b-it,"Every male germ cell is, by definition, a type of germ cell."
CellOntology_SUB,pred,germ cell,spermatid,0,is_a,google/gemma-4-31b-it,"A spermatid is a specific type of haploid male germ cell, meaning every spermatid is by definition a germ cell."
CellOntology_SUB,pred,male germ cell,spermatid,0,is_a,google/gemma-4-31b-it,"A spermatid is a specific type of male germ cell (specifically a haploid cell resulting from meiosis), meaning every spermatid is by definition a male germ cell."
CellOntology_SUB,pred,peripheral nervous system neuron,enteric neuron,0,is_a,google/gemma-4-31b-it,"Every enteric neuron is, by definition, a neuron located within the enteric nervous system, which is a division of the peripheral nervous system."
CellOntology_SUB,pred,peripheral nervous system neuron,intrinsic primary afferent neuron of myenteric plexus,0,is_a,google/gemma-4-31b-it,"An intrinsic primary afferent neuron of the myenteric plexus is a specific type of enteric neuron, which is a type of autonomic neuron, both of which are subtypes of neurons within the peripheral nervous system."
CellOntology_SUB,pred,peripheral nervous system neuron,superior cervical ganglion thnpy neuron,0,is_a,google/gemma-4-31b-it,"The superior cervical ganglion is a part of the sympathetic nervous system, which is a division of the peripheral nervous system; therefore, a neuron located within this ganglion is a specific type of peripheral nervous system neuron."
CellOntology_SUB,pred,peripheral nervous system neuron,autonomic neuron,0,is_a,google/gemma-4-31b-it,"An autonomic neuron is a specific type of neuron located within the peripheral nervous system, meaning every autonomic neuron is by definition a peripheral nervous system neuron."
CellOntology_SUB,pred,peripheral nervous system neuron,sympathetic neuron,0,is_a,google/gemma-4-31b-it,"Every sympathetic neuron is, by definition, a type of neuron located within the peripheral nervous system, making it a subclass of peripheral nervous system neurons."
CellOntology_SUB,pred,peripheral nervous system neuron,peripheral sensory neuron,0,is_a,google/gemma-4-31b-it,"A peripheral sensory neuron is a specific type of neuron located within the peripheral nervous system, meaning every instance of the former is necessarily an instance of the latter."
CellOntology_SUB,pred,peripheral nervous system neuron,neural crest derived neuron,1,is_a,google/gemma-4-31b-it,"While most neurons of the peripheral nervous system are derived from the neural crest, some (such as those in the cranial sensory ganglia) have placodal origins, and conversely, some neural crest-derived cells are not neurons; however, in a biological taxonomy, a ""neural crest derived neuron"" is fun"
CellOntology_SUB,pred,enteric neuron,intrinsic primary afferent neuron of myenteric plexus,0,is_a,google/gemma-4-31b-it,An intrinsic primary afferent neuron of the myenteric plexus is a specific subtype of enteric neuron.
CellOntology_SUB,pred,autonomic neuron,enteric neuron,0,is_a,google/gemma-4-31b-it,"The enteric nervous system is a specialized division of the autonomic nervous system, meaning every enteric neuron is by definition a type of autonomic neuron."
CellOntology_SUB,pred,autonomic neuron,intrinsic primary afferent neuron of myenteric plexus,0,is_a,google/gemma-4-31b-it,"An intrinsic primary afferent neuron of the myenteric plexus is a specific type of enteric neuron, and since enteric neurons are a subset of autonomic neurons, the child is a specialized instance of the parent class."
CellOntology_SUB,pred,autonomic neuron,superior cervical ganglion thnpy neuron,0,is_a,google/gemma-4-31b-it,"A superior cervical ganglion thnpy neuron is a specific type of sympathetic neuron, and all sympathetic neurons are types of autonomic neurons."
CellOntology_SUB,pred,autonomic neuron,sympathetic neuron,0,is_a,google/gemma-4-31b-it,"Every sympathetic neuron is, by definition, a type of autonomic neuron."
CellOntology_SUB,pred,sympathetic neuron,superior cervical ganglion thnpy neuron,0,is_a,google/gemma-4-31b-it,A superior cervical ganglion thnpy neuron is a specific type of sympathetic neuron located within the superior cervical ganglion.
CellOntology_SUB,pred,peripheral sensory neuron,intrinsic primary afferent neuron of myenteric plexus,0,is_a,google/gemma-4-31b-it,"An intrinsic primary afferent neuron (IPAN) of the myenteric plexus is a specific type of sensory neuron located within the peripheral nervous system (specifically the enteric nervous system), meaning every IPAN is a peripheral sensory neuron."
CellOntology_SUB,pred,"electrically active cell (electrically active cell, electrically responsive cell)",peripheral nervous system neuron,0,is_a,google/gemma-4-31b-it,"A peripheral nervous system neuron is a specific type of cell that exhibits electrical activity, meaning every instance of the former is necessarily an instance of the latter."
CellOntology_SUB,pred,"electrically active cell (electrically active cell, electrically responsive cell)",sensory neuron,0,is_a,google/gemma-4-31b-it,"Every sensory neuron is, by definition, a type of cell that exhibits electrical activity to transmit signals."
CellOntology_SUB,pred,"electrically active cell (electrically active cell, electrically responsive cell)",enteric neuron,0,is_a,google/gemma-4-31b-it,"An enteric neuron is a specific type of neuron, and all neurons are by definition electrically active cells."
CellOntology_SUB,pred,"electrically active cell (electrically active cell, electrically responsive cell)",sensory receptor cell,1,is_a,google/gemma-4-31b-it,"Sensory receptor cells are specialized cells that transduce stimuli into electrical signals (receptor potentials), making them a specific type of electrically active cell."
CellOntology_SUB,pred,"electrically active cell (electrically active cell, electrically responsive cell)",sensory epithelial cell,1,is_a,google/gemma-4-31b-it,"Sensory epithelial cells (such as taste receptor cells or olfactory receptor cells) are specialized cells that generate electrical signals (receptor potentials) in response to stimuli, making them a specific type of electrically active cell."
CellOntology_SUB,pred,"electrically active cell (electrically active cell, electrically responsive cell)",afferent neuron,0,is_a,google/gemma-4-31b-it,"An afferent neuron is a specific type of neuron, and all neurons are cells that exhibit electrical activity."
CellOntology_SUB,pred,"electrically active cell (electrically active cell, electrically responsive cell)",electrically signaling cell,0,is_a,google/gemma-4-31b-it,"Any cell that is capable of electrically signaling is, by definition, an electrically active cell, but not all electrically active cells (such as those that are merely responsive to stimuli) necessarily signal."
CellOntology_SUB,pred,"electrically active cell (electrically active cell, electrically responsive cell)",neuron,0,is_a,google/gemma-4-31b-it,"Every neuron is, by definition, a cell that is electrically active."
CellOntology_SUB,pred,"electrically active cell (electrically active cell, electrically responsive cell)",central nervous system neuron,0,is_a,google/gemma-4-31b-it,"Every central nervous system neuron is, by definition, a type of cell that is electrically active."
CellOntology_SUB,pred,"electrically active cell (electrically active cell, electrically responsive cell)",autonomic neuron,0,is_a,google/gemma-4-31b-it,"An autonomic neuron is a specific type of neuron, and all neurons are cells that exhibit electrical activity."
CellOntology_SUB,pred,"electrically active cell (electrically active cell, electrically responsive cell)",sympathetic neuron,0,is_a,google/gemma-4-31b-it,"A sympathetic neuron is a specific type of neuron, and all neurons are cells that exhibit electrical activity."
CellOntology_SUB,pred,"electrically active cell (electrically active cell, electrically responsive cell)",interneuron,0,is_a,google/gemma-4-31b-it,"An interneuron is a specific type of neuron, and all neurons are cells that exhibit electrical activity, meaning every interneuron is necessarily an electrically active cell."
CellOntology_SUB,pred,"electrically active cell (electrically active cell, electrically responsive cell)",peripheral sensory neuron,0,is_a,google/gemma-4-31b-it,"A peripheral sensory neuron is a specific type of neuron, and all neurons are cells that exhibit electrical activity."
CellOntology_SUB,pred,"electrically active cell (electrically active cell, electrically responsive cell)",intrinsic primary afferent neuron of myenteric plexus,0,is_a,google/gemma-4-31b-it,"An intrinsic primary afferent neuron of the myenteric plexus is a specific type of neuron, and all neurons are by definition electrically active cells."
CellOntology_SUB,pred,"electrically active cell (electrically active cell, electrically responsive cell)",neural crest derived neuron,0,is_a,google/gemma-4-31b-it,"Every neural crest derived neuron is, by definition, a neuron, and all neurons are electrically active cells."
CellOntology_SUB,pred,"electrically active cell (electrically active cell, electrically responsive cell)",superior cervical ganglion thnpy neuron,0,is_a,google/gemma-4-31b-it,"A superior cervical ganglion thnpy neuron is a specific type of neuron, and all neurons are types of electrically active cells."
CellOntology_SUB,pred,"electrically active cell (electrically active cell, electrically responsive cell)",amacrine cell,0,is_a,google/gemma-4-31b-it,"An amacrine cell is a specific type of neuron, and all neurons are by definition electrically active cells."
CellOntology_SUB,pred,"electrically active cell (electrically active cell, electrically responsive cell)",wide field retinal amacrine cell,0,is_a,google/gemma-4-31b-it,"A wide field retinal amacrine cell is a specific type of neuron, and all neurons are by definition electrically active cells."
CellOntology_SUB,pred,"electrically active cell (electrically active cell, electrically responsive cell)",wf4 amacrine cell,0,is_a,google/gemma-4-31b-it,"A wf4 amacrine cell is a specific type of amacrine cell, and since all amacrine cells are neurons that exhibit electrical activity, every instance of a wf4 amacrine cell is necessarily an electrically active cell."
CellOntology_SUB,pred,"electrically active cell (electrically active cell, electrically responsive cell)",chemoreceptor cell,1,is_a,google/gemma-4-31b-it,"Chemoreceptor cells are specialized sensory cells that generate electrical signals (receptor potentials) in response to chemical stimuli, making them a specific type of electrically active cell."
CellOntology_SUB,pred,"electrically active cell (electrically active cell, electrically responsive cell)",auditory epithelial cell,1,is_a,google/gemma-4-31b-it,"Auditory epithelial cells (such as hair cells) are specialized sensory receptor cells that generate electrical signals (receptor potentials) in response to stimuli, making them a specific type of electrically active cell."
CellOntology_SUB,pred,neural cell,peripheral nervous system neuron,0,is_a,google/gemma-4-31b-it,"A peripheral nervous system neuron is a specific type of neural cell, meaning every instance of the former is necessarily an instance of the latter."
CellOntology_SUB,pred,neural cell,sensory neuron,0,is_a,google/gemma-4-31b-it,"A sensory neuron is a specific type of neural cell, meaning every instance of a sensory neuron is necessarily an instance of a neural cell."
CellOntology_SUB,pred,neural cell,enteric neuron,0,is_a,google/gemma-4-31b-it,"An enteric neuron is a specific type of neuron found in the enteric nervous system, and since all neurons are neural cells, every instance of an enteric neuron is necessarily an instance of a neural cell."
CellOntology_SUB,pred,neural cell,sensory receptor cell,1,other_related,google/gemma-4-31b-it,"While sensory receptor cells are specialized for detecting stimuli and often synapse with neurons, they are not biologically classified as a type of neural cell (neuron or glia), though they function within the sensory system."
CellOntology_SUB,pred,neural cell,brain macroglial cell,0,is_a,google/gemma-4-31b-it,"A brain macroglial cell is a specific type of glial cell, and all glial cells are categorized as neural cells."
CellOntology_SUB,pred,neural cell,macroglial cell,0,is_a,google/gemma-4-31b-it,"A macroglial cell is a specific type of glial cell, and all glial cells are categorized as neural cells."
CellOntology_SUB,pred,neural cell,afferent neuron,0,is_a,google/gemma-4-31b-it,"An afferent neuron is a specific type of neural cell, meaning every instance of an afferent neuron is necessarily an instance of a neural cell."
CellOntology_SUB,pred,neural cell,interlaminar astrocyte,0,is_a,google/gemma-4-31b-it,"An interlaminar astrocyte is a specific type of astrocyte, and since astrocytes are a type of neural cell, every interlaminar astrocyte is necessarily a neural cell."
CellOntology_SUB,pred,neural cell,astrocyte of the forebrain,0,is_a,google/gemma-4-31b-it,"An astrocyte of the forebrain is a specific type of neural cell, meaning every instance of the former is necessarily an instance of the latter."
CellOntology_SUB,pred,neural cell,neural crest derived neuron,0,is_a,google/gemma-4-31b-it,"Every neural crest derived neuron is, by definition, a type of neural cell."
CellOntology_SUB,pred,neural cell,wide field retinal amacrine cell,0,is_a,google/gemma-4-31b-it,"A wide field retinal amacrine cell is a specific type of amacrine cell, which is a type of neural cell, meaning every instance of the former is necessarily an instance of the latter."
CellOntology_SUB,pred,neural cell,intrinsic primary afferent neuron of myenteric plexus,0,is_a,google/gemma-4-31b-it,"An intrinsic primary afferent neuron of the myenteric plexus is a specific type of neuron, and all neurons are types of neural cells."
CellOntology_SUB,pred,neural cell,amacrine cell,0,is_a,google/gemma-4-31b-it,"An amacrine cell is a specific type of interneuron found in the retina, and since all neurons are neural cells, every amacrine cell is necessarily a neural cell."
CellOntology_SUB,pred,neural cell,wf4 amacrine cell,0,is_a,google/gemma-4-31b-it,"A 'wf4 amacrine cell' is a specific type of 'amacrine cell', which is itself a type of 'neural cell', making the relationship a proper subsumption."
CellOntology_SUB,pred,neural cell,superior cervical ganglion thnpy neuron,0,is_a,google/gemma-4-31b-it,"A superior cervical ganglion thnpy neuron is a specific type of neuron, and since all neurons are neural cells, the child is a subclass of the parent."
CellOntology_SUB,pred,neural cell,autonomic neuron,0,is_a,google/gemma-4-31b-it,"An autonomic neuron is a specific type of neural cell, meaning every instance of an autonomic neuron is necessarily an instance of a neural cell."
CellOntology_SUB,pred,neural cell,astrocyte,0,is_a,google/gemma-4-31b-it,"An astrocyte is a type of glial cell, and glial cells are a category of neural cells (cells of the nervous system), meaning every astrocyte is necessarily a neural cell."
CellOntology_SUB,pred,neural cell,sympathetic neuron,0,is_a,google/gemma-4-31b-it,"A sympathetic neuron is a specific type of neuron, and all neurons are types of neural cells, therefore every instance of a sympathetic neuron is necessarily an instance of a neural cell."
CellOntology_SUB,pred,neural cell,interneuron,0,is_a,google/gemma-4-31b-it,"An interneuron is a specific type of neuron, and since all neurons are neural cells, every interneuron is necessarily a neural cell."
CellOntology_SUB,pred,neural cell,peripheral sensory neuron,0,is_a,google/gemma-4-31b-it,"A peripheral sensory neuron is a specific type of neuron, and all neurons are types of neural cells, meaning every instance of the former is necessarily an instance of the latter."
CellOntology_SUB,pred,neural cell,astrocyte of the cerebral cortex,0,is_a,google/gemma-4-31b-it,"An astrocyte of the cerebral cortex is a specific type of glial cell, and glial cells are a category of neural cells."
CellOntology_SUB,pred,neural cell,glial cell,0,is_a,google/gemma-4-31b-it,"Glial cells are a specific type of cell found in the nervous system, making them a subclass of neural cells."
CellOntology_SUB,pred,neural cell,cerebral cortex glial cell,0,is_a,google/gemma-4-31b-it,"A cerebral cortex glial cell is a specific type of glial cell, and since glial cells are a category of neural cells, every instance of the former is necessarily an instance of the latter."
CellOntology_SUB,pred,neural cell,neuron,0,is_a,google/gemma-4-31b-it,"Every neuron is by definition a type of neural cell, and the provided taxonomy confirms that 'neural cell' acts as a broader category containing various types of neurons and glia."
CellOntology_SUB,pred,neural cell,central nervous system neuron,0,is_a,google/gemma-4-31b-it,"A central nervous system neuron is a specific type of neural cell, meaning every instance of the former is necessarily an instance of the latter."
CellOntology_SUB,pred,neural cell,neuron associated cell,0,is_a,google/gemma-4-31b-it,A 'neuron associated cell' (such as a glial cell) is a specific type of 'neural cell' found within the nervous system.
CellOntology_SUB,pred,neural cell,chemoreceptor cell,1,other_related,google/gemma-4-31b-it,"While chemoreceptor cells are sensory cells that interface with the nervous system, they are not all neural cells (e.g., some are specialized epithelial cells), and the taxonomy already correctly places them under 'sensory receptor cell'."
CellOntology_SUB,pred,electrically signaling cell,peripheral nervous system neuron,0,is_a,google/gemma-4-31b-it,"A peripheral nervous system neuron is a specific type of cell that transmits electrical signals, meaning every instance of the child is necessarily an instance of the parent."
CellOntology_SUB,pred,electrically signaling cell,sensory neuron,0,is_a,google/gemma-4-31b-it,"Every sensory neuron is, by definition, a cell that uses electrical signals to transmit information, making it a specific type of electrically signaling cell."
CellOntology_SUB,pred,electrically signaling cell,enteric neuron,0,is_a,google/gemma-4-31b-it,"An enteric neuron is a specific type of neuron that uses electrical signaling to transmit information, meaning every enteric neuron is necessarily an electrically signaling cell."
CellOntology_SUB,pred,electrically signaling cell,sensory receptor cell,1,is_a,google/gemma-4-31b-it,"A sensory receptor cell is a specialized cell that converts a stimulus into an electrical signal, making it a specific type of electrically signaling cell."
CellOntology_SUB,pred,electrically signaling cell,sensory epithelial cell,1,is_a,google/gemma-4-31b-it,"Sensory epithelial cells (such as taste receptor cells or olfactory receptor cells) are specialized cells that generate electrical signals to transmit sensory information, making them a specific type of electrically signaling cell."
CellOntology_SUB,pred,electrically signaling cell,afferent neuron,0,is_a,google/gemma-4-31b-it,"An afferent neuron is a specific type of cell that transmits electrical signals, meaning every instance of an afferent neuron is necessarily an instance of an electrically signaling cell."
CellOntology_SUB,pred,electrically signaling cell,neural crest derived neuron,0,is_a,google/gemma-4-31b-it,"Every neural crest derived neuron is, by definition, a neuron, and all neurons are cells that signal electrically, making the child a specific subtype of the parent."
CellOntology_SUB,pred,electrically signaling cell,wide field retinal amacrine cell,0,is_a,google/gemma-4-31b-it,"A wide field retinal amacrine cell is a specific type of amacrine cell, which is a type of interneuron, and all such neurons are cells that signal electrically."
CellOntology_SUB,pred,electrically signaling cell,intrinsic primary afferent neuron of myenteric plexus,0,is_a,google/gemma-4-31b-it,"An intrinsic primary afferent neuron of the myenteric plexus is a specific type of neuron, and all neurons are cells that signal electrically, making this a proper subsumption."
CellOntology_SUB,pred,electrically signaling cell,amacrine cell,0,is_a,google/gemma-4-31b-it,"An amacrine cell is a specific type of interneuron that uses electrical signaling to communicate, meaning every amacrine cell is necessarily an electrically signaling cell."
CellOntology_SUB,pred,electrically signaling cell,wf4 amacrine cell,0,is_a,google/gemma-4-31b-it,"A wf4 amacrine cell is a specific type of amacrine cell, and since all amacrine cells are electrically signaling cells, every instance of a wf4 amacrine cell is necessarily an instance of an electrically signaling cell."
CellOntology_SUB,pred,electrically signaling cell,superior cervical ganglion thnpy neuron,0,is_a,google/gemma-4-31b-it,"A superior cervical ganglion thnpy neuron is a specific type of neuron, and since all neurons are cells that signal electrically, every instance of the child is an instance of the parent."
CellOntology_SUB,pred,electrically signaling cell,autonomic neuron,0,is_a,google/gemma-4-31b-it,"An autonomic neuron is a specific type of neuron, and all neurons are cells that signal electrically, meaning every instance of an autonomic neuron is necessarily an instance of an electrically signaling cell."
CellOntology_SUB,pred,electrically signaling cell,sympathetic neuron,0,is_a,google/gemma-4-31b-it,"A sympathetic neuron is a specific type of neuron, and since all neurons are cells that signal electrically, every sympathetic neuron is necessarily an electrically signaling cell."
CellOntology_SUB,pred,electrically signaling cell,interneuron,0,is_a,google/gemma-4-31b-it,"An interneuron is a specific type of neuron, and all neurons are cells that signal electrically, meaning every interneuron is necessarily an electrically signaling cell."
CellOntology_SUB,pred,electrically signaling cell,peripheral sensory neuron,0,is_a,google/gemma-4-31b-it,"A peripheral sensory neuron is a specific type of cell that transmits signals electrically, meaning every instance of the former is necessarily an instance of the latter."
CellOntology_SUB,pred,electrically signaling cell,neuron,0,is_a,google/gemma-4-31b-it,"Every neuron is, by definition, a cell that transmits signals electrically, making it a specific type of electrically signaling cell."
CellOntology_SUB,pred,electrically signaling cell,central nervous system neuron,0,is_a,google/gemma-4-31b-it,"Every central nervous system neuron is, by definition, a cell that signals electrically, making it a specific subtype of electrically signaling cell."
CellOntology_SUB,pred,electrically signaling cell,chemoreceptor cell,1,is_a,google/gemma-4-31b-it,"Chemoreceptor cells are specialized sensory cells that use electrical signaling (such as graded potentials or action potentials) to transmit information, making them a specific type of electrically signaling cell."
CellOntology_SUB,pred,electrically signaling cell,auditory epithelial cell,1,is_a,google/gemma-4-31b-it,"Auditory epithelial cells (such as hair cells) are specialized sensory receptor cells that utilize electrical signaling (graded potentials) to transmit information, making them a specific type of electrically signaling cell."
CellOntology_SUB,pred,secretory cell,peripheral nervous system neuron,1,other_related,google/gemma-4-31b-it,"While neurons release neurotransmitters via exocytosis, they are fundamentally defined as signaling cells rather than secretory cells, which are typically specialized epithelial or endocrine cells."
CellOntology_SUB,pred,secretory cell,enteric neuron,1,other_related,google/gemma-4-31b-it,"While enteric neurons release neurotransmitters (a form of secretion), they are fundamentally specialized neural cells, whereas 'secretory cell' typically refers to glandular or epithelial cells specialized for bulk secretion."
CellOntology_SUB,pred,secretory cell,androgen secreting cell,0,is_a,google/gemma-4-31b-it,"An androgen secreting cell is a specific type of cell that secretes a substance (androgen), making it a member of the broader class of secretory cells."
CellOntology_SUB,pred,secretory cell,mucus secreting cell,0,is_a,google/gemma-4-31b-it,"A mucus secreting cell is a specific type of secretory cell, as it performs the general function of secretion by producing mucus."
CellOntology_SUB,pred,secretory cell,seromucus secreting cell,0,is_a,google/gemma-4-31b-it,A seromucus secreting cell is a specific type of secretory cell that secretes both serous and mucous products.
CellOntology_SUB,pred,secretory cell,intrinsic primary afferent neuron of myenteric plexus,1,unrelated,google/gemma-4-31b-it,"An intrinsic primary afferent neuron is a specialized nerve cell that senses stimuli, whereas a secretory cell is a cell specialized for the production and release of substances; while neurons can release neurotransmitters, they are fundamentally distinct cell lineages from secretory cells."
CellOntology_SUB,pred,secretory cell,amacrine cell,1,other_related,google/gemma-4-31b-it,"Amacrine cells are neurons that release neurotransmitters (a form of secretion) to modulate signals, but they are fundamentally classified as interneurons rather than as a type of ""secretory cell,"" which typically refers to glandular or epithelial cells specialized for bulk secretion."
CellOntology_SUB,pred,secretory cell,wf4 amacrine cell,1,other_related,google/gemma-4-31b-it,"While amacrine cells release neurotransmitters (a form of secretion), the term 'secretory cell' in biological taxonomies typically refers to specialized glandular or epithelial cells (like mucus or hormone secreting cells) rather than neurons, making this a functional association rather than a prope"
CellOntology_SUB,pred,secretory cell,superior cervical ganglion thnpy neuron,1,other_related,google/gemma-4-31b-it,"A superior cervical ganglion neuron is a type of neuron that releases neurotransmitters (secretes chemicals) to communicate, but it is fundamentally a neuron rather than a specialized ""secretory cell"" (which typically refers to glandular or epithelial cells). While neurons have secretory functions, "
CellOntology_SUB,pred,secretory cell,autonomic neuron,1,other_related,google/gemma-4-31b-it,"While autonomic neurons release neurotransmitters (a form of secretion), they are fundamentally defined as neurons rather than a subtype of secretory cells, which typically refers to glandular or epithelial cells."
CellOntology_SUB,pred,secretory cell,steroid hormone secreting cell,0,is_a,google/gemma-4-31b-it,"A steroid hormone secreting cell is a specific type of secretory cell, as it performs the general function of secretion but specializes in the production of steroid hormones."
CellOntology_SUB,pred,secretory cell,secretory epithelial cell,0,is_a,google/gemma-4-31b-it,"A secretory epithelial cell is a specific type of secretory cell that also possesses the characteristics of an epithelial cell, meaning every instance of the former is necessarily an instance of the latter."
CellOntology_SUB,pred,secretory cell,large mucus secreting cholangiocyte,0,is_a,google/gemma-4-31b-it,"A large mucus secreting cholangiocyte is a specific type of cell that secretes mucus, making it a member of the broader class of secretory cells."
CellOntology_SUB,pred,secretory cell,interneuron,1,other_related,google/gemma-4-31b-it,"While interneurons release neurotransmitters (a form of secretion), they are specialized signaling cells of the nervous system, whereas ""secretory cell"" typically refers to glandular or epithelial cells specialized for bulk secretion of substances like hormones or mucus."
CellOntology_SUB,pred,secretory cell,peripheral sensory neuron,1,unrelated,google/gemma-4-31b-it,"A peripheral sensory neuron is a specialized nerve cell designed for signal transmission, whereas a secretory cell is specialized for the production and release of substances; while some neurons can be neurosecretory, a peripheral sensory neuron is not a type of secretory cell."
CellOntology_SUB,pred,secretory cell,neuron,1,other_related,google/gemma-4-31b-it,"While neurons release neurotransmitters via exocytosis, they are specialized signaling cells and are not taxonomically classified as a subtype of secretory cells (which typically refers to glandular or epithelial cells)."
CellOntology_SUB,pred,secretory cell,central nervous system neuron,1,other_related,google/gemma-4-31b-it,"While neurons release neurotransmitters via exocytosis, they are specialized signaling cells and are not categorized as a subtype of secretory cells, which typically refers to cells dedicated to glandular or systemic secretion (like mucus or hormones)."
CellOntology_SUB,pred,neuron,peripheral nervous system neuron,0,is_a,google/gemma-4-31b-it,"A peripheral nervous system neuron is a specific type of neuron, meaning every instance of the former is necessarily an instance of the latter."
CellOntology_SUB,pred,neuron,sensory neuron,0,is_a,google/gemma-4-31b-it,A sensory neuron is a specific type of neuron characterized by its function of converting external stimuli into electrical impulses.
CellOntology_SUB,pred,neuron,enteric neuron,0,is_a,google/gemma-4-31b-it,"An enteric neuron is a specific type of neuron found in the enteric nervous system, meaning every enteric neuron is necessarily a neuron."
CellOntology_SUB,pred,neuron,afferent neuron,0,is_a,google/gemma-4-31b-it,"An afferent neuron is a specific type of neuron that carries sensory information toward the central nervous system, meaning every afferent neuron is necessarily a neuron."
CellOntology_SUB,pred,neuron,neural crest derived neuron,0,is_a,google/gemma-4-31b-it,"Every neural crest derived neuron is, by definition, a type of neuron."
CellOntology_SUB,pred,neuron,wide field retinal amacrine cell,0,is_a,google/gemma-4-31b-it,"A wide field retinal amacrine cell is a specific type of amacrine cell, which is a type of interneuron, which in turn is a type of neuron."
CellOntology_SUB,pred,neuron,intrinsic primary afferent neuron of myenteric plexus,0,is_a,google/gemma-4-31b-it,"An intrinsic primary afferent neuron of the myenteric plexus is a specific type of neuron, meaning every instance of the former is necessarily an instance of the latter."
CellOntology_SUB,pred,neuron,amacrine cell,0,is_a,google/gemma-4-31b-it,"An amacrine cell is a specific type of interneuron found in the retina, and since all interneurons are neurons, every amacrine cell is necessarily a neuron."
CellOntology_SUB,pred,neuron,wf4 amacrine cell,0,is_a,google/gemma-4-31b-it,"A wf4 amacrine cell is a specific type of amacrine cell, and since amacrine cells are a type of neuron, every wf4 amacrine cell is necessarily a neuron."
CellOntology_SUB,pred,neuron,superior cervical ganglion thnpy neuron,0,is_a,google/gemma-4-31b-it,"A superior cervical ganglion thnpy neuron is a specific type of neuron located in the superior cervical ganglion, meaning every instance of this specific neuron is necessarily an instance of the general class of neurons."
CellOntology_SUB,pred,neuron,autonomic neuron,0,is_a,google/gemma-4-31b-it,"An autonomic neuron is a specific type of neuron that belongs to the autonomic nervous system, meaning every autonomic neuron is necessarily a neuron."
CellOntology_SUB,pred,neuron,sympathetic neuron,0,is_a,google/gemma-4-31b-it,"A sympathetic neuron is a specific type of neuron belonging to the autonomic nervous system, meaning every sympathetic neuron is necessarily a neuron."
CellOntology_SUB,pred,neuron,interneuron,0,is_a,google/gemma-4-31b-it,"An interneuron is a specific type of neuron that transmits impulses between other neurons, meaning every interneuron is by definition a neuron."
CellOntology_SUB,pred,neuron,peripheral sensory neuron,0,is_a,google/gemma-4-31b-it,A peripheral sensory neuron is a specific type of neuron that transmits sensory information from the periphery to the central nervous system.
CellOntology_SUB,pred,neuron,central nervous system neuron,0,is_a,google/gemma-4-31b-it,"Every central nervous system neuron is, by definition, a type of neuron."
CellOntology_SUB,pred,single nucleate cell,peripheral nervous system neuron,1,is_a,google/gemma-4-31b-it,"A peripheral nervous system neuron is a type of cell that possesses a single nucleus, meaning every instance of the former is necessarily an instance of the latter."
CellOntology_SUB,pred,single nucleate cell,enteric neuron,1,is_a,google/gemma-4-31b-it,"An enteric neuron is a type of cell that possesses a single nucleus, meaning every instance of an enteric neuron is also an instance of a single nucleate cell."
CellOntology_SUB,pred,single nucleate cell,be1 cell,0,is_a,google/gemma-4-31b-it,"A 'be1 cell' is a specific type of B cell, and since B cells are cells with a single nucleus, every 'be1 cell' is necessarily a 'single nucleate cell'."
CellOntology_SUB,pred,single nucleate cell,lymphocyte of b lineage cd19-positive,0,is_a,google/gemma-4-31b-it,"A 'lymphocyte of b lineage cd19-positive' is a specific type of cell that possesses a single nucleus, meaning every instance of the child is necessarily an instance of the parent."
CellOntology_SUB,pred,single nucleate cell,cholangiocyte,1,is_a,google/gemma-4-31b-it,"A cholangiocyte is a type of cell that possesses a single nucleus, meaning every instance of a cholangiocyte is also an instance of a single nucleate cell."
CellOntology_SUB,pred,single nucleate cell,vein endothelial cell,1,is_a,google/gemma-4-31b-it,"A vein endothelial cell is a type of cell that possesses a single nucleus, meaning every instance of a vein endothelial cell is also an instance of a single nucleate cell."
CellOntology_SUB,pred,single nucleate cell,mesenchymal stem cell of orbital adipose tissue,1,is_a,google/gemma-4-31b-it,"A mesenchymal stem cell of orbital adipose tissue is a type of cell that possesses a single nucleus, meaning every instance of the former is necessarily an instance of the latter."
CellOntology_SUB,pred,single nucleate cell,vascular leptomeningeal cell,1,is_a,google/gemma-4-31b-it,"A vascular leptomeningeal cell is a type of cell that possesses a single nucleus, meaning every instance of the former is necessarily an instance of the latter."
CellOntology_SUB,pred,single nucleate cell,sensory receptor cell,1,is_a,google/gemma-4-31b-it,"A sensory receptor cell is a type of cell that possesses a single nucleus, meaning every instance of a sensory receptor cell is also an instance of a single nucleate cell."
CellOntology_SUB,pred,single nucleate cell,macroglial cell,1,is_a,google/gemma-4-31b-it,"A macroglial cell is a type of cell that possesses a single nucleus, meaning every instance of a macroglial cell is also an instance of a single nucleate cell."
CellOntology_SUB,pred,single nucleate cell,mesenchymal stem cell of adipose tissue,1,is_a,google/gemma-4-31b-it,"A mesenchymal stem cell of adipose tissue is a type of cell that possesses a single nucleus, meaning every instance of the former is necessarily an instance of the latter."
CellOntology_SUB,pred,single nucleate cell,b cell,0,is_a,google/gemma-4-31b-it,"A B cell is a type of cell that possesses a single nucleus, meaning every instance of a B cell is necessarily an instance of a single nucleate cell."
CellOntology_SUB,pred,single nucleate cell,mature alpha-beta t cell,0,is_a,google/gemma-4-31b-it,"A mature alpha-beta T cell is a specific type of cell that possesses a single nucleus, meaning every instance of the former is necessarily an instance of the latter."
CellOntology_SUB,pred,single nucleate cell,afferent neuron,1,is_a,google/gemma-4-31b-it,"An afferent neuron is a type of cell that possesses a single nucleus, meaning every instance of an afferent neuron is also an instance of a single nucleate cell."
CellOntology_SUB,pred,single nucleate cell,schlemms canal endothelial cell,1,is_a,google/gemma-4-31b-it,"A Schlemm's canal endothelial cell is a type of cell that possesses a single nucleus, meaning every instance of the former is necessarily an instance of the latter."
CellOntology_SUB,pred,single nucleate cell,male germ cell,1,is_a,google/gemma-4-31b-it,"A male germ cell is a type of cell that possesses a single nucleus, meaning every instance of a male germ cell is also an instance of a single nucleate cell."
CellOntology_SUB,pred,single nucleate cell,endothelial cell of vascular tree,1,is_a,google/gemma-4-31b-it,"An endothelial cell of the vascular tree is a type of cell that possesses a single nucleus, meaning every instance of the former is necessarily an instance of the latter."
CellOntology_SUB,pred,single nucleate cell,lymphocyte,0,is_a,google/gemma-4-31b-it,"A lymphocyte is a type of cell characterized by having a single nucleus, meaning every lymphocyte is necessarily a single nucleate cell."
CellOntology_SUB,pred,single nucleate cell,b cell cd19-positive,0,is_a,google/gemma-4-31b-it,"A 'b cell cd19-positive' is a specific type of cell that possesses a single nucleus, meaning every instance of the child is necessarily an instance of the parent."
CellOntology_SUB,pred,single nucleate cell,astrocyte of the forebrain,1,is_a,google/gemma-4-31b-it,"An astrocyte of the forebrain is a type of cell that possesses a single nucleus, meaning every instance of the child is also an instance of the parent."
CellOntology_SUB,pred,single nucleate cell,neural crest derived neuron,1,is_a,google/gemma-4-31b-it,"A neural crest derived neuron is a type of cell that possesses a single nucleus, meaning every instance of the child is also an instance of the parent."
CellOntology_SUB,pred,single nucleate cell,wide field retinal amacrine cell,1,is_a,google/gemma-4-31b-it,"A wide field retinal amacrine cell is a type of cell that possesses a single nucleus, meaning every instance of the former is necessarily an instance of the latter."
CellOntology_SUB,pred,single nucleate cell,t cell,0,is_a,google/gemma-4-31b-it,"A T cell is a type of cell that possesses a single nucleus, meaning every instance of a T cell is necessarily an instance of a single nucleate cell."
CellOntology_SUB,pred,single nucleate cell,intrinsic primary afferent neuron of myenteric plexus,1,is_a,google/gemma-4-31b-it,"An intrinsic primary afferent neuron of the myenteric plexus is a type of cell that possesses a single nucleus, meaning every instance of the neuron is also an instance of a single nucleate cell."
CellOntology_SUB,pred,single nucleate cell,spermatid,1,is_a,google/gemma-4-31b-it,"A spermatid is a type of cell that contains a single nucleus, meaning every instance of a spermatid is necessarily an instance of a single nucleate cell."
CellOntology_SUB,pred,single nucleate cell,amacrine cell,1,is_a,google/gemma-4-31b-it,"An amacrine cell is a type of cell that possesses a single nucleus, meaning every instance of an amacrine cell is also an instance of a single nucleate cell."
CellOntology_SUB,pred,single nucleate cell,mesothelial fibroblast,1,is_a,google/gemma-4-31b-it,"A mesothelial fibroblast is a type of cell that possesses a single nucleus, meaning every instance of a mesothelial fibroblast is necessarily an instance of a single nucleate cell."
CellOntology_SUB,pred,single nucleate cell,professional antigen presenting cell,1,is_a,google/gemma-4-31b-it,"Professional antigen presenting cells (such as dendritic cells, macrophages, and B cells) are types of cells that possess a single nucleus, meaning every instance of a professional antigen presenting cell is also an instance of a single nucleate cell."
CellOntology_SUB,pred,single nucleate cell,wf4 amacrine cell,1,is_a,google/gemma-4-31b-it,"A wf4 amacrine cell is a type of cell that possesses a single nucleus, meaning every instance of a wf4 amacrine cell is also an instance of a single nucleate cell."
CellOntology_SUB,pred,single nucleate cell,mature b cell,0,is_a,google/gemma-4-31b-it,"A mature B cell is a specific type of cell that possesses a single nucleus, meaning every instance of a mature B cell is necessarily an instance of a single nucleate cell."
CellOntology_SUB,pred,single nucleate cell,superior cervical ganglion thnpy neuron,1,is_a,google/gemma-4-31b-it,"A superior cervical ganglion thnpy neuron is a type of neuron, and since neurons are cells that possess a single nucleus, every instance of this specific neuron is also an instance of a single nucleate cell."
CellOntology_SUB,pred,single nucleate cell,alpha-beta t cell,0,is_a,google/gemma-4-31b-it,"An alpha-beta T cell is a specific type of cell that possesses a single nucleus, meaning every instance of an alpha-beta T cell is necessarily an instance of a single nucleate cell."
CellOntology_SUB,pred,single nucleate cell,lymphocyte of b lineage,0,is_a,google/gemma-4-31b-it,"A lymphocyte of B lineage is a type of cell that possesses a single nucleus, meaning every instance of the child is necessarily an instance of the parent."
CellOntology_SUB,pred,single nucleate cell,mature t cell,0,is_a,google/gemma-4-31b-it,"A mature T cell is a type of cell that possesses a single nucleus, meaning every instance of a mature T cell is necessarily an instance of a single nucleate cell."
CellOntology_SUB,pred,single nucleate cell,stem cell,1,is_a,google/gemma-4-31b-it,"A stem cell is a type of cell that possesses a single nucleus, meaning every instance of a stem cell is also an instance of a single nucleate cell."
CellOntology_SUB,pred,single nucleate cell,sympathetic neuron,1,is_a,google/gemma-4-31b-it,"A sympathetic neuron is a type of cell that possesses a single nucleus, meaning every instance of a sympathetic neuron is also an instance of a single nucleate cell."
CellOntology_SUB,pred,single nucleate cell,leukocyte,1,other_related,google/gemma-4-31b-it,"Not all leukocytes are single nucleate cells, as the group includes polymorphonuclear leukocytes (such as neutrophils, eosinophils, and basophils) which possess lobed or multiple nuclei."
CellOntology_SUB,pred,single nucleate cell,be cell,0,is_a,google/gemma-4-31b-it,"A 'be cell' (a specific type of B cell/lymphocyte) is a type of cell that possesses a single nucleus, meaning every instance of a be cell is also an instance of a single nucleate cell."
CellOntology_SUB,pred,single nucleate cell,peripheral sensory neuron,1,is_a,google/gemma-4-31b-it,"A peripheral sensory neuron is a type of cell that possesses a single nucleus, meaning every instance of a peripheral sensory neuron is also an instance of a single nucleate cell."
CellOntology_SUB,pred,single nucleate cell,astrocyte of the cerebral cortex,1,is_a,google/gemma-4-31b-it,"An astrocyte of the cerebral cortex is a type of cell that possesses a single nucleus, meaning every instance of the child is also an instance of the parent."
CellOntology_SUB,pred,single nucleate cell,mesothelial fibroblast of the leptomeninx,1,is_a,google/gemma-4-31b-it,"A mesothelial fibroblast of the leptomeninx is a type of cell that possesses a single nucleus, meaning every instance of the former is necessarily an instance of the latter."
CellOntology_SUB,pred,single nucleate cell,mucosal-associated invariant t cell,0,is_a,google/gemma-4-31b-it,"A mucosal-associated invariant T cell is a specific type of lymphocyte, and since lymphocytes are single nucleate cells, every instance of the former is necessarily an instance of the latter."
CellOntology_SUB,pred,single nucleate cell,fibroblast,1,is_a,google/gemma-4-31b-it,"A fibroblast is a type of cell that possesses a single nucleus, meaning every instance of a fibroblast is necessarily an instance of a single nucleate cell."
CellOntology_SUB,pred,single nucleate cell,mononuclear leukocyte,0,is_a,google/gemma-4-31b-it,"A mononuclear leukocyte is, by definition, a type of leukocyte that possesses a single nucleus, making it a specific instance of the broader class of single nucleate cells."
CellOntology_SUB,pred,single nucleate cell,cerebral cortex glial cell,1,is_a,google/gemma-4-31b-it,"A cerebral cortex glial cell is a type of cell that possesses a single nucleus, meaning every instance of the child is an instance of the parent."
CellOntology_SUB,pred,single nucleate cell,large mucus secreting cholangiocyte,1,is_a,google/gemma-4-31b-it,"A large mucus secreting cholangiocyte is a specific type of cell that possesses a single nucleus, meaning every instance of the former is necessarily an instance of the latter."
CellOntology_SUB,pred,single nucleate cell,stem cell of gastric gland,1,is_a,google/gemma-4-31b-it,"A stem cell of the gastric gland is a type of cell that possesses a single nucleus, meaning every instance of the former is necessarily an instance of the latter."
CellOntology_SUB,pred,single nucleate cell,central nervous system neuron,1,is_a,google/gemma-4-31b-it,"A central nervous system neuron is a type of cell that possesses a single nucleus, meaning every instance of the child is an instance of the parent."
CellOntology_SUB,pred,single nucleate cell,mesenchymal stem cell,1,is_a,google/gemma-4-31b-it,"A mesenchymal stem cell is a type of cell that possesses a single nucleus, meaning every instance of a mesenchymal stem cell is also an instance of a single nucleate cell."
CellOntology_SUB,pred,sensory neuron,peripheral sensory neuron,0,is_a,google/gemma-4-31b-it,"A peripheral sensory neuron is a specific type of sensory neuron located in the peripheral nervous system, meaning every peripheral sensory neuron is necessarily a sensory neuron."
CellOntology_SUB,pred,sensory neuron,intrinsic primary afferent neuron of myenteric plexus,0,is_a,google/gemma-4-31b-it,An intrinsic primary afferent neuron (IPAN) of the myenteric plexus is a specialized type of sensory neuron located within the enteric nervous system.
CellOntology_SUB,pred,afferent neuron,sensory neuron,0,synonym,google/gemma-4-31b-it,"In neuroanatomy, ""sensory neuron"" and ""afferent neuron"" are used interchangeably to describe neurons that carry signals from periphery receptors toward the central nervous system."
CellOntology_SUB,pred,afferent neuron,intrinsic primary afferent neuron of myenteric plexus,0,is_a,google/gemma-4-31b-it,An intrinsic primary afferent neuron of the myenteric plexus is a specific type of afferent neuron located within the enteric nervous system.
CellOntology_SUB,pred,afferent neuron,peripheral sensory neuron,0,is_a,google/gemma-4-31b-it,"A peripheral sensory neuron is a specific type of afferent neuron, as all peripheral sensory neurons function to carry signals toward the central nervous system."
CellOntology_SUB,pred,cholangiocyte,large mucus secreting cholangiocyte,0,is_a,google/gemma-4-31b-it,A 'large mucus secreting cholangiocyte' is a specific subtype of 'cholangiocyte' characterized by its size and secretory function.
CellOntology_SUB,pred,neural crest derived neuron,enteric neuron,0,is_a,google/gemma-4-31b-it,"Every enteric neuron is a type of neuron that originates from the neural crest, meaning the child is a specific subclass of the parent."
CellOntology_SUB,pred,neural crest derived neuron,intrinsic primary afferent neuron of myenteric plexus,0,is_a,google/gemma-4-31b-it,"Every intrinsic primary afferent neuron of the myenteric plexus is a type of enteric neuron, and all enteric neurons are neurons derived from the neural crest."
CellOntology_SUB,pred,neural crest derived neuron,sympathetic neuron,1,is_a,google/gemma-4-31b-it,"Every sympathetic neuron is developmentally derived from the neural crest, and in biological taxonomies, ""neural crest derived neuron"" serves as a class that subsumes all neurons originating from that embryonic tissue."
CellOntology_SUB,pred,neural crest derived neuron,superior cervical ganglion thnpy neuron,1,is_a,google/gemma-4-31b-it,"The superior cervical ganglion (SCG) is part of the sympathetic nervous system, and its neurons are developmentally derived from the neural crest; therefore, every SCG neuron is a type of neural crest-derived neuron."
CellOntology_SUB,pred,neural crest derived neuron,autonomic neuron,1,derives_from,google/gemma-4-31b-it,"While most autonomic neurons are derived from the neural crest, some (such as those in the parasympathetic ganglia of the head) originate from other sources, and ""neural crest derived"" describes the developmental origin rather than a taxonomic class of neuron."
CellOntology_SUB,pred,b cell,be1 cell,0,is_a,google/gemma-4-31b-it,"A BE1 cell is a specific subtype of B cell (specifically a B-1 cell), meaning every BE1 cell is by definition a B cell."
CellOntology_SUB,pred,b cell,b cell cd19-positive,0,is_a,google/gemma-4-31b-it,"A 'b cell cd19-positive' is a specific subtype of 'b cell' defined by the expression of the CD19 marker, meaning every CD19-positive B cell is necessarily a B cell."
CellOntology_SUB,pred,b cell,mature b cell,0,is_a,google/gemma-4-31b-it,"A mature B cell is a specific developmental stage and subtype of the broader category of B cells, meaning every mature B cell is necessarily a B cell."
CellOntology_SUB,pred,b cell,be cell,0,synonym,google/gemma-4-31b-it,"The term 'be cell' is a common misspelling or OCR error for 'b cell', as evidenced by the identical set of parent concepts and the fact that they are listed as containing one another."
CellOntology_SUB,pred,be cell,be1 cell,0,is_a,google/gemma-4-31b-it,"A 'be1 cell' is a specific subtype of 'be cell', meaning every be1 cell is by definition a be cell."
CellOntology_SUB,pred,hematopoietic cell,be1 cell,0,is_a,google/gemma-4-31b-it,"A be1 cell is a specific subtype of B cell, and since B cells are a type of hematopoietic cell, every be1 cell is necessarily a hematopoietic cell."
CellOntology_SUB,pred,hematopoietic cell,lymphocyte of b lineage cd19-positive,0,is_a,google/gemma-4-31b-it,"A 'lymphocyte of b lineage cd19-positive' is a specific type of B cell, which is a type of lymphocyte, which in turn is a type of hematopoietic cell."
CellOntology_SUB,pred,hematopoietic cell,b cell,0,is_a,google/gemma-4-31b-it,"A B cell is a specific type of hematopoietic cell, as all B cells are derived from hematopoietic stem cells and belong to the category of blood-forming cells."
CellOntology_SUB,pred,hematopoietic cell,mature alpha-beta t cell,0,is_a,google/gemma-4-31b-it,"A mature alpha-beta T cell is a specific type of hematopoietic cell, as all T cells are derived from hematopoietic stem cells and belong to the hematopoietic lineage."
CellOntology_SUB,pred,hematopoietic cell,lymphocyte,0,is_a,google/gemma-4-31b-it,A lymphocyte is a specific type of cell that originates from and is categorized as a hematopoietic cell (a blood-forming cell).
CellOntology_SUB,pred,hematopoietic cell,b cell cd19-positive,0,is_a,google/gemma-4-31b-it,"A 'b cell cd19-positive' is a specific type of B cell, which is a type of lymphocyte, which in turn is a type of hematopoietic cell; therefore, every instance of the child is necessarily an instance of the parent."
CellOntology_SUB,pred,hematopoietic cell,t cell,0,is_a,google/gemma-4-31b-it,"A T cell is a specific type of hematopoietic cell (a blood cell derived from hematopoietic stem cells), meaning every T cell is necessarily a hematopoietic cell."
CellOntology_SUB,pred,hematopoietic cell,professional antigen presenting cell,0,is_a,google/gemma-4-31b-it,"Professional antigen-presenting cells (such as dendritic cells, macrophages, and B cells) are a specialized subset of cells that originate from hematopoietic stem cells."
CellOntology_SUB,pred,hematopoietic cell,mature b cell,0,is_a,google/gemma-4-31b-it,"A mature B cell is a specific type of hematopoietic cell, as all B cells originate from and are categorized as blood-forming cells."
CellOntology_SUB,pred,hematopoietic cell,alpha-beta t cell,0,is_a,google/gemma-4-31b-it,"An alpha-beta T cell is a specific type of hematopoietic cell, as all T cells are derived from hematopoietic stem cells and belong to the class of blood-forming cells."
CellOntology_SUB,pred,hematopoietic cell,lymphocyte of b lineage,0,is_a,google/gemma-4-31b-it,"A lymphocyte of B lineage is a specific type of hematopoietic cell, as all B cells are derived from and categorized as blood-forming cells."
CellOntology_SUB,pred,hematopoietic cell,mature t cell,0,is_a,google/gemma-4-31b-it,"A mature T cell is a specific type of hematopoietic cell, as all T cells originate from hematopoietic stem cells and belong to the broader class of blood-forming cells."
CellOntology_SUB,pred,hematopoietic cell,leukocyte,0,is_a,google/gemma-4-31b-it,"A leukocyte (white blood cell) is a specific type of hematopoietic cell, as all leukocytes originate from hematopoietic stem cells and belong to the broader class of blood-forming cells."
CellOntology_SUB,pred,hematopoietic cell,be cell,0,is_a,google/gemma-4-31b-it,"The term 'be cell' is a misspelling or variant of 'B cell', which is a specific type of hematopoietic cell."
CellOntology_SUB,pred,hematopoietic cell,mucosal-associated invariant t cell,0,is_a,google/gemma-4-31b-it,"A mucosal-associated invariant T cell is a specific type of T lymphocyte, and all lymphocytes are types of hematopoietic cells."
CellOntology_SUB,pred,hematopoietic cell,mononuclear leukocyte,0,is_a,google/gemma-4-31b-it,"A mononuclear leukocyte is a type of white blood cell that originates from hematopoietic stem cells, making it a specific kind of hematopoietic cell."
CellOntology_SUB,pred,leukocyte,be1 cell,0,is_a,google/gemma-4-31b-it,"A BE1 cell is a specific subtype of B cell, and since B cells are a type of lymphocyte, which in turn are a type of leukocyte, every BE1 cell is necessarily a leukocyte."
CellOntology_SUB,pred,leukocyte,lymphocyte of b lineage cd19-positive,0,is_a,google/gemma-4-31b-it,"A 'lymphocyte of b lineage cd19-positive' is a specific type of B cell, which is a type of lymphocyte, which in turn is a type of leukocyte."
CellOntology_SUB,pred,leukocyte,b cell,0,is_a,google/gemma-4-31b-it,"A B cell is a specific type of leukocyte (white blood cell), meaning every B cell is necessarily a leukocyte."
CellOntology_SUB,pred,leukocyte,mature alpha-beta t cell,0,is_a,google/gemma-4-31b-it,"A mature alpha-beta T cell is a specific type of lymphocyte, and all lymphocytes are types of leukocytes; therefore, every instance of the child is an instance of the parent."
CellOntology_SUB,pred,leukocyte,lymphocyte,0,is_a,google/gemma-4-31b-it,"A lymphocyte is a specific type of leukocyte (white blood cell), meaning every lymphocyte is by definition a leukocyte."
CellOntology_SUB,pred,leukocyte,b cell cd19-positive,0,is_a,google/gemma-4-31b-it,"A B cell that is CD19-positive is a specific type of lymphocyte, and all lymphocytes are types of leukocytes."
CellOntology_SUB,pred,leukocyte,t cell,0,is_a,google/gemma-4-31b-it,"A T cell is a specific type of lymphocyte, and all lymphocytes are leukocytes (white blood cells), meaning every T cell is necessarily a leukocyte."
CellOntology_SUB,pred,leukocyte,professional antigen presenting cell,0,is_a,google/gemma-4-31b-it,"Professional antigen presenting cells (such as dendritic cells, macrophages, and B cells) are a specialized functional subset of leukocytes."
CellOntology_SUB,pred,leukocyte,mature b cell,0,is_a,google/gemma-4-31b-it,"A mature B cell is a specific type of lymphocyte, and all lymphocytes are types of leukocytes; therefore, every mature B cell is necessarily a leukocyte."
CellOntology_SUB,pred,leukocyte,alpha-beta t cell,0,is_a,google/gemma-4-31b-it,"An alpha-beta T cell is a specific type of lymphocyte, and all lymphocytes are types of leukocytes, meaning every alpha-beta T cell is necessarily a leukocyte."
CellOntology_SUB,pred,leukocyte,lymphocyte of b lineage,0,is_a,google/gemma-4-31b-it,"A lymphocyte of B lineage is a specific type of leukocyte (white blood cell), meaning every instance of the former is necessarily an instance of the latter."
CellOntology_SUB,pred,leukocyte,mature t cell,0,is_a,google/gemma-4-31b-it,"A mature T cell is a specific type of lymphocyte, and all lymphocytes are leukocytes; therefore, every mature T cell is necessarily a leukocyte."
CellOntology_SUB,pred,leukocyte,be cell,0,is_a,google/gemma-4-31b-it,"A 'be cell' (B-1 cell or similar B-lineage variant) is a specific type of lymphocyte, and all lymphocytes are leukocytes, meaning every be cell is necessarily a leukocyte."
CellOntology_SUB,pred,leukocyte,mucosal-associated invariant t cell,0,is_a,google/gemma-4-31b-it,"A mucosal-associated invariant T cell is a specific subtype of T lymphocyte, and all T lymphocytes are types of leukocytes."
CellOntology_SUB,pred,leukocyte,mononuclear leukocyte,0,is_a,google/gemma-4-31b-it,"A mononuclear leukocyte is a specific type of leukocyte characterized by having a single, non-lobed nucleus."
CellOntology_SUB,pred,lymphocyte,be1 cell,0,is_a,google/gemma-4-31b-it,"A BE1 cell is a specific subtype of B cell, and since B cells are a type of lymphocyte, every BE1 cell is necessarily a lymphocyte."
CellOntology_SUB,pred,lymphocyte,lymphocyte of b lineage cd19-positive,0,is_a,google/gemma-4-31b-it,"A 'lymphocyte of b lineage cd19-positive' is a specific subtype of 'lymphocyte', meaning every instance of the former is necessarily an instance of the latter."
CellOntology_SUB,pred,lymphocyte,b cell,0,is_a,google/gemma-4-31b-it,"A B cell is a specific type of lymphocyte, meaning every B cell is necessarily a lymphocyte."
CellOntology_SUB,pred,lymphocyte,mature alpha-beta t cell,0,is_a,google/gemma-4-31b-it,"A mature alpha-beta T cell is a specific subtype of lymphocyte, meaning every instance of the former is necessarily an instance of the latter."
CellOntology_SUB,pred,lymphocyte,b cell cd19-positive,0,is_a,google/gemma-4-31b-it,"A CD19-positive B cell is a specific subtype of lymphocyte, meaning every instance of the former is necessarily an instance of the latter."
CellOntology_SUB,pred,lymphocyte,t cell,0,is_a,google/gemma-4-31b-it,"A T cell is a specific type of lymphocyte, meaning every T cell is by definition a lymphocyte."
CellOntology_SUB,pred,lymphocyte,mature b cell,0,is_a,google/gemma-4-31b-it,"A mature B cell is a specific type of lymphocyte, meaning every instance of a mature B cell is necessarily an instance of a lymphocyte."
CellOntology_SUB,pred,lymphocyte,alpha-beta t cell,0,is_a,google/gemma-4-31b-it,"An alpha-beta T cell is a specific subtype of lymphocyte, meaning every alpha-beta T cell is necessarily a lymphocyte."
CellOntology_SUB,pred,lymphocyte,lymphocyte of b lineage,0,is_a,google/gemma-4-31b-it,"A lymphocyte of B lineage is a specific subtype of lymphocyte, meaning every instance of the former is necessarily an instance of the latter."
CellOntology_SUB,pred,lymphocyte,mature t cell,0,is_a,google/gemma-4-31b-it,"A mature T cell is a specific type of lymphocyte, meaning every instance of a mature T cell is necessarily an instance of a lymphocyte."
CellOntology_SUB,pred,lymphocyte,be cell,0,is_a,google/gemma-4-31b-it,"The term 'be cell' is a typographical error or variant for 'B cell', which is a specific type of lymphocyte."
CellOntology_SUB,pred,lymphocyte,mucosal-associated invariant t cell,0,is_a,google/gemma-4-31b-it,"A mucosal-associated invariant T cell (MAIT cell) is a specialized subtype of T lymphocyte, and therefore every MAIT cell is by definition a lymphocyte."
CellOntology_SUB,pred,lymphocyte of b lineage,be1 cell,0,is_a,google/gemma-4-31b-it,"A 'be1 cell' is a specific subtype of B cell, and since 'lymphocyte of b lineage' is a categorical term for B cells, every be1 cell is necessarily a lymphocyte of B lineage."
CellOntology_SUB,pred,lymphocyte of b lineage,lymphocyte of b lineage cd19-positive,0,is_a,google/gemma-4-31b-it,"A 'lymphocyte of b lineage cd19-positive' is a specific subtype of 'lymphocyte of b lineage' defined by the expression of the CD19 marker, meaning every instance of the former is necessarily an instance of the latter."
CellOntology_SUB,pred,lymphocyte of b lineage,b cell,0,synonym,google/gemma-4-31b-it,"'B cell' and 'lymphocyte of b lineage' are different names for the same biological concept, as evidenced by the fact that they share the same set of parents and the parent term is simply a more formal description of the child term."
CellOntology_SUB,pred,lymphocyte of b lineage,b cell cd19-positive,0,is_a,google/gemma-4-31b-it,"A 'b cell cd19-positive' is a specific subtype of 'lymphocyte of b lineage' characterized by the expression of the CD19 marker, meaning every instance of the former is necessarily an instance of the latter."
CellOntology_SUB,pred,lymphocyte of b lineage,mature b cell,0,is_a,google/gemma-4-31b-it,"A mature B cell is a specific developmental stage and type of lymphocyte belonging to the B lineage, meaning every mature B cell is necessarily a lymphocyte of B lineage."
CellOntology_SUB,pred,lymphocyte of b lineage,be cell,0,synonym,google/gemma-4-31b-it,"The term 'be cell' is a typographical error or variant for 'B cell', which is the same concept as a 'lymphocyte of B lineage'."
CellOntology_SUB,pred,mature b cell,be1 cell,0,is_a,google/gemma-4-31b-it,"A BE1 cell is a specific subtype of mature B cell (specifically a B-1 cell subset), meaning every BE1 cell is by definition a mature B cell."
CellOntology_SUB,pred,mature b cell,be cell,0,is_a_inverted,google/gemma-4-31b-it,"The term 'be cell' (B-1 cell) is a specific subtype of 'mature b cell', meaning the stated parent ('be cell') is actually the child and the stated child ('mature b cell') is the parent."
CellOntology_SUB,pred,mononuclear leukocyte,be1 cell,0,is_a,google/gemma-4-31b-it,"A BE1 cell is a specific type of B cell, and since B cells are a subtype of mononuclear leukocytes, every BE1 cell is necessarily a mononuclear leukocyte."
CellOntology_SUB,pred,mononuclear leukocyte,lymphocyte of b lineage cd19-positive,0,is_a,google/gemma-4-31b-it,"A 'lymphocyte of b lineage cd19-positive' is a specific type of B cell, and all B cells are categorized as mononuclear leukocytes."
CellOntology_SUB,pred,mononuclear leukocyte,b cell,0,is_a,google/gemma-4-31b-it,"A B cell is a type of lymphocyte, and all lymphocytes are mononuclear leukocytes (white blood cells with a single, round nucleus)."
CellOntology_SUB,pred,mononuclear leukocyte,mature alpha-beta t cell,0,is_a,google/gemma-4-31b-it,"A mature alpha-beta T cell is a specific type of lymphocyte, and all lymphocytes are categorized as mononuclear leukocytes."
CellOntology_SUB,pred,mononuclear leukocyte,lymphocyte,0,is_a,google/gemma-4-31b-it,"A lymphocyte is a specific type of mononuclear leukocyte, as all lymphocytes possess a single, non-lobed nucleus and fall under the broader category of mononuclear leukocytes."
CellOntology_SUB,pred,mononuclear leukocyte,b cell cd19-positive,0,is_a,google/gemma-4-31b-it,"A CD19-positive B cell is a specific type of B cell, and B cells are a subset of mononuclear leukocytes (which include lymphocytes and monocytes)."
CellOntology_SUB,pred,mononuclear leukocyte,t cell,0,is_a,google/gemma-4-31b-it,"A T cell is a specific type of mononuclear leukocyte (a white blood cell with a single, non-lobed nucleus), meaning every T cell is by definition a mononuclear leukocyte."
CellOntology_SUB,pred,mononuclear leukocyte,professional antigen presenting cell,1,is_a,google/gemma-4-31b-it,"Professional antigen-presenting cells (such as dendritic cells, macrophages, and B cells) are a functional subset of leukocytes, and those that are mononuclear (like dendritic cells and B cells) are indeed types of mononuclear leukocytes."
CellOntology_SUB,pred,mononuclear leukocyte,mature b cell,0,is_a,google/gemma-4-31b-it,"A mature B cell is a specific type of lymphocyte, and all lymphocytes are categorized as mononuclear leukocytes."
CellOntology_SUB,pred,mononuclear leukocyte,alpha-beta t cell,0,is_a,google/gemma-4-31b-it,"An alpha-beta T cell is a specific type of lymphocyte, and all lymphocytes are mononuclear leukocytes."
CellOntology_SUB,pred,mononuclear leukocyte,lymphocyte of b lineage,0,is_a,google/gemma-4-31b-it,"A lymphocyte of the B lineage is a specific type of mononuclear leukocyte, as all B cells are leukocytes with a single, non-lobed nucleus."
CellOntology_SUB,pred,mononuclear leukocyte,mature t cell,0,is_a,google/gemma-4-31b-it,"A mature T cell is a specific type of lymphocyte, and all lymphocytes are mononuclear leukocytes (white blood cells with a single, non-lobed nucleus)."
CellOntology_SUB,pred,mononuclear leukocyte,mucosal-associated invariant t cell,0,is_a,google/gemma-4-31b-it,"A mucosal-associated invariant T cell is a type of T cell, and since T cells are a subset of lymphocytes, which in turn are mononuclear leukocytes, the subsumption holds."
CellOntology_SUB,pred,mononuclear leukocyte,be cell,0,is_a,google/gemma-4-31b-it,"A 'be cell' (a type of B cell) is a specific kind of mononuclear leukocyte, as all B cells are leukocytes with a single nucleus."
CellOntology_SUB,pred,motile cell,be1 cell,0,is_a,google/gemma-4-31b-it,"A 'be1 cell' is a specific type of B cell, and since B cells (and leukocytes/lymphocytes in general) are capable of motility, every be1 cell is by definition a motile cell."
CellOntology_SUB,pred,motile cell,lymphocyte of b lineage cd19-positive,0,is_a,google/gemma-4-31b-it,"A CD19-positive B lymphocyte is a specific type of cell that possesses the ability to move independently, making it a member of the class of motile cells."
CellOntology_SUB,pred,motile cell,b cell,0,is_a,google/gemma-4-31b-it,"A B cell is a type of cell capable of movement (motility) to migrate to lymph nodes or sites of infection, meaning every B cell is a motile cell."
CellOntology_SUB,pred,motile cell,mature alpha-beta t cell,0,is_a,google/gemma-4-31b-it,"A mature alpha-beta T cell is a specific type of cell that possesses the ability to move (motility), meaning every instance of the former is necessarily an instance of the latter."
CellOntology_SUB,pred,motile cell,lymphocyte,0,is_a,google/gemma-4-31b-it,"A lymphocyte is a type of cell that possesses the ability to move spontaneously, meaning every lymphocyte is by definition a motile cell."
CellOntology_SUB,pred,motile cell,b cell cd19-positive,0,is_a,google/gemma-4-31b-it,"A B cell (CD19-positive) is a type of leukocyte that possesses the ability to move independently, making it a specific instance of a motile cell."
CellOntology_SUB,pred,motile cell,t cell,0,is_a,google/gemma-4-31b-it,"A T cell is a type of cell that possesses the ability to move spontaneously, meaning every T cell is by definition a motile cell."
CellOntology_SUB,pred,motile cell,professional antigen presenting cell,0,is_a,google/gemma-4-31b-it,"Professional antigen presenting cells (such as dendritic cells and macrophages) are characterized by their ability to move through tissues to capture antigens, making them a specific type of motile cell."
CellOntology_SUB,pred,motile cell,mature b cell,0,is_a,google/gemma-4-31b-it,"A mature B cell is a type of cell capable of motility (chemotaxis), meaning every instance of a mature B cell is also an instance of a motile cell."
CellOntology_SUB,pred,motile cell,alpha-beta t cell,0,is_a,google/gemma-4-31b-it,"An alpha-beta T cell is a specific type of cell that possesses the ability to move spontaneously, making it a member of the class of motile cells."
CellOntology_SUB,pred,motile cell,lymphocyte of b lineage,0,is_a,google/gemma-4-31b-it,"A lymphocyte of B lineage is a type of cell capable of independent movement (motility), meaning every instance of the child is also an instance of the parent."
CellOntology_SUB,pred,motile cell,mature t cell,0,is_a,google/gemma-4-31b-it,"A mature T cell is a type of cell that possesses the ability to move spontaneously, meaning every mature T cell is by definition a motile cell."
CellOntology_SUB,pred,motile cell,leukocyte,0,is_a,google/gemma-4-31b-it,"Every leukocyte is by definition a type of cell capable of motility (amoeboid movement), making it a proper subclass of motile cells."
CellOntology_SUB,pred,motile cell,be cell,0,is_a,google/gemma-4-31b-it,"The term 'be cell' (likely a misspelling or specific variant of B cell) is a type of lymphocyte, and since lymphocytes are motile cells, every 'be cell' is by definition a 'motile cell'."
CellOntology_SUB,pred,motile cell,mucosal-associated invariant t cell,0,is_a,google/gemma-4-31b-it,"A mucosal-associated invariant T cell is a type of lymphocyte, and since lymphocytes are motile cells, every instance of the former is necessarily an instance of the latter."
CellOntology_SUB,pred,motile cell,mononuclear leukocyte,0,is_a,google/gemma-4-31b-it,"A mononuclear leukocyte is a type of white blood cell that possesses the ability to move independently, making it a specific instance of a motile cell."
CellOntology_SUB,pred,professional antigen presenting cell,be1 cell,0,is_a,google/gemma-4-31b-it,"A Be1 cell is a specific subtype of B cell, and since B cells (specifically mature B cells) function as professional antigen-presenting cells, every Be1 cell is necessarily a professional antigen-presenting cell."
CellOntology_SUB,pred,professional antigen presenting cell,b cell,1,is_a,google/gemma-4-31b-it,"A B cell is a type of professional antigen-presenting cell, as it possesses the necessary machinery (MHC class II) to present antigens to T cells."
CellOntology_SUB,pred,professional antigen presenting cell,b cell cd19-positive,1,is_a,google/gemma-4-31b-it,"A CD19-positive B cell is a specific type of B cell, and all B cells are categorized as professional antigen-presenting cells (pAPCs) because they express MHC class II and present antigens to T cells."
CellOntology_SUB,pred,professional antigen presenting cell,mature b cell,0,is_a,google/gemma-4-31b-it,"A mature B cell is a specific type of professional antigen-presenting cell, as it expresses MHC class II and presents antigens to T cells."
CellOntology_SUB,pred,professional antigen presenting cell,be cell,0,is_a,google/gemma-4-31b-it,"The term 'be cell' is a misspelling of 'B cell', and since B cells are a primary type of professional antigen-presenting cell, the subsumption is correct."
CellOntology_SUB,pred,lymphocyte of b lineage cd19-positive,b cell cd19-positive,0,synonym,google/gemma-4-31b-it,"The terms 'b cell cd19-positive' and 'lymphocyte of b lineage cd19-positive' both describe the same biological entity (a CD19+ B lymphocyte) using slightly different terminology, and the taxonomy explicitly lists them as containing one another."
CellOntology_SUB,pred,b cell cd19-positive,mature b cell,0,is_a,google/gemma-4-31b-it,"A mature B cell is a specific developmental stage of a B cell that expresses CD19, meaning every mature B cell is necessarily a CD19-positive B cell."
CellOntology_SUB,pred,b cell cd19-positive,be cell,0,is_a_inverted,google/gemma-4-31b-it,"The term 'be cell' is a typographical error for 'b cell', and given that 'b cell cd19-positive' is a specific subtype of B cell, the stated parent-child relationship is inverted."
CellOntology_SUB,pred,b cell cd19-positive,be1 cell,0,is_a,google/gemma-4-31b-it,"A BE1 cell is a specific subtype of B cell that expresses CD19, meaning every BE1 cell is necessarily a CD19-positive B cell."
CellOntology_SUB,pred,steroid hormone secreting cell,androgen secreting cell,0,is_a,google/gemma-4-31b-it,"Androgens are a specific type of steroid hormone, therefore any cell that secretes androgens is by definition a cell that secretes steroid hormones."
CellOntology_SUB,pred,mucus secreting cell,seromucus secreting cell,1,is_a,google/gemma-4-31b-it,"A seromucous cell is a specialized secretory cell that produces both serous and mucous secretions, making it a specific subtype of mucus-secreting cell."
CellOntology_SUB,pred,mucus secreting cell,large mucus secreting cholangiocyte,0,is_a,google/gemma-4-31b-it,A large mucus secreting cholangiocyte is a specific type of mucus secreting cell found within the bile ducts.
CellOntology_SUB,pred,ecto-epithelial cell,neurecto-epithelial cell,0,is_a,google/gemma-4-31b-it,"A neurecto-epithelial cell is a specific type of ecto-epithelial cell specialized for the development of the nervous system, making it a proper subclass."
CellOntology_SUB,pred,ecto-epithelial cell,strial basal cell,1,is_a,google/gemma-4-31b-it,"The strial basal cell is a specialized cell of the auditory epithelium that originates from the ectoderm, making it a type of ecto-epithelial cell."
CellOntology_SUB,pred,ecto-epithelial cell,auditory epithelial cell,1,is_a,google/gemma-4-31b-it,"The auditory epithelial cell is a specialized type of epithelium that originates from the ectoderm, making it a specific kind of ecto-epithelial cell."
CellOntology_SUB,pred,ecto-epithelial cell,olfactory epithelial cell,0,is_a,google/gemma-4-31b-it,"The olfactory epithelium is derived from the olfactory placode, which is a thickening of the surface ectoderm, making the olfactory epithelial cell a specialized type of ectodermal epithelial cell."
CellOntology_SUB,pred,auditory epithelial cell,strial basal cell,0,is_a,google/gemma-4-31b-it,"A strial basal cell is a specific type of epithelial cell found within the auditory system (specifically the stria vascularis), making it a subclass of auditory epithelial cells."
CellOntology_SUB,pred,endo-epithelial cell,cholangiocyte,1,is_a,google/gemma-4-31b-it,"A cholangiocyte is a specific type of epithelial cell lining the bile ducts, and ""endo-epithelial cell"" is a general category for epithelial cells lining internal organs/cavities, making the cholangiocyte a subset of the latter."
CellOntology_SUB,pred,endo-epithelial cell,vein endothelial cell,1,unrelated,google/gemma-4-31b-it,"The 'vein endothelial cell' is a type of endothelial cell, whereas 'endo-epithelial cell' refers to epithelial cells lining internal organs (like the stomach or respiratory tract); these are distinct cellular lineages and one is not a subclass of the other."
CellOntology_SUB,pred,endo-epithelial cell,epithelial cell of alimentary canal,0,is_a,google/gemma-4-31b-it,An epithelial cell of the alimentary canal is a specific type of endo-epithelial cell (epithelium lining the internal organs derived from the endoderm).
CellOntology_SUB,pred,endo-epithelial cell,epithelial cell of stomach,0,is_a,google/gemma-4-31b-it,"An epithelial cell of the stomach is a specific type of endo-epithelial cell (epithelium lining internal organs/cavities), meaning every instance of the former is necessarily an instance of the latter."
CellOntology_SUB,pred,endo-epithelial cell,large mucus secreting cholangiocyte,1,other_related,google/gemma-4-31b-it,"A 'large mucus secreting cholangiocyte' is a specific type of bile duct epithelial cell, and while it is an epithelial cell, it is not a type of 'endo-epithelial cell' (which refers to the lining of the endodermal tubes like the gut and respiratory tract), making the relationship a general associati"
CellOntology_SUB,pred,endo-epithelial cell,respiratory tract epithelial cell,0,is_a,google/gemma-4-31b-it,"A respiratory tract epithelial cell is a specific type of endo-epithelial cell (epithelium lining internal organs/cavities), meaning every instance of the former is necessarily an instance of the latter."
CellOntology_SUB,pred,endo-epithelial cell,epithelial cell of upper respiratory tract,0,is_a,google/gemma-4-31b-it,"An epithelial cell of the upper respiratory tract is a specific type of endo-epithelial cell (epithelium lining internal organs/cavities), meaning every instance of the former is necessarily an instance of the latter."
CellOntology_SUB,pred,endo-epithelial cell,stem cell of gastric gland,0,is_a,google/gemma-4-31b-it,"A stem cell of the gastric gland is a specific type of endo-epithelial cell, meaning every instance of the former is necessarily an instance of the latter."
CellOntology_SUB,pred,endo-epithelial cell,schlemms canal endothelial cell,1,unrelated,google/gemma-4-31b-it,"Schlemm's canal endothelial cells are specialized vascular endothelial cells, whereas endo-epithelial cells (as defined by the provided children like stomach and respiratory cells) are epithelial cells; these are distinct cellular lineages."
CellOntology_SUB,pred,endo-epithelial cell,endothelial cell of vascular tree,1,unrelated,google/gemma-4-31b-it,"Endothelial cells and epithelial cells are distinct types of surface cells; while they share similar characteristics, an endothelial cell is not a type of epithelial cell, nor is it a component or derivative of the ""endo-epithelial cell"" group described."
CellOntology_SUB,pred,endo-epithelial cell,blood vessel endothelial cell,1,is_a,google/gemma-4-31b-it,"The term 'endo-epithelial cell' is used here as a broad category encompassing both endothelial cells (lining blood vessels) and general epithelial cells (lining organs), making the blood vessel endothelial cell a specific type of endo-epithelial cell."
CellOntology_SUB,pred,endo-epithelial cell,endothelial cell,1,is_a,google/gemma-4-31b-it,"Endothelial cells are a specific type of simple squamous epithelium that lines blood vessels, making them a biological subtype of endo-epithelial cells."
CellOntology_SUB,pred,endothelial cell of vascular tree,vein endothelial cell,0,is_a,google/gemma-4-31b-it,"A vein endothelial cell is a specific type of endothelial cell found within the vascular tree, meaning every instance of the former is necessarily an instance of the latter."
CellOntology_SUB,pred,endothelial cell of vascular tree,blood vessel endothelial cell,0,is_a,google/gemma-4-31b-it,"A blood vessel endothelial cell is a specific type of endothelial cell found within the vascular tree, meaning every instance of the former is necessarily an instance of the latter."
CellOntology_SUB,pred,endothelial cell of vascular tree,schlemms canal endothelial cell,0,is_a,google/gemma-4-31b-it,"A Schlemm's canal endothelial cell is a specific type of endothelial cell found within the vascular system of the eye, making it a subclass of endothelial cells of the vascular tree."
CellOntology_SUB,pred,blood vessel endothelial cell,vein endothelial cell,0,is_a,google/gemma-4-31b-it,"A vein endothelial cell is a specific type of blood vessel endothelial cell, as veins are a category of blood vessels."
CellOntology_SUB,pred,endothelial cell,vein endothelial cell,0,is_a,google/gemma-4-31b-it,"A vein endothelial cell is a specific type of endothelial cell, meaning every instance of the former is necessarily an instance of the latter."
CellOntology_SUB,pred,endothelial cell,schlemms canal endothelial cell,0,is_a,google/gemma-4-31b-it,A Schlemm's canal endothelial cell is a specific type of endothelial cell specialized for the drainage of aqueous humor.
CellOntology_SUB,pred,endothelial cell,endothelial cell of vascular tree,0,is_a,google/gemma-4-31b-it,"An endothelial cell of the vascular tree is a specific type of endothelial cell, meaning every instance of the former is necessarily an instance of the latter."
CellOntology_SUB,pred,endothelial cell,blood vessel endothelial cell,0,is_a,google/gemma-4-31b-it,"A blood vessel endothelial cell is a specific type of endothelial cell, meaning every instance of the former is necessarily an instance of the latter."
CellOntology_SUB,pred,secretory epithelial cell,seromucus secreting cell,1,is_a,google/gemma-4-31b-it,A seromucus secreting cell is a specialized type of secretory epithelial cell found in various glands.
CellOntology_SUB,pred,secretory epithelial cell,large mucus secreting cholangiocyte,0,is_a,google/gemma-4-31b-it,"A large mucus secreting cholangiocyte is a specific type of epithelial cell that possesses secretory functions, making it a subset of secretory epithelial cells."
CellOntology_SUB,pred,mesenchymal stem cell of adipose tissue,mesenchymal stem cell of orbital adipose tissue,0,is_a,google/gemma-4-31b-it,"A mesenchymal stem cell of orbital adipose tissue is a specific type of mesenchymal stem cell of adipose tissue, where the orbital location further specifies the general category."
CellOntology_SUB,pred,multi fate stem cell,mesenchymal stem cell of orbital adipose tissue,0,is_a,google/gemma-4-31b-it,"A mesenchymal stem cell of orbital adipose tissue is a specific type of multi-fate stem cell, as it possesses the capacity to differentiate into multiple cell lineages."
CellOntology_SUB,pred,multi fate stem cell,mesenchymal stem cell of adipose tissue,0,is_a,google/gemma-4-31b-it,"A mesenchymal stem cell of adipose tissue is a specific type of stem cell capable of differentiating into multiple cell lineages, thus fitting the definition of a multi-fate stem cell."
CellOntology_SUB,pred,multi fate stem cell,mesenchymal stem cell,0,is_a,google/gemma-4-31b-it,Mesenchymal stem cells are a specific type of multipotent (multi-fate) stem cell capable of differentiating into various cell types of the mesenchyme.
CellOntology_SUB,pred,multi fate stem cell,stem cell of gastric gland,0,is_a,google/gemma-4-31b-it,A stem cell of the gastric gland is a specific type of multi-fate stem cell because it can differentiate into multiple distinct cell lineages within the gastric mucosa.
CellOntology_SUB,pred,precursor cell,mesenchymal stem cell of orbital adipose tissue,0,is_a,google/gemma-4-31b-it,"A mesenchymal stem cell of orbital adipose tissue is a specific type of precursor cell, as all stem cells function as precursor cells for differentiated cell types."
CellOntology_SUB,pred,precursor cell,mesenchymal stem cell of adipose tissue,0,is_a,google/gemma-4-31b-it,"A mesenchymal stem cell of adipose tissue is a specific type of precursor cell, as all stem cells function as precursors to more specialized cell types."
CellOntology_SUB,pred,precursor cell,multi fate stem cell,0,is_a,google/gemma-4-31b-it,"A multi-fate stem cell is a specific type of precursor cell, as all stem cells function as precursors to more specialized cell types."
CellOntology_SUB,pred,precursor cell,stem cell,0,is_a,google/gemma-4-31b-it,A stem cell is a specific type of precursor cell characterized by its capacity for self-renewal and potency.
CellOntology_SUB,pred,precursor cell,stem cell of gastric gland,0,is_a,google/gemma-4-31b-it,"A stem cell of the gastric gland is a specific type of precursor cell, as all stem cells function as precursors to more differentiated cell types."
CellOntology_SUB,pred,precursor cell,mesenchymal stem cell,0,is_a,google/gemma-4-31b-it,"A mesenchymal stem cell is a specific type of precursor cell, as all mesenchymal stem cells function as precursors to various connective tissue cells."
CellOntology_SUB,pred,stem cell,mesenchymal stem cell of orbital adipose tissue,0,is_a,google/gemma-4-31b-it,"A mesenchymal stem cell of orbital adipose tissue is a specific type of stem cell, meaning every instance of the former is necessarily an instance of the latter."
CellOntology_SUB,pred,stem cell,mesenchymal stem cell of adipose tissue,0,is_a,google/gemma-4-31b-it,"A mesenchymal stem cell of adipose tissue is a specific type of stem cell, meaning every instance of the former is necessarily an instance of the latter."
CellOntology_SUB,pred,stem cell,multi fate stem cell,0,is_a,google/gemma-4-31b-it,A multi-fate stem cell is a specific type of stem cell characterized by its ability to differentiate into multiple cell lineages.
CellOntology_SUB,pred,stem cell,stem cell of gastric gland,0,is_a,google/gemma-4-31b-it,A 'stem cell of gastric gland' is a specific type of 'stem cell' characterized by its location and function within the stomach.
CellOntology_SUB,pred,stem cell,mesenchymal stem cell,0,is_a,google/gemma-4-31b-it,"A mesenchymal stem cell is a specific type of stem cell, meaning every instance of the former is necessarily an instance of the latter."
CellOntology_SUB,pred,connective tissue cell,mesenchymal stem cell of orbital adipose tissue,0,is_a,google/gemma-4-31b-it,"A mesenchymal stem cell of orbital adipose tissue is a specific type of mesenchymal stem cell, which is itself a type of connective tissue cell, thus satisfying the criteria for proper subsumption."
CellOntology_SUB,pred,connective tissue cell,vascular leptomeningeal cell,0,is_a,google/gemma-4-31b-it,"A vascular leptomeningeal cell is a specialized type of fibroblast/stromal cell found in the leptomeninges, and since these are types of connective tissue cells, the subsumption holds."
CellOntology_SUB,pred,connective tissue cell,mesenchymal stem cell of adipose tissue,0,is_a,google/gemma-4-31b-it,"A mesenchymal stem cell of adipose tissue is a specific type of connective tissue cell, as it is a multipotent cell of mesenchymal origin found within connective tissue."
CellOntology_SUB,pred,connective tissue cell,mesothelial fibroblast,0,is_a,google/gemma-4-31b-it,"A mesothelial fibroblast is a specific type of fibroblast, and since fibroblasts are a primary type of connective tissue cell, every mesothelial fibroblast is necessarily a connective tissue cell."
CellOntology_SUB,pred,connective tissue cell,hematopoietic cell,1,derives_from,google/gemma-4-31b-it,"Hematopoietic cells (blood cells and their precursors) are derived from the mesenchyme, which is the embryonic connective tissue, but they are functionally and structurally distinct from the cells that constitute connective tissue (like fibroblasts)."
CellOntology_SUB,pred,connective tissue cell,vlmc nn vascular leptomeningeal cell mmus,0,is_a,google/gemma-4-31b-it,"A vascular leptomeningeal cell is a specialized type of fibroblast/stromal cell, and since fibroblasts are a type of connective tissue cell, the subsumption holds."
CellOntology_SUB,pred,connective tissue cell,mesothelial fibroblast of the leptomeninx,0,is_a,google/gemma-4-31b-it,"A mesothelial fibroblast of the leptomeninx is a specific type of fibroblast, and since fibroblasts are a type of connective tissue cell, the subsumption relation holds."
CellOntology_SUB,pred,connective tissue cell,fibroblast,0,is_a,google/gemma-4-31b-it,"A fibroblast is a specific type of cell found within connective tissue, meaning every fibroblast is by definition a connective tissue cell."
CellOntology_SUB,pred,connective tissue cell,mesenchymal stem cell,0,is_a,google/gemma-4-31b-it,Mesenchymal stem cells are a specific type of multipotent cell that belongs to the broader category of connective tissue cells.
CellOntology_SUB,pred,connective tissue cell,stromal cell,0,is_a,google/gemma-4-31b-it,"Stromal cells are the structural cells of the stroma, which is composed of connective tissue, making every stromal cell a type of connective tissue cell."
CellOntology_SUB,pred,stromal cell,mesenchymal stem cell of orbital adipose tissue,1,is_a,google/gemma-4-31b-it,"Mesenchymal stem cells are a specific type of stromal cell, as stromal cells encompass the various supportive cells of a connective tissue stroma, including multipotent mesenchymal stem cells."
CellOntology_SUB,pred,stromal cell,vascular leptomeningeal cell,0,is_a,google/gemma-4-31b-it,"A vascular leptomeningeal cell is a specialized type of stromal cell found within the leptomeninges, meaning every instance of the former is necessarily an instance of the latter."
CellOntology_SUB,pred,stromal cell,mesenchymal stem cell of adipose tissue,1,is_a,google/gemma-4-31b-it,Mesenchymal stem cells of adipose tissue are a specific type of stromal cell found within the adipose stroma.
CellOntology_SUB,pred,stromal cell,vlmc nn vascular leptomeningeal cell mmus,0,is_a,google/gemma-4-31b-it,"A vascular leptomeningeal cell is a specific type of stromal cell found in the meninges, meaning every instance of the former is an instance of the latter."
CellOntology_SUB,pred,stromal cell,mesothelial fibroblast of the leptomeninx,0,is_a,google/gemma-4-31b-it,"A mesothelial fibroblast of the leptomeninx is a specific type of fibroblast, and since fibroblasts are a type of stromal cell, the child is a specialized instance of the parent class."
CellOntology_SUB,pred,stromal cell,mesenchymal stem cell,1,is_a,google/gemma-4-31b-it,"Mesenchymal stem cells are a specific subtype of stromal cells, as stromal cells encompass all supportive cells of a connective tissue stroma, including the multipotent mesenchymal stem cell population."
CellOntology_SUB,pred,mesenchymal stem cell,mesenchymal stem cell of orbital adipose tissue,0,is_a,google/gemma-4-31b-it,"A mesenchymal stem cell of orbital adipose tissue is a specific subtype of mesenchymal stem cell, defined by its anatomical origin."
CellOntology_SUB,pred,mesenchymal stem cell,mesenchymal stem cell of adipose tissue,0,is_a,google/gemma-4-31b-it,"A mesenchymal stem cell of adipose tissue is a specific type of mesenchymal stem cell, characterized by its tissue of origin."
CellOntology_SUB,pred,epithelial cell of alimentary canal,epithelial cell of stomach,0,is_a,google/gemma-4-31b-it,"Every epithelial cell of the stomach is, by definition, a type of epithelial cell found within the alimentary canal."
CellOntology_SUB,pred,epithelial cell of alimentary canal,stem cell of gastric gland,0,is_a,google/gemma-4-31b-it,"A stem cell of the gastric gland is a specific type of epithelial cell found within the alimentary canal, meaning every instance of the former is necessarily an instance of the latter."
CellOntology_SUB,pred,epithelial cell of stomach,stem cell of gastric gland,0,is_a,google/gemma-4-31b-it,"A stem cell of the gastric gland is a specific type of epithelial cell found in the stomach, meaning every instance of the former is necessarily an instance of the latter."
CellOntology_SUB,pred,respiratory tract epithelial cell,epithelial cell of upper respiratory tract,0,is_a,google/gemma-4-31b-it,"An epithelial cell of the upper respiratory tract is a specific type of respiratory tract epithelial cell, meaning every instance of the former is necessarily an instance of the latter."
CellOntology_SUB,pred,respiratory tract epithelial cell,olfactory epithelial cell,0,is_a,google/gemma-4-31b-it,"An olfactory epithelial cell is a specialized type of epithelial cell found within the respiratory tract (specifically the nasal cavity), making it a subclass of respiratory tract epithelial cells."
CellOntology_SUB,pred,epithelial cell of upper respiratory tract,olfactory epithelial cell,0,is_a,google/gemma-4-31b-it,"An olfactory epithelial cell is a specific type of epithelial cell found within the upper respiratory tract, meaning every instance of the former is necessarily an instance of the latter."
CellOntology_SUB,pred,vascular leptomeningeal cell,vlmc nn vascular leptomeningeal cell mmus,0,synonym,google/gemma-4-31b-it,The term 'vlmc nn vascular leptomeningeal cell mmus' is a specific nomenclature string (likely including a gene symbol 'vlmc' and species 'mmus' for Mus musculus) referring to the same biological entity as 'vascular leptomeningeal cell'.
CellOntology_SUB,pred,mesothelial fibroblast of the leptomeninx,vascular leptomeningeal cell,0,is_a,google/gemma-4-31b-it,"The 'vascular leptomeningeal cell' is a specialized subtype of the 'mesothelial fibroblast of the leptomeninx', meaning every vascular leptomeningeal cell is by definition a mesothelial fibroblast of the leptomeninx."
CellOntology_SUB,pred,mesothelial fibroblast of the leptomeninx,vlmc nn vascular leptomeningeal cell mmus,0,is_a,google/gemma-4-31b-it,"The term 'vlmc nn vascular leptomeningeal cell mmus' refers to a specific cell type (vascular leptomeningeal cell) in a specific species (Mus musculus), which is a specialized type of mesothelial fibroblast found in the leptomeninx."
CellOntology_SUB,pred,mesothelial fibroblast,vascular leptomeningeal cell,0,is_a,google/gemma-4-31b-it,"A vascular leptomeningeal cell is a specialized type of fibroblast found within the mesothelial layer of the leptomeninges, making it a specific subclass of mesothelial fibroblast."
CellOntology_SUB,pred,mesothelial fibroblast,mesothelial fibroblast of the leptomeninx,0,is_a,google/gemma-4-31b-it,"The 'mesothelial fibroblast of the leptomeninx' is a specific subtype of 'mesothelial fibroblast' defined by its anatomical location, meaning every instance of the former is necessarily an instance of the latter."
CellOntology_SUB,pred,mesothelial fibroblast,vlmc nn vascular leptomeningeal cell mmus,0,is_a,google/gemma-4-31b-it,"A vascular leptomeningeal cell (VLMC) is a specialized type of fibroblast found in the leptomeninges, and since it is a specific kind of mesothelial fibroblast, the subsumption relation is correct."
CellOntology_SUB,pred,fibroblast,vascular leptomeningeal cell,0,is_a,google/gemma-4-31b-it,"Vascular leptomeningeal cells (VLMCs) are a specialized subtype of fibroblast-like stromal cells found in the leptomeninges, meaning every VLMC is a type of fibroblast."
CellOntology_SUB,pred,fibroblast,mesothelial fibroblast,0,is_a,google/gemma-4-31b-it,"A mesothelial fibroblast is a specific subtype of fibroblast found in the mesothelium, meaning every mesothelial fibroblast is by definition a fibroblast."
CellOntology_SUB,pred,fibroblast,vlmc nn vascular leptomeningeal cell mmus,0,is_a,google/gemma-4-31b-it,"Vascular leptomeningeal cells (VLMCs) are a specialized subtype of fibroblast found in the meninges, meaning every VLMC is a type of fibroblast."
CellOntology_SUB,pred,fibroblast,mesothelial fibroblast of the leptomeninx,0,is_a,google/gemma-4-31b-it,"A 'mesothelial fibroblast of the leptomeninx' is a specific subtype of 'fibroblast' characterized by its location and mesothelial nature, meaning every instance of the former is necessarily an instance of the latter."
CellOntology_SUB,pred,sensory receptor cell,chemoreceptor cell,0,is_a,google/gemma-4-31b-it,A chemoreceptor cell is a specific type of sensory receptor cell that responds to chemical stimuli.
CellOntology_SUB,pred,sensory receptor cell,sensory epithelial cell,0,is_a,google/gemma-4-31b-it,A sensory epithelial cell is a specific type of sensory receptor cell that is derived from epithelial tissue.
CellOntology_SUB,pred,sensory epithelial cell,auditory epithelial cell,0,is_a,google/gemma-4-31b-it,"An auditory epithelial cell is a specific type of sensory epithelial cell specialized for hearing, meaning every instance of the former is necessarily an instance of the latter."
CellOntology_SUB,pred,sensory epithelial cell,olfactory epithelial cell,0,is_a,google/gemma-4-31b-it,"An olfactory epithelial cell is a specific type of sensory epithelial cell, as it is an epithelial cell specialized for sensory (olfactory) reception."
CellOntology_SUB,pred,macroglial cell,brain macroglial cell,0,is_a,google/gemma-4-31b-it,"A 'brain macroglial cell' is a specific type of 'macroglial cell' located in the brain, meaning every instance of the former is necessarily an instance of the latter."
CellOntology_SUB,pred,macroglial cell,astrocyte,0,is_a,google/gemma-4-31b-it,"An astrocyte is a specific type of macroglial cell, meaning every astrocyte is by definition a macroglial cell."
CellOntology_SUB,pred,macroglial cell,interlaminar astrocyte,0,is_a,google/gemma-4-31b-it,"An interlaminar astrocyte is a specific type of astrocyte, and since all astrocytes are types of macroglial cells, every interlaminar astrocyte is necessarily a macroglial cell."
CellOntology_SUB,pred,macroglial cell,astrocyte of the forebrain,0,is_a,google/gemma-4-31b-it,"An astrocyte of the forebrain is a specific type of macroglial cell, meaning every instance of the former is necessarily an instance of the latter."
CellOntology_SUB,pred,macroglial cell,astrocyte of the cerebral cortex,0,is_a,google/gemma-4-31b-it,"An astrocyte of the cerebral cortex is a specific type of macroglial cell, meaning every instance of the former is necessarily an instance of the latter."
CellOntology_SUB,pred,brain macroglial cell,astrocyte of the forebrain,0,is_a,google/gemma-4-31b-it,"An astrocyte of the forebrain is a specific type of brain macroglial cell, meaning every instance of the former is necessarily an instance of the latter."
CellOntology_SUB,pred,brain macroglial cell,astrocyte of the cerebral cortex,0,is_a,google/gemma-4-31b-it,"An astrocyte of the cerebral cortex is a specific type of brain macroglial cell, meaning every instance of the former is necessarily an instance of the latter."
CellOntology_SUB,pred,brain macroglial cell,interlaminar astrocyte,0,is_a,google/gemma-4-31b-it,"An interlaminar astrocyte is a specific type of astrocyte found in the brain, and since astrocytes are a type of macroglial cell, every interlaminar astrocyte is necessarily a brain macroglial cell."
CellOntology_SUB,pred,glial cell,brain macroglial cell,0,is_a,google/gemma-4-31b-it,"A brain macroglial cell is a specific type of glial cell located in the brain, meaning every instance of the former is necessarily an instance of the latter."
CellOntology_SUB,pred,glial cell,macroglial cell,0,is_a,google/gemma-4-31b-it,"Macroglial cells are a specific subtype of glial cells (distinguished from microglia), meaning every macroglial cell is by definition a glial cell."
CellOntology_SUB,pred,glial cell,interlaminar astrocyte,0,is_a,google/gemma-4-31b-it,"An interlaminar astrocyte is a specific subtype of astrocyte, and since all astrocytes are types of glial cells, every interlaminar astrocyte is necessarily a glial cell."
CellOntology_SUB,pred,glial cell,astrocyte of the forebrain,0,is_a,google/gemma-4-31b-it,"An astrocyte of the forebrain is a specific type of glial cell, meaning every instance of the former is necessarily an instance of the latter."
CellOntology_SUB,pred,glial cell,astrocyte,0,is_a,google/gemma-4-31b-it,"An astrocyte is a specific type of glial cell, meaning every astrocyte is by definition a glial cell."
CellOntology_SUB,pred,glial cell,astrocyte of the cerebral cortex,0,is_a,google/gemma-4-31b-it,"An astrocyte of the cerebral cortex is a specific type of glial cell, meaning every instance of the former is necessarily an instance of the latter."
CellOntology_SUB,pred,glial cell,cerebral cortex glial cell,0,is_a,google/gemma-4-31b-it,"A cerebral cortex glial cell is a specific type of glial cell defined by its location in the cerebral cortex, meaning every instance of the former is necessarily an instance of the latter."
CellOntology_SUB,pred,neuron associated cell,brain macroglial cell,0,is_a,google/gemma-4-31b-it,"A brain macroglial cell is a specific type of cell associated with neurons, meaning every instance of the former is necessarily an instance of the latter."
CellOntology_SUB,pred,neuron associated cell,macroglial cell,0,is_a,google/gemma-4-31b-it,"A macroglial cell is a specific type of cell associated with neurons, meaning every instance of a macroglial cell is necessarily an instance of a neuron associated cell."
CellOntology_SUB,pred,neuron associated cell,glial cell,0,is_a,google/gemma-4-31b-it,"A glial cell is a type of cell associated with neurons, and the provided taxonomy lists other glial subtypes (like astrocytes) under 'neuron associated cell', confirming that 'neuron associated cell' serves as a broader category for glial cells."
CellOntology_SUB,pred,neuron associated cell,astrocyte,0,is_a,google/gemma-4-31b-it,"An astrocyte is a specific type of cell that is associated with neurons, meaning every astrocyte is by definition a neuron associated cell."
CellOntology_SUB,pred,neuron associated cell,interlaminar astrocyte,0,is_a,google/gemma-4-31b-it,"An interlaminar astrocyte is a specific type of astrocyte, and since astrocytes are a kind of neuron-associated cell, every interlaminar astrocyte is necessarily a neuron-associated cell."
CellOntology_SUB,pred,neuron associated cell,astrocyte of the forebrain,0,is_a,google/gemma-4-31b-it,"An astrocyte of the forebrain is a specific type of neuron-associated cell, meaning every instance of the former is necessarily an instance of the latter."
CellOntology_SUB,pred,neuron associated cell,astrocyte of the cerebral cortex,0,is_a,google/gemma-4-31b-it,"An astrocyte of the cerebral cortex is a specific type of glial cell, and all glial cells are types of neuron associated cells, meaning every instance of the child is an instance of the parent."
CellOntology_SUB,pred,neuron associated cell,cerebral cortex glial cell,0,is_a,google/gemma-4-31b-it,"A cerebral cortex glial cell is a specific type of neuron associated cell, as all glial cells in the cerebral cortex are by definition cells associated with neurons."
CellOntology_SUB,pred,astrocyte of the forebrain,interlaminar astrocyte,0,is_a,google/gemma-4-31b-it,"An interlaminar astrocyte is a specific subtype of astrocyte found within the forebrain (specifically the cerebral cortex), meaning every interlaminar astrocyte is necessarily an astrocyte of the forebrain."
CellOntology_SUB,pred,astrocyte of the forebrain,astrocyte of the cerebral cortex,0,is_a,google/gemma-4-31b-it,"Every astrocyte of the cerebral cortex is, by definition, an astrocyte of the forebrain because the cerebral cortex is a part of the forebrain."
CellOntology_SUB,pred,astrocyte of the cerebral cortex,interlaminar astrocyte,0,is_a,google/gemma-4-31b-it,"An interlaminar astrocyte is a specific subtype of astrocyte found within the layers of the cerebral cortex, meaning every interlaminar astrocyte is by definition an astrocyte of the cerebral cortex."
CellOntology_SUB,pred,astrocyte,interlaminar astrocyte,0,is_a,google/gemma-4-31b-it,An interlaminar astrocyte is a specific subtype of astrocyte characterized by its location and morphology within the layers of the cerebral cortex.
CellOntology_SUB,pred,astrocyte,astrocyte of the forebrain,0,is_a,google/gemma-4-31b-it,"An 'astrocyte of the forebrain' is a specific type of 'astrocyte' defined by its location, meaning every instance of the former is necessarily an instance of the latter."
CellOntology_SUB,pred,astrocyte,astrocyte of the cerebral cortex,0,is_a,google/gemma-4-31b-it,"An 'astrocyte of the cerebral cortex' is a specific type of 'astrocyte' defined by its location, meaning every instance of the former is necessarily an instance of the latter."
CellOntology_SUB,pred,mature alpha-beta t cell,mucosal-associated invariant t cell,0,is_a,google/gemma-4-31b-it,Mucosal-associated invariant T (MAIT) cells are a specific subtype of mature T cells that express a semi-invariant T-cell receptor (TCR) of the alpha-beta class.
CellOntology_SUB,pred,alpha-beta t cell,mature alpha-beta t cell,0,is_a,google/gemma-4-31b-it,"A mature alpha-beta T cell is a specific subtype of alpha-beta T cell characterized by its developmental stage, meaning every instance of the former is necessarily an instance of the latter."
CellOntology_SUB,pred,alpha-beta t cell,mucosal-associated invariant t cell,0,is_a,google/gemma-4-31b-it,Mucosal-associated invariant T (MAIT) cells are a specific subtype of T cells that express a rearranged T cell receptor consisting of an alpha and a beta chain.
CellOntology_SUB,pred,mature t cell,mature alpha-beta t cell,0,is_a,google/gemma-4-31b-it,"Every mature alpha-beta T cell is, by definition, a type of mature T cell."
CellOntology_SUB,pred,mature t cell,mucosal-associated invariant t cell,0,is_a,google/gemma-4-31b-it,A mucosal-associated invariant T (MAIT) cell is a specific subtype of mature T cell characterized by its unique T-cell receptor and functional properties.
CellOntology_SUB,pred,t cell,mature alpha-beta t cell,0,is_a,google/gemma-4-31b-it,"Every mature alpha-beta T cell is, by definition, a type of T cell."
CellOntology_SUB,pred,t cell,alpha-beta t cell,0,is_a,google/gemma-4-31b-it,An alpha-beta T cell is a specific subtype of T cell characterized by the expression of the alpha-beta T-cell receptor.
CellOntology_SUB,pred,t cell,mature t cell,0,is_a,google/gemma-4-31b-it,"A mature T cell is a specific type of T cell that has completed its development, meaning every instance of a mature T cell is necessarily an instance of a T cell."
CellOntology_SUB,pred,t cell,mucosal-associated invariant t cell,0,is_a,google/gemma-4-31b-it,"A mucosal-associated invariant T cell (MAIT cell) is a specialized subtype of T cell, meaning every MAIT cell is by definition a T cell."
CellOntology_SUB,pred,central nervous system neuron,wide field retinal amacrine cell,0,is_a,google/gemma-4-31b-it,"A wide field retinal amacrine cell is a specific type of neuron located within the central nervous system (the retina being part of the CNS), therefore every instance of the child is an instance of the parent."
CellOntology_SUB,pred,central nervous system neuron,amacrine cell,0,is_a,google/gemma-4-31b-it,"An amacrine cell is a specific type of interneuron found in the retina, which is part of the central nervous system, making it a type of central nervous system neuron."
CellOntology_SUB,pred,central nervous system neuron,wf4 amacrine cell,0,is_a,google/gemma-4-31b-it,"A wf4 amacrine cell is a specific type of amacrine cell, which is a type of interneuron found in the retina, and therefore it is a specific kind of central nervous system neuron."
CellOntology_SUB,pred,interneuron,wide field retinal amacrine cell,0,is_a,google/gemma-4-31b-it,"A wide field retinal amacrine cell is a specific type of amacrine cell, and all amacrine cells are categorized as interneurons within the retina."
CellOntology_SUB,pred,interneuron,amacrine cell,0,is_a,google/gemma-4-31b-it,"An amacrine cell is a specific type of interneuron found in the retina, meaning every amacrine cell is by definition an interneuron."
CellOntology_SUB,pred,interneuron,wf4 amacrine cell,0,is_a,google/gemma-4-31b-it,"A wf4 amacrine cell is a specific type of amacrine cell, and all amacrine cells are categorized as interneurons within the retina."
CellOntology_SUB,pred,amacrine cell,wide field retinal amacrine cell,0,is_a,google/gemma-4-31b-it,A wide field retinal amacrine cell is a specific subtype of amacrine cell characterized by its extensive dendritic arborization.
CellOntology_SUB,pred,amacrine cell,wf4 amacrine cell,0,is_a,google/gemma-4-31b-it,A 'wf4 amacrine cell' is a specific subtype of 'amacrine cell' based on its morphological and functional characteristics.
CellOntology_SUB,pred,wide field retinal amacrine cell,wf4 amacrine cell,0,is_a,google/gemma-4-31b-it,"The 'wf4 amacrine cell' is a specific subtype of the 'wide field retinal amacrine cell' category, meaning every wf4 cell is by definition a wide field retinal amacrine cell."
CellOntology_SUB,pred,cerebral cortex glial cell,interlaminar astrocyte,0,is_a,google/gemma-4-31b-it,"An interlaminar astrocyte is a specific type of glial cell found within the cerebral cortex, meaning every instance of the former is necessarily an instance of the latter."
CellOntology_SUB,pred,cerebral cortex glial cell,astrocyte of the cerebral cortex,0,is_a,google/gemma-4-31b-it,"An astrocyte of the cerebral cortex is a specific type of glial cell found within the cerebral cortex, meaning every instance of the former is necessarily an instance of the latter."
CellOntology_SUB,pred,retinal cell,wide field retinal amacrine cell,0,is_a,google/gemma-4-31b-it,"A wide field retinal amacrine cell is a specific type of retinal cell, meaning every instance of the former is necessarily an instance of the latter."
CellOntology_SUB,pred,retinal cell,amacrine cell,0,is_a,google/gemma-4-31b-it,"An amacrine cell is a specific type of neuron found within the retina, meaning every amacrine cell is by definition a retinal cell."
CellOntology_SUB,pred,retinal cell,wf4 amacrine cell,0,is_a,google/gemma-4-31b-it,"A wf4 amacrine cell is a specific type of amacrine cell, and since all amacrine cells are types of retinal cells, every instance of a wf4 amacrine cell is necessarily an instance of a retinal cell."
CellOntology_SUB,pred,gamete-nursing cell,invertebrate nurse cell,0,is_a,google/gemma-4-31b-it,"An invertebrate nurse cell is a specific type of gamete-nursing cell found in invertebrates, meaning every instance of the former is necessarily an instance of the latter."
CellOntology_SUB,pred,gamete-nursing cell,germline-derived nurse cell,0,is_a,google/gemma-4-31b-it,A germline-derived nurse cell is a specific type of gamete-nursing cell characterized by its origin from the germline.
CellOntology_SUB,pred,invertebrate nurse cell,germline-derived nurse cell,1,is_a,google/gemma-4-31b-it,"The provided taxonomy contains a contradiction where 'invertebrate nurse cell' is listed as both a parent and a child of 'germline-derived nurse cell', but biologically, a germline-derived nurse cell is a specific type of invertebrate nurse cell (such as those found in *Drosophila*)."
CellOntology_SUB,pred,polyploid cell,germline-derived nurse cell,1,is_a,google/gemma-4-31b-it,"Germline-derived nurse cells (such as those in Drosophila) are characterized by endoreplication, making them a specific type of polyploid cell."
CellOntology_SUB,pred,polyploid cell,invertebrate nurse cell,0,is_a,google/gemma-4-31b-it,"Invertebrate nurse cells are a specific type of cell characterized by their polyploid state, meaning every invertebrate nurse cell is by definition a polyploid cell."
CellOntology_SUB,pred,columnarcuboidal epithelial cell,neurecto-epithelial cell,0,is_a,google/gemma-4-31b-it,A neurecto-epithelial cell is a specific type of epithelial cell characterized by a columnar or cuboidal morphology.
CellOntology_SUB,pred,columnarcuboidal epithelial cell,cholangiocyte,1,is_a,google/gemma-4-31b-it,"A cholangiocyte is a type of epithelial cell that typically exhibits a columnar or cuboidal morphology, making it a specific instance of a columnarcuboidal epithelial cell."
CellOntology_SUB,pred,columnarcuboidal epithelial cell,endo-epithelial cell,1,unrelated,google/gemma-4-31b-it,"An endo-epithelial cell is a specific type of epithelial cell, but it is not a subtype of a columnarcuboidal epithelial cell, as these describe different morphological or developmental classifications."
CellOntology_SUB,pred,columnarcuboidal epithelial cell,ecto-epithelial cell,1,unrelated,google/gemma-4-31b-it,"An ecto-epithelial cell is defined by its embryonic origin (ectoderm), whereas a columnar-cuboidal epithelial cell is defined by its morphology; since a cell can be ecto-epithelial without being columnar-cuboidal (and vice versa), there is no subsumption relation."
CellOntology_SUB,pred,columnarcuboidal epithelial cell,epithelial cell of alimentary canal,1,other_related,google/gemma-4-31b-it,"The 'epithelial cell of alimentary canal' is a cell defined by its location, whereas 'columnarcuboidal epithelial cell' is a cell defined by its morphology; while some alimentary epithelial cells may be columnarcuboidal, not all are, and not all columnarcuboidal cells are in the alimentary canal."
CellOntology_SUB,pred,columnarcuboidal epithelial cell,sensory epithelial cell,1,other_related,google/gemma-4-31b-it,"A sensory epithelial cell is defined by its function (sensory reception), whereas a columnarcuboidal epithelial cell is defined by its morphology; while some sensory epithelial cells may have a columnarcuboidal shape, not all do, and not all columnarcuboidal cells are sensory."
CellOntology_SUB,pred,columnarcuboidal epithelial cell,auditory epithelial cell,1,unrelated,google/gemma-4-31b-it,"The 'auditory epithelial cell' is a specific type of sensory cell, while 'columnarcuboidal epithelial cell' describes a morphological shape; while some auditory cells may exhibit this shape, the auditory cell is not a subclass of the shape-defined category in a taxonomic sense."
CellOntology_SUB,pred,columnarcuboidal epithelial cell,epithelial cell of upper respiratory tract,1,other_related,google/gemma-4-31b-it,"The 'epithelial cell of upper respiratory tract' is a location-based classification of a cell, whereas 'columnarcuboidal epithelial cell' is a morphological classification; while some respiratory cells may be columnarcuboidal, not all are, and not all columnarcuboidal cells are in the upper respirat"
CellOntology_SUB,pred,columnarcuboidal epithelial cell,olfactory epithelial cell,0,is_a,google/gemma-4-31b-it,Olfactory epithelial cells are a specific type of columnar or cuboidal epithelial cell based on their morphology and histological classification.
CellOntology_SUB,pred,columnarcuboidal epithelial cell,epithelial cell of stomach,1,is_a,google/gemma-4-31b-it,"The 'epithelial cell of stomach' is a specific type of epithelial cell that can exhibit a columnar or cuboidal morphology, meaning every instance of the former is a type of the latter."
CellOntology_SUB,pred,columnarcuboidal epithelial cell,respiratory tract epithelial cell,1,located_in,google/gemma-4-31b-it,"The respiratory tract contains various types of epithelial cells (including columnar, cuboidal, and pseudostratified), but a 'respiratory tract epithelial cell' is defined by its location and function rather than being a subtype of the specific morphological category 'columnarcuboidal epithelial cel"
CellOntology_SUB,pred,columnarcuboidal epithelial cell,large mucus secreting cholangiocyte,1,is_a,google/gemma-4-31b-it,"A large mucus secreting cholangiocyte is a specific type of epithelial cell that possesses a columnar or cuboidal morphology, making it a member of the class of columnar-cuboidal epithelial cells."
LLMs4OL_MatOnto_SUB,gt,derivedunit,scaled unit,,is_a,google/gemma-4-31b-it,"A scaled unit is a specific type of derived unit (one modified by a prefix), meaning every scaled unit is necessarily a derived unit."
LLMs4OL_MatOnto_SUB,gt,moleculecomponentcount,undefined stereo atom count,,is_a,google/gemma-4-31b-it,"An 'undefined stereo atom count' is a specific type of 'molecule component count' (a count of a specific type of component), meaning every instance of the former is necessarily an instance of the latter."
LLMs4OL_MatOnto_SUB,gt,object,organic group,,part_of,google/gemma-4-31b-it,"In chemistry, an organic group (such as a methyl or ethyl group) is a functional component or a structural fragment of a larger molecule (an object), rather than a type of object itself."
LLMs4OL_MatOnto_SUB,gt,object,atom,,is_a,google/gemma-4-31b-it,"An atom is a specific type of physical object (specifically an independent continuant), meaning every instance of an atom is necessarily an instance of an object."
LLMs4OL_MatOnto_SUB,gt,object,mixture,,is_a,google/gemma-4-31b-it,"A mixture is a specific type of physical object (specifically an independent continuant), meaning every instance of a mixture is necessarily an instance of an object."
LLMs4OL_MatOnto_SUB,gt,chemical quality,chemical formula,,attribute_of,google/gemma-4-31b-it,"A chemical formula is a symbolic representation or a descriptive attribute used to specify the composition of a chemical entity, rather than being a type of chemical quality itself."
LLMs4OL_MatOnto_SUB,gt,chemical quality,electronegativity,,is_a,google/gemma-4-31b-it,"Electronegativity is a specific type of chemical quality, meaning every instance of electronegativity is necessarily an instance of a chemical quality."
LLMs4OL_MatOnto_SUB,gt,chemical quality,chemical class,,other_related,google/gemma-4-31b-it,"A 'chemical class' (such as alcohols or alkanes) is a category used to group chemicals based on shared 'chemical qualities', but a class itself is not a type of quality."
LLMs4OL_MatOnto_SUB,gt,chemical quality,molecular center,,is_a,google/gemma-4-31b-it,A molecular center (such as a chiral center) is a specific type of chemical quality or property used to describe the spatial and chemical characteristics of a molecule.
LLMs4OL_MatOnto_SUB,gt,organic group,thiol group,,is_a,google/gemma-4-31b-it,"A thiol group is a specific type of organic functional group characterized by a sulfhydryl (-SH) moiety, meaning every thiol group is an organic group."
LLMs4OL_MatOnto_SUB,gt,organic group,general sulfinic acid group,,is_a,google/gemma-4-31b-it,"A general sulfinic acid group is a specific type of organic functional group, meaning every instance of a sulfinic acid group is necessarily an instance of an organic group."
LLMs4OL_MatOnto_SUB,gt,radiation unit,dose equivalent unit,,is_a,google/gemma-4-31b-it,"A dose equivalent unit (such as the sievert) is a specific type of radiation unit, meaning every dose equivalent unit is necessarily a radiation unit."
LLMs4OL_MatOnto_SUB,gt,cyclicity,acyclic,,is_a,google/gemma-4-31b-it,"Acyclicity is a specific state or type of cyclicity (the property of lacking cycles), meaning every instance of an acyclic structure is an instance of a structure characterized by its cyclicity status."
LLMs4OL_MatOnto_SUB,gt,aromaticity,aromatic,,is_a,google/gemma-4-31b-it,"'Aromaticity' is the abstract property or quality, while 'aromatic' is the specific state or quality of possessing that property."
LLMs4OL_MatOnto_SUB,gt,chemical formula,molecular formula,,is_a,google/gemma-4-31b-it,"A molecular formula is a specific type of chemical formula that indicates the exact number of atoms of each element in a molecule, meaning every molecular formula is necessarily a chemical formula."
LLMs4OL_MatOnto_SUB,gt,dependent_continuant,quality,,is_a,google/gemma-4-31b-it,"In ontological frameworks (such as BFO), a quality is defined as a type of dependent continuant because it cannot exist without a dependent bearer."
LLMs4OL_MatOnto_SUB,gt,independent_continuant,site,,is_a,google/gemma-4-31b-it,"In ontology and taxonomy (such as BFO), a 'site' is defined as a specific region or area of an entity, and since it is an entity that exists independently over time, it is a type of independent continuant."
LLMs4OL_MatOnto_SUB,gt,independent_continuant,object,,is_a,google/gemma-4-31b-it,"In ontological frameworks like BFO (Basic Formal Ontology), an 'object' (specifically a material entity) is a type of 'independent continuant' because it exists independently of other entities."
LLMs4OL_MatOnto_SUB,gt,homogeneous mixture,solution,,is_a,google/gemma-4-31b-it,"A solution is by definition a type of homogeneous mixture, meaning every instance of a solution is necessarily an instance of a homogeneous mixture."
LLMs4OL_MatOnto_SUB,gt,element,molybdenum,,is_a,google/gemma-4-31b-it,"Molybdenum is a specific type of chemical element, meaning every instance of molybdenum is necessarily an instance of an element."
LLMs4OL_MatOnto_SUB,gt,element,promethium,,is_a,google/gemma-4-31b-it,"Promethium is a specific type of chemical element, meaning every instance of promethium is necessarily an instance of an element."
LLMs4OL_MatOnto_SUB,gt,element,scandium,,is_a,google/gemma-4-31b-it,"Scandium is a specific type of chemical element, meaning every instance of scandium is necessarily an instance of an element."
LLMs4OL_MatOnto_SUB,gt,element,magnesium,,is_a,google/gemma-4-31b-it,"Magnesium is a specific type of chemical element, meaning every instance of magnesium is necessarily an instance of an element."
LLMs4OL_MatOnto_SUB,gt,element,darmstadtium,,instance_of,google/gemma-4-31b-it,"Darmstadtium is a specific chemical element, making it a member of the class of elements."
LLMs4OL_MatOnto_SUB,gt,element,xenon,,is_a,google/gemma-4-31b-it,"Xenon is a specific type of chemical element, meaning every instance of xenon is necessarily an instance of an element."
LLMs4OL_MatOnto_SUB,gt,concentration,amount of substance concentration,,is_a,google/gemma-4-31b-it,"An 'amount of substance concentration' is a specific type of 'concentration' (specifically one measured in moles per unit volume), meaning every instance of the former is necessarily an instance of the latter."
LLMs4OL_MatOnto_SUB,gt,molecularquality,moleculecomponentcount,,is_a,google/gemma-4-31b-it,"A count of molecular components is a specific type of molecular quality (a measured property of a molecule), meaning every instance of a component count is an instance of a molecular quality."
LLMs4OL_MatOnto_SUB,gt,molecularquality,identifier,,other_related,google/gemma-4-31b-it,"An identifier (such as a SMILES string or InChI) is a label or piece of data used to specify a molecular quality or entity, but it is not a type of molecular quality itself."
LLMs4OL_MatOnto_SUB,gt,molecularquality,cyclicity,,is_a,google/gemma-4-31b-it,"Cyclicity is a specific type of molecular quality (the property of being cyclic or acyclic), meaning every instance of cyclicity is a molecular quality."
LLMs4OL_MatOnto_SUB,gt,molecularquality,aromaticity,,is_a,google/gemma-4-31b-it,"Aromaticity is a specific type of molecular quality, meaning every instance of aromaticity is necessarily an instance of a molecular quality."
LLMs4OL_MatOnto_SUB,gt,organic compound,imine,,is_a,google/gemma-4-31b-it,An imine is a specific type of organic compound characterized by a carbon-nitrogen double bond.
LLMs4OL_MatOnto_SUB,gt,density unit,linear density unit,,is_a,google/gemma-4-31b-it,"A linear density unit (e.g., kg/m) is a specific type of density unit (e.g., kg/m³, kg/m²), meaning every linear density unit is necessarily a density unit."
LLMs4OL_MatOnto_SUB,gt,density unit,area density unit,,is_a,google/gemma-4-31b-it,An area density unit (such as grams per square meter) is a specific type of density unit.
LLMs4OL_MatOnto_SUB,gt,identifier,molecular formula,,is_a,google/gemma-4-31b-it,A molecular formula is a specific type of identifier used to uniquely represent the elemental composition of a molecule.
LLMs4OL_MatOnto_SUB,gt,mixture,homogeneous mixture,,is_a,google/gemma-4-31b-it,"Every homogeneous mixture is, by definition, a type of mixture."
LLMs4OL_MatOnto_SUB,gt,molecular center,chiral center,,is_a,google/gemma-4-31b-it,"A chiral center is a specific type of molecular center (a center of asymmetry within a molecule), meaning every chiral center is by definition a molecular center."
LLMs4OL_MatOnto_SUB,gt,angle,solid angle,,is_a,google/gemma-4-31b-it,"A solid angle is a specific type of angle (a 3D generalization of the 2D concept), meaning every instance of a solid angle is fundamentally a type of angle."
LLMs4OL_MatOnto_SUB,gt,scaled unit,peta scaled unit,,is_a,google/gemma-4-31b-it,"A 'peta scaled unit' is a specific type of 'scaled unit' characterized by the peta- prefix, meaning every peta scaled unit is necessarily a scaled unit."
LLMs4OL_MatOnto_SUB,gt,scaled unit,zepto scaled unit,,is_a,google/gemma-4-31b-it,"A 'zepto scaled unit' is a specific type of 'scaled unit' (specifically one scaled by $10^{-21}$), meaning every zepto scaled unit is necessarily a scaled unit."
LLMs4OL_MatOnto_SUB,gt,measured property,molecularquality,,is_a,google/gemma-4-31b-it,"A molecular quality is a specific type of quality that can be quantified or measured, making it a subclass of measured property."
LLMs4OL_MatOnto_SUB,gt,measured property,wavenumber,,is_a,google/gemma-4-31b-it,A wavenumber is a specific type of measured property used to describe the spatial frequency of a wave.
LLMs4OL_MatOnto_SUB,gt,measured property,permittivity,,is_a,google/gemma-4-31b-it,"Permittivity is a specific type of physical property that can be measured, making it a subclass of the general category of measured properties."
LLMs4OL_MatOnto_SUB,gt,measured property,radiation,,other_related,google/gemma-4-31b-it,"Radiation is a physical phenomenon or energy emission, whereas a measured property is a characteristic or attribute that can be quantified; radiation is not a type of property."
LLMs4OL_MatOnto_SUB,gt,measured property,density,,is_a,google/gemma-4-31b-it,"Density is a specific type of measured property, as any instance of density is necessarily an instance of a measured property."
LLMs4OL_MatOnto_SUB,gt,measured property,velocity,,is_a,google/gemma-4-31b-it,"Velocity is a specific type of measured property, as any instance of velocity is by definition an instance of a property that can be measured."
LLMs4OL_MatOnto_SUB,gt,measured property,surface tension,,is_a,google/gemma-4-31b-it,"Surface tension is a specific type of physical property that can be quantified, making it a subclass of measured properties."
LLMs4OL_MatOnto_SUB,gt,measured property,angular acceleration,,is_a,google/gemma-4-31b-it,"Angular acceleration is a specific type of measured property, as any instance of angular acceleration is by definition a measured property."
LLMs4OL_MatOnto_SUB,gt,measured property,molar entropy,,is_a,google/gemma-4-31b-it,"Molar entropy is a specific type of measured property (a thermodynamic property measured per mole of substance), meaning every instance of molar entropy is necessarily an instance of a measured property."
LLMs4OL_MatOnto_SUB,gt,measured property,electric resistance,,is_a,google/gemma-4-31b-it,"Electric resistance is a specific type of measured property, as any instance of electric resistance is necessarily an instance of a property that can be measured."
LLMs4OL_MatOnto_SUB,gt,measured property,temperature,,is_a,google/gemma-4-31b-it,"Temperature is a specific type of property that can be measured, meaning every instance of temperature is an instance of a measured property."
LLMs4OL_MatOnto_SUB,gt,measured property,intensive property,,is_a,google/gemma-4-31b-it,An intensive property (a physical property that does not depend on the system size or amount of material) is a specific type of measured property.
LLMs4OL_MatOnto_SUB,gt,measured property,angle,,is_a,google/gemma-4-31b-it,"An angle is a specific type of measured property (a quantitative characteristic of a geometric figure), meaning every instance of an angle is an instance of a measured property."
LLMs4OL_MatOnto_SUB,gt,measured property,magnetic flux,,is_a,google/gemma-4-31b-it,"Magnetic flux is a specific type of measured property (a physical quantity), meaning every instance of magnetic flux is necessarily an instance of a measured property."
LLMs4OL_MatOnto_SUB,gt,measured property,concentration,,is_a,google/gemma-4-31b-it,"Concentration is a specific type of measured property, as any instance of a concentration measurement is necessarily an instance of a measured property."
LLMs4OL_MatOnto_SUB,gt,measured property,count,,is_a,google/gemma-4-31b-it,A count is a specific type of measured property used to determine the number of elements in a set.
LLMs4OL_MatOnto_SUB,gt,electronegativity,pauling electronegativity,,is_a,google/gemma-4-31b-it,"Pauling electronegativity is a specific scale or method of measuring the general property of electronegativity, meaning every instance of Pauling electronegativity is a type of electronegativity."
LLMs4OL_MatOnto_SUB,gt,electronegativity,mulliken electronegativity,,is_a,google/gemma-4-31b-it,"Mulliken electronegativity is a specific method or scale used to define and measure the general concept of electronegativity, making it a subtype of that concept."
LLMs4OL_MatOnto_SUB,gt,intensive property,flexural modulus,,is_a,google/gemma-4-31b-it,"Flexural modulus is a specific type of intensive property (a physical property that does not depend on the amount of substance present), meaning every instance of flexural modulus is necessarily an instance of an intensive property."
LLMs4OL_MatOnto_SUB,gt,continuant,independent_continuant,,is_a,google/gemma-4-31b-it,"In formal ontology (such as BFO), an independent continuant is defined as a type of continuant that can exist on its own, meaning every independent continuant is by definition a continuant."
LLMs4OL_MatOnto_SUB,gt,continuant,dependent_continuant,,is_a,google/gemma-4-31b-it,"In formal ontology (such as BFO), a dependent continuant is defined as a type of continuant that cannot exist without a dependent relationship to another entity, meaning every dependent continuant is by definition a continuant."
LLMs4OL_MatOnto_SUB,gt,ion,anion,,is_a,google/gemma-4-31b-it,"An anion is by definition a type of ion (specifically a negatively charged one), meaning every anion is necessarily an ion."
LLMs4OL_MatOnto_SUB,gt,periodic table element,periodic block,,part_of,google/gemma-4-31b-it,"A periodic block (such as the s-block or p-block) is a structural region or section of the periodic table, not a type of chemical element itself."
LLMs4OL_MatOnto_SUB,gt,quality,measured property,,is_a,google/gemma-4-31b-it,"A measured property is a specific type of quality that can be quantified via a measurement process, meaning every measured property is necessarily a quality."
LLMs4OL_MatOnto_SUB,gt,quality,chemical quality,,is_a,google/gemma-4-31b-it,"A chemical quality is a specific type of quality, meaning every instance of a chemical quality is necessarily an instance of a quality."
LLMs4OL_MatOnto_SUB,gt,periodic block,p-block element,,located_in,google/gemma-4-31b-it,"A 'p-block element' is a specific type of chemical element, whereas a 'periodic block' is a structural region of the periodic table; an element is not a kind of block, but rather is located within one."
LLMs4OL_MatOnto_SUB,gt,carbon allotrope,fullerene,,is_a,google/gemma-4-31b-it,"A fullerene is a specific type of carbon allotrope, meaning every fullerene is by definition a carbon allotrope."
LLMs4OL_MatOnto_SUB,gt,carbon allotrope,chaoite,,is_a,google/gemma-4-31b-it,"Chaoite is a specific crystalline form of carbon, making it a type of carbon allotrope."
LLMs4OL_MatOnto_SUB,gt,electromagnetic radiation unit,luminous flux unit,,is_a,google/gemma-4-31b-it,"A unit of luminous flux (such as the lumen) is a specific type of unit used to measure electromagnetic radiation (specifically visible light), meaning every luminous flux unit is an electromagnetic radiation unit."
LLMs4OL_MatOnto_SUB,gt,atom,rubidium atom,,is_a,google/gemma-4-31b-it,"Every rubidium atom is, by definition, a type of atom."
LLMs4OL_MatOnto_SUB,gt,atom,gallium atom,,is_a,google/gemma-4-31b-it,"A gallium atom is a specific type of atom, meaning every instance of a gallium atom is necessarily an instance of an atom."
LLMs4OL_MatOnto_SUB,gt,atom,tellurium atom,,is_a,google/gemma-4-31b-it,"A tellurium atom is a specific type of atom, meaning every instance of a tellurium atom is necessarily an instance of the general class of atoms."
LLMs4OL_MatOnto_SUB,gt,atom,curium atom,,is_a,google/gemma-4-31b-it,"A curium atom is a specific type of atom, meaning every instance of a curium atom is necessarily an instance of the general class of atoms."
LLMs4OL_MatOnto_SUB,gt,atom,potassium atom,,is_a,google/gemma-4-31b-it,"Every potassium atom is, by definition, a type of atom."
LLMs4OL_MatOnto_SUB,gt,atom,terbium atom,,is_a,google/gemma-4-31b-it,"Every terbium atom is, by definition, a type of atom."
LLMs4OL_MatOnto_SUB,gt,radiation,exposure,,attribute_of,google/gemma-4-31b-it,"Exposure is a measurement or quality resulting from being subjected to radiation, rather than a type of radiation itself."
LLMs4OL_MatOnto_SUB,gt,material,ceramic material,,is_a,google/gemma-4-31b-it,"Every ceramic material is, by definition, a type of material."
LLMs4OL_MatOnto_SUB,gt,unit,electromagnetic radiation unit,,is_a,google/gemma-4-31b-it,"An electromagnetic radiation unit is a specific type of unit used for measurement, meaning every instance of the former is necessarily an instance of the latter."
LLMs4OL_MatOnto_SUB,gt,unit,catalytic activity unit,,is_a,google/gemma-4-31b-it,"A catalytic activity unit is a specific type of unit used for measurement, meaning every instance of a catalytic activity unit is necessarily an instance of a unit."
LLMs4OL_MatOnto_SUB,gt,unit,derivedunit,,is_a,google/gemma-4-31b-it,"A derived unit is a specific type of unit (one formed by combining base units), meaning every instance of a derived unit is necessarily an instance of a unit."
LLMs4OL_MatOnto_SUB,gt,unit,conduction unit,,is_a,google/gemma-4-31b-it,"A conduction unit is a specific type of unit used for measurement, meaning every instance of a conduction unit is necessarily an instance of a unit."
LLMs4OL_MatOnto_SUB,gt,unit,molar mass unit,,is_a,google/gemma-4-31b-it,"A molar mass unit (such as g/mol) is a specific type of unit used for measurement, meaning every molar mass unit is necessarily a unit."
LLMs4OL_MatOnto_SUB,gt,unit,energy unit,,is_a,google/gemma-4-31b-it,"An energy unit (such as a Joule) is a specific type of unit of measurement, meaning every energy unit is necessarily a unit."
LLMs4OL_MatOnto_SUB,gt,unit,density unit,,is_a,google/gemma-4-31b-it,Every density unit (such as $\text{kg/m}^3$) is by definition a type of unit of measurement.
LLMs4OL_MatOnto_SUB,gt,unit,electric resistance unit,,is_a,google/gemma-4-31b-it,"An electric resistance unit (such as the ohm) is a specific type of unit used for measurement, meaning every electric resistance unit is necessarily a unit."
LLMs4OL_MatOnto_SUB,gt,unit,moment of force unit,,is_a,google/gemma-4-31b-it,A 'moment of force unit' (such as the Newton-meter) is a specific type of 'unit' used for measurement.
LLMs4OL_MatOnto_SUB,gt,unit,electric current unit,,is_a,google/gemma-4-31b-it,"An electric current unit (such as the ampere) is a specific type of unit used for measurement, meaning every electric current unit is necessarily a unit."
LLMs4OL_MatOnto_SUB,gt,unit,molecular mass unit,,is_a,google/gemma-4-31b-it,"A molecular mass unit is a specific type of unit used for measurement, meaning every instance of a molecular mass unit is necessarily an instance of a unit."
LLMs4OL_MatOnto_SUB,gt,unit,radiation unit,,is_a,google/gemma-4-31b-it,"A radiation unit (such as the Gray or Sievert) is a specific type of unit used for measurement, meaning every radiation unit is necessarily a unit."
LLMs4OL_MatOnto_SUB,gt,unit raised to power,unit raised to power of three,,is_a,google/gemma-4-31b-it,"Any unit raised to the power of three is, by definition, a specific case of a unit raised to a power."
LLMs4OL_MatOnto_SUB,gt,unit raised to power,unit raised to power of negative one,,is_a,google/gemma-4-31b-it,"A 'unit raised to power of negative one' is a specific type of 'unit raised to power', meaning every instance of the former is necessarily an instance of the latter."
LLMs4OL_MatOnto_SUB,pred,unit,derivedunit,0,is_a,google/gemma-4-31b-it,"A derived unit is a specific type of unit (one created by combining base units), meaning every instance of a derived unit is necessarily an instance of a unit."
LLMs4OL_MatOnto_SUB,pred,unit,molar mass unit,0,is_a,google/gemma-4-31b-it,"A molar mass unit (such as g/mol) is a specific type of unit used for measurement, meaning every molar mass unit is necessarily a unit."
LLMs4OL_MatOnto_SUB,pred,unit,electric resistance unit,0,is_a,google/gemma-4-31b-it,An electric resistance unit (such as the ohm) is a specific type of unit of measurement.
LLMs4OL_MatOnto_SUB,pred,unit,dose equivalent unit,0,is_a,google/gemma-4-31b-it,"A dose equivalent unit (such as the sievert) is a specific type of unit used for measurement, meaning every instance of a dose equivalent unit is necessarily a unit."
LLMs4OL_MatOnto_SUB,pred,unit,linear density unit,0,is_a,google/gemma-4-31b-it,"A linear density unit is a specific type of unit used for measurement, meaning every instance of a linear density unit is necessarily an instance of a unit."
LLMs4OL_MatOnto_SUB,pred,unit,luminous flux unit,0,is_a,google/gemma-4-31b-it,"A luminous flux unit (such as the lumen) is a specific type of unit of measurement, meaning every instance of a luminous flux unit is necessarily an instance of a unit."
LLMs4OL_MatOnto_SUB,pred,unit,radiation unit,0,is_a,google/gemma-4-31b-it,"A radiation unit is a specific type of unit used for measurement, meaning every radiation unit is necessarily a unit."
LLMs4OL_MatOnto_SUB,pred,unit,moment of force unit,0,is_a,google/gemma-4-31b-it,A 'moment of force unit' (such as the Newton-meter) is a specific type of 'unit' used for measurement.
LLMs4OL_MatOnto_SUB,pred,unit,zepto scaled unit,0,is_a,google/gemma-4-31b-it,"A zepto scaled unit is a specific type of unit (specifically a unit scaled by $10^{-21}$), meaning every instance of a zepto scaled unit is necessarily an instance of a unit."
LLMs4OL_MatOnto_SUB,pred,unit,unit raised to power of negative one,1,is_a,google/gemma-4-31b-it,A unit raised to the power of negative one (such as $s^{-1}$ for frequency) is still a type of unit used for measurement.
LLMs4OL_MatOnto_SUB,pred,unit,molecular mass unit,0,is_a,google/gemma-4-31b-it,"A molecular mass unit is a specific type of unit used for measurement, meaning every instance of a molecular mass unit is necessarily an instance of a unit."
LLMs4OL_MatOnto_SUB,pred,unit,density unit,0,is_a,google/gemma-4-31b-it,"A density unit (such as $\text{g/cm}^3$) is a specific type of unit of measurement, meaning every density unit is necessarily a unit."
LLMs4OL_MatOnto_SUB,pred,unit,scaled unit,0,is_a,google/gemma-4-31b-it,"A scaled unit is a specific type of unit that has been adjusted by a scaling factor, meaning every scaled unit is necessarily a unit."
LLMs4OL_MatOnto_SUB,pred,unit,energy unit,0,is_a,google/gemma-4-31b-it,"An energy unit (such as a Joule) is a specific type of unit of measurement, meaning every energy unit is necessarily a unit."
LLMs4OL_MatOnto_SUB,pred,unit,peta scaled unit,0,is_a,google/gemma-4-31b-it,"A 'peta scaled unit' is a specific type of 'unit' (specifically one scaled by a factor of $10^{15}$), meaning every instance of a peta scaled unit is necessarily a unit."
LLMs4OL_MatOnto_SUB,pred,unit,unit raised to power of three,1,is_a,google/gemma-4-31b-it,A 'unit raised to power of three' (such as a cubic meter) is a specific type of 'unit' used for measurement.
LLMs4OL_MatOnto_SUB,pred,unit,electric current unit,0,is_a,google/gemma-4-31b-it,An electric current unit (such as the ampere) is a specific type of unit of measurement.
LLMs4OL_MatOnto_SUB,pred,unit,electromagnetic radiation unit,0,is_a,google/gemma-4-31b-it,"An electromagnetic radiation unit is a specific type of unit used for measurement, meaning every instance of the former is necessarily an instance of the latter."
LLMs4OL_MatOnto_SUB,pred,unit,conduction unit,0,is_a,google/gemma-4-31b-it,"A 'conduction unit' is a specific type of 'unit' used for measurement, meaning every conduction unit is necessarily a unit."
LLMs4OL_MatOnto_SUB,pred,unit,area density unit,0,is_a,google/gemma-4-31b-it,"An area density unit is a specific type of unit used for measurement, meaning every instance of an area density unit is necessarily a unit."
LLMs4OL_MatOnto_SUB,pred,unit,catalytic activity unit,0,is_a,google/gemma-4-31b-it,"A 'catalytic activity unit' is a specific type of 'unit' used for measurement, meaning every instance of the former is necessarily an instance of the latter."
LLMs4OL_MatOnto_SUB,pred,unit,unit raised to power,1,is_a,google/gemma-4-31b-it,"A 'unit raised to power' (such as $\text{m}^2$) is a specific type of 'unit', as any instance of a unit raised to a power is still fundamentally a unit of measurement."
LLMs4OL_MatOnto_SUB,pred,derivedunit,area density unit,1,is_a,google/gemma-4-31b-it,An area density unit (such as g/m²) is a specific type of derived unit because it is created by combining base units of mass and area.
LLMs4OL_MatOnto_SUB,pred,derivedunit,catalytic activity unit,1,is_a,google/gemma-4-31b-it,"A catalytic activity unit is a specific type of unit derived from the combination of base units (such as $\text{s}^{-1}$), making it a member of the class of derived units."
LLMs4OL_MatOnto_SUB,pred,derivedunit,conduction unit,1,is_a,google/gemma-4-31b-it,"A conduction unit is a specific type of unit derived from base units (typically involving electrical or thermal properties), making it a subclass of derived units."
LLMs4OL_MatOnto_SUB,pred,derivedunit,density unit,1,is_a,google/gemma-4-31b-it,A density unit (such as $\text{kg/m}^3$) is a specific type of derived unit because it is defined by a combination of base units.
LLMs4OL_MatOnto_SUB,pred,derivedunit,dose equivalent unit,1,is_a,google/gemma-4-31b-it,"A dose equivalent unit (such as the Sievert) is a specific type of derived unit because it is defined in terms of other base units (energy, mass, and charge)."
LLMs4OL_MatOnto_SUB,pred,derivedunit,electric resistance unit,1,is_a,google/gemma-4-31b-it,An electric resistance unit (such as the ohm) is a specific type of derived unit because it is defined in terms of base units.
LLMs4OL_MatOnto_SUB,pred,derivedunit,electromagnetic radiation unit,1,is_a,google/gemma-4-31b-it,"An electromagnetic radiation unit (such as the hertz or the photon energy unit) is a specific type of unit that is derived from base units, meaning every instance of the former is necessarily an instance of the latter."
LLMs4OL_MatOnto_SUB,pred,derivedunit,energy unit,1,is_a,google/gemma-4-31b-it,"An energy unit (such as the Joule) is a specific type of derived unit because it is defined in terms of base units (mass, length, and time)."
LLMs4OL_MatOnto_SUB,pred,derivedunit,linear density unit,1,is_a,google/gemma-4-31b-it,A linear density unit (such as kg/m) is a specific type of derived unit because it is created by combining base units of mass and length.
LLMs4OL_MatOnto_SUB,pred,derivedunit,luminous flux unit,1,is_a,google/gemma-4-31b-it,A luminous flux unit (such as the lumen) is a specific type of derived unit because it is defined in terms of other SI base units.
LLMs4OL_MatOnto_SUB,pred,derivedunit,molar mass unit,1,is_a,google/gemma-4-31b-it,A molar mass unit (such as g/mol) is a specific type of derived unit because it is created by combining base units of mass and amount of substance.
LLMs4OL_MatOnto_SUB,pred,derivedunit,molecular mass unit,1,is_a,google/gemma-4-31b-it,"The molecular mass unit (unified atomic mass unit) is a specific type of derived unit (defined as 1/12 of the mass of a carbon-12 atom), meaning every instance of a molecular mass unit is necessarily a derived unit."
LLMs4OL_MatOnto_SUB,pred,derivedunit,moment of force unit,1,is_a,google/gemma-4-31b-it,A unit of moment of force (such as the Newton-meter) is a specific type of derived unit because it is defined in terms of base units.
LLMs4OL_MatOnto_SUB,pred,derivedunit,radiation unit,1,is_a,google/gemma-4-31b-it,A radiation unit (such as the Gray or Sievert) is a specific type of derived unit because it is defined in terms of other base SI units.
LLMs4OL_MatOnto_SUB,pred,derivedunit,unit raised to power,1,is_a,google/gemma-4-31b-it,"A unit raised to a power (such as $\text{m}^2$ or $\text{s}^{-1}$) is a specific type of derived unit, as it is formed by combining base units through mathematical operations."
LLMs4OL_MatOnto_SUB,pred,derivedunit,unit raised to power of negative one,1,is_a,google/gemma-4-31b-it,"A unit raised to the power of negative one (such as $\text{s}^{-1}$ for Hertz) is a specific type of derived unit, as it is formed by combining or modifying base units."
LLMs4OL_MatOnto_SUB,pred,derivedunit,unit raised to power of three,1,is_a,google/gemma-4-31b-it,"A unit raised to the power of three (such as a cubic meter) is a specific type of derived unit, as it is formed by combining base units through multiplication."
LLMs4OL_MatOnto_SUB,pred,density unit,linear density unit,0,is_a,google/gemma-4-31b-it,"A linear density unit (such as kg/m) is a specific type of density unit (which encompasses linear, area, and volumetric densities)."
LLMs4OL_MatOnto_SUB,pred,density unit,area density unit,0,is_a,google/gemma-4-31b-it,"An area density unit (such as grams per square meter) is a specific type of density unit, meaning every instance of an area density unit is necessarily a density unit."
LLMs4OL_MatOnto_SUB,pred,electromagnetic radiation unit,luminous flux unit,0,is_a,google/gemma-4-31b-it,"A unit of luminous flux (such as the lumen) is a specific type of unit used to measure electromagnetic radiation (specifically visible light), meaning every luminous flux unit is an electromagnetic radiation unit."
LLMs4OL_MatOnto_SUB,pred,radiation unit,dose equivalent unit,0,is_a,google/gemma-4-31b-it,A dose equivalent unit (such as the sievert) is a specific type of radiation unit.
LLMs4OL_MatOnto_SUB,pred,radiation unit,electromagnetic radiation unit,1,is_a,google/gemma-4-31b-it,"Every unit used to measure electromagnetic radiation is, by definition, a unit used to measure radiation."
LLMs4OL_MatOnto_SUB,pred,radiation unit,luminous flux unit,1,is_a,google/gemma-4-31b-it,"A luminous flux unit (such as the lumen) is a specific type of unit used to measure a form of electromagnetic radiation (visible light), making it a subset of radiation units."
LLMs4OL_MatOnto_SUB,pred,unit raised to power,unit raised to power of negative one,0,is_a,google/gemma-4-31b-it,"A 'unit raised to power of negative one' is a specific type of 'unit raised to power', meaning every instance of the former is necessarily an instance of the latter."
LLMs4OL_MatOnto_SUB,pred,unit raised to power,unit raised to power of three,0,is_a,google/gemma-4-31b-it,"Any unit raised to the power of three is, by definition, a specific case of a unit raised to a power."
LLMs4OL_MatOnto_SUB,pred,dependent_continuant,flexural modulus,0,is_a,google/gemma-4-31b-it,"Flexural modulus is a specific type of quality or property, and in formal ontologies (like BFO), qualities are categorized as dependent continuants because they cannot exist without a host object."
LLMs4OL_MatOnto_SUB,pred,dependent_continuant,wavenumber,0,is_a,google/gemma-4-31b-it,"In Basic Formal Ontology (BFO), a wavenumber is a quality (specifically a measured property), and all qualities are categorized as dependent continuants because they cannot exist without a dependent bearer."
LLMs4OL_MatOnto_SUB,pred,dependent_continuant,moleculecomponentcount,0,attribute_of,google/gemma-4-31b-it,"A 'moleculecomponentcount' is a quantitative measurement (a quality/property) that describes a molecule, rather than being a type of dependent continuant itself."
LLMs4OL_MatOnto_SUB,pred,dependent_continuant,pauling electronegativity,0,is_a,google/gemma-4-31b-it,"Pauling electronegativity is a specific type of quality that depends on the existence of a chemical element, making it a subclass of dependent continuants in ontological frameworks like BFO."
LLMs4OL_MatOnto_SUB,pred,dependent_continuant,temperature,0,is_a,google/gemma-4-31b-it,"In formal ontologies (like BFO), a dependent continuant is an entity that cannot exist without depending on another entity, and temperature (as a quality or measured property) is a classic example of such a dependent entity."
LLMs4OL_MatOnto_SUB,pred,dependent_continuant,surface tension,0,is_a,google/gemma-4-31b-it,"Surface tension is a specific type of quality or property that depends on the existence of a liquid interface, making it a subclass of dependent continuants in ontological frameworks like BFO."
LLMs4OL_MatOnto_SUB,pred,dependent_continuant,chemical quality,0,is_a,google/gemma-4-31b-it,"A chemical quality is a specific type of quality that depends on a chemical entity for its existence, making it a subclass of dependent continuants."
LLMs4OL_MatOnto_SUB,pred,dependent_continuant,density,0,is_a,google/gemma-4-31b-it,"Density is a specific type of quality or measured property, and in formal ontologies (like BFO), qualities are categorized as dependent continuants because they cannot exist without a dependent bearer."
LLMs4OL_MatOnto_SUB,pred,dependent_continuant,cyclicity,0,is_a,google/gemma-4-31b-it,"Cyclicity is a quality (a dependent continuant) that describes the structure of a molecule, meaning every instance of cyclicity is a type of dependent continuant."
LLMs4OL_MatOnto_SUB,pred,dependent_continuant,aromaticity,0,is_a,google/gemma-4-31b-it,Aromaticity is a specific type of quality (a dependent continuant) that describes the chemical nature of certain molecules.
LLMs4OL_MatOnto_SUB,pred,dependent_continuant,derivedunit,1,unrelated,google/gemma-4-31b-it,"A 'derivedunit' (a unit of measurement) is a conceptual tool used to quantify a property, whereas a 'dependent_continuant' (in BFO-style ontologies) is an entity that depends on another to exist; a unit of measurement is not a type of dependent continuant."
LLMs4OL_MatOnto_SUB,pred,dependent_continuant,molar mass unit,1,unrelated,google/gemma-4-31b-it,"A 'molar mass unit' (like g/mol) is a conceptual tool used to measure a property, whereas a 'dependent continuant' is an entity that depends on another to exist (like a quality or a region); a unit is not a type of dependent continuant."
LLMs4OL_MatOnto_SUB,pred,dependent_continuant,electric resistance unit,1,other_related,google/gemma-4-31b-it,"An 'electric resistance unit' (like the Ohm) is a conceptual tool used to measure a property, whereas a 'dependent continuant' is a philosophical category for entities that rely on another entity for their existence (such as the resistance itself), making the unit a tool for measuring the continuant"
LLMs4OL_MatOnto_SUB,pred,dependent_continuant,dose equivalent unit,1,is_a,google/gemma-4-31b-it,"A 'dose equivalent unit' is a specific type of unit used to measure radiation, and in formal ontologies (like BFO), units of measurement are categorized as dependent continuants because they depend on the existence of the quantities they measure."
LLMs4OL_MatOnto_SUB,pred,dependent_continuant,linear density unit,1,unrelated,google/gemma-4-31b-it,"A 'linear density unit' is a conceptual tool used to measure a property, whereas a 'dependent continuant' is a philosophical category for the property or quality itself; a unit of measurement is not a kind of continuant."
LLMs4OL_MatOnto_SUB,pred,dependent_continuant,luminous flux unit,1,unrelated,google/gemma-4-31b-it,"A 'luminous flux unit' (like the lumen) is a conceptual tool used to measure a quantity, whereas a 'dependent continuant' is a philosophical category for entities that rely on another entity for their existence (like a quality or a size); a unit of measurement is not a type of dependent continuant."
LLMs4OL_MatOnto_SUB,pred,dependent_continuant,radiation unit,1,is_a,google/gemma-4-31b-it,"A radiation unit is a specific type of unit, and units (as measurements or standards of measurement) are categorized as dependent continuants in formal ontologies like BFO."
LLMs4OL_MatOnto_SUB,pred,dependent_continuant,chemical formula,0,attribute_of,google/gemma-4-31b-it,"A chemical formula is a symbolic representation or a quality used to describe a chemical entity, and while it is a dependent continuant in some ontological frameworks (like BFO), it is not a ""kind of"" dependent continuant in a way that satisfies proper taxonomic subsumption; rather, it is a represen"
LLMs4OL_MatOnto_SUB,pred,dependent_continuant,moment of force unit,1,unrelated,google/gemma-4-31b-it,"A 'moment of force unit' (like the Newton-meter) is a conceptual tool used to measure a physical quantity, whereas a 'dependent continuant' is a physical entity or quality that depends on another to exist; a unit of measurement is not a type of physical continuant."
LLMs4OL_MatOnto_SUB,pred,dependent_continuant,mulliken electronegativity,0,is_a,google/gemma-4-31b-it,"Mulliken electronegativity is a specific type of chemical quality, and in formal ontologies (like BFO), qualities are categorized as dependent continuants because they cannot exist without a bearer."
LLMs4OL_MatOnto_SUB,pred,dependent_continuant,undefined stereo atom count,0,is_a,google/gemma-4-31b-it,"An 'undefined stereo atom count' is a specific type of quality or measurement (a dependent continuant), meaning every instance of this count is necessarily an instance of a dependent continuant."
LLMs4OL_MatOnto_SUB,pred,dependent_continuant,zepto scaled unit,1,is_a,google/gemma-4-31b-it,"A 'zepto scaled unit' is a specific unit of measurement, whereas a 'dependent continuant' is a broad ontological category for entities that rely on another entity for their existence; while units are often conceptualized as dependent continuants in some formal ontologies (like BFO), the relationship"
LLMs4OL_MatOnto_SUB,pred,dependent_continuant,concentration,0,is_a,google/gemma-4-31b-it,"In formal ontologies (like BFO), a concentration is a quality or measured property that depends on a host entity to exist, making it a type of dependent continuant."
LLMs4OL_MatOnto_SUB,pred,dependent_continuant,unit raised to power of negative one,1,unrelated,google/gemma-4-31b-it,"A 'unit raised to power of negative one' is a mathematical/metrological concept (a unit of measurement), whereas a 'dependent continuant' is an ontological category for entities that depend on other entities for their existence (like qualities or concentrations); a unit is not a type of dependent co"
LLMs4OL_MatOnto_SUB,pred,dependent_continuant,solid angle,0,is_a,google/gemma-4-31b-it,"A solid angle is a specific type of geometric quality or measurement that depends on the existence of a spatial entity, fitting the definition of a dependent continuant."
LLMs4OL_MatOnto_SUB,pred,dependent_continuant,velocity,0,is_a,google/gemma-4-31b-it,"In formal ontologies (like BFO), a velocity is a quality or measured property that depends on an object to exist, making it a type of dependent continuant."
LLMs4OL_MatOnto_SUB,pred,dependent_continuant,magnetic flux,0,is_a,google/gemma-4-31b-it,"In Basic Formal Ontology (BFO), a dependent continuant is an entity that cannot exist without depending on another entity, and a magnetic flux (as a quality or measured property of a region of space) fits this definition."
LLMs4OL_MatOnto_SUB,pred,dependent_continuant,molecular mass unit,1,unrelated,google/gemma-4-31b-it,"A 'molecular mass unit' is a unit of measurement, whereas a 'dependent continuant' is a category of entity (like a quality or disposition) that depends on another entity for its existence; a unit is not a type of dependent continuant."
LLMs4OL_MatOnto_SUB,pred,dependent_continuant,molecularquality,0,is_a,google/gemma-4-31b-it,"A molecular quality is a specific type of quality that depends on a molecular entity for its existence, making it a subclass of dependent continuants."
LLMs4OL_MatOnto_SUB,pred,dependent_continuant,density unit,1,unrelated,google/gemma-4-31b-it,"A 'density unit' (like g/cm³) is a conceptual tool used to measure a property, whereas a 'dependent continuant' is an entity that depends on another to exist (like a quality or a disposition); a unit of measurement is not a type of dependent continuant."
LLMs4OL_MatOnto_SUB,pred,dependent_continuant,identifier,0,unrelated,google/gemma-4-31b-it,"An identifier is a symbolic representation or label used to designate an entity, whereas a dependent continuant is an entity that cannot exist without a dependent relationship to another entity (such as a quality or role); an identifier is not a type of dependent continuant."
LLMs4OL_MatOnto_SUB,pred,dependent_continuant,angle,0,is_a,google/gemma-4-31b-it,"In formal ontologies (like BFO), an angle is a quality or measured property that depends on the existence of the geometric entities that form it, making it a type of dependent continuant."
LLMs4OL_MatOnto_SUB,pred,dependent_continuant,scaled unit,1,unrelated,google/gemma-4-31b-it,"A 'scaled unit' is a measurement standard used to quantify a property, whereas a 'dependent continuant' is an entity (like a quality or process) that depends on another entity for its existence; a unit is not a type of continuant."
LLMs4OL_MatOnto_SUB,pred,dependent_continuant,measured property,0,is_a,google/gemma-4-31b-it,"A measured property is a specific type of quality that depends on a bearer to exist, making it a subclass of the broader category of dependent continuants."
LLMs4OL_MatOnto_SUB,pred,dependent_continuant,electronegativity,0,is_a,google/gemma-4-31b-it,"Electronegativity is a specific type of quality that depends on the existence of an atom, making it a subclass of the general category of dependent continuants."
LLMs4OL_MatOnto_SUB,pred,dependent_continuant,intensive property,0,is_a,google/gemma-4-31b-it,"An intensive property is a type of quality that does not depend on the size of the system, and in formal ontologies (like BFO), qualities are categorized as dependent continuants."
LLMs4OL_MatOnto_SUB,pred,dependent_continuant,quality,0,is_a,google/gemma-4-31b-it,"In formal ontology (such as BFO), a quality is defined as a type of dependent continuant because it cannot exist without a dependent bearer."
LLMs4OL_MatOnto_SUB,pred,dependent_continuant,energy unit,1,unrelated,google/gemma-4-31b-it,"An 'energy unit' (like a Joule) is a standard of measurement used to quantify energy, whereas a 'dependent continuant' is a philosophical category for entities that rely on a host to exist (like a quality or a region); a unit is not a type of dependent continuant."
LLMs4OL_MatOnto_SUB,pred,dependent_continuant,peta scaled unit,1,unrelated,google/gemma-4-31b-it,"A 'peta scaled unit' is a measurement unit (a conceptual tool for quantification), whereas a 'dependent_continuant' is a BFO-style ontological category for entities that depend on another to exist (like a quality or a role); a unit is not a type of dependent continuant."
LLMs4OL_MatOnto_SUB,pred,dependent_continuant,unit raised to power of three,1,unrelated,google/gemma-4-31b-it,"A 'unit raised to power of three' is a mathematical/metrological concept (a unit of measurement), whereas a 'dependent continuant' is an ontological category for entities that depend on another for their existence (like colors or shapes); there is no logical subsumption or direct structural relation"
LLMs4OL_MatOnto_SUB,pred,dependent_continuant,electric resistance,0,is_a,google/gemma-4-31b-it,"Electric resistance is a specific type of quality or measured property, and in formal ontologies (like BFO), qualities are categorized as dependent continuants because they cannot exist without a bearer."
LLMs4OL_MatOnto_SUB,pred,dependent_continuant,electric current unit,1,unrelated,google/gemma-4-31b-it,"An 'electric current unit' (like the Ampere) is a conceptual tool used to measure a physical quantity, whereas a 'dependent continuant' is a physical entity (like a quality or disposition) that depends on another entity to exist; a unit of measurement is not a type of physical continuant."
LLMs4OL_MatOnto_SUB,pred,dependent_continuant,molecular formula,0,other_related,google/gemma-4-31b-it,"A molecular formula is a symbolic representation or identifier used to describe a chemical entity, whereas a dependent continuant is a philosophical category for entities that cannot exist without a dependent host; a formula is not a type of continuant, but rather a way of describing the properties "
LLMs4OL_MatOnto_SUB,pred,dependent_continuant,permittivity,0,is_a,google/gemma-4-31b-it,Permittivity is a physical quality (a type of dependent continuant) because it is a property that cannot exist without a bearing object.
LLMs4OL_MatOnto_SUB,pred,dependent_continuant,amount of substance concentration,0,is_a,google/gemma-4-31b-it,"In ontological frameworks (like BFO), a concentration is a quality that depends on a host entity to exist, making it a type of dependent continuant."
LLMs4OL_MatOnto_SUB,pred,dependent_continuant,electromagnetic radiation unit,1,unrelated,google/gemma-4-31b-it,"An 'electromagnetic radiation unit' (like the hertz or lumen) is a measurement standard used to quantify a property, whereas a 'dependent continuant' is a philosophical category for entities that rely on another entity for their existence (such as the quality of being red or the size of an object); "
LLMs4OL_MatOnto_SUB,pred,dependent_continuant,conduction unit,1,unrelated,google/gemma-4-31b-it,"A 'conduction unit' is a physical entity (a unit) that functions as a structural component, whereas a 'dependent continuant' refers to qualities, roles, or phases that cannot exist without a dependent bearer; therefore, a conduction unit is not a type of dependent continuant."
LLMs4OL_MatOnto_SUB,pred,dependent_continuant,angular acceleration,0,is_a,google/gemma-4-31b-it,"In formal ontologies (like BFO), a dependent continuant is an entity that cannot exist without being borne by an independent continuant, and a measured property such as angular acceleration is a type of quality, which is a subclass of dependent continuant."
LLMs4OL_MatOnto_SUB,pred,dependent_continuant,area density unit,1,other_related,google/gemma-4-31b-it,"An 'area density unit' is a conceptual tool used to measure a property, whereas a 'dependent continuant' is a philosophical category for entities that rely on another entity for their existence (like the density itself), making the unit a tool for measuring the continuant rather than a type of conti"
LLMs4OL_MatOnto_SUB,pred,dependent_continuant,exposure,0,is_a,google/gemma-4-31b-it,"In ontology (such as BFO), an 'exposure' is a quality or measurement that depends on a bearer, making it a type of 'dependent continuant'."
LLMs4OL_MatOnto_SUB,pred,dependent_continuant,count,0,is_a,google/gemma-4-31b-it,"In formal ontologies (like BFO), a 'count' is a type of quality or measured property, and all such qualities are categorized as 'dependent continuants' because they cannot exist without a bearer."
LLMs4OL_MatOnto_SUB,pred,dependent_continuant,catalytic activity unit,1,is_a,google/gemma-4-31b-it,"A 'catalytic activity unit' is a unit of measurement for a specific property, and in ontological frameworks like BFO, units of measurement are categorized as dependent continuants."
LLMs4OL_MatOnto_SUB,pred,dependent_continuant,unit,1,other_related,google/gemma-4-31b-it,"A 'unit' (a standard of measurement) is not a type of 'dependent continuant' (an entity that depends on another for its existence, such as a quality or role), but rather a tool used to quantify the attributes of such continuants."
LLMs4OL_MatOnto_SUB,pred,dependent_continuant,molar entropy,0,is_a,google/gemma-4-31b-it,"Molar entropy is a specific type of quality or measured property, and in formal ontologies (like BFO), qualities are categorized as dependent continuants because they cannot exist without a dependent bearer."
LLMs4OL_MatOnto_SUB,pred,dependent_continuant,unit raised to power,1,unrelated,google/gemma-4-31b-it,"A 'unit raised to power' (such as $\text{m}^2$) is a mathematical notation or a measurement unit, whereas a 'dependent continuant' is an ontological category for entities that depend on another to exist (like a color or a shape); there is no logical subsumption or structural relationship between a u"
LLMs4OL_MatOnto_SUB,pred,dependent_continuant,aromatic,0,is_a,google/gemma-4-31b-it,"In ontology (such as BFO), 'aromatic' (as a quality) is a type of 'dependent continuant' because it is a property that cannot exist without a dependent bearer."
LLMs4OL_MatOnto_SUB,pred,dependent_continuant,acyclic,0,is_a,google/gemma-4-31b-it,"'Acyclic' is a quality (specifically a molecular quality) that describes a chemical structure, and in the BFO-based ontology framework, qualities are categorized as dependent continuants."
LLMs4OL_MatOnto_SUB,pred,dependent_continuant,hardness range,1,attribute_of,google/gemma-4-31b-it,"A 'hardness range' is a measurement or quality associated with a material, whereas a 'dependent continuant' is a broad ontological category for entities that rely on a host to exist; while a range is a type of quality, it is more accurately an attribute used to describe the hardness of an object."
LLMs4OL_MatOnto_SUB,pred,measured property,flexural modulus,0,is_a,google/gemma-4-31b-it,"Flexural modulus is a specific type of property that can be quantified through measurement, making it a subclass of measured property."
LLMs4OL_MatOnto_SUB,pred,measured property,density,0,is_a,google/gemma-4-31b-it,"Density is a specific type of measured property, as any instance of density is necessarily an instance of a measured property."
LLMs4OL_MatOnto_SUB,pred,measured property,magnetic flux,0,is_a,google/gemma-4-31b-it,"Magnetic flux is a specific type of physical quantity that can be measured, making it a member of the class of measured properties."
LLMs4OL_MatOnto_SUB,pred,measured property,wavenumber,0,is_a,google/gemma-4-31b-it,Wavenumber is a specific type of measured property used to describe the spatial frequency of a wave.
LLMs4OL_MatOnto_SUB,pred,measured property,moleculecomponentcount,0,is_a,google/gemma-4-31b-it,The count of components in a molecule is a specific type of measured property.
LLMs4OL_MatOnto_SUB,pred,measured property,pauling electronegativity,1,is_a,google/gemma-4-31b-it,Pauling electronegativity is a specific type of measured property used to describe the tendency of a chemical element to attract a shared pair of electrons.
LLMs4OL_MatOnto_SUB,pred,measured property,temperature,0,is_a,google/gemma-4-31b-it,"Temperature is a specific type of property that can be measured, meaning every instance of temperature is necessarily an instance of a measured property."
LLMs4OL_MatOnto_SUB,pred,measured property,surface tension,0,is_a,google/gemma-4-31b-it,"Surface tension is a specific type of physical property that can be quantified, making it a member of the class of measured properties."
LLMs4OL_MatOnto_SUB,pred,measured property,cyclicity,0,is_a,google/gemma-4-31b-it,Cyclicity is a specific type of measured property (specifically a molecular quality) that describes whether a molecule contains rings.
LLMs4OL_MatOnto_SUB,pred,measured property,aromaticity,0,is_a,google/gemma-4-31b-it,"Aromaticity is a specific type of molecular quality that can be quantified or measured, making it a subclass of measured properties."
LLMs4OL_MatOnto_SUB,pred,measured property,mulliken electronegativity,1,is_a,google/gemma-4-31b-it,"Mulliken electronegativity is a specific type of property that can be measured, making it a subclass of measured properties."
LLMs4OL_MatOnto_SUB,pred,measured property,undefined stereo atom count,0,is_a,google/gemma-4-31b-it,"An 'undefined stereo atom count' is a specific type of 'count', which is itself a type of 'measured property', making the child a specialized instance of the parent class."
LLMs4OL_MatOnto_SUB,pred,measured property,concentration,0,is_a,google/gemma-4-31b-it,"Concentration is a specific type of measured property, as any instance of a concentration measurement is necessarily an instance of a measured property."
LLMs4OL_MatOnto_SUB,pred,measured property,solid angle,0,is_a,google/gemma-4-31b-it,"A solid angle is a specific type of measurable physical quantity, making it a subclass of measured properties."
LLMs4OL_MatOnto_SUB,pred,measured property,velocity,0,is_a,google/gemma-4-31b-it,"Velocity is a specific type of measured property, as any instance of velocity is by definition an instance of a property that can be measured."
LLMs4OL_MatOnto_SUB,pred,measured property,electronegativity,1,is_a,google/gemma-4-31b-it,"Electronegativity is a specific type of property that can be quantified and measured, making it a subclass of measured properties."
LLMs4OL_MatOnto_SUB,pred,measured property,intensive property,0,is_a,google/gemma-4-31b-it,An intensive property (a physical property that does not depend on the system size or amount of material) is a specific type of measured property.
LLMs4OL_MatOnto_SUB,pred,measured property,hardness range,1,is_a,google/gemma-4-31b-it,"A 'hardness range' is a specific type of 'measured property' (specifically, a range of values for a property), meaning every instance of a hardness range is an instance of a measured property."
LLMs4OL_MatOnto_SUB,pred,measured property,electric resistance,0,is_a,google/gemma-4-31b-it,"Electric resistance is a specific type of measured property, meaning every instance of electric resistance is necessarily an instance of a measured property."
LLMs4OL_MatOnto_SUB,pred,measured property,permittivity,0,is_a,google/gemma-4-31b-it,"Permittivity is a specific type of physical property that can be measured, making it a subclass of the general category of measured properties."
LLMs4OL_MatOnto_SUB,pred,measured property,amount of substance concentration,0,is_a,google/gemma-4-31b-it,"An amount of substance concentration is a specific type of property that can be measured, meaning every instance of the former is necessarily an instance of the latter."
LLMs4OL_MatOnto_SUB,pred,measured property,angular acceleration,0,is_a,google/gemma-4-31b-it,"Angular acceleration is a specific type of measured property, as any instance of angular acceleration is by definition a measured property."
LLMs4OL_MatOnto_SUB,pred,measured property,exposure,0,is_a,google/gemma-4-31b-it,Exposure (in the context of radiation or chemistry) is a specific type of measured property used to quantify the amount of radiation or substance a subject has been subjected to.
LLMs4OL_MatOnto_SUB,pred,measured property,count,0,is_a,google/gemma-4-31b-it,A count is a specific type of measured property used to quantify discrete entities.
LLMs4OL_MatOnto_SUB,pred,measured property,molar entropy,0,is_a,google/gemma-4-31b-it,"Molar entropy is a specific type of measured property (a thermodynamic property), meaning every instance of molar entropy is necessarily an instance of a measured property."
LLMs4OL_MatOnto_SUB,pred,measured property,angle,0,is_a,google/gemma-4-31b-it,"An angle is a specific type of measured property (a geometric quantity), meaning every instance of an angle is necessarily an instance of a measured property."
LLMs4OL_MatOnto_SUB,pred,intensive property,flexural modulus,0,is_a,google/gemma-4-31b-it,"Flexural modulus is a specific type of intensive property (a physical property that does not depend on the amount of substance present), meaning every instance of flexural modulus is necessarily an instance of an intensive property."
LLMs4OL_MatOnto_SUB,pred,intensive property,temperature,1,is_a,google/gemma-4-31b-it,Temperature is a specific type of intensive property because its value does not depend on the amount of matter present in a system.
LLMs4OL_MatOnto_SUB,pred,intensive property,surface tension,1,is_a,google/gemma-4-31b-it,"Surface tension is a physical property that does not depend on the amount of matter present, which is the defining characteristic of an intensive property."
LLMs4OL_MatOnto_SUB,pred,intensive property,density,1,is_a,google/gemma-4-31b-it,Density is a specific type of intensive property because it is a physical property of a system that does not depend on the system size or amount of material.
LLMs4OL_MatOnto_SUB,pred,intensive property,wavenumber,1,is_a,google/gemma-4-31b-it,"Wavenumber is a physical quantity that does not depend on the size or amount of the system it describes, making it a type of intensive property."
LLMs4OL_MatOnto_SUB,pred,intensive property,pauling electronegativity,1,is_a,google/gemma-4-31b-it,Pauling electronegativity is a specific type of intensive property because it is a physical property of a chemical element that does not depend on the amount of substance present.
LLMs4OL_MatOnto_SUB,pred,intensive property,concentration,1,is_a,google/gemma-4-31b-it,Concentration is a specific type of intensive property because it is a physical property of a system that does not depend on the system's size or shape.
LLMs4OL_MatOnto_SUB,pred,intensive property,electronegativity,1,is_a,google/gemma-4-31b-it,Electronegativity is a specific type of intensive property because it is a physical property of a chemical element that does not depend on the amount of substance present.
LLMs4OL_MatOnto_SUB,pred,intensive property,mulliken electronegativity,1,is_a,google/gemma-4-31b-it,Mulliken electronegativity is a specific type of intensive property because it is a physical property of a chemical element that does not depend on the amount of substance present.
LLMs4OL_MatOnto_SUB,pred,intensive property,velocity,1,is_a,google/gemma-4-31b-it,Velocity is a type of intensive property because its value does not depend on the amount of matter present in the system.
LLMs4OL_MatOnto_SUB,pred,intensive property,permittivity,1,is_a,google/gemma-4-31b-it,Permittivity is a specific type of intensive property because its value does not depend on the amount of material present.
LLMs4OL_MatOnto_SUB,pred,intensive property,amount of substance concentration,1,is_a,google/gemma-4-31b-it,An amount of substance concentration is a specific type of intensive property because its value does not depend on the total amount of matter present in the system.
LLMs4OL_MatOnto_SUB,pred,intensive property,angular acceleration,1,is_a,google/gemma-4-31b-it,"Angular acceleration is a physical quantity that does not depend on the size or amount of matter in the system, making it a type of intensive property."
LLMs4OL_MatOnto_SUB,pred,intensive property,molar entropy,1,is_a,google/gemma-4-31b-it,Molar entropy is a specific type of intensive property because it does not depend on the total amount of substance present in the system.
LLMs4OL_MatOnto_SUB,pred,intensive property,hardness range,1,other_related,google/gemma-4-31b-it,"A 'hardness range' is a specification or measurement interval of a property, not a type of intensive property itself."
LLMs4OL_MatOnto_SUB,pred,continuant,flexural modulus,0,is_a,google/gemma-4-31b-it,"In formal ontology (such as BFO), a 'continuant' is an entity that persists through time, and a 'quality' (like flexural modulus) is a type of 'dependent continuant' because it cannot exist without a bearer."
LLMs4OL_MatOnto_SUB,pred,continuant,wavenumber,0,is_a,google/gemma-4-31b-it,"In Basic Formal Ontology (BFO), a 'wavenumber' is a quality (a dependent continuant), and since every dependent continuant is a continuant, the subsumption holds."
LLMs4OL_MatOnto_SUB,pred,continuant,rubidium atom,0,is_a,google/gemma-4-31b-it,"In basic ontology (such as BFO), a continuant is an entity that persists through time, and since a rubidium atom is a physical object that persists, it is a type of continuant."
LLMs4OL_MatOnto_SUB,pred,continuant,moleculecomponentcount,0,attribute_of,google/gemma-4-31b-it,"A 'moleculecomponentcount' is a quantitative measurement (a quality/dependent continuant) that describes a molecule, rather than being a type of continuant entity itself."
LLMs4OL_MatOnto_SUB,pred,continuant,pauling electronegativity,0,is_a,google/gemma-4-31b-it,"In Basic Formal Ontology (BFO), a 'continuant' is an entity that persists through time, and a 'quality' (such as Pauling electronegativity) is a type of 'dependent continuant' that cannot exist without being borne by an independent continuant."
LLMs4OL_MatOnto_SUB,pred,continuant,object,0,is_a,google/gemma-4-31b-it,"In formal ontology (such as BFO), a continuant is an entity that persists through time, and an object (specifically an independent continuant) is a type of continuant."
LLMs4OL_MatOnto_SUB,pred,continuant,thiol group,0,is_a,google/gemma-4-31b-it,"In basic ontological frameworks (like BFO), a 'continuant' is any entity that persists through time, and a 'thiol group' (a chemical structure/object) is a type of entity that persists through time."
LLMs4OL_MatOnto_SUB,pred,continuant,gallium atom,0,is_a,google/gemma-4-31b-it,"In basic ontology (such as BFO), a continuant is an entity that persists through time, and since a gallium atom is a physical object that persists, it is a type of continuant."
LLMs4OL_MatOnto_SUB,pred,continuant,temperature,0,is_a,google/gemma-4-31b-it,"In formal ontologies (like BFO), a 'continuant' is an entity that persists through time, and a 'quality' (such as temperature) is a type of 'dependent continuant' because it cannot exist without a bearer."
LLMs4OL_MatOnto_SUB,pred,continuant,site,0,is_a,google/gemma-4-31b-it,"In the context of formal ontologies (like BFO), a 'site' is a specific type of 'continuant' (an entity that persists through time), making this a proper subsumption."
LLMs4OL_MatOnto_SUB,pred,continuant,surface tension,0,is_a,google/gemma-4-31b-it,"In formal ontologies (like BFO), a 'continuant' is an entity that persists through time, and a 'quality' (such as surface tension) is a type of 'dependent continuant' that exists only in virtue of being borne by an independent continuant."
LLMs4OL_MatOnto_SUB,pred,continuant,chemical quality,0,is_a,google/gemma-4-31b-it,"A chemical quality is a type of quality, and a quality is a type of dependent continuant, which is itself a type of continuant; therefore, every chemical quality is necessarily a continuant."
LLMs4OL_MatOnto_SUB,pred,continuant,curium atom,0,is_a,google/gemma-4-31b-it,"In ontology (such as BFO), a continuant is an entity that persists through time, and since a curium atom is a physical object that persists, it is a type of continuant."
LLMs4OL_MatOnto_SUB,pred,continuant,organic group,0,is_a,google/gemma-4-31b-it,"An organic group (such as a functional group in chemistry) is a type of entity that persists through time, which fits the definition of a continuant in ontological frameworks like BFO."
LLMs4OL_MatOnto_SUB,pred,continuant,density,0,is_a,google/gemma-4-31b-it,"Density is a quality or measured property of a physical object, and in formal ontologies (like BFO), a quality is a type of dependent continuant, which is itself a type of continuant."
LLMs4OL_MatOnto_SUB,pred,continuant,cyclicity,0,is_a,google/gemma-4-31b-it,"Cyclicity is a quality or property of a chemical structure, and in formal ontologies (like BFO), qualities are categorized as dependent continuants, which are a subclass of continuants."
LLMs4OL_MatOnto_SUB,pred,continuant,dependent_continuant,0,is_a,google/gemma-4-31b-it,"In formal ontology (such as BFO), a dependent continuant is defined as a type of continuant that cannot exist without being dependent on an independent continuant."
LLMs4OL_MatOnto_SUB,pred,continuant,independent_continuant,0,is_a,google/gemma-4-31b-it,"In formal ontology (such as BFO), an independent continuant is a specific type of continuant that can exist on its own, meaning every independent continuant is by definition a continuant."
LLMs4OL_MatOnto_SUB,pred,continuant,potassium atom,0,is_a,google/gemma-4-31b-it,"In formal ontology (such as BFO), a continuant is an entity that persists through time, and since a potassium atom is a physical object that persists, it is a type of continuant."
LLMs4OL_MatOnto_SUB,pred,continuant,p-block element,1,is_a,google/gemma-4-31b-it,"In Basic Formal Ontology (BFO), a continuant is an entity that persists through time, and since a p-block element is a type of chemical element (which is a type of material entity/continuant), every instance of a p-block element is necessarily a continuant."
LLMs4OL_MatOnto_SUB,pred,continuant,mulliken electronegativity,0,is_a,google/gemma-4-31b-it,"In Basic Formal Ontology (BFO), a 'continuant' is an entity that persists through time, and a 'quality' (such as Mulliken electronegativity) is a type of 'dependent continuant' that cannot exist without being borne by an independent continuant."
LLMs4OL_MatOnto_SUB,pred,continuant,homogeneous mixture,0,is_a,google/gemma-4-31b-it,"In formal ontologies (like BFO), a continuant is an entity that persists through time, and a homogeneous mixture is a type of material entity that fits this definition."
LLMs4OL_MatOnto_SUB,pred,continuant,undefined stereo atom count,0,is_a,google/gemma-4-31b-it,"An 'undefined stereo atom count' is a type of quality or measurement (a dependent continuant), and since all dependent continuants are continuants, the child is a specific subclass of the parent."
LLMs4OL_MatOnto_SUB,pred,continuant,concentration,0,is_a,google/gemma-4-31b-it,"In formal ontologies (like BFO), a concentration is a quality or measured property, and all qualities are categorized as dependent continuants, which are a subclass of continuants."
LLMs4OL_MatOnto_SUB,pred,continuant,solid angle,0,is_a,google/gemma-4-31b-it,"In formal ontologies (like BFO), a 'solid angle' is a 'quality' or 'measured property', and these are categorized as 'dependent continuants', which are a subclass of 'continuants'."
LLMs4OL_MatOnto_SUB,pred,continuant,magnesium,1,is_a,google/gemma-4-31b-it,"In Basic Formal Ontology (BFO), a continuant is an entity that persists through time, and since magnesium (as a chemical element/substance) is a type of continuant, the subsumption holds."
LLMs4OL_MatOnto_SUB,pred,continuant,solution,0,is_a,google/gemma-4-31b-it,"In the context of formal ontologies (like BFO), a 'continuant' is an entity that persists through time, and a 'solution' (as a physical object/mixture) is a type of entity that persists through time."
LLMs4OL_MatOnto_SUB,pred,continuant,velocity,0,attribute_of,google/gemma-4-31b-it,"In formal ontology (such as BFO), a 'continuant' is an entity that persists through time, and a 'velocity' is a 'quality' or 'measured property' (a dependent continuant) that characterizes a continuant, rather than being a type of continuant itself."
LLMs4OL_MatOnto_SUB,pred,continuant,imine,1,is_a,google/gemma-4-31b-it,"In Basic Formal Ontology (BFO), a 'continuant' is a top-level entity that persists through time, and since an 'imine' is a type of chemical compound (which is a material entity and thus a continuant), the subsumption holds."
LLMs4OL_MatOnto_SUB,pred,continuant,terbium atom,0,is_a,google/gemma-4-31b-it,"In basic ontology (such as BFO), a continuant is an entity that persists through time, and since a terbium atom is a physical object that persists, it is a type of continuant."
LLMs4OL_MatOnto_SUB,pred,continuant,magnetic flux,0,is_a,google/gemma-4-31b-it,"In formal ontologies (like BFO), a 'continuant' is an entity that persists through time, and a 'magnetic flux' (as a measured property or quality) is a type of 'dependent continuant' that exists only in reliance on a primary object."
LLMs4OL_MatOnto_SUB,pred,continuant,molecularquality,0,is_a,google/gemma-4-31b-it,"In formal ontologies (like BFO), a quality is a type of dependent continuant, and a dependent continuant is a type of continuant, meaning every molecular quality is necessarily a continuant."
LLMs4OL_MatOnto_SUB,pred,continuant,organic compound,1,is_a,google/gemma-4-31b-it,"In Basic Formal Ontology (BFO), a continuant is an entity that persists through time, and since an organic compound is a type of material entity (which is a continuant), every organic compound is necessarily a continuant."
LLMs4OL_MatOnto_SUB,pred,continuant,identifier,0,attribute_of,google/gemma-4-31b-it,"An identifier is a piece of information or a label used to designate a specific entity, whereas a continuant is an entity that persists through time; an identifier is not a type of continuant, but rather a property or attribute used to refer to one."
LLMs4OL_MatOnto_SUB,pred,continuant,darmstadtium,1,is_a,google/gemma-4-31b-it,"In Basic Formal Ontology (BFO), a 'continuant' is an entity that persists through time, and since darmstadtium (as a chemical element/type of matter) is a kind of continuant, the subsumption holds."
LLMs4OL_MatOnto_SUB,pred,continuant,mixture,0,is_a,google/gemma-4-31b-it,"In basic ontological frameworks (like BFO), a continuant is an entity that persists through time, and a mixture is a type of material entity that fits this definition."
LLMs4OL_MatOnto_SUB,pred,continuant,opticalisomer,1,is_a,google/gemma-4-31b-it,"In Basic Formal Ontology (BFO), a continuant is an entity that persists through time, and since an optical isomer is a type of chemical entity (a material entity), it is by definition a continuant."
LLMs4OL_MatOnto_SUB,pred,continuant,ceramic material,1,is_a,google/gemma-4-31b-it,"In formal ontologies (like BFO), a 'continuant' is an entity that persists through time, and since a 'ceramic material' is a type of material entity that persists, it is a subclass of continuant."
LLMs4OL_MatOnto_SUB,pred,continuant,molecular center,0,part_of,google/gemma-4-31b-it,"A 'molecular center' is a specific spatial point or region within a molecule, making it a component or part of the overall continuant entity rather than a type of continuant itself."
LLMs4OL_MatOnto_SUB,pred,continuant,angle,0,is_a,google/gemma-4-31b-it,"In formal ontologies (like BFO), an angle is a quality or measured property, and all qualities are categorized as dependent continuants, which are a subclass of continuants."
LLMs4OL_MatOnto_SUB,pred,continuant,measured property,0,is_a,google/gemma-4-31b-it,"In formal ontologies (like BFO), a measured property is a type of quality, and qualities are categorized as dependent continuants, which are a subclass of continuants."
LLMs4OL_MatOnto_SUB,pred,continuant,electronegativity,0,is_a,google/gemma-4-31b-it,"In formal ontologies (like BFO), a 'continuant' is an entity that persists through time, and a 'quality' (such as electronegativity) is a type of 'dependent continuant' because it cannot exist without a bearer."
LLMs4OL_MatOnto_SUB,pred,continuant,intensive property,0,is_a,google/gemma-4-31b-it,"In formal ontology (such as BFO), a property or quality is a type of dependent continuant, and since every dependent continuant is a continuant, an intensive property is a kind of continuant."
LLMs4OL_MatOnto_SUB,pred,continuant,hardness range,1,attribute_of,google/gemma-4-31b-it,"A 'hardness range' is a measurement or property value, whereas a 'continuant' (in ontological terms) is an entity that persists through time; therefore, the range is a quality or attribute associated with a continuant rather than a type of continuant."
LLMs4OL_MatOnto_SUB,pred,continuant,scandium,1,is_a,google/gemma-4-31b-it,"In Basic Formal Ontology (BFO), a continuant is an entity that persists through time, and since scandium is a chemical element (a type of material entity), it is by definition a kind of continuant."
LLMs4OL_MatOnto_SUB,pred,continuant,quality,0,is_a,google/gemma-4-31b-it,"In formal ontology (such as BFO), a quality is a type of dependent continuant, and every dependent continuant is a type of continuant."
LLMs4OL_MatOnto_SUB,pred,continuant,tellurium atom,0,is_a,google/gemma-4-31b-it,"In formal ontology (such as BFO), a continuant is an entity that persists through time, and since a tellurium atom is a physical object that persists, it is a type of continuant."
LLMs4OL_MatOnto_SUB,pred,continuant,electric resistance,0,is_a,google/gemma-4-31b-it,"In formal ontologies (like BFO), a 'continuant' is an entity that persists through time, and a 'quality' (such as electric resistance) is a type of 'dependent continuant' because it cannot exist without a bearer."
LLMs4OL_MatOnto_SUB,pred,continuant,permittivity,0,is_a,google/gemma-4-31b-it,"In formal ontologies (like BFO), a 'continuant' is an entity that persists through time, and a 'quality' (such as permittivity) is a type of 'dependent continuant' that exists only in virtue of being borne by an independent continuant."
LLMs4OL_MatOnto_SUB,pred,continuant,amount of substance concentration,0,is_a,google/gemma-4-31b-it,"In formal ontologies (like BFO), a 'continuant' is an entity that persists through time, and a 'dependent continuant' (such as a quality or concentration) is a specific type of continuant that cannot exist without a dependent bearer."
LLMs4OL_MatOnto_SUB,pred,continuant,carbon allotrope,1,is_a,google/gemma-4-31b-it,"In Basic Formal Ontology (BFO), a 'continuant' is an entity that persists through time, and since a 'carbon allotrope' (such as diamond or graphite) is a physical entity that persists through time, it is a type of continuant."
LLMs4OL_MatOnto_SUB,pred,continuant,xenon,1,is_a,google/gemma-4-31b-it,"In Basic Formal Ontology (BFO), a 'continuant' is a high-level category for entities that persist through time, and since xenon (as a chemical element/type of matter) is a type of entity that persists, it is a subclass of continuant."
LLMs4OL_MatOnto_SUB,pred,continuant,angular acceleration,0,is_a,google/gemma-4-31b-it,"In formal ontologies (like BFO), a 'continuant' is an entity that persists through time, and a 'measured property' (such as angular acceleration) is categorized as a 'dependent continuant' because it cannot exist without a bearer."
LLMs4OL_MatOnto_SUB,pred,continuant,exposure,0,other_related,google/gemma-4-31b-it,"In the context of formal ontologies (like BFO), an 'exposure' is a process or an event (an occurrent), whereas a 'continuant' is an entity that persists through time; therefore, an exposure is not a kind of continuant."
LLMs4OL_MatOnto_SUB,pred,continuant,count,0,attribute_of,google/gemma-4-31b-it,"A 'count' is a numerical measurement or property used to describe a continuant, but it is not a type of continuant itself."
LLMs4OL_MatOnto_SUB,pred,continuant,atom,0,is_a,google/gemma-4-31b-it,"In formal ontology (such as BFO), a continuant is an entity that persists through time, and an atom is a type of physical entity that fits this definition."
LLMs4OL_MatOnto_SUB,pred,continuant,anion,1,is_a,google/gemma-4-31b-it,"In Basic Formal Ontology (BFO), a continuant is an entity that persists through time, and since an anion is a physical entity (a type of ion), it is a kind of continuant."
LLMs4OL_MatOnto_SUB,pred,continuant,material,1,is_a,google/gemma-4-31b-it,"In formal ontology (such as BFO), a continuant is an entity that persists through time, and a material is a type of continuant."
LLMs4OL_MatOnto_SUB,pred,continuant,molar entropy,0,is_a,google/gemma-4-31b-it,"In formal ontologies (like BFO), a 'continuant' is an entity that persists through time, and a 'measured property' (such as molar entropy) is a type of 'dependent continuant' (a quality that depends on a primary continuant to exist)."
LLMs4OL_MatOnto_SUB,pred,quality,flexural modulus,0,is_a,google/gemma-4-31b-it,"Flexural modulus is a specific type of mechanical property, and in ontological frameworks (like BFO), a property or measured property is a subclass of quality."
LLMs4OL_MatOnto_SUB,pred,quality,wavenumber,0,is_a,google/gemma-4-31b-it,Wavenumber is a specific type of measured property (a quality) used to describe the spatial frequency of a wave.
LLMs4OL_MatOnto_SUB,pred,quality,moleculecomponentcount,0,is_a,google/gemma-4-31b-it,The count of components in a molecule is a specific type of measured property or quality that describes a molecular entity.
LLMs4OL_MatOnto_SUB,pred,quality,pauling electronegativity,0,is_a,google/gemma-4-31b-it,"Pauling electronegativity is a specific type of chemical quality, and since every instance of Pauling electronegativity is necessarily an instance of a quality, the subsumption holds."
LLMs4OL_MatOnto_SUB,pred,quality,temperature,0,is_a,google/gemma-4-31b-it,"Temperature is a specific type of quality (specifically a measured property), meaning every instance of temperature is necessarily an instance of a quality."
LLMs4OL_MatOnto_SUB,pred,quality,surface tension,0,is_a,google/gemma-4-31b-it,"Surface tension is a specific type of physical quality (specifically a measured property), meaning every instance of surface tension is necessarily an instance of a quality."
LLMs4OL_MatOnto_SUB,pred,quality,chemical quality,0,is_a,google/gemma-4-31b-it,"A chemical quality is a specific type of quality, meaning every instance of a chemical quality is necessarily an instance of a quality."
LLMs4OL_MatOnto_SUB,pred,quality,density,0,is_a,google/gemma-4-31b-it,"Density is a specific type of physical quality (a measured property), meaning every instance of density is necessarily an instance of a quality."
LLMs4OL_MatOnto_SUB,pred,quality,cyclicity,0,is_a,google/gemma-4-31b-it,Cyclicity is a specific type of quality (specifically a molecular quality) that describes whether a chemical structure is cyclic or not.
LLMs4OL_MatOnto_SUB,pred,quality,aromaticity,0,is_a,google/gemma-4-31b-it,"Aromaticity is a specific type of chemical quality (a molecular quality), meaning every instance of aromaticity is necessarily an instance of a quality."
LLMs4OL_MatOnto_SUB,pred,quality,aromatic,0,is_a,google/gemma-4-31b-it,Being 'aromatic' is a specific type of chemical quality (molecular quality) that a substance can possess.
LLMs4OL_MatOnto_SUB,pred,quality,mulliken electronegativity,0,is_a,google/gemma-4-31b-it,"Mulliken electronegativity is a specific type of chemical quality, and since every instance of Mulliken electronegativity is necessarily an instance of a quality, the subsumption holds."
LLMs4OL_MatOnto_SUB,pred,quality,undefined stereo atom count,0,is_a,google/gemma-4-31b-it,"An 'undefined stereo atom count' is a specific type of molecular quality (a measured property), and since 'quality' is the general class for such properties, the subsumption holds."
LLMs4OL_MatOnto_SUB,pred,quality,concentration,0,is_a,google/gemma-4-31b-it,Concentration is a specific type of quality (specifically a measured property) that describes the amount of a substance in a given volume.
LLMs4OL_MatOnto_SUB,pred,quality,solid angle,0,is_a,google/gemma-4-31b-it,A solid angle is a specific type of measured property or quality that describes the size of a cone in three-dimensional space.
LLMs4OL_MatOnto_SUB,pred,quality,velocity,0,is_a,google/gemma-4-31b-it,"Velocity is a specific type of quality (specifically a measured property of a physical object), meaning every instance of velocity is an instance of a quality."
LLMs4OL_MatOnto_SUB,pred,quality,magnetic flux,0,is_a,google/gemma-4-31b-it,"Magnetic flux is a physical quantity (a measured property) that describes a specific quality of a magnetic field, making it a type of quality in the context of ontological classifications like BFO."
LLMs4OL_MatOnto_SUB,pred,quality,molecularquality,0,is_a,google/gemma-4-31b-it,"A molecular quality is a specific type of quality that characterizes a molecule, meaning every instance of a molecular quality is necessarily an instance of a quality."
LLMs4OL_MatOnto_SUB,pred,quality,angle,0,is_a,google/gemma-4-31b-it,"An angle is a specific type of geometric quality or measured property, meaning every instance of an angle is a type of quality."
LLMs4OL_MatOnto_SUB,pred,quality,measured property,0,is_a,google/gemma-4-31b-it,"A measured property is a specific type of quality that can be quantified via a measurement process, meaning every measured property is necessarily a quality."
LLMs4OL_MatOnto_SUB,pred,quality,electronegativity,0,is_a,google/gemma-4-31b-it,"Electronegativity is a specific type of chemical quality, and since every chemical quality is a quality, electronegativity is a kind of quality."
LLMs4OL_MatOnto_SUB,pred,quality,acyclic,0,is_a,google/gemma-4-31b-it,Being acyclic is a specific type of quality (specifically a molecular quality) that a chemical structure can possess.
LLMs4OL_MatOnto_SUB,pred,quality,intensive property,0,is_a,google/gemma-4-31b-it,"An intensive property is a specific type of quality (one that does not depend on the size or amount of the system), meaning every intensive property is necessarily a quality."
LLMs4OL_MatOnto_SUB,pred,quality,hardness range,1,is_a,google/gemma-4-31b-it,"A 'hardness range' is a specific type of 'quality' (specifically a measurement range of a physical property), meaning every hardness range is a quality."
LLMs4OL_MatOnto_SUB,pred,quality,electric resistance,0,is_a,google/gemma-4-31b-it,"Electric resistance is a specific type of quality (specifically a measured property of a material), meaning every instance of electric resistance is necessarily an instance of a quality."
LLMs4OL_MatOnto_SUB,pred,quality,permittivity,0,is_a,google/gemma-4-31b-it,"Permittivity is a specific type of physical property or quality of a material, meaning every instance of permittivity is necessarily an instance of a quality."
LLMs4OL_MatOnto_SUB,pred,quality,amount of substance concentration,0,is_a,google/gemma-4-31b-it,Amount of substance concentration is a specific type of quality (specifically a measured property) that describes a characteristic of a substance.
LLMs4OL_MatOnto_SUB,pred,quality,angular acceleration,0,is_a,google/gemma-4-31b-it,"Angular acceleration is a specific type of quality (specifically a measured property of a rotating object), meaning every instance of angular acceleration is an instance of a quality."
LLMs4OL_MatOnto_SUB,pred,quality,exposure,0,is_a,google/gemma-4-31b-it,"In the context of a formal ontology (like BFO, which the terms 'continuant' and 'dependent_continuant' suggest), 'exposure' (the amount of radiation received) is a measured property or quality of an entity."
LLMs4OL_MatOnto_SUB,pred,quality,count,0,is_a,google/gemma-4-31b-it,"In the context of formal ontologies (like BFO), a 'count' (as a measured property) is a specific type of 'quality' that describes a quantitative characteristic of an entity."
LLMs4OL_MatOnto_SUB,pred,quality,molar entropy,0,is_a,google/gemma-4-31b-it,"Molar entropy is a specific type of thermodynamic property, and in ontological frameworks (like BFO), a measured property is a subclass of quality."
LLMs4OL_MatOnto_SUB,pred,atom,rubidium atom,0,is_a,google/gemma-4-31b-it,"A rubidium atom is a specific type of atom, meaning every instance of a rubidium atom is necessarily an instance of the general class of atoms."
LLMs4OL_MatOnto_SUB,pred,atom,gallium atom,0,is_a,google/gemma-4-31b-it,"A gallium atom is a specific type of atom, meaning every instance of a gallium atom is necessarily an instance of the general class of atoms."
LLMs4OL_MatOnto_SUB,pred,atom,curium atom,0,is_a,google/gemma-4-31b-it,"A curium atom is a specific type of atom, meaning every instance of a curium atom is necessarily an instance of the general class of atoms."
LLMs4OL_MatOnto_SUB,pred,atom,potassium atom,0,is_a,google/gemma-4-31b-it,"A potassium atom is a specific type of atom, meaning every instance of a potassium atom is necessarily an instance of an atom."
LLMs4OL_MatOnto_SUB,pred,atom,p-block element,1,other_related,google/gemma-4-31b-it,"A 'p-block element' is a chemical species/category of element, whereas an 'atom' is a physical object; while an atom of a p-block element is an atom, the element itself is the type of substance, not a type of atom."
LLMs4OL_MatOnto_SUB,pred,atom,terbium atom,0,is_a,google/gemma-4-31b-it,"Every terbium atom is, by definition, a type of atom."
LLMs4OL_MatOnto_SUB,pred,atom,tellurium atom,0,is_a,google/gemma-4-31b-it,"A tellurium atom is a specific type of atom, meaning every instance of a tellurium atom is necessarily an instance of the general class of atoms."
LLMs4OL_MatOnto_SUB,pred,atom,xenon,1,made_of,google/gemma-4-31b-it,"Xenon is a specific chemical element, and while a xenon atom is a type of atom, the concept of 'xenon' as an element is not a subclass of 'atom' (rather, xenon is made of xenon atoms)."
LLMs4OL_MatOnto_SUB,pred,independent_continuant,rubidium atom,0,is_a,google/gemma-4-31b-it,"A rubidium atom is a specific type of atom, and since atoms are independent continuants (entities that exist independently and persist through time), every rubidium atom is necessarily an independent continuant."
LLMs4OL_MatOnto_SUB,pred,independent_continuant,object,0,is_a,google/gemma-4-31b-it,"In formal ontology (such as BFO), an object is defined as a type of independent continuant, meaning every object is necessarily an independent continuant."
LLMs4OL_MatOnto_SUB,pred,independent_continuant,thiol group,0,is_a,google/gemma-4-31b-it,"A thiol group is a specific type of organic group, which is a type of object, and since objects are independent continuants, every instance of a thiol group is necessarily an instance of an independent continuant."
LLMs4OL_MatOnto_SUB,pred,independent_continuant,gallium atom,0,is_a,google/gemma-4-31b-it,"A gallium atom is a specific type of atom, and since an atom is a type of independent continuant, every gallium atom is necessarily an independent continuant."
LLMs4OL_MatOnto_SUB,pred,independent_continuant,site,0,is_a,google/gemma-4-31b-it,"In ontology (such as BFO), a 'site' is a specific type of entity that exists independently over time, making it a subclass of 'independent continuant'."
LLMs4OL_MatOnto_SUB,pred,independent_continuant,curium atom,0,is_a,google/gemma-4-31b-it,"A curium atom is a specific type of atom, and since atoms are independent continuants, every instance of a curium atom is necessarily an instance of an independent continuant."
LLMs4OL_MatOnto_SUB,pred,independent_continuant,organic group,0,is_a,google/gemma-4-31b-it,"An organic group (such as a methyl or hydroxyl group) is a type of independent continuant (an entity that exists in time and is not dependent on another entity for its existence), fitting the definition of a proper subsumption."
LLMs4OL_MatOnto_SUB,pred,independent_continuant,material,1,is_a,google/gemma-4-31b-it,"In formal ontology (such as BFO), a material is a type of independent continuant because it is an entity that exists independently and persists through time."
LLMs4OL_MatOnto_SUB,pred,independent_continuant,atom,0,is_a,google/gemma-4-31b-it,"An atom is a type of entity that exists independently and persists through time, fitting the definition of an independent continuant."
LLMs4OL_MatOnto_SUB,pred,independent_continuant,potassium atom,0,is_a,google/gemma-4-31b-it,"A potassium atom is a specific type of atom, and since an atom is a type of independent continuant, every instance of a potassium atom is necessarily an instance of an independent continuant."
LLMs4OL_MatOnto_SUB,pred,independent_continuant,terbium atom,0,is_a,google/gemma-4-31b-it,"A terbium atom is a specific type of atom, and since atoms are independent continuants, every terbium atom is necessarily an independent continuant."
LLMs4OL_MatOnto_SUB,pred,independent_continuant,tellurium atom,0,is_a,google/gemma-4-31b-it,"A tellurium atom is a specific type of atom, and since atoms are independent continuants, every tellurium atom is necessarily an independent continuant."
LLMs4OL_MatOnto_SUB,pred,independent_continuant,ion,1,is_a,google/gemma-4-31b-it,"An ion is a type of physical entity that exists independently in time and space, making it a subclass of independent continuant."
LLMs4OL_MatOnto_SUB,pred,independent_continuant,anion,1,is_a,google/gemma-4-31b-it,"An anion is a type of ion, and since ions are physical entities that exist independently in space and time, they are a subclass of independent continuants."
LLMs4OL_MatOnto_SUB,pred,independent_continuant,molybdenum,1,is_a,google/gemma-4-31b-it,"Molybdenum is a chemical element, and in ontological frameworks like BFO, an element (as a type of material entity) is a kind of independent continuant."
LLMs4OL_MatOnto_SUB,pred,independent_continuant,magnesium,1,is_a,google/gemma-4-31b-it,"Magnesium is a chemical element, and since elements are types of atoms/matter which are categorized as independent continuants in ontological frameworks (like BFO), every instance of magnesium is an instance of an independent continuant."
LLMs4OL_MatOnto_SUB,pred,independent_continuant,darmstadtium,1,is_a,google/gemma-4-31b-it,"Darmstadtium is a chemical element, and since elements are types of matter/substances that are categorized as independent continuants in ontological frameworks (like BFO), every instance of darmstadtium is an instance of an independent continuant."
LLMs4OL_MatOnto_SUB,pred,independent_continuant,scandium,1,instance_of,google/gemma-4-31b-it,"Scandium is a chemical element (a type of substance), and while an atom of scandium is an independent continuant, the element itself is a material substance rather than a specific continuant object."
LLMs4OL_MatOnto_SUB,pred,independent_continuant,promethium,1,is_a,google/gemma-4-31b-it,"Promethium is a chemical element, and in ontological frameworks like BFO, chemical elements (as material entities) are types of independent continuants."
LLMs4OL_MatOnto_SUB,pred,independent_continuant,xenon,1,is_a,google/gemma-4-31b-it,"Xenon is a chemical element, and as a physical entity that exists in time and space, it is a type of independent continuant."
LLMs4OL_MatOnto_SUB,pred,independent_continuant,element,1,is_a,google/gemma-4-31b-it,"In chemistry and ontology, a chemical element is a type of substance or entity that exists independently in time and space, making it a subclass of independent continuants."
LLMs4OL_MatOnto_SUB,pred,independent_continuant,p-block element,1,is_a,google/gemma-4-31b-it,"A 'p-block element' is a type of chemical element (which is a kind of atom/matter), and since atoms and objects are categorized as 'independent_continuants' in this ontology, every p-block element is necessarily an independent continuant."
LLMs4OL_MatOnto_SUB,pred,independent_continuant,periodic table element,1,other_related,google/gemma-4-31b-it,"A 'periodic table element' is a chemical species or type of atom, whereas an 'independent continuant' (in BFO terminology) is a physical entity; an element is the category that defines the properties of specific atoms, not a physical object itself."
LLMs4OL_MatOnto_SUB,pred,independent_continuant,carbon allotrope,1,is_a,google/gemma-4-31b-it,"A carbon allotrope (such as diamond or graphite) is a type of physical entity that exists independently in time and space, making it a subclass of independent continuant."
LLMs4OL_MatOnto_SUB,pred,independent_continuant,chaoite,1,is_a,google/gemma-4-31b-it,"Chaoite is a carbon allotrope, and since all physical materials/objects are types of independent continuants in ontological frameworks (like BFO), every instance of chaoite is necessarily an instance of an independent continuant."
LLMs4OL_MatOnto_SUB,pred,independent_continuant,fullerene,1,is_a,google/gemma-4-31b-it,"A fullerene is a type of carbon allotrope, and since carbon allotropes are physical objects (independent continuants), every instance of a fullerene is necessarily an instance of an independent continuant."
LLMs4OL_MatOnto_SUB,pred,independent_continuant,organic compound,1,is_a,google/gemma-4-31b-it,"An organic compound is a type of physical entity that exists continuously through time and is not dependent on another entity for its existence, making it a subclass of independent continuant."
LLMs4OL_MatOnto_SUB,pred,independent_continuant,imine,1,is_a,google/gemma-4-31b-it,"An imine is a type of organic compound, and since all organic compounds are physical entities (independent continuants), every instance of an imine is necessarily an instance of an independent continuant."
LLMs4OL_MatOnto_SUB,pred,independent_continuant,mixture,0,is_a,google/gemma-4-31b-it,"A mixture is a type of entity that exists independently in space and time, making it a specific kind of independent continuant."
LLMs4OL_MatOnto_SUB,pred,independent_continuant,homogeneous mixture,0,is_a,google/gemma-4-31b-it,"A homogeneous mixture is a type of physical entity that exists independently in space and time, making it a specific kind of independent continuant."
LLMs4OL_MatOnto_SUB,pred,independent_continuant,solution,0,is_a,google/gemma-4-31b-it,"A solution is a type of homogeneous mixture, which is a type of object, and since objects are independent continuants, every solution is necessarily an independent continuant."
LLMs4OL_MatOnto_SUB,pred,independent_continuant,ceramic material,1,is_a,google/gemma-4-31b-it,"A ceramic material is a type of material, and since materials are physical entities that exist independently in time and space, they are a subclass of independent continuants."
LLMs4OL_MatOnto_SUB,pred,independent_continuant,general sulfinic acid group,0,is_a,google/gemma-4-31b-it,"A general sulfinic acid group is a type of organic group, which is a type of object, and since objects are independent continuants, every instance of a sulfinic acid group is necessarily an instance of an independent continuant."
LLMs4OL_MatOnto_SUB,pred,independent_continuant,opticalisomer,1,is_a,google/gemma-4-31b-it,"An optical isomer is a specific type of chemical entity (a molecule or compound) that exists as a physical object in space, which fits the definition of an independent continuant."
LLMs4OL_MatOnto_SUB,pred,independent_continuant,chiral center,1,attribute_of,google/gemma-4-31b-it,"A chiral center is a geometric property or quality of a molecular arrangement (a dependent continuant), not a standalone physical object (an independent continuant)."
LLMs4OL_MatOnto_SUB,pred,independent_continuant,molecular center,1,attribute_of,google/gemma-4-31b-it,"A 'molecular center' is a quality or property (a dependent continuant) that characterizes a molecule, rather than being a standalone physical entity (an independent continuant)."
LLMs4OL_MatOnto_SUB,pred,moleculecomponentcount,undefined stereo atom count,0,is_a,google/gemma-4-31b-it,"An 'undefined stereo atom count' is a specific type of 'molecule component count' (specifically, a count of atoms with undefined stereochemistry), meaning every instance of the former is necessarily an instance of the latter."
LLMs4OL_MatOnto_SUB,pred,count,moleculecomponentcount,1,is_a,google/gemma-4-31b-it,"A 'moleculecomponentcount' is a specific type of 'count' (specifically, a count of components within a molecule), meaning every instance of the former is necessarily an instance of the latter."
LLMs4OL_MatOnto_SUB,pred,count,undefined stereo atom count,1,is_a,google/gemma-4-31b-it,"An 'undefined stereo atom count' is a specific type of 'count' (specifically one where the value is undefined), meaning every instance of the former is necessarily an instance of the latter."
LLMs4OL_MatOnto_SUB,pred,electronegativity,pauling electronegativity,0,is_a,google/gemma-4-31b-it,"Pauling electronegativity is a specific type or scale of electronegativity, meaning every instance of Pauling electronegativity is necessarily an instance of electronegativity."
LLMs4OL_MatOnto_SUB,pred,electronegativity,mulliken electronegativity,0,is_a,google/gemma-4-31b-it,"Mulliken electronegativity is a specific type or method of calculating electronegativity, meaning every instance of Mulliken electronegativity is necessarily an instance of electronegativity."
LLMs4OL_MatOnto_SUB,pred,chemical quality,pauling electronegativity,0,is_a,google/gemma-4-31b-it,"Pauling electronegativity is a specific type of chemical quality, as it is a measurable property used to describe the chemical behavior of elements."
LLMs4OL_MatOnto_SUB,pred,chemical quality,aromaticity,1,is_a,google/gemma-4-31b-it,"Aromaticity is a specific type of chemical quality (a property of certain molecular structures), meaning every instance of aromaticity is necessarily an instance of a chemical quality."
LLMs4OL_MatOnto_SUB,pred,chemical quality,cyclicity,1,is_a,google/gemma-4-31b-it,"Cyclicity is a specific type of chemical quality (the property of being cyclic or acyclic), meaning every instance of cyclicity is necessarily an instance of a chemical quality."
LLMs4OL_MatOnto_SUB,pred,chemical quality,electronegativity,0,is_a,google/gemma-4-31b-it,"Electronegativity is a specific type of chemical quality, meaning every instance of electronegativity is necessarily an instance of a chemical quality."
LLMs4OL_MatOnto_SUB,pred,chemical quality,mulliken electronegativity,0,is_a,google/gemma-4-31b-it,"Mulliken electronegativity is a specific type of chemical quality, meaning every instance of Mulliken electronegativity is necessarily an instance of a chemical quality."
LLMs4OL_MatOnto_SUB,pred,chemical quality,molecularquality,1,is_a,google/gemma-4-31b-it,"A molecular quality is a specific type of chemical quality, as it refers to the properties of a substance at the molecular level, which is a subset of chemical properties."
LLMs4OL_MatOnto_SUB,pred,chemical quality,aromatic,1,is_a,google/gemma-4-31b-it,"Being 'aromatic' is a specific type of chemical quality (a molecular quality), meaning every instance of aromaticity is an instance of a chemical quality."
LLMs4OL_MatOnto_SUB,pred,chemical quality,undefined stereo atom count,1,is_a,google/gemma-4-31b-it,"An 'undefined stereo atom count' is a specific type of measurement or quality pertaining to a chemical entity, making it a subclass of 'chemical quality'."
LLMs4OL_MatOnto_SUB,pred,chemical quality,acyclic,1,is_a,google/gemma-4-31b-it,"Being 'acyclic' is a specific type of chemical quality (specifically a quality regarding the cyclicity of a molecule), meaning every instance of acyclicity is an instance of a chemical quality."
LLMs4OL_MatOnto_SUB,pred,chemical quality,molar entropy,1,is_a,google/gemma-4-31b-it,"Molar entropy is a specific type of chemical quality (a measurable property of a chemical substance), meaning every instance of molar entropy is necessarily an instance of a chemical quality."
LLMs4OL_MatOnto_SUB,pred,object,gallium atom,0,is_a,google/gemma-4-31b-it,"A gallium atom is a specific type of atom, and since an atom is a type of object, every gallium atom is necessarily an object."
LLMs4OL_MatOnto_SUB,pred,object,curium atom,0,is_a,google/gemma-4-31b-it,"A curium atom is a specific type of atom, and since an atom is a type of object, every curium atom is necessarily an object."
LLMs4OL_MatOnto_SUB,pred,object,potassium atom,0,is_a,google/gemma-4-31b-it,"A potassium atom is a specific type of atom, and an atom is a type of object; therefore, every potassium atom is necessarily an object."
LLMs4OL_MatOnto_SUB,pred,object,p-block element,1,is_a,google/gemma-4-31b-it,"A 'p-block element' is a chemical species/category of element, and since elements (and their corresponding atoms) are physical entities, they are types of objects."
LLMs4OL_MatOnto_SUB,pred,object,imine,1,is_a,google/gemma-4-31b-it,"An imine is a type of organic compound, and since organic compounds are physical entities (objects), every instance of an imine is necessarily an instance of an object."
LLMs4OL_MatOnto_SUB,pred,object,terbium atom,0,is_a,google/gemma-4-31b-it,"A terbium atom is a specific type of atom, and since an atom is a type of object, every terbium atom is necessarily an object."
LLMs4OL_MatOnto_SUB,pred,object,opticalisomer,1,is_a,google/gemma-4-31b-it,"An optical isomer is a specific type of chemical entity (a molecule or compound), and since molecules are physical objects, every optical isomer is an instance of an object."
LLMs4OL_MatOnto_SUB,pred,object,xenon,1,other_related,google/gemma-4-31b-it,"Xenon is a specific chemical element, and while it is composed of atoms (which are objects), the element itself is a type of substance or chemical species rather than a physical object."
LLMs4OL_MatOnto_SUB,pred,object,atom,0,is_a,google/gemma-4-31b-it,"An atom is a specific type of physical object, meaning every instance of an atom is necessarily an instance of an object."
LLMs4OL_MatOnto_SUB,pred,organic group,thiol group,0,is_a,google/gemma-4-31b-it,"A thiol group is a specific type of organic functional group characterized by a sulfur-hydrogen bond, meaning every thiol group is an organic group."
LLMs4OL_MatOnto_SUB,pred,cyclicity,acyclic,0,is_a,google/gemma-4-31b-it,"'Acyclic' describes a specific state or value of the property 'cyclicity' (the quality of being cyclic or not), making it a subtype of that property."
LLMs4OL_MatOnto_SUB,pred,cyclicity,aromatic,1,is_a,google/gemma-4-31b-it,"Aromaticity is a specific type of cyclicity (as aromatic compounds must be cyclic), meaning every instance of aromaticity is a form of cyclicity."
LLMs4OL_MatOnto_SUB,pred,molecularquality,cyclicity,0,is_a,google/gemma-4-31b-it,"Cyclicity is a specific type of molecular quality (the property of being cyclic or acyclic), meaning every instance of cyclicity is necessarily an instance of a molecular quality."
LLMs4OL_MatOnto_SUB,pred,molecularquality,aromaticity,0,is_a,google/gemma-4-31b-it,"Aromaticity is a specific type of molecular quality, meaning every instance of aromaticity is necessarily an instance of a molecular quality."
LLMs4OL_MatOnto_SUB,pred,molecularquality,aromatic,0,is_a,google/gemma-4-31b-it,"Being 'aromatic' is a specific type of molecular quality, meaning every instance of aromaticity is an instance of a molecular quality."
LLMs4OL_MatOnto_SUB,pred,molecularquality,undefined stereo atom count,0,is_a,google/gemma-4-31b-it,"An 'undefined stereo atom count' is a specific type of quality associated with a molecule, making it a subclass of 'molecularquality'."
LLMs4OL_MatOnto_SUB,pred,molecularquality,acyclic,0,is_a,google/gemma-4-31b-it,"Being acyclic is a specific type of molecular quality (a property describing the lack of rings in a molecular structure), meaning every instance of acyclicity is an instance of a molecular quality."
LLMs4OL_MatOnto_SUB,pred,chemical formula,molecular formula,0,is_a,google/gemma-4-31b-it,"A molecular formula is a specific type of chemical formula that indicates the exact number of atoms of each element in a molecule, meaning every molecular formula is by definition a chemical formula."
LLMs4OL_MatOnto_SUB,pred,identifier,chemical formula,1,is_a,google/gemma-4-31b-it,A chemical formula is a specific type of identifier used to represent the elemental composition of a substance.
LLMs4OL_MatOnto_SUB,pred,concentration,amount of substance concentration,0,is_a,google/gemma-4-31b-it,"An 'amount of substance concentration' is a specific type of 'concentration' (specifically one measured in moles per unit volume), meaning every instance of the former is necessarily an instance of the latter."
LLMs4OL_MatOnto_SUB,pred,angle,solid angle,0,is_a,google/gemma-4-31b-it,"A solid angle is a specific type of angle (a 3D generalization of the 2D concept), meaning every instance of a solid angle is fundamentally a type of angle."
LLMs4OL_MatOnto_SUB,pred,scaled unit,zepto scaled unit,0,is_a,google/gemma-4-31b-it,"A 'zepto scaled unit' is a specific type of 'scaled unit' (specifically one scaled by $10^{-21}$), meaning every instance of the former is necessarily an instance of the latter."
LLMs4OL_MatOnto_SUB,pred,scaled unit,peta scaled unit,0,is_a,google/gemma-4-31b-it,"A 'peta scaled unit' is a specific type of 'scaled unit' (one scaled by a factor of $10^{15}$), meaning every instance of the former is necessarily an instance of the latter."
LLMs4OL_MatOnto_SUB,pred,element,molybdenum,0,is_a,google/gemma-4-31b-it,"Molybdenum is a specific chemical element, meaning every instance of molybdenum is necessarily an instance of an element."
LLMs4OL_MatOnto_SUB,pred,element,p-block element,1,is_a,google/gemma-4-31b-it,"Every p-block element is, by definition, a chemical element."
LLMs4OL_MatOnto_SUB,pred,element,magnesium,0,is_a,google/gemma-4-31b-it,"Magnesium is a specific type of chemical element, meaning every instance of magnesium is necessarily an instance of an element."
LLMs4OL_MatOnto_SUB,pred,element,darmstadtium,0,instance_of,google/gemma-4-31b-it,"Darmstadtium is a specific chemical element, making it a member of the class of elements."
LLMs4OL_MatOnto_SUB,pred,element,scandium,0,instance_of,google/gemma-4-31b-it,"Scandium is a specific chemical element, making it a member of the class of elements."
LLMs4OL_MatOnto_SUB,pred,element,periodic table element,1,is_a,google/gemma-4-31b-it,"Every periodic table element is, by definition, a chemical element."
LLMs4OL_MatOnto_SUB,pred,element,promethium,0,is_a,google/gemma-4-31b-it,"Promethium is a specific type of chemical element, meaning every instance of promethium is necessarily an instance of an element."
LLMs4OL_MatOnto_SUB,pred,element,xenon,0,instance_of,google/gemma-4-31b-it,"Xenon is a specific chemical element, making it a member of the class of elements."
LLMs4OL_MatOnto_SUB,pred,periodic table element,molybdenum,1,is_a,google/gemma-4-31b-it,"Molybdenum is a specific chemical element, and every instance of molybdenum is an instance of a periodic table element."
LLMs4OL_MatOnto_SUB,pred,periodic table element,p-block element,0,is_a,google/gemma-4-31b-it,"Every p-block element is, by definition, a type of periodic table element."
LLMs4OL_MatOnto_SUB,pred,periodic table element,magnesium,1,is_a,google/gemma-4-31b-it,"Magnesium is a specific chemical element, and every instance of magnesium is an instance of a periodic table element."
LLMs4OL_MatOnto_SUB,pred,periodic table element,darmstadtium,1,instance_of,google/gemma-4-31b-it,"Darmstadtium is a specific chemical element, making it a member or instance of the class of periodic table elements."
LLMs4OL_MatOnto_SUB,pred,periodic table element,scandium,1,instance_of,google/gemma-4-31b-it,"Scandium is a specific chemical element, making it a unique individual instance of the class of periodic table elements."
LLMs4OL_MatOnto_SUB,pred,periodic table element,promethium,1,instance_of,google/gemma-4-31b-it,"Promethium is a specific chemical element, making it a unique individual instance of the class of periodic table elements."
LLMs4OL_MatOnto_SUB,pred,periodic table element,xenon,1,instance_of,google/gemma-4-31b-it,"Xenon is a specific chemical element, making it a unique individual instance of the class of periodic table elements."
LLMs4OL_MatOnto_SUB,pred,material,homogeneous mixture,1,is_a,google/gemma-4-31b-it,"A homogeneous mixture is a specific type of material (a substance with uniform properties throughout), meaning every instance of a homogeneous mixture is necessarily an instance of a material."
LLMs4OL_MatOnto_SUB,pred,material,solution,1,is_a,google/gemma-4-31b-it,"A solution is a specific type of material (specifically a liquid mixture), meaning every instance of a solution is also an instance of a material."
LLMs4OL_MatOnto_SUB,pred,material,mixture,1,is_a,google/gemma-4-31b-it,"A mixture is a specific type of material (a substance composed of two or more constituent materials), meaning every mixture is necessarily a material."
LLMs4OL_MatOnto_SUB,pred,material,ceramic material,0,is_a,google/gemma-4-31b-it,"Every ceramic material is, by definition, a type of material."
LLMs4OL_MatOnto_SUB,pred,material,xenon,1,is_a,google/gemma-4-31b-it,"Xenon is a chemical element, and all chemical elements are types of materials."
LLMs4OL_MatOnto_SUB,pred,material,object,1,made_of,google/gemma-4-31b-it,"An object is not a kind of material, but is rather constituted from materials."
LLMs4OL_MatOnto_SUB,pred,ion,anion,0,is_a,google/gemma-4-31b-it,"An anion is by definition a type of ion (specifically a negatively charged one), meaning every anion is necessarily an ion."
LLMs4OL_MatOnto_SUB,pred,p-block element,gallium atom,1,is_a,google/gemma-4-31b-it,A gallium atom is a specific instance of an atom of an element that belongs to the p-block of the periodic table.
LLMs4OL_MatOnto_SUB,pred,p-block element,tellurium atom,1,is_a,google/gemma-4-31b-it,"A tellurium atom is a specific physical instance of an atom of the element tellurium, which is a type of p-block element; however, in a strict ontological sense, an 'atom' is a physical entity while a 'p-block element' is a chemical category/class of elements."
LLMs4OL_MatOnto_SUB,pred,p-block element,xenon,1,instance_of,google/gemma-4-31b-it,Xenon is a specific chemical element that belongs to the class of p-block elements.
LLMs4OL_MatOnto_SUB,pred,carbon allotrope,chaoite,0,is_a,google/gemma-4-31b-it,"Chaoite is a specific mineral form of carbon, making it a type of carbon allotrope."
LLMs4OL_MatOnto_SUB,pred,carbon allotrope,fullerene,0,is_a,google/gemma-4-31b-it,"A fullerene is a specific type of carbon allotrope, meaning every fullerene is by definition a carbon allotrope."
LLMs4OL_MatOnto_SUB,pred,organic compound,imine,0,is_a,google/gemma-4-31b-it,An imine is a specific type of organic compound characterized by a carbon-nitrogen double bond.
LLMs4OL_MatOnto_SUB,pred,mixture,homogeneous mixture,0,is_a,google/gemma-4-31b-it,"Every homogeneous mixture is, by definition, a type of mixture."
LLMs4OL_MatOnto_SUB,pred,mixture,solution,0,is_a,google/gemma-4-31b-it,"A solution is a specific type of mixture (specifically a homogeneous one), meaning every solution is by definition a mixture."
LLMs4OL_MatOnto_SUB,pred,homogeneous mixture,solution,0,is_a,google/gemma-4-31b-it,"A solution is by definition a type of homogeneous mixture, meaning every instance of a solution is necessarily an instance of a homogeneous mixture."
LLMs4OL_MatOnto_SUB,pred,molecular center,chiral center,0,is_a,google/gemma-4-31b-it,"A chiral center is a specific type of molecular center (a center of asymmetry within a molecule), meaning every chiral center is by definition a molecular center."
LLMs4OL_OBI_SUB,gt,insecticide resistance by detecting enzyme activity assay,insecticide resistance by detecting glutathione s-transferase activity assay,,is_a,google/gemma-4-31b-it,"A glutathione s-transferase activity assay is a specific type of enzyme activity assay used to detect insecticide resistance, meaning every instance of the former is necessarily an instance of the latter."
LLMs4OL_OBI_SUB,gt,role,adjuvant role,,is_a,google/gemma-4-31b-it,"An 'adjuvant role' is a specific type of 'role' that a substance or entity plays in a therapeutic context, meaning every instance of an adjuvant role is necessarily an instance of a role."
LLMs4OL_OBI_SUB,gt,role,regulatory role,,is_a,google/gemma-4-31b-it,"A 'regulatory role' is a specific type of 'role' characterized by the function of regulation, meaning every instance of a regulatory role is necessarily an instance of a role."
LLMs4OL_OBI_SUB,gt,role,accessed material role,,is_a,google/gemma-4-31b-it,"An 'accessed material role' is a specific type of 'role' that a material plays when it is accessed, meaning every instance of the former is necessarily an instance of the latter."
LLMs4OL_OBI_SUB,gt,vial,test tube,,is_a,google/gemma-4-31b-it,"A test tube is a specific type of vial (a small cylindrical container), meaning every test tube is a vial, but not every vial (e.g., a medicine vial with a rubber stopper) is a test tube."
LLMs4OL_OBI_SUB,gt,assay measuring quantitative binding of an epitopemhctcr complex,assay measuring a binding constant of a t cell epitopemhctcr complex,,is_a,google/gemma-4-31b-it,An assay that measures a specific binding constant is a specific type of assay that measures quantitative binding.
LLMs4OL_OBI_SUB,gt,t cell epitope assay,assay measuring binding of a t cell epitopemhctcr complex,,is_a,google/gemma-4-31b-it,An assay measuring the binding of a T cell epitope-MHC complex is a specific type of T cell epitope assay.
LLMs4OL_OBI_SUB,gt,protein expression profiling assay,nanodroplet processing in one pot for trace samples assay,,is_a,google/gemma-4-31b-it,The 'nanodroplet processing in one pot for trace samples assay' is a specific type of 'protein expression profiling assay' designed for trace samples using a particular processing method.
LLMs4OL_OBI_SUB,gt,lymphocyte assay,lymphocyte count assay,,is_a,google/gemma-4-31b-it,"A lymphocyte count assay is a specific type of lymphocyte assay designed to quantify the cells, meaning every instance of a count assay is necessarily an instance of a lymphocyte assay."
LLMs4OL_OBI_SUB,gt,test tube,anticoagulant-containing test tube,,is_a,google/gemma-4-31b-it,"An anticoagulant-containing test tube is a specific type of test tube that has been modified or prepared with a specific additive, meaning every instance of the former is necessarily an instance of the latter."
LLMs4OL_OBI_SUB,gt,albumin assay,comprehensive metabolic panel venous blood albumin assay,,is_a,google/gemma-4-31b-it,A 'comprehensive metabolic panel venous blood albumin assay' is a specific type of 'albumin assay' performed as part of a larger panel and using a specific specimen source.
LLMs4OL_OBI_SUB,gt,family clinical history of cancer,brother clinical history of cancer,,is_a,google/gemma-4-31b-it,"A brother's clinical history of cancer is a specific type of family clinical history of cancer, as any instance of the former is necessarily an instance of the latter."
LLMs4OL_OBI_SUB,gt,regulatory role,regulator role,,is_a,google/gemma-4-31b-it,"A 'regulator role' is a specific type of 'regulatory role', meaning every instance of a regulator role is necessarily a regulatory role."
LLMs4OL_OBI_SUB,gt,epitope protection experiment,epitope protection experiment based on survival,,is_a,google/gemma-4-31b-it,"An 'epitope protection experiment based on survival' is a specific type of 'epitope protection experiment' defined by its measurement criteria (survival), meaning every instance of the former is necessarily an instance of the latter."
LLMs4OL_OBI_SUB,gt,measurement device,cytometer,,is_a,google/gemma-4-31b-it,"A cytometer is a specific type of device used for measuring the characteristics of cells, meaning every cytometer is by definition a measurement device."
LLMs4OL_OBI_SUB,gt,measurement device,multichannel pipette,,is_a,google/gemma-4-31b-it,"A multichannel pipette is a specific type of device used for measurement (specifically volume measurement), meaning every multichannel pipette is a measurement device."
LLMs4OL_OBI_SUB,gt,measurement device,spectrophotometer,,is_a,google/gemma-4-31b-it,"A spectrophotometer is a specific type of device used for measuring light intensity, meaning every spectrophotometer is by definition a measurement device."
LLMs4OL_OBI_SUB,gt,material separation device,filter paper,,is_a,google/gemma-4-31b-it,"A filter paper is a specific type of device used for the separation of materials, meaning every instance of filter paper is an instance of a material separation device."
LLMs4OL_OBI_SUB,gt,clinical history,family clinical history of cancer,,is_a,google/gemma-4-31b-it,A family clinical history of cancer is a specific type of clinical history.
LLMs4OL_OBI_SUB,gt,assay,analyte assay,,is_a,google/gemma-4-31b-it,"An 'analyte assay' is a specific type of 'assay' designed to measure a particular chemical substance (the analyte), meaning every analyte assay is by definition an assay."
LLMs4OL_OBI_SUB,gt,assay,insecticide resistance assay,,is_a,google/gemma-4-31b-it,"An insecticide resistance assay is a specific type of assay used to determine if an insect population has developed resistance to a chemical, meaning every instance of the former is necessarily an instance of the latter."
LLMs4OL_OBI_SUB,gt,assay,organism detection assay,,is_a,google/gemma-4-31b-it,"An organism detection assay is a specific type of assay designed to detect the presence of an organism, meaning every instance of the former is necessarily an instance of the latter."
LLMs4OL_OBI_SUB,gt,assay,blood assay,,is_a,google/gemma-4-31b-it,"A blood assay is a specific type of assay that is performed on blood samples, meaning every blood assay is necessarily an assay."
LLMs4OL_OBI_SUB,gt,assay,enzymatic activity level assay,,is_a,google/gemma-4-31b-it,"An enzymatic activity level assay is a specific type of assay designed to measure the activity of enzymes, meaning every instance of the former is necessarily an instance of the latter."
LLMs4OL_OBI_SUB,gt,assay,polymerase chain reaction assay,,is_a,google/gemma-4-31b-it,A polymerase chain reaction assay is a specific type of assay used to amplify and detect DNA sequences.
LLMs4OL_OBI_SUB,gt,assay,carboxyfluorescein succinimidyl ester staining assay,,is_a,google/gemma-4-31b-it,"A 'carboxyfluorescein succinimidyl ester staining assay' is a specific type of 'assay', meaning every instance of this specific staining assay is necessarily an instance of the general category of assays."
LLMs4OL_OBI_SUB,gt,assay,protein expression profiling assay,,is_a,google/gemma-4-31b-it,"A protein expression profiling assay is a specific type of assay used to measure the levels of proteins, meaning every instance of the former is necessarily an instance of the latter."
LLMs4OL_OBI_SUB,gt,function,connection function,,is_a,google/gemma-4-31b-it,"A connection function is a specific type of function designed to establish or manage a connection, meaning every connection function is necessarily a function."
LLMs4OL_OBI_SUB,gt,specimen collection process,arthropod specimen collection process,,is_a,google/gemma-4-31b-it,An 'arthropod specimen collection process' is a specific type of 'specimen collection process' where the subject being collected is an arthropod.
LLMs4OL_OBI_SUB,gt,carboxyfluorescein succinimidyl ester staining assay,carboxyfluorescein succinimidyl ester staining assay measuring epitope specific proliferation of t cells,,is_a,google/gemma-4-31b-it,"The child term describes a specific application or version of the parent assay (specifically one measuring epitope-specific T cell proliferation), meaning every instance of the specific assay is necessarily an instance of the general carboxyfluorescein succinimidyl ester staining assay."
LLMs4OL_OBI_SUB,gt,enzymatic activity level assay,5-nucleotidase activity level assay,,is_a,google/gemma-4-31b-it,A '5-nucleotidase activity level assay' is a specific type of 'enzymatic activity level assay' because 5-nucleotidase is an enzyme.
LLMs4OL_OBI_SUB,gt,live arthropod specimen collection process,adult arthropod specimen collection process,,is_a,google/gemma-4-31b-it,"Collecting an adult arthropod specimen is a specific type of collecting a live arthropod specimen, as the former is a subset of the latter defined by the life stage of the subject."
LLMs4OL_OBI_SUB,gt,container,cryostat,,other_related,google/gemma-4-31b-it,"A cryostat is a specialized piece of laboratory equipment (a device) used to maintain low temperatures, and while it may contain a sample chamber, it is not a type of container."
LLMs4OL_OBI_SUB,gt,container,vial,,is_a,google/gemma-4-31b-it,"A vial is a specific type of container used to hold liquids or powders, meaning every vial is by definition a container."
LLMs4OL_OBI_SUB,gt,arthropod specimen collection by aspiration,daytime arthropod specimen collection by aspiration,,is_a,google/gemma-4-31b-it,"Any instance of 'daytime arthropod specimen collection by aspiration' is by definition an instance of 'arthropod specimen collection by aspiration', as the former is simply the latter restricted to a specific time of day."
LLMs4OL_OBI_SUB,gt,functional assessment of individual,nose to finger assessment,,is_a,google/gemma-4-31b-it,"A 'nose to finger assessment' is a specific type of 'functional assessment of individual', meaning every instance of the former is necessarily an instance of the latter."
LLMs4OL_OBI_SUB,gt,regulator role,role of regulator of consumables and medical devices,,is_a,google/gemma-4-31b-it,"The 'role of regulator of consumables and medical devices' is a specific type of 'regulator role', meaning every instance of the former is necessarily an instance of the latter."
LLMs4OL_OBI_SUB,gt,thyroid stimulating hormone assay,venous blood thyroid stimulating hormone assay,,is_a,google/gemma-4-31b-it,A venous blood thyroid stimulating hormone assay is a specific type of thyroid stimulating hormone assay defined by the specimen source (venous blood).
LLMs4OL_OBI_SUB,gt,measurement datum,dose,,is_a,google/gemma-4-31b-it,"A dose is a specific type of measurement datum (a value representing the amount of a substance administered), meaning every instance of a dose is necessarily an instance of a measurement datum."
LLMs4OL_OBI_SUB,gt,realizable entity,role,,is_a,google/gemma-4-31b-it,"A role is a specific type of realizable entity (something that can be played or fulfilled), meaning every instance of a role is necessarily an instance of a realizable entity."
LLMs4OL_OBI_SUB,gt,interleukin-3 production,epitope specific interleukin-3 production by t cells,,is_a,google/gemma-4-31b-it,Every instance of 'epitope specific interleukin-3 production by t cells' is by definition a specific type of 'interleukin-3 production'.
LLMs4OL_OBI_SUB,gt,independent continuant,material entity,,is_a,google/gemma-4-31b-it,"A material entity is a specific type of independent continuant (an entity that exists on its own and is not a quality or role), meaning every material entity is necessarily an independent continuant."
LLMs4OL_OBI_SUB,gt,planned process,assay,,is_a,google/gemma-4-31b-it,"An assay is a specific type of planned process used to measure or detect a substance, meaning every assay is by definition a planned process."
LLMs4OL_OBI_SUB,gt,planned process,material processing,,is_a,google/gemma-4-31b-it,"Material processing is a specific type of planned process, as any instance of processing materials is by definition a process that has been planned or designed."
LLMs4OL_OBI_SUB,gt,assay measuring binding of a t cell epitopemhctcr complex,assay measuring quantitative binding of an epitopemhctcr complex,,is_a,google/gemma-4-31b-it,"An assay that measures quantitative binding is a specific type of assay that measures binding, as quantification is a specialized subset of binding measurement."
LLMs4OL_OBI_SUB,gt,spectrophotometer,lactoscope c4,,is_a,google/gemma-4-31b-it,"A 'lactoscope c4' is a specific model or brand of spectrophotometer used for measuring lactose, meaning every instance of a lactoscope c4 is a type of spectrophotometer."
LLMs4OL_OBI_SUB,gt,data item,measurement datum,,is_a,google/gemma-4-31b-it,"A measurement datum is a specific type of data item, as any individual piece of measured data is by definition a data item."
LLMs4OL_OBI_SUB,gt,adult arthropod specimen collection process,arthropod specimen collection by aspiration,,is_a,google/gemma-4-31b-it,Collecting an arthropod specimen by aspiration is a specific method (a kind of) adult arthropod specimen collection process.
LLMs4OL_OBI_SUB,gt,analyte assay,proximity extension assay,,is_a,google/gemma-4-31b-it,A proximity extension assay is a specific type of analyte assay used to measure the concentration of proteins or other analytes.
LLMs4OL_OBI_SUB,gt,flow cytometer analyzer,lsrfortessa x-20,,instance_of,google/gemma-4-31b-it,"The 'lsrfortessa x-20' is a specific model/product of a flow cytometer analyzer, making it an individual instance of that general class."
LLMs4OL_OBI_SUB,gt,dna microarray,affymetrix rhesus macaque genome array,,instance_of,google/gemma-4-31b-it,"The 'affymetrix rhesus macaque genome array' is a specific commercial product/model of a 'dna microarray', making it a specific instance of that general class of technology."
LLMs4OL_OBI_SUB,gt,polymerase chain reaction assay,proximity extension assay,,is_a,google/gemma-4-31b-it,"A proximity extension assay (PEA) is a specific type of assay that utilizes polymerase chain reaction (PCR) for signal amplification, meaning every PEA is a form of PCR-based assay."
LLMs4OL_OBI_SUB,gt,epitope specific cytokine production by t cells,epitope specific interleukin-3 production by t cells,,is_a,google/gemma-4-31b-it,"Since Interleukin-3 is a specific type of cytokine, any instance of epitope-specific Interleukin-3 production by T cells is necessarily an instance of epitope-specific cytokine production by T cells."
LLMs4OL_OBI_SUB,gt,epitope protection experiment based on survival,in vivo assay measuring b cell epitope specific protection based on survival,,is_a,google/gemma-4-31b-it,"An 'in vivo assay measuring b cell epitope specific protection based on survival' is a specific type of 'epitope protection experiment based on survival', as it narrows the scope to a particular cell type (B cell) and a specific method (in vivo assay)."
LLMs4OL_OBI_SUB,gt,microarray,dna microarray,,is_a,google/gemma-4-31b-it,"A DNA microarray is a specific type of microarray designed to detect complementary DNA sequences, meaning every DNA microarray is by definition a microarray."
LLMs4OL_OBI_SUB,gt,alpha-beta t cell,cd4-positive alpha-beta t cell,,is_a,google/gemma-4-31b-it,"A CD4-positive alpha-beta T cell is a specific subtype of alpha-beta T cell, meaning every instance of the former is necessarily an instance of the latter."
LLMs4OL_OBI_SUB,gt,cytometer,flow cytometer,,is_a,google/gemma-4-31b-it,A flow cytometer is a specific type of cytometer used to measure the physical and chemical characteristics of cells.
LLMs4OL_OBI_SUB,gt,continuant,independent continuant,,is_a,google/gemma-4-31b-it,"In ontology (such as BFO), an independent continuant is a specific type of continuant that can exist on its own, meaning every independent continuant is by definition a continuant."
LLMs4OL_OBI_SUB,gt,material component separation,dna subtraction,,is_a,google/gemma-4-31b-it,"DNA subtraction is a specific type of process used to separate components of genetic material, making it a specialized instance of material component separation."
LLMs4OL_OBI_SUB,gt,organization,organization of specimen collector,,is_a,google/gemma-4-31b-it,An organization of a specimen collector is a specific type of organization.
LLMs4OL_OBI_SUB,gt,blood assay,venous blood thyroid stimulating hormone assay,,is_a,google/gemma-4-31b-it,"A 'venous blood thyroid stimulating hormone assay' is a specific type of 'blood assay', as every instance of the former is necessarily an instance of the latter."
LLMs4OL_OBI_SUB,gt,blood assay,comprehensive metabolic panel venous blood albumin assay,,is_a,google/gemma-4-31b-it,"A 'comprehensive metabolic panel venous blood albumin assay' is a specific type of 'blood assay', as every instance of this specific assay is by definition an instance of a blood assay."
LLMs4OL_OBI_SUB,gt,insecticide resistance assay,insecticide resistance by detecting enzyme activity assay,,is_a,google/gemma-4-31b-it,An 'insecticide resistance by detecting enzyme activity assay' is a specific type of 'insecticide resistance assay' characterized by the method used to determine resistance.
LLMs4OL_OBI_SUB,gt,processed material,device,,made_of,google/gemma-4-31b-it,"A device is a functional object typically constructed from processed materials, but it is not a type of material itself."
LLMs4OL_OBI_SUB,gt,molecular entity,tobramycin,,instance_of,google/gemma-4-31b-it,Tobramycin is a specific chemical substance (a particular molecule/drug) that belongs to the general class of molecular entities.
LLMs4OL_OBI_SUB,gt,environmental control device,cryostat,,is_a,google/gemma-4-31b-it,"A cryostat is a specific type of device used to maintain low temperatures, which is a form of environmental control."
LLMs4OL_OBI_SUB,gt,assay measuring a binding constant of a t cell epitopemhctcr complex,assay measuring the on rate kon of a t cell epitopemhctcr complex,,is_a,google/gemma-4-31b-it,"An assay that measures the on rate ($k_{on}$) is a specific type of assay that measures a binding constant, as the on rate is one of the fundamental binding constants."
LLMs4OL_OBI_SUB,gt,organism detection assay,parasite detection assay,,is_a,google/gemma-4-31b-it,"A parasite detection assay is a specific type of organism detection assay, as parasites are a subset of organisms."
LLMs4OL_OBI_SUB,gt,arthropod specimen collection process,live arthropod specimen collection process,,is_a,google/gemma-4-31b-it,A 'live arthropod specimen collection process' is a specific type of 'arthropod specimen collection process' characterized by the requirement that the specimen remains alive.
LLMs4OL_OBI_SUB,gt,material combination,adding a material entity into a target,,is_a,google/gemma-4-31b-it,Adding a material entity into a target is a specific method or type of material combination.
LLMs4OL_OBI_SUB,gt,cytometry assay,monocyte assay,,is_a,google/gemma-4-31b-it,"A monocyte assay is a specific type of cytometry assay used to analyze monocytes, meaning every monocyte assay is a kind of cytometry assay."
LLMs4OL_OBI_SUB,gt,cytometry assay,lymphocyte assay,,is_a,google/gemma-4-31b-it,A lymphocyte assay is a specific type of cytometry assay used to analyze lymphocytes.
LLMs4OL_OBI_SUB,gt,protein,ceruloplasmin,,is_a,google/gemma-4-31b-it,"Ceruloplasmin is a specific type of protein (specifically a ferroxidase), meaning every instance of ceruloplasmin is necessarily an instance of a protein."
LLMs4OL_OBI_SUB,gt,flow cytometer,flow cytometer analyzer,,is_a,google/gemma-4-31b-it,"A 'flow cytometer analyzer' is simply a more specific term for a 'flow cytometer', as the analyzer is the primary functional type of the device."
LLMs4OL_OBI_SUB,gt,assay array,microarray,,is_a,google/gemma-4-31b-it,"A microarray is a specific type of assay array used to detect the expression of genes or other molecules, meaning every microarray is by definition an assay array."
LLMs4OL_OBI_SUB,gt,material processing,material combination,,is_a,google/gemma-4-31b-it,"Combining materials is a specific type of material processing activity, meaning every instance of material combination is necessarily an instance of material processing."
LLMs4OL_OBI_SUB,gt,material processing,material component separation,,is_a,google/gemma-4-31b-it,Separating the components of a material is a specific type of material processing.
LLMs4OL_OBI_SUB,gt,material processing,artificially induced dna repair,,is_a,google/gemma-4-31b-it,"Artificially induced DNA repair is a specific type of process used to manipulate biological material, making it a specialized form of material processing."
LLMs4OL_OBI_SUB,gt,material entity,processed material,,is_a,google/gemma-4-31b-it,"A processed material is a specific type of material entity that has undergone a transformation, meaning every instance of a processed material is necessarily an instance of a material entity."
LLMs4OL_OBI_SUB,gt,material entity,molecular entity,,is_a,google/gemma-4-31b-it,Every molecular entity (such as a protein or a small molecule) is by definition a type of material entity (a physical entity with mass and extension).
LLMs4OL_OBI_SUB,gt,device,measurement device,,is_a,google/gemma-4-31b-it,"A measurement device is a specific type of device used for the purpose of measurement, meaning every measurement device is necessarily a device."
LLMs4OL_OBI_SUB,gt,device,material separation device,,is_a,google/gemma-4-31b-it,"A material separation device is a specific type of device designed to separate materials, meaning every instance of the former is necessarily an instance of the latter."
LLMs4OL_OBI_SUB,gt,device,environmental control device,,is_a,google/gemma-4-31b-it,"An environmental control device is a specific type of device used to regulate environmental conditions, meaning every instance of the former is necessarily an instance of the latter."
LLMs4OL_OBI_SUB,gt,device,assay array,,is_a,google/gemma-4-31b-it,"An assay array is a specific type of laboratory device used to perform assays, meaning every assay array is a device."
LLMs4OL_OBI_SUB,gt,device,container,,is_a,google/gemma-4-31b-it,"A container is a specific type of device used to hold or store items, meaning every container is a device."
LLMs4OL_OBI_SUB,gt,monocyte assay,manual differential bodily fluid monocyte count assay,,is_a,google/gemma-4-31b-it,A 'manual differential bodily fluid monocyte count assay' is a specific type of 'monocyte assay' characterized by the method (manual differential) and the sample source (bodily fluid).
LLMs4OL_OBI_SUB,pred,insecticide resistance by detecting enzyme activity assay,insecticide resistance by detecting glutathione s-transferase activity assay,0,is_a,google/gemma-4-31b-it,"A glutathione S-transferase activity assay is a specific type of enzyme activity assay used to detect insecticide resistance, meaning every instance of the former is necessarily an instance of the latter."
LLMs4OL_OBI_SUB,pred,enzymatic activity level assay,insecticide resistance by detecting enzyme activity assay,1,is_a,google/gemma-4-31b-it,"An 'insecticide resistance by detecting enzyme activity assay' is a specific type of 'enzymatic activity level assay' used for a particular purpose (detecting resistance), meaning every instance of the former is necessarily an instance of the latter."
LLMs4OL_OBI_SUB,pred,enzymatic activity level assay,5-nucleotidase activity level assay,0,is_a,google/gemma-4-31b-it,A '5-nucleotidase activity level assay' is a specific type of 'enzymatic activity level assay' because 5-nucleotidase is an enzyme.
LLMs4OL_OBI_SUB,pred,enzymatic activity level assay,insecticide resistance by detecting glutathione s-transferase activity assay,1,is_a,google/gemma-4-31b-it,An assay that detects glutathione s-transferase activity is a specific type of assay used to measure enzymatic activity levels.
LLMs4OL_OBI_SUB,pred,insecticide resistance assay,insecticide resistance by detecting enzyme activity assay,0,is_a,google/gemma-4-31b-it,"An 'insecticide resistance by detecting enzyme activity assay' is a specific type of 'insecticide resistance assay', meaning every instance of the former is necessarily an instance of the latter."
LLMs4OL_OBI_SUB,pred,insecticide resistance assay,insecticide resistance by detecting glutathione s-transferase activity assay,0,is_a,google/gemma-4-31b-it,"The 'insecticide resistance by detecting glutathione s-transferase activity assay' is a specific type of 'insecticide resistance assay', as it is a specialized method within that broader category of assays."
LLMs4OL_OBI_SUB,pred,assay,insecticide resistance by detecting enzyme activity assay,0,is_a,google/gemma-4-31b-it,"An 'insecticide resistance by detecting enzyme activity assay' is a specific type of 'assay', meaning every instance of the former is necessarily an instance of the latter."
LLMs4OL_OBI_SUB,pred,assay,nanodroplet processing in one pot for trace samples assay,0,is_a,google/gemma-4-31b-it,"The term 'nanodroplet processing in one pot for trace samples assay' describes a specific type of assay, meaning every instance of this specific procedure is also an instance of the general category 'assay'."
LLMs4OL_OBI_SUB,pred,assay,assay measuring quantitative binding of an epitopemhctcr complex,1,is_a,google/gemma-4-31b-it,"An assay measuring quantitative binding of an epitope-MHC complex is a specific type of assay, meaning every instance of the former is necessarily an instance of the latter."
LLMs4OL_OBI_SUB,pred,assay,t cell epitope assay,1,is_a,google/gemma-4-31b-it,"A 't cell epitope assay' is a specific type of 'assay' used to detect or measure T cell epitopes, meaning every instance of the former is necessarily an instance of the latter."
LLMs4OL_OBI_SUB,pred,assay,protein expression profiling assay,0,is_a,google/gemma-4-31b-it,"A protein expression profiling assay is a specific type of assay used to measure the levels of proteins, meaning every instance of the former is necessarily an instance of the latter."
LLMs4OL_OBI_SUB,pred,assay,lymphocyte assay,1,is_a,google/gemma-4-31b-it,"A lymphocyte assay is a specific type of assay used to analyze lymphocytes, meaning every instance of a lymphocyte assay is necessarily an instance of an assay."
LLMs4OL_OBI_SUB,pred,assay,albumin assay,1,is_a,google/gemma-4-31b-it,"An albumin assay is a specific type of assay used to measure the concentration of albumin, meaning every instance of an albumin assay is necessarily an instance of an assay."
LLMs4OL_OBI_SUB,pred,assay,epitope protection experiment,1,is_a,google/gemma-4-31b-it,An epitope protection experiment is a specific type of laboratory assay used to determine if a particular site on a molecule is protected from modification or binding.
LLMs4OL_OBI_SUB,pred,assay,parasite detection assay,0,is_a,google/gemma-4-31b-it,"A parasite detection assay is a specific type of assay designed to detect parasites, meaning every instance of the former is necessarily an instance of the latter."
LLMs4OL_OBI_SUB,pred,assay,assay measuring epitope specific interferon-alpha production by t cells,1,is_a,google/gemma-4-31b-it,"An 'assay measuring epitope specific interferon-alpha production by t cells' is a specific type of 'assay', meaning every instance of the former is necessarily an instance of the latter."
LLMs4OL_OBI_SUB,pred,assay,carboxyfluorescein succinimidyl ester staining assay,0,is_a,google/gemma-4-31b-it,"A 'carboxyfluorescein succinimidyl ester staining assay' is a specific type of 'assay', meaning every instance of this specific staining assay is necessarily an instance of the general category of assays."
LLMs4OL_OBI_SUB,pred,assay,enzymatic activity level assay,0,is_a,google/gemma-4-31b-it,"An enzymatic activity level assay is a specific type of assay designed to measure the activity of enzymes, meaning every instance of the former is necessarily an instance of the latter."
LLMs4OL_OBI_SUB,pred,assay,proximity extension assay,0,is_a,google/gemma-4-31b-it,"A proximity extension assay is a specific type of assay used to measure protein concentrations, meaning every instance of a proximity extension assay is necessarily an instance of an assay."
LLMs4OL_OBI_SUB,pred,assay,manual differential bodily fluid monocyte count assay,1,is_a,google/gemma-4-31b-it,"A 'manual differential bodily fluid monocyte count assay' is a specific type of 'assay', meaning every instance of the former is necessarily an instance of the latter."
LLMs4OL_OBI_SUB,pred,assay,comprehensive metabolic panel venous blood albumin assay,0,is_a,google/gemma-4-31b-it,"A 'comprehensive metabolic panel venous blood albumin assay' is a specific type of 'assay', meaning every instance of the former is necessarily an instance of the latter."
LLMs4OL_OBI_SUB,pred,assay,5-nucleotidase activity level assay,0,is_a,google/gemma-4-31b-it,"A '5-nucleotidase activity level assay' is a specific type of 'assay', meaning every instance of the former is necessarily an instance of the latter."
LLMs4OL_OBI_SUB,pred,assay,thyroid stimulating hormone assay,1,is_a,google/gemma-4-31b-it,"A 'thyroid stimulating hormone assay' is a specific type of 'assay', meaning every instance of the former is necessarily an instance of the latter."
LLMs4OL_OBI_SUB,pred,assay,in vivo assay measuring b cell epitope specific protection based on survival,1,is_a,google/gemma-4-31b-it,"An 'in vivo assay measuring b cell epitope specific protection based on survival' is a specific type of 'assay', meaning every instance of the former is necessarily an instance of the latter."
LLMs4OL_OBI_SUB,pred,assay,insecticide resistance by detecting glutathione s-transferase activity assay,0,is_a,google/gemma-4-31b-it,"The 'insecticide resistance by detecting glutathione s-transferase activity assay' is a specific type of 'assay', meaning every instance of this specific assay is necessarily an instance of the general class of assays."
LLMs4OL_OBI_SUB,pred,assay,assay measuring binding of a t cell epitopemhctcr complex,1,is_a,google/gemma-4-31b-it,"An assay measuring the binding of a t cell epitope-MHC complex is a specific type of assay, meaning every instance of the former is necessarily an instance of the latter."
LLMs4OL_OBI_SUB,pred,assay,analyte assay,0,is_a,google/gemma-4-31b-it,"An 'analyte assay' is a specific type of 'assay' designed to measure a particular chemical substance (the analyte), meaning every analyte assay is by definition an assay."
LLMs4OL_OBI_SUB,pred,assay,assay measuring the on rate kon of a t cell epitopemhctcr complex,1,is_a,google/gemma-4-31b-it,"An assay measuring the on rate of a T cell epitope-MHC complex is a specific type of assay, meaning every instance of the former is necessarily an instance of the latter."
LLMs4OL_OBI_SUB,pred,assay,polymerase chain reaction assay,0,is_a,google/gemma-4-31b-it,"A polymerase chain reaction assay is a specific type of assay, meaning every instance of a PCR assay is necessarily an instance of an assay."
LLMs4OL_OBI_SUB,pred,assay,epitope protection experiment based on survival,1,is_a,google/gemma-4-31b-it,"An epitope protection experiment based on survival is a specific type of experimental procedure used to measure a biological response, which fits the definition of an assay."
LLMs4OL_OBI_SUB,pred,assay,blood assay,0,is_a,google/gemma-4-31b-it,"A blood assay is a specific type of assay that is performed on blood samples, meaning every instance of a blood assay is necessarily an instance of an assay."
LLMs4OL_OBI_SUB,pred,assay,carboxyfluorescein succinimidyl ester staining assay measuring epitope specific proliferation of t cells,0,is_a,google/gemma-4-31b-it,"The 'carboxyfluorescein succinimidyl ester staining assay measuring epitope specific proliferation of t cells' is a specific type of 'assay', meaning every instance of this specific assay is necessarily an instance of the general class of assays."
LLMs4OL_OBI_SUB,pred,assay,insecticide resistance assay,0,is_a,google/gemma-4-31b-it,"An insecticide resistance assay is a specific type of assay used to determine if an insect population has developed resistance to a chemical, meaning every instance of the former is necessarily an instance of the latter."
LLMs4OL_OBI_SUB,pred,assay,venous blood thyroid stimulating hormone assay,0,is_a,google/gemma-4-31b-it,"A 'venous blood thyroid stimulating hormone assay' is a specific type of 'assay', meaning every instance of the former is necessarily an instance of the latter."
LLMs4OL_OBI_SUB,pred,assay,assay measuring a binding constant of a t cell epitopemhctcr complex,1,is_a,google/gemma-4-31b-it,"An assay measuring a binding constant of a t cell epitopemhctcr complex is a specific type of assay, meaning every instance of the former is necessarily an instance of the latter."
LLMs4OL_OBI_SUB,pred,assay,organism detection assay,0,is_a,google/gemma-4-31b-it,"An organism detection assay is a specific type of assay designed to detect the presence of an organism, meaning every instance of the former is necessarily an instance of the latter."
LLMs4OL_OBI_SUB,pred,assay,lymphocyte count assay,1,is_a,google/gemma-4-31b-it,"A lymphocyte count assay is a specific type of assay used to measure the number of lymphocytes, meaning every instance of the former is necessarily an instance of the latter."
LLMs4OL_OBI_SUB,pred,assay,cytometry assay,1,is_a,google/gemma-4-31b-it,"A cytometry assay is a specific type of assay used to measure the characteristics of cells, meaning every instance of a cytometry assay is necessarily an instance of an assay."
LLMs4OL_OBI_SUB,pred,assay,monocyte assay,1,is_a,google/gemma-4-31b-it,"A monocyte assay is a specific type of assay designed to analyze monocytes, meaning every instance of a monocyte assay is necessarily an instance of an assay."
LLMs4OL_OBI_SUB,pred,assay,functional assessment of individual,1,other_related,google/gemma-4-31b-it,"A functional assessment of an individual is a broad evaluative process that may utilize various assays as tools, but it is not a type of assay itself."
LLMs4OL_OBI_SUB,pred,assay,epitope specific cytokine production by t cells,1,attribute_of,google/gemma-4-31b-it,"'Epitope specific cytokine production by t cells' is a biological process or phenomenon being measured, whereas an 'assay' is the experimental procedure used to measure that process."
LLMs4OL_OBI_SUB,pred,assay,epitope specific interleukin-3 production by t cells,1,attribute_of,google/gemma-4-31b-it,"The term 'epitope specific interleukin-3 production by t cells' describes a biological process or phenomenon, whereas an 'assay' is a laboratory procedure used to measure such a phenomenon."
LLMs4OL_OBI_SUB,pred,planned process,insecticide resistance by detecting enzyme activity assay,0,is_a,google/gemma-4-31b-it,"An assay is a specific type of planned process (a structured procedure), meaning every instance of this specific insecticide resistance assay is also an instance of a planned process."
LLMs4OL_OBI_SUB,pred,planned process,nanodroplet processing in one pot for trace samples assay,0,is_a,google/gemma-4-31b-it,The term 'nanodroplet processing in one pot for trace samples assay' describes a specific type of planned laboratory procedure or process.
LLMs4OL_OBI_SUB,pred,planned process,assay measuring quantitative binding of an epitopemhctcr complex,1,is_a,google/gemma-4-31b-it,"An assay measuring quantitative binding is a specific type of assay, and since 'assay' is listed as a child of 'planned process', the specific assay is also a kind of planned process through transitive subsumption."
LLMs4OL_OBI_SUB,pred,planned process,t cell epitope assay,1,is_a,google/gemma-4-31b-it,"A 't cell epitope assay' is a specific type of assay, and since 'assay' is listed as a child of 'planned process', a 't cell epitope assay' is by transitive property a kind of planned process."
LLMs4OL_OBI_SUB,pred,planned process,protein expression profiling assay,0,is_a,google/gemma-4-31b-it,"A protein expression profiling assay is a specific type of planned process (a structured sequence of operations), meaning every instance of the assay is also an instance of a planned process."
LLMs4OL_OBI_SUB,pred,planned process,lymphocyte assay,1,is_a,google/gemma-4-31b-it,"A lymphocyte assay is a specific type of assay, and since assays are types of planned processes, every lymphocyte assay is necessarily a planned process."
LLMs4OL_OBI_SUB,pred,planned process,albumin assay,1,is_a,google/gemma-4-31b-it,"An albumin assay is a specific type of assay, and an assay is a type of planned process, meaning every albumin assay is necessarily a planned process."
LLMs4OL_OBI_SUB,pred,planned process,epitope protection experiment,1,is_a,google/gemma-4-31b-it,"An 'epitope protection experiment' is a specific type of 'planned process' (specifically a scientific procedure), meaning every instance of the experiment is also an instance of a planned process."
LLMs4OL_OBI_SUB,pred,planned process,parasite detection assay,0,is_a,google/gemma-4-31b-it,"A parasite detection assay is a specific type of planned process (specifically a laboratory procedure), meaning every instance of the assay is also an instance of a planned process."
LLMs4OL_OBI_SUB,pred,planned process,assay,0,is_a,google/gemma-4-31b-it,"An assay is a specific type of planned process used to measure or detect a substance, meaning every assay is by definition a planned process."
LLMs4OL_OBI_SUB,pred,planned process,daytime arthropod specimen collection by aspiration,1,is_a,google/gemma-4-31b-it,"Collecting arthropod specimens by aspiration during the day is a specific type of process that is planned, meaning every instance of this specific collection method is also an instance of a planned process."
LLMs4OL_OBI_SUB,pred,planned process,assay measuring epitope specific interferon-alpha production by t cells,1,is_a,google/gemma-4-31b-it,"An assay measuring epitope specific interferon-alpha production by t cells is a specific type of assay, and since 'assay' is listed as a child of 'planned process', the specific assay is also a kind of planned process."
LLMs4OL_OBI_SUB,pred,planned process,specimen collection process,1,is_a,google/gemma-4-31b-it,"A specimen collection process is a specific type of process that is planned and executed, fitting the definition of a proper subsumption."
LLMs4OL_OBI_SUB,pred,planned process,carboxyfluorescein succinimidyl ester staining assay,0,is_a,google/gemma-4-31b-it,"A 'carboxyfluorescein succinimidyl ester staining assay' is a specific type of laboratory procedure, and a laboratory procedure is a kind of planned process."
LLMs4OL_OBI_SUB,pred,planned process,enzymatic activity level assay,0,is_a,google/gemma-4-31b-it,An enzymatic activity level assay is a specific type of planned process used to measure biological activity.
LLMs4OL_OBI_SUB,pred,planned process,proximity extension assay,0,is_a,google/gemma-4-31b-it,"A proximity extension assay is a specific type of laboratory procedure, and since a laboratory procedure is a kind of planned process, the subsumption holds."
LLMs4OL_OBI_SUB,pred,planned process,manual differential bodily fluid monocyte count assay,1,is_a,google/gemma-4-31b-it,"A 'manual differential bodily fluid monocyte count assay' is a specific type of assay, and since 'assay' is listed as a child of 'planned process', the specific assay is by transitive property a kind of planned process."
LLMs4OL_OBI_SUB,pred,planned process,live arthropod specimen collection process,1,is_a,google/gemma-4-31b-it,"A 'live arthropod specimen collection process' is a specific type of process that is planned, meaning every instance of the former is necessarily an instance of a planned process."
LLMs4OL_OBI_SUB,pred,planned process,arthropod specimen collection by aspiration,1,is_a,google/gemma-4-31b-it,"Collecting an arthropod specimen by aspiration is a specific type of process that is planned, meaning every instance of this collection method is also an instance of a planned process."
LLMs4OL_OBI_SUB,pred,planned process,comprehensive metabolic panel venous blood albumin assay,0,is_a,google/gemma-4-31b-it,"A comprehensive metabolic panel venous blood albumin assay is a specific type of planned process (specifically a diagnostic procedure), meaning every instance of this assay is an instance of a planned process."
LLMs4OL_OBI_SUB,pred,planned process,5-nucleotidase activity level assay,0,is_a,google/gemma-4-31b-it,"An assay is a specific type of planned process (a procedure designed to achieve a result), meaning every instance of a 5-nucleotidase activity level assay is also an instance of a planned process."
LLMs4OL_OBI_SUB,pred,planned process,functional assessment of individual,1,is_a,google/gemma-4-31b-it,"A functional assessment of an individual is a specific type of planned process, as it is a structured procedure designed to evaluate function."
LLMs4OL_OBI_SUB,pred,planned process,thyroid stimulating hormone assay,1,is_a,google/gemma-4-31b-it,"A thyroid stimulating hormone assay is a specific type of assay, and since an assay is a planned process, the assay is a subclass of planned process."
LLMs4OL_OBI_SUB,pred,planned process,artificially induced dna repair,0,is_a,google/gemma-4-31b-it,"Artificially induced DNA repair is a specific type of process that is planned by an operator, making it a subclass of planned processes."
LLMs4OL_OBI_SUB,pred,planned process,dna subtraction,0,is_a,google/gemma-4-31b-it,"DNA subtraction is a specific type of planned process used in laboratory procedures, meaning every instance of DNA subtraction is necessarily an instance of a planned process."
LLMs4OL_OBI_SUB,pred,planned process,in vivo assay measuring b cell epitope specific protection based on survival,1,is_a,google/gemma-4-31b-it,"An 'in vivo assay measuring b cell epitope specific protection based on survival' is a specific type of assay, and since 'assay' is listed as a child of 'planned process', the specific assay is by extension a kind of planned process."
LLMs4OL_OBI_SUB,pred,planned process,insecticide resistance by detecting glutathione s-transferase activity assay,0,is_a,google/gemma-4-31b-it,An assay for detecting glutathione s-transferase activity is a specific type of planned process (a protocol or procedure).
LLMs4OL_OBI_SUB,pred,planned process,assay measuring binding of a t cell epitopemhctcr complex,1,is_a,google/gemma-4-31b-it,"An assay measuring the binding of a T cell epitope-MHC complex is a specific type of assay, and since assays are categorized here as planned processes, the child is a specialized instance of the parent class."
LLMs4OL_OBI_SUB,pred,planned process,adult arthropod specimen collection process,1,is_a,google/gemma-4-31b-it,"An 'adult arthropod specimen collection process' is a specific type of process that is planned, meaning every instance of the former is necessarily an instance of a planned process."
LLMs4OL_OBI_SUB,pred,planned process,analyte assay,0,is_a,google/gemma-4-31b-it,"An analyte assay is a specific type of planned process used to measure a substance, meaning every instance of an analyte assay is necessarily an instance of a planned process."
LLMs4OL_OBI_SUB,pred,planned process,assay measuring the on rate kon of a t cell epitopemhctcr complex,1,is_a,google/gemma-4-31b-it,"An assay measuring the on rate of a T cell epitope-MHC complex is a specific type of assay, and since 'assay' is listed as a child of 'planned process', the specific assay is by transitive property a kind of planned process."
LLMs4OL_OBI_SUB,pred,planned process,polymerase chain reaction assay,0,is_a,google/gemma-4-31b-it,A polymerase chain reaction assay is a specific type of planned process used in laboratory settings to amplify DNA.
LLMs4OL_OBI_SUB,pred,planned process,epitope protection experiment based on survival,1,is_a,google/gemma-4-31b-it,"An 'epitope protection experiment based on survival' is a specific type of experimental procedure, and since all such experiments are planned processes, the subsumption holds."
LLMs4OL_OBI_SUB,pred,planned process,material component separation,0,is_a,google/gemma-4-31b-it,"'Material component separation' is a specific type of 'planned process', as it describes a particular method of executing a planned procedure."
LLMs4OL_OBI_SUB,pred,planned process,blood assay,0,is_a,google/gemma-4-31b-it,"A blood assay is a specific type of planned process used to analyze blood samples, meaning every instance of a blood assay is necessarily an instance of a planned process."
LLMs4OL_OBI_SUB,pred,planned process,carboxyfluorescein succinimidyl ester staining assay measuring epitope specific proliferation of t cells,0,is_a,google/gemma-4-31b-it,"A specific staining assay is a type of planned process (a procedure designed to be executed), meaning every instance of this assay is necessarily an instance of a planned process."
LLMs4OL_OBI_SUB,pred,planned process,insecticide resistance assay,0,is_a,google/gemma-4-31b-it,An insecticide resistance assay is a specific type of planned process used to evaluate biological responses.
LLMs4OL_OBI_SUB,pred,planned process,venous blood thyroid stimulating hormone assay,0,is_a,google/gemma-4-31b-it,"A venous blood thyroid stimulating hormone assay is a specific type of planned process (a procedure or protocol), meaning every instance of this assay is necessarily an instance of a planned process."
LLMs4OL_OBI_SUB,pred,planned process,assay measuring a binding constant of a t cell epitopemhctcr complex,1,is_a,google/gemma-4-31b-it,"An assay measuring a binding constant is a specific type of assay, and since 'assay' is listed as a child of 'planned process', the specific assay is also a kind of planned process through transitive subsumption."
LLMs4OL_OBI_SUB,pred,planned process,adding a material entity into a target,0,is_a,google/gemma-4-31b-it,"Adding a material entity into a target is a specific type of planned process, as it describes a deliberate procedural action."
LLMs4OL_OBI_SUB,pred,planned process,organism detection assay,0,is_a,google/gemma-4-31b-it,An organism detection assay is a specific type of planned process used to identify the presence of an organism.
LLMs4OL_OBI_SUB,pred,planned process,lymphocyte count assay,1,is_a,google/gemma-4-31b-it,"A lymphocyte count assay is a specific type of assay, and since 'assay' is listed as a child of 'planned process', a lymphocyte count assay is by transitive property a kind of planned process."
LLMs4OL_OBI_SUB,pred,planned process,arthropod specimen collection process,1,is_a,google/gemma-4-31b-it,"An arthropod specimen collection process is a specific type of process that is planned, meaning every instance of the former is necessarily an instance of the latter."
LLMs4OL_OBI_SUB,pred,planned process,material combination,0,part_of,google/gemma-4-31b-it,"A 'material combination' is a specific step or component within a 'planned process' (such as an assay or protocol), but it is not a type of process itself."
LLMs4OL_OBI_SUB,pred,planned process,cytometry assay,1,is_a,google/gemma-4-31b-it,"A cytometry assay is a specific type of assay, and an assay is a type of planned process, meaning every cytometry assay is necessarily a planned process."
LLMs4OL_OBI_SUB,pred,planned process,material processing,0,is_a,google/gemma-4-31b-it,"Material processing is a specific type of planned process, as any instance of processing materials is by definition a process that has been planned or designed."
LLMs4OL_OBI_SUB,pred,planned process,nose to finger assessment,1,is_a,google/gemma-4-31b-it,"A 'nose to finger assessment' is a specific type of clinical procedure or assay, and therefore it is a kind of 'planned process'."
LLMs4OL_OBI_SUB,pred,planned process,monocyte assay,1,is_a,google/gemma-4-31b-it,"A monocyte assay is a specific type of assay, and since an assay is a kind of planned process, every monocyte assay is by definition a planned process."
LLMs4OL_OBI_SUB,pred,planned process,epitope specific cytokine production by t cells,1,other_related,google/gemma-4-31b-it,"The biological process of cytokine production by T cells is a natural physiological response, whereas a 'planned process' (as evidenced by the other children like 'assay' and 'staining') refers to an experimental procedure or protocol designed by a researcher."
LLMs4OL_OBI_SUB,pred,planned process,epitope specific interleukin-3 production by t cells,1,other_related,google/gemma-4-31b-it,"The production of interleukin-3 by T cells is a biological process, whereas a 'planned process' in this context refers to an experimental procedure or assay (as evidenced by the other children like 'blood assay'), making the biological event a subject of the planned process rather than a type of it."
LLMs4OL_OBI_SUB,pred,role,adjuvant role,0,is_a,google/gemma-4-31b-it,"An 'adjuvant role' is a specific type of 'role', meaning every instance of an adjuvant role is necessarily an instance of a role."
LLMs4OL_OBI_SUB,pred,role,regulatory role,0,is_a,google/gemma-4-31b-it,"A 'regulatory role' is a specific type of 'role' characterized by the function of regulation, meaning every instance of a regulatory role is necessarily an instance of a role."
LLMs4OL_OBI_SUB,pred,role,accessed material role,0,is_a,google/gemma-4-31b-it,"An 'accessed material role' is a specific type of 'role' that a material plays when it is accessed, meaning every instance of the former is necessarily an instance of the latter."
LLMs4OL_OBI_SUB,pred,role,regulator role,0,is_a,google/gemma-4-31b-it,"A 'regulator role' is a specific type of 'role', meaning every instance of a regulator role is necessarily an instance of a role."
LLMs4OL_OBI_SUB,pred,role,role of regulator of consumables and medical devices,0,is_a,google/gemma-4-31b-it,"The concept 'role of regulator of consumables and medical devices' is a specific type of 'role', meaning every instance of this specific regulatory role is necessarily an instance of the general category of roles."
LLMs4OL_OBI_SUB,pred,regulatory role,role of regulator of consumables and medical devices,0,is_a,google/gemma-4-31b-it,"The 'role of regulator of consumables and medical devices' is a specific type of 'regulatory role', meaning every instance of the former is necessarily an instance of the latter."
LLMs4OL_OBI_SUB,pred,regulator role,role of regulator of consumables and medical devices,0,is_a,google/gemma-4-31b-it,"The 'role of regulator of consumables and medical devices' is a specific type of 'regulator role', meaning every instance of the former is necessarily an instance of the latter."
LLMs4OL_OBI_SUB,pred,realizable entity,role,0,is_a,google/gemma-4-31b-it,"In ontology and taxonomy standards (such as BFO), a 'role' is defined as a type of 'realizable entity' because it is a potentiality that can be realized by a bearer."
LLMs4OL_OBI_SUB,pred,realizable entity,adjuvant role,0,is_a,google/gemma-4-31b-it,"An adjuvant role is a specific type of role, and since a role is a kind of realizable entity, every instance of an adjuvant role is necessarily an instance of a realizable entity."
LLMs4OL_OBI_SUB,pred,realizable entity,regulatory role,0,is_a,google/gemma-4-31b-it,"A regulatory role is a specific type of realizable entity (a concept that can be played or fulfilled by an object), making this a proper subsumption."
LLMs4OL_OBI_SUB,pred,realizable entity,function,1,is_a,google/gemma-4-31b-it,"In ontology frameworks (such as BFO), a 'function' is a specific type of 'realizable entity' (alongside roles and dispositions), meaning every function is by definition a realizable entity."
LLMs4OL_OBI_SUB,pred,realizable entity,accessed material role,0,is_a,google/gemma-4-31b-it,"An 'accessed material role' is a specific type of 'realizable entity' (specifically a role that can be played by an entity), meaning every instance of the former is necessarily an instance of the latter."
LLMs4OL_OBI_SUB,pred,realizable entity,regulator role,0,is_a,google/gemma-4-31b-it,"A 'regulator role' is a specific type of 'realizable entity' (a category often used in ontologies like BFO to describe roles that can be played by an entity), meaning every instance of a regulator role is necessarily a realizable entity."
LLMs4OL_OBI_SUB,pred,realizable entity,role of regulator of consumables and medical devices,0,is_a,google/gemma-4-31b-it,"The 'role of regulator of consumables and medical devices' is a specific type of 'realizable entity' (as roles are entities that can be played or realized), making this a proper subsumption."
LLMs4OL_OBI_SUB,pred,realizable entity,connection function,1,is_a,google/gemma-4-31b-it,"A 'connection function' is a specific type of function that can be realized by a physical entity, making it a kind of 'realizable entity' (a concept that can be instantiated by a material object)."
LLMs4OL_OBI_SUB,pred,continuant,role,1,attribute_of,google/gemma-4-31b-it,"In Basic Formal Ontology (BFO), a role is a type of realizable entity that is realized by a continuant, but a role itself is not a continuant."
LLMs4OL_OBI_SUB,pred,continuant,lactoscope c4,0,is_a,google/gemma-4-31b-it,"A lactoscope is a physical object (a measurement device), and in ontological frameworks like BFO, all physical objects are types of continuants."
LLMs4OL_OBI_SUB,pred,continuant,vial,0,is_a,google/gemma-4-31b-it,"In formal ontology (such as BFO), a continuant is any entity that persists through time, and since a vial is a physical object, it is by definition a type of continuant."
LLMs4OL_OBI_SUB,pred,continuant,multichannel pipette,0,is_a,google/gemma-4-31b-it,"In the context of formal ontologies (like BFO), a 'continuant' is an entity that persists through time, and since a multichannel pipette is a physical object (a material entity), it is a type of continuant."
LLMs4OL_OBI_SUB,pred,continuant,test tube,0,is_a,google/gemma-4-31b-it,"In formal ontology (such as BFO), a 'continuant' is an entity that persists through time, and a 'test tube' is a physical object that fits this definition."
LLMs4OL_OBI_SUB,pred,continuant,adjuvant role,1,unrelated,google/gemma-4-31b-it,"In Basic Formal Ontology (BFO), a 'role' (such as an adjuvant role) is a type of 'realizable entity' (occurrent), whereas a 'continuant' is a separate top-level category; therefore, a role is not a kind of continuant."
LLMs4OL_OBI_SUB,pred,continuant,family clinical history of cancer,1,attribute_of,google/gemma-4-31b-it,"A 'family clinical history of cancer' is a piece of information or a record (an attribute/property) regarding a person's lineage, whereas a 'continuant' (as evidenced by the other children like devices and arrays) refers to a physical entity that persists through time."
LLMs4OL_OBI_SUB,pred,continuant,lsrfortessa x-20,0,instance_of,google/gemma-4-31b-it,"The 'lsrfortessa x-20' is a specific model/individual product of a flow cytometer, whereas 'continuant' is a broad ontological class of entities that persist through time."
LLMs4OL_OBI_SUB,pred,continuant,regulatory role,1,unrelated,google/gemma-4-31b-it,"In Basic Formal Ontology (BFO), a 'role' (such as a regulatory role) is a 'realizable entity' (occurrent), whereas a 'continuant' is an entity that persists through time; these are mutually exclusive top-level categories."
LLMs4OL_OBI_SUB,pred,continuant,ceruloplasmin,1,is_a,google/gemma-4-31b-it,"In Basic Formal Ontology (BFO), a 'continuant' is a top-level category for any entity that persists through time, which includes all proteins and physical objects."
LLMs4OL_OBI_SUB,pred,continuant,anticoagulant-containing test tube,0,is_a,google/gemma-4-31b-it,"An anticoagulant-containing test tube is a type of physical object that persists through time, which is the definition of a continuant in ontological frameworks (like BFO)."
LLMs4OL_OBI_SUB,pred,continuant,organization of specimen collector,1,is_a,google/gemma-4-31b-it,"In Basic Formal Ontology (BFO), a 'continuant' is a top-level entity that persists through time, and since an 'organization' is a type of continuant, any 'organization of specimen collector' is necessarily a continuant."
LLMs4OL_OBI_SUB,pred,continuant,measurement device,0,is_a,google/gemma-4-31b-it,"A measurement device is a type of physical entity that persists through time, which fits the definition of a continuant in ontological frameworks (like BFO)."
LLMs4OL_OBI_SUB,pred,continuant,material separation device,0,is_a,google/gemma-4-31b-it,"A material separation device is a type of physical object that persists through time, which fits the definition of a continuant in ontological frameworks (like BFO)."
LLMs4OL_OBI_SUB,pred,continuant,function,1,attribute_of,google/gemma-4-31b-it,"A function is a role or purpose performed by a continuant (such as a device or organ), rather than being a type of continuant itself."
LLMs4OL_OBI_SUB,pred,continuant,container,0,is_a,google/gemma-4-31b-it,"In ontology and formal taxonomy (such as BFO), a continuant is any entity that persists through time, and since a container is a physical object that persists, every container is necessarily a continuant."
LLMs4OL_OBI_SUB,pred,continuant,brother clinical history of cancer,1,unrelated,google/gemma-4-31b-it,"A clinical history is a record or a state of affairs (an occurrent/event-based concept), whereas a continuant is an entity that persists through time (like a device or a container), making the two concepts fundamentally different categories of existence."
LLMs4OL_OBI_SUB,pred,continuant,accessed material role,1,attribute_of,google/gemma-4-31b-it,"A role is a quality or function that a continuant (such as a material or device) bears, rather than being a type of continuant itself."
LLMs4OL_OBI_SUB,pred,continuant,regulator role,1,attribute_of,google/gemma-4-31b-it,"A 'regulator role' is a functional role that is played by a continuant (such as a protein or molecule), but the role itself is not a kind of continuant."
LLMs4OL_OBI_SUB,pred,continuant,cd4-positive alpha-beta t cell,1,is_a,google/gemma-4-31b-it,"In basic ontological frameworks (like BFO), a 'continuant' is any entity that persists through time, which encompasses all physical objects including biological cells."
LLMs4OL_OBI_SUB,pred,continuant,realizable entity,1,is_a,google/gemma-4-31b-it,"In formal ontologies (like BFO), a 'realizable entity' (a disposition or role) is a type of 'continuant' because it is an entity that persists through time, even though it is not currently manifesting its function."
LLMs4OL_OBI_SUB,pred,continuant,cryostat,0,is_a,google/gemma-4-31b-it,"A cryostat is a physical object (a material entity), and in formal ontologies (like BFO), all physical objects are types of continuants."
LLMs4OL_OBI_SUB,pred,continuant,independent continuant,0,is_a,google/gemma-4-31b-it,"In ontology (such as BFO), an independent continuant is a specific type of continuant that can exist on its own, meaning every independent continuant is by definition a continuant."
LLMs4OL_OBI_SUB,pred,continuant,spectrophotometer,0,is_a,google/gemma-4-31b-it,"In the context of formal ontologies (like BFO), a 'continuant' is an entity that persists through time, and a 'spectrophotometer' is a physical object that fits this definition."
LLMs4OL_OBI_SUB,pred,continuant,flow cytometer analyzer,0,is_a,google/gemma-4-31b-it,"A flow cytometer analyzer is a physical object (a material entity), and in formal ontologies (like BFO), a continuant is any entity that persists through time, which encompasses all physical objects."
LLMs4OL_OBI_SUB,pred,continuant,dna microarray,0,is_a,google/gemma-4-31b-it,"A dna microarray is a physical object (a material entity), and in ontological frameworks like BFO, all physical objects are types of continuants."
LLMs4OL_OBI_SUB,pred,continuant,microarray,0,is_a,google/gemma-4-31b-it,"In basic ontological frameworks (like BFO), a 'continuant' is any entity that persists through time, and since a 'microarray' is a physical object (a material entity/device), it is by definition a type of continuant."
LLMs4OL_OBI_SUB,pred,continuant,alpha-beta t cell,1,is_a,google/gemma-4-31b-it,"In basic ontology (such as BFO), a 'continuant' is any entity that persists through time, which includes all physical objects like cells, devices, and arrays."
LLMs4OL_OBI_SUB,pred,continuant,dose,1,attribute_of,google/gemma-4-31b-it,"A 'dose' is a measurement or quantity associated with a substance or treatment, whereas a 'continuant' is an entity that persists through time (like the devices and containers listed); therefore, a dose is an attribute or measurement of a continuant rather than a type of continuant."
LLMs4OL_OBI_SUB,pred,continuant,tobramycin,0,is_a,google/gemma-4-31b-it,"Tobramycin is a specific chemical substance, which is a type of material entity, and therefore falls under the broad ontological category of a continuant (an entity that persists through time)."
LLMs4OL_OBI_SUB,pred,continuant,cytometer,0,is_a,google/gemma-4-31b-it,"In basic ontological frameworks (like BFO), a 'continuant' is any entity that persists through time, and since a 'cytometer' is a physical object (a device), it is by definition a type of continuant."
LLMs4OL_OBI_SUB,pred,continuant,clinical history,1,attribute_of,google/gemma-4-31b-it,"A clinical history is a record or a set of attributes describing a patient's medical past, not a physical object or a persistent entity (continuant) like the other items listed under that category."
LLMs4OL_OBI_SUB,pred,continuant,measurement datum,1,attribute_of,google/gemma-4-31b-it,"A measurement datum is a piece of information (an attribute or value) derived from an entity, whereas a continuant is a physical or conceptual entity that persists through time (like the devices listed); therefore, the datum is a property or measurement of a continuant, not a type of continuant."
LLMs4OL_OBI_SUB,pred,continuant,data item,1,is_a,google/gemma-4-31b-it,"In the context of formal ontologies (like BFO), a 'continuant' is an entity that persists through time, and a 'data item' is an informational entity that fits this definition."
LLMs4OL_OBI_SUB,pred,continuant,role of regulator of consumables and medical devices,1,attribute_of,google/gemma-4-31b-it,"In Basic Formal Ontology (BFO), a 'role' is a type of 'realizable entity' (occurrent), whereas a 'continuant' is an entity that persists through time; since a role is not a kind of continuant, but rather something that a continuant *bears*, the relation is one of attribution."
LLMs4OL_OBI_SUB,pred,continuant,organization,1,is_a,google/gemma-4-31b-it,"In formal ontology (such as BFO), a continuant is an entity that persists through time, and an organization is a type of social entity that persists through time, making it a subclass of continuant."
LLMs4OL_OBI_SUB,pred,continuant,processed material,0,is_a,google/gemma-4-31b-it,"A processed material is a type of material entity, and a material entity is a type of independent continuant, which in turn is a type of continuant; therefore, every processed material is necessarily a continuant."
LLMs4OL_OBI_SUB,pred,continuant,connection function,1,attribute_of,google/gemma-4-31b-it,"A 'connection function' is a process or role (an occurrent), whereas a 'continuant' is an entity that persists through time (like the devices listed), making the function an attribute or property of the entity it serves."
LLMs4OL_OBI_SUB,pred,continuant,molecular entity,0,is_a,google/gemma-4-31b-it,"In formal ontologies (like BFO), a molecular entity is a type of material entity, which is a type of independent continuant, and therefore every molecular entity is by definition a continuant."
LLMs4OL_OBI_SUB,pred,continuant,environmental control device,0,is_a,google/gemma-4-31b-it,"An environmental control device is a type of physical object that persists through time, which fits the definition of a continuant in ontological frameworks (like BFO)."
LLMs4OL_OBI_SUB,pred,continuant,affymetrix rhesus macaque genome array,0,is_a,google/gemma-4-31b-it,"An 'affymetrix rhesus macaque genome array' is a specific type of physical object (a material entity), and in ontological frameworks like BFO, all physical objects are types of continuants."
LLMs4OL_OBI_SUB,pred,continuant,protein,1,is_a,google/gemma-4-31b-it,"In formal ontologies (like BFO), a 'continuant' is an entity that persists through time, and since a protein is a physical entity that exists over a duration, it is a type of continuant."
LLMs4OL_OBI_SUB,pred,continuant,flow cytometer,0,is_a,google/gemma-4-31b-it,"In Basic Formal Ontology (BFO), a 'continuant' is a top-level entity that persists through time, and a 'flow cytometer' (as a device/material entity) is a specific type of entity that fits this definition."
LLMs4OL_OBI_SUB,pred,continuant,filter paper,0,is_a,google/gemma-4-31b-it,"In the context of formal ontologies (like BFO), a 'continuant' is any entity that persists through time, and since 'filter paper' is a physical object, it is a type of continuant."
LLMs4OL_OBI_SUB,pred,continuant,material entity,0,is_a,google/gemma-4-31b-it,"In formal ontologies (such as BFO), a material entity is a specific type of continuant that has a boundary and is composed of material, meaning every material entity is necessarily a continuant."
LLMs4OL_OBI_SUB,pred,continuant,device,0,is_a,google/gemma-4-31b-it,"In ontological frameworks (like BFO), a 'device' is a type of material entity, which is a type of independent continuant, and therefore every device is by definition a continuant."
LLMs4OL_OBI_SUB,pred,continuant,material combination,1,unrelated,google/gemma-4-31b-it,"A 'material combination' is a process or result of combining materials, whereas a 'continuant' is an entity that persists through time (like the devices and containers listed); therefore, a process is not a kind of persistent entity."
LLMs4OL_OBI_SUB,pred,continuant,assay array,0,is_a,google/gemma-4-31b-it,"An assay array is a type of material entity that persists through time, making it a specific kind of continuant."
LLMs4OL_OBI_SUB,pred,spectrophotometer,lactoscope c4,0,instance_of,google/gemma-4-31b-it,A 'lactoscope c4' is a specific model or individual instance of a spectrophotometer used for measuring lactose.
LLMs4OL_OBI_SUB,pred,measurement device,lactoscope c4,0,instance_of,google/gemma-4-31b-it,"The 'lactoscope c4' is a specific model or product version of a measurement device (specifically a spectrophotometer), making it a specific individual instance of that class."
LLMs4OL_OBI_SUB,pred,measurement device,multichannel pipette,0,is_a,google/gemma-4-31b-it,"A multichannel pipette is a specific type of device used for measuring and transferring liquid volumes, meaning every multichannel pipette is a measurement device."
LLMs4OL_OBI_SUB,pred,measurement device,lsrfortessa x-20,0,instance_of,google/gemma-4-31b-it,"The 'lsrfortessa x-20' is a specific model/product of a flow cytometer, making it a concrete individual instance of the general class 'measurement device'."
LLMs4OL_OBI_SUB,pred,measurement device,spectrophotometer,0,is_a,google/gemma-4-31b-it,"A spectrophotometer is a specific type of device used for measurement, meaning every spectrophotometer is necessarily a measurement device."
LLMs4OL_OBI_SUB,pred,measurement device,flow cytometer analyzer,0,is_a,google/gemma-4-31b-it,"A flow cytometer analyzer is a specific type of device used for measurement, meaning every instance of the analyzer is necessarily an instance of a measurement device."
LLMs4OL_OBI_SUB,pred,measurement device,dna microarray,1,is_a,google/gemma-4-31b-it,"A DNA microarray is a specialized tool used to measure the expression of genes, making it a specific type of measurement device."
LLMs4OL_OBI_SUB,pred,measurement device,microarray,1,is_a,google/gemma-4-31b-it,"A microarray is a specialized tool used to measure the expression of large numbers of genes simultaneously, making it a specific type of measurement device."
LLMs4OL_OBI_SUB,pred,measurement device,cytometer,0,is_a,google/gemma-4-31b-it,"A cytometer is a specific type of device used to measure the characteristics of cells, meaning every cytometer is by definition a measurement device."
LLMs4OL_OBI_SUB,pred,measurement device,flow cytometer,0,is_a,google/gemma-4-31b-it,"A flow cytometer is a specific type of device used for measurement, meaning every flow cytometer is necessarily a measurement device."
LLMs4OL_OBI_SUB,pred,measurement device,assay array,1,is_a,google/gemma-4-31b-it,"An assay array (such as a microarray or protein array) is a specialized tool used to perform measurements, making it a specific type of measurement device."
LLMs4OL_OBI_SUB,pred,measurement device,affymetrix rhesus macaque genome array,1,is_a,google/gemma-4-31b-it,"An Affymetrix rhesus macaque genome array is a specific type of DNA microarray used to measure gene expression, and since a microarray is a type of measurement device, every instance of the array is also an instance of a measurement device."
LLMs4OL_OBI_SUB,pred,device,lactoscope c4,0,is_a,google/gemma-4-31b-it,"A lactoscope c4 is a specific type of spectrophotometer and measurement device, and since all such devices are categorized as devices, the subsumption holds."
LLMs4OL_OBI_SUB,pred,device,vial,0,is_a,google/gemma-4-31b-it,"A vial is a specific type of container, and while containers can be considered devices in a broad technical sense, the provided taxonomy explicitly lists 'container' as a child of 'device', making 'vial' a subclass of 'device' via transitivity."
LLMs4OL_OBI_SUB,pred,device,multichannel pipette,0,is_a,google/gemma-4-31b-it,"A multichannel pipette is a specific type of device used for liquid handling, meaning every multichannel pipette is necessarily a device."
LLMs4OL_OBI_SUB,pred,device,test tube,0,is_a,google/gemma-4-31b-it,A test tube is a specific type of laboratory device used for holding or mixing substances.
LLMs4OL_OBI_SUB,pred,device,lsrfortessa x-20,0,instance_of,google/gemma-4-31b-it,"The 'lsrfortessa x-20' is a specific model/product of a flow cytometer, making it an individual instance of the general class 'device'."
LLMs4OL_OBI_SUB,pred,device,anticoagulant-containing test tube,0,is_a,google/gemma-4-31b-it,An anticoagulant-containing test tube is a specific type of laboratory device used for sample collection and preservation.
LLMs4OL_OBI_SUB,pred,device,measurement device,0,is_a,google/gemma-4-31b-it,"Every measurement device is, by definition, a type of device."
LLMs4OL_OBI_SUB,pred,device,material separation device,0,is_a,google/gemma-4-31b-it,"A material separation device is a specific type of device used for the purpose of separating materials, meaning every instance of the former is necessarily an instance of the latter."
LLMs4OL_OBI_SUB,pred,device,container,0,other_related,google/gemma-4-31b-it,"A container is not a type of device, but rather a device can be used as a container or a container can be a component of a device; however, in a general taxonomic sense, they are distinct categories of material entities."
LLMs4OL_OBI_SUB,pred,device,cryostat,0,is_a,google/gemma-4-31b-it,"A cryostat is a specific type of laboratory device used to keep samples at very low temperatures, meaning every cryostat is a device."
LLMs4OL_OBI_SUB,pred,device,spectrophotometer,0,is_a,google/gemma-4-31b-it,"A spectrophotometer is a specific type of device used for measuring light intensity, meaning every spectrophotometer is necessarily a device."
LLMs4OL_OBI_SUB,pred,device,flow cytometer analyzer,0,is_a,google/gemma-4-31b-it,"A flow cytometer analyzer is a specific type of measurement device, and every flow cytometer analyzer is by definition a device."
LLMs4OL_OBI_SUB,pred,device,dna microarray,0,is_a,google/gemma-4-31b-it,"A DNA microarray is a specific type of laboratory device used for gene expression analysis, meaning every DNA microarray is a device."
LLMs4OL_OBI_SUB,pred,device,microarray,0,is_a,google/gemma-4-31b-it,"A microarray is a specific type of laboratory device used for genetic analysis, meaning every microarray is a device."
LLMs4OL_OBI_SUB,pred,device,cytometer,0,is_a,google/gemma-4-31b-it,"A cytometer is a specific type of device used for measuring cell characteristics, meaning every cytometer is necessarily a device."
LLMs4OL_OBI_SUB,pred,device,environmental control device,0,is_a,google/gemma-4-31b-it,"An environmental control device is a specific type of device designed to regulate environmental conditions, meaning every instance of the former is necessarily an instance of the latter."
LLMs4OL_OBI_SUB,pred,device,affymetrix rhesus macaque genome array,0,is_a,google/gemma-4-31b-it,"An 'affymetrix rhesus macaque genome array' is a specific type of microarray, and a microarray is a type of laboratory device, meaning every instance of the array is also an instance of a device."
LLMs4OL_OBI_SUB,pred,device,flow cytometer,0,is_a,google/gemma-4-31b-it,"A flow cytometer is a specific type of device used for cell analysis, meaning every flow cytometer is necessarily a device."
LLMs4OL_OBI_SUB,pred,device,assay array,0,is_a,google/gemma-4-31b-it,"An assay array is a specific type of laboratory device used to perform multiple assays simultaneously, meaning every assay array is a device."
LLMs4OL_OBI_SUB,pred,device,filter paper,0,is_a,google/gemma-4-31b-it,"Filter paper is a specific type of material separation device, and since a material separation device is a type of device, every instance of filter paper is also an instance of a device."
LLMs4OL_OBI_SUB,pred,processed material,lactoscope c4,0,made_of,google/gemma-4-31b-it,"A 'lactoscope c4' is a measurement device (a spectrophotometer), and while it is made from processed materials, it is not a type of processed material itself."
LLMs4OL_OBI_SUB,pred,processed material,vial,0,made_of,google/gemma-4-31b-it,"A vial is a container made from processed materials (such as glass or plastic), but it is not a type of processed material itself."
LLMs4OL_OBI_SUB,pred,processed material,multichannel pipette,0,made_of,google/gemma-4-31b-it,"A multichannel pipette is a tool made from processed materials (such as plastic or metal), but it is not a type of processed material itself."
LLMs4OL_OBI_SUB,pred,processed material,test tube,0,made_of,google/gemma-4-31b-it,"A test tube is an object manufactured from a processed material (such as borosilicate glass), but it is not a type of material itself."
LLMs4OL_OBI_SUB,pred,processed material,anticoagulant-containing test tube,0,made_of,google/gemma-4-31b-it,"An anticoagulant-containing test tube is a device or container made from processed materials (like glass or plastic), but it is not a type of processed material itself."
LLMs4OL_OBI_SUB,pred,processed material,measurement device,0,made_of,google/gemma-4-31b-it,"A measurement device is an object manufactured from processed materials, but it is not a type of processed material itself."
LLMs4OL_OBI_SUB,pred,processed material,material separation device,0,other_related,google/gemma-4-31b-it,"A material separation device is a piece of equipment (a device) used to process materials, but it is not a type of processed material itself."
LLMs4OL_OBI_SUB,pred,processed material,container,0,made_of,google/gemma-4-31b-it,"A container is an object typically made from processed materials, but it is not a type of material itself."
LLMs4OL_OBI_SUB,pred,processed material,cryostat,0,unrelated,google/gemma-4-31b-it,"A cryostat is a piece of laboratory equipment (a device) used to maintain low temperatures, not a type of processed material."
LLMs4OL_OBI_SUB,pred,processed material,spectrophotometer,0,made_of,google/gemma-4-31b-it,"A spectrophotometer is a device made from processed materials, but it is not a type of processed material itself."
LLMs4OL_OBI_SUB,pred,processed material,dna microarray,0,is_a,google/gemma-4-31b-it,"A dna microarray is a specific type of material that has been processed (manufactured) for use in an assay, making it a subclass of processed material."
LLMs4OL_OBI_SUB,pred,processed material,microarray,0,is_a,google/gemma-4-31b-it,"A microarray is a specific type of processed material (a manufactured physical object used for analysis), meaning every microarray is necessarily a processed material."
LLMs4OL_OBI_SUB,pred,processed material,cytometer,0,made_of,google/gemma-4-31b-it,"A cytometer is a piece of laboratory equipment (a device) made from processed materials, but it is not a type of processed material itself."
LLMs4OL_OBI_SUB,pred,processed material,lsrfortessa x-20,0,other_related,google/gemma-4-31b-it,"The 'lsrfortessa x-20' is a specific model of a flow cytometer (a device), and while it is made of processed materials, it is not a type of processed material itself."
LLMs4OL_OBI_SUB,pred,processed material,flow cytometer analyzer,0,made_of,google/gemma-4-31b-it,"A flow cytometer analyzer is a piece of equipment (a device) made from processed materials, but it is not a type of processed material itself."
LLMs4OL_OBI_SUB,pred,processed material,environmental control device,0,made_of,google/gemma-4-31b-it,"An environmental control device is a functional object made from processed materials, but it is not a type of material itself."
LLMs4OL_OBI_SUB,pred,processed material,affymetrix rhesus macaque genome array,0,is_a,google/gemma-4-31b-it,"An Affymetrix rhesus macaque genome array is a specific type of processed material (a manufactured biological tool), meaning every instance of the array is also an instance of processed material."
LLMs4OL_OBI_SUB,pred,processed material,flow cytometer,0,made_of,google/gemma-4-31b-it,"A flow cytometer is a piece of equipment (a device) made from processed materials, but it is not a type of processed material itself."
LLMs4OL_OBI_SUB,pred,processed material,assay array,0,is_a,google/gemma-4-31b-it,"An assay array is a specific type of processed material (a manufactured device used for biological analysis), meaning every assay array is a processed material."
LLMs4OL_OBI_SUB,pred,processed material,filter paper,0,is_a,google/gemma-4-31b-it,"Filter paper is a specific type of material that has been processed from raw pulp, making it a subclass of processed materials."
LLMs4OL_OBI_SUB,pred,processed material,device,0,made_of,google/gemma-4-31b-it,"A device is a functional object typically constructed from processed materials, but it is not a type of material itself."
LLMs4OL_OBI_SUB,pred,material entity,lactoscope c4,0,is_a,google/gemma-4-31b-it,"A lactoscope c4 is a specific type of measurement device, and since all devices are material entities, every instance of a lactoscope c4 is also an instance of a material entity."
LLMs4OL_OBI_SUB,pred,material entity,vial,0,is_a,google/gemma-4-31b-it,"A vial is a physical object made of matter, and since every vial is a material entity, the subsumption holds."
LLMs4OL_OBI_SUB,pred,material entity,multichannel pipette,0,is_a,google/gemma-4-31b-it,"A multichannel pipette is a physical object made of matter, and in ontological frameworks (like BFO), a material entity is the broad class encompassing all physical objects."
LLMs4OL_OBI_SUB,pred,material entity,test tube,0,is_a,google/gemma-4-31b-it,"A test tube is a physical object made of matter, and therefore every instance of a test tube is also an instance of a material entity."
LLMs4OL_OBI_SUB,pred,material entity,lsrfortessa x-20,0,instance_of,google/gemma-4-31b-it,"The 'lsrfortessa x-20' is a specific model/product of a flow cytometer, making it an individual instance of the general class 'material entity'."
LLMs4OL_OBI_SUB,pred,material entity,ceruloplasmin,1,is_a,google/gemma-4-31b-it,"Ceruloplasmin is a protein, and since proteins are physical substances, every instance of ceruloplasmin is necessarily an instance of a material entity."
LLMs4OL_OBI_SUB,pred,material entity,anticoagulant-containing test tube,0,is_a,google/gemma-4-31b-it,"An anticoagulant-containing test tube is a specific type of material entity (a physical object with mass and extension), meaning every instance of the former is necessarily an instance of the latter."
LLMs4OL_OBI_SUB,pred,material entity,organization of specimen collector,1,other_related,google/gemma-4-31b-it,"An organization is a social entity, whereas a material entity is a physical object; a specimen collector's organization is not a type of material entity, but rather an entity that may possess or manage material entities."
LLMs4OL_OBI_SUB,pred,material entity,measurement device,0,is_a,google/gemma-4-31b-it,"A measurement device is a physical object made of matter, and therefore every instance of a measurement device is necessarily an instance of a material entity."
LLMs4OL_OBI_SUB,pred,material entity,material separation device,0,other_related,google/gemma-4-31b-it,"A material separation device is a tool (device) used to manipulate materials, but it is not a type of material itself."
LLMs4OL_OBI_SUB,pred,material entity,container,0,is_a,google/gemma-4-31b-it,"A container is a physical object made of matter, and therefore every instance of a container is also an instance of a material entity."
LLMs4OL_OBI_SUB,pred,material entity,cd4-positive alpha-beta t cell,1,is_a,google/gemma-4-31b-it,"A CD4-positive alpha-beta T cell is a biological cell, which is a physical object composed of matter, thus making it a type of material entity."
LLMs4OL_OBI_SUB,pred,material entity,cryostat,0,is_a,google/gemma-4-31b-it,"A cryostat is a physical object (a device) made of matter, and in many formal ontologies (like BFO or OBO), a 'material entity' is the broad class for any physical object."
LLMs4OL_OBI_SUB,pred,material entity,spectrophotometer,0,is_a,google/gemma-4-31b-it,"A spectrophotometer is a type of physical object (a device), and in formal ontologies like BFO (which this taxonomy mirrors), all physical objects/devices are categorized as material entities."
LLMs4OL_OBI_SUB,pred,material entity,flow cytometer analyzer,0,is_a,google/gemma-4-31b-it,"A flow cytometer analyzer is a physical object (a device), and in many formal ontologies (like BFO), a material entity is the broad class of all physical objects."
LLMs4OL_OBI_SUB,pred,material entity,dna microarray,0,is_a,google/gemma-4-31b-it,"A dna microarray is a physical object made of matter, and therefore every instance of a dna microarray is also an instance of a material entity."
LLMs4OL_OBI_SUB,pred,material entity,microarray,0,is_a,google/gemma-4-31b-it,"A microarray is a physical object made of matter, and therefore every instance of a microarray is necessarily an instance of a material entity."
LLMs4OL_OBI_SUB,pred,material entity,alpha-beta t cell,1,is_a,google/gemma-4-31b-it,"An alpha-beta T cell is a biological cell, which is a physical object composed of matter, thus making it a type of material entity."
LLMs4OL_OBI_SUB,pred,material entity,tobramycin,0,is_a,google/gemma-4-31b-it,"Tobramycin is a specific chemical substance, and since all chemical substances are types of material entities, the subsumption holds."
LLMs4OL_OBI_SUB,pred,material entity,cytometer,0,is_a,google/gemma-4-31b-it,"A cytometer is a physical object made of matter, and in formal ontologies (like BFO), a material entity is the broad class encompassing all physical objects."
LLMs4OL_OBI_SUB,pred,material entity,organization,1,unrelated,google/gemma-4-31b-it,"An organization is a social construct or legal entity, whereas a material entity refers to physical objects (like devices or arrays), meaning an organization is not a type of physical matter."
LLMs4OL_OBI_SUB,pred,material entity,processed material,0,is_a,google/gemma-4-31b-it,"A processed material is a specific type of material entity that has undergone a transformation process, meaning every instance of a processed material is necessarily a material entity."
LLMs4OL_OBI_SUB,pred,material entity,molecular entity,0,is_a,google/gemma-4-31b-it,Every molecular entity (such as a protein or DNA molecule) is by definition a type of material entity (a physical object with mass and extension).
LLMs4OL_OBI_SUB,pred,material entity,environmental control device,0,is_a,google/gemma-4-31b-it,"An environmental control device is a physical object made of matter, and since all physical objects are material entities, every instance of the device is also an instance of a material entity."
LLMs4OL_OBI_SUB,pred,material entity,affymetrix rhesus macaque genome array,0,is_a,google/gemma-4-31b-it,"An 'affymetrix rhesus macaque genome array' is a specific type of physical object (a microarray), and since all such physical objects are material entities, the subsumption holds."
LLMs4OL_OBI_SUB,pred,material entity,material combination,1,other_related,google/gemma-4-31b-it,"A 'material combination' is a process or a result of combining materials, whereas a 'material entity' is a physical object; a combination is not a type of entity, but rather something that involves or results in material entities."
LLMs4OL_OBI_SUB,pred,material entity,protein,1,is_a,google/gemma-4-31b-it,"A protein is a type of physical substance or material entity, meaning every instance of a protein is necessarily an instance of a material entity."
LLMs4OL_OBI_SUB,pred,material entity,flow cytometer,0,is_a,google/gemma-4-31b-it,"A flow cytometer is a physical object made of matter, and in formal ontologies (like BFO), a 'material entity' is the broad class that encompasses all physical objects."
LLMs4OL_OBI_SUB,pred,material entity,assay array,0,is_a,google/gemma-4-31b-it,"An assay array is a physical object made of matter, and therefore every instance of an assay array is necessarily an instance of a material entity."
LLMs4OL_OBI_SUB,pred,material entity,filter paper,0,is_a,google/gemma-4-31b-it,"Filter paper is a specific type of material entity, as it is a physical substance/object that fits the definition of a material entity."
LLMs4OL_OBI_SUB,pred,material entity,device,0,is_a,google/gemma-4-31b-it,"A device is a type of material entity because it is a physical, independent object that exists in space and time."
LLMs4OL_OBI_SUB,pred,independent continuant,lactoscope c4,0,is_a,google/gemma-4-31b-it,"A lactoscope c4 is a specific type of measurement device, and since all devices are independent continuants (entities that can exist on their own), the relation is a proper subsumption."
LLMs4OL_OBI_SUB,pred,independent continuant,vial,0,is_a,google/gemma-4-31b-it,"A vial is a type of physical object that exists independently, making it a specific kind of independent continuant."
LLMs4OL_OBI_SUB,pred,independent continuant,multichannel pipette,0,is_a,google/gemma-4-31b-it,"A multichannel pipette is a type of physical object that exists independently, which fits the definition of an independent continuant in ontological frameworks like BFO."
LLMs4OL_OBI_SUB,pred,independent continuant,test tube,0,is_a,google/gemma-4-31b-it,"A test tube is a type of physical object that exists independently, which fits the definition of an independent continuant in ontological frameworks like BFO."
LLMs4OL_OBI_SUB,pred,independent continuant,lsrfortessa x-20,0,instance_of,google/gemma-4-31b-it,"The 'lsrfortessa x-20' is a specific model/product of a flow cytometer, making it a named individual instance of the class 'independent continuant'."
LLMs4OL_OBI_SUB,pred,independent continuant,ceruloplasmin,1,is_a,google/gemma-4-31b-it,"Ceruloplasmin is a protein, and proteins are types of independent continuants (entities that continue to exist and do not depend on other entities for their existence), making this a valid subsumption."
LLMs4OL_OBI_SUB,pred,independent continuant,anticoagulant-containing test tube,0,is_a,google/gemma-4-31b-it,"An anticoagulant-containing test tube is a specific type of physical object that exists independently in space and time, making it a subclass of independent continuant."
LLMs4OL_OBI_SUB,pred,independent continuant,organization of specimen collector,1,is_a,google/gemma-4-31b-it,"An organization is a type of organization, and an organization is a type of independent continuant (a persistent entity that exists independently of other entities), making this a valid taxonomic subsumption."
LLMs4OL_OBI_SUB,pred,independent continuant,measurement device,0,is_a,google/gemma-4-31b-it,"A measurement device is a type of material entity that exists independently, and since all independent continuants are continuants, it correctly fits the definition of a subclass of independent continuant."
LLMs4OL_OBI_SUB,pred,independent continuant,material separation device,0,is_a,google/gemma-4-31b-it,"A material separation device is a type of device, and since devices are independent continuants (entities that exist independently of other entities), every material separation device is necessarily an independent continuant."
LLMs4OL_OBI_SUB,pred,independent continuant,container,0,is_a,google/gemma-4-31b-it,"A container is a type of entity that exists independently in space and time, making it a specific kind of independent continuant."
LLMs4OL_OBI_SUB,pred,independent continuant,cd4-positive alpha-beta t cell,1,is_a,google/gemma-4-31b-it,"A 'cd4-positive alpha-beta t cell' is a type of biological entity that exists independently, thus it is a subclass of 'independent continuant' (a BFO category for entities that do not depend on other entities for their existence)."
LLMs4OL_OBI_SUB,pred,independent continuant,cryostat,0,is_a,google/gemma-4-31b-it,"A cryostat is a type of physical object that exists independently, making it a specific kind of independent continuant."
LLMs4OL_OBI_SUB,pred,independent continuant,spectrophotometer,0,is_a,google/gemma-4-31b-it,"A spectrophotometer is a type of physical object that exists independently, which fits the definition of an independent continuant in ontological frameworks like BFO."
LLMs4OL_OBI_SUB,pred,independent continuant,flow cytometer analyzer,0,is_a,google/gemma-4-31b-it,"A flow cytometer analyzer is a specific type of device, and since devices are categorized as independent continuants (entities that exist independently of other entities), every instance of a flow cytometer analyzer is necessarily an instance of an independent continuant."
LLMs4OL_OBI_SUB,pred,independent continuant,dna microarray,0,is_a,google/gemma-4-31b-it,"A dna microarray is a type of physical object (a device or material entity) that exists independently, which fits the definition of an independent continuant in ontological frameworks like BFO."
LLMs4OL_OBI_SUB,pred,independent continuant,microarray,0,is_a,google/gemma-4-31b-it,"A microarray is a type of physical object (a device or material entity) that exists independently, making it a specific kind of independent continuant."
LLMs4OL_OBI_SUB,pred,independent continuant,alpha-beta t cell,1,is_a,google/gemma-4-31b-it,"An alpha-beta T cell is a type of biological entity that exists independently, fitting the definition of an independent continuant (an entity that persists through time and does not depend on another entity for its existence)."
LLMs4OL_OBI_SUB,pred,independent continuant,tobramycin,0,is_a,google/gemma-4-31b-it,"Tobramycin is a specific chemical substance (a material entity), and in the Basic Formal Ontology (BFO) framework, all material entities are types of independent continuants."
LLMs4OL_OBI_SUB,pred,independent continuant,cytometer,0,is_a,google/gemma-4-31b-it,"A cytometer is a type of physical object (a device), and in formal ontologies (like BFO), a physical object is a type of independent continuant."
LLMs4OL_OBI_SUB,pred,independent continuant,organization,1,is_a,google/gemma-4-31b-it,"An organization is a type of entity that persists through time and exists independently of other entities, fitting the definition of an independent continuant."
LLMs4OL_OBI_SUB,pred,independent continuant,processed material,0,is_a,google/gemma-4-31b-it,"A processed material is a type of material entity, and since material entities are independent continuants (entities that exist in time and can exist independently of other entities), every instance of a processed material is necessarily an instance of an independent continuant."
LLMs4OL_OBI_SUB,pred,independent continuant,molecular entity,0,is_a,google/gemma-4-31b-it,"A molecular entity is a type of material entity, and since material entities are a subclass of independent continuants (entities that exist independently of other entities), every molecular entity is necessarily an independent continuant."
LLMs4OL_OBI_SUB,pred,independent continuant,environmental control device,0,is_a,google/gemma-4-31b-it,"An environmental control device is a type of device, and since devices are independent continuants (entities that exist independently of other entities), every instance of an environmental control device is necessarily an instance of an independent continuant."
LLMs4OL_OBI_SUB,pred,independent continuant,affymetrix rhesus macaque genome array,0,is_a,google/gemma-4-31b-it,"An 'affymetrix rhesus macaque genome array' is a specific type of microarray device, and since all such devices are independent continuants (entities that can exist independently of other entities), the subsumption holds."
LLMs4OL_OBI_SUB,pred,independent continuant,protein,1,is_a,google/gemma-4-31b-it,"In basic ontological frameworks (like BFO), a protein is a type of independent continuant because it is a material entity that exists on its own and persists through time."
LLMs4OL_OBI_SUB,pred,independent continuant,flow cytometer,0,is_a,google/gemma-4-31b-it,"A flow cytometer is a specific type of device, and since devices are categorized as independent continuants (entities that exist independently of other entities), every flow cytometer is necessarily an independent continuant."
LLMs4OL_OBI_SUB,pred,independent continuant,assay array,0,is_a,google/gemma-4-31b-it,"An assay array is a type of physical device or material entity that exists independently, making it a specific kind of independent continuant."
LLMs4OL_OBI_SUB,pred,independent continuant,filter paper,0,is_a,google/gemma-4-31b-it,"A filter paper is a type of material entity and device, both of which are categories of independent continuants (entities that can exist on their own)."
LLMs4OL_OBI_SUB,pred,independent continuant,material entity,0,is_a,google/gemma-4-31b-it,"A material entity is a specific type of independent continuant (a continuant that does not depend on another entity for its existence), meaning every material entity is necessarily an independent continuant."
LLMs4OL_OBI_SUB,pred,independent continuant,device,0,is_a,google/gemma-4-31b-it,"A device is a type of material entity that exists independently, making it a specific kind of independent continuant."
LLMs4OL_OBI_SUB,pred,independent continuant,material combination,1,is_a,google/gemma-4-31b-it,"A 'material combination' is a specific type of entity that exists independently in time (a continuant), fitting the definition of an independent continuant."
LLMs4OL_OBI_SUB,pred,container,vial,0,is_a,google/gemma-4-31b-it,"A vial is a specific type of container used to hold liquids or powders, meaning every vial is by definition a container."
LLMs4OL_OBI_SUB,pred,container,test tube,0,is_a,google/gemma-4-31b-it,"A test tube is a specific type of container used in laboratories, meaning every test tube is by definition a container."
LLMs4OL_OBI_SUB,pred,container,anticoagulant-containing test tube,0,is_a,google/gemma-4-31b-it,An anticoagulant-containing test tube is a specific type of container used in laboratory settings.
LLMs4OL_OBI_SUB,pred,assay measuring quantitative binding of an epitopemhctcr complex,assay measuring a binding constant of a t cell epitopemhctcr complex,0,is_a,google/gemma-4-31b-it,An assay that measures a specific binding constant is a specific type of assay that measures quantitative binding.
LLMs4OL_OBI_SUB,pred,assay measuring quantitative binding of an epitopemhctcr complex,assay measuring the on rate kon of a t cell epitopemhctcr complex,0,is_a,google/gemma-4-31b-it,"An assay measuring the specific on-rate ($k_{on}$) is a specific type of assay that measures quantitative binding, as the on-rate is a quantitative measure of binding kinetics."
LLMs4OL_OBI_SUB,pred,assay measuring a binding constant of a t cell epitopemhctcr complex,assay measuring the on rate kon of a t cell epitopemhctcr complex,0,is_a,google/gemma-4-31b-it,"An assay measuring the on rate ($k_{on}$) is a specific type of assay that measures a binding constant, as the on rate is one of the fundamental binding constants."
LLMs4OL_OBI_SUB,pred,assay measuring binding of a t cell epitopemhctcr complex,assay measuring quantitative binding of an epitopemhctcr complex,0,is_a,google/gemma-4-31b-it,"The child term specifies a ""quantitative"" measurement, which is a specialized subset of the more general ""binding"" measurement described by the parent term."
LLMs4OL_OBI_SUB,pred,assay measuring binding of a t cell epitopemhctcr complex,assay measuring a binding constant of a t cell epitopemhctcr complex,0,is_a,google/gemma-4-31b-it,An assay that measures a specific binding constant is a specialized type of assay that measures binding in general.
LLMs4OL_OBI_SUB,pred,assay measuring binding of a t cell epitopemhctcr complex,assay measuring the on rate kon of a t cell epitopemhctcr complex,0,is_a,google/gemma-4-31b-it,An assay that specifically measures the on rate ($k_{on}$) is a specialized type of assay that measures the binding of the complex.
LLMs4OL_OBI_SUB,pred,t cell epitope assay,assay measuring quantitative binding of an epitopemhctcr complex,0,is_a,google/gemma-4-31b-it,An assay that specifically measures the quantitative binding of an epitope-MHC complex is a specific type of T cell epitope assay.
LLMs4OL_OBI_SUB,pred,t cell epitope assay,assay measuring a binding constant of a t cell epitopemhctcr complex,0,is_a,google/gemma-4-31b-it,An assay that specifically measures the binding constant of a T cell epitope-MHC complex is a specialized type of T cell epitope assay.
LLMs4OL_OBI_SUB,pred,t cell epitope assay,assay measuring binding of a t cell epitopemhctcr complex,0,is_a,google/gemma-4-31b-it,An assay measuring the binding of a T cell epitope-MHC complex is a specific type of T cell epitope assay.
LLMs4OL_OBI_SUB,pred,t cell epitope assay,assay measuring epitope specific interferon-alpha production by t cells,1,is_a,google/gemma-4-31b-it,"An assay measuring epitope-specific interferon-alpha production by T cells is a specific type of T cell epitope assay, as it is one method used to evaluate T cell responses to a particular epitope."
LLMs4OL_OBI_SUB,pred,t cell epitope assay,assay measuring the on rate kon of a t cell epitopemhctcr complex,0,is_a,google/gemma-4-31b-it,An assay that specifically measures the on rate ($k_{on}$) of a T cell epitope-MHC complex is a specific type of T cell epitope assay.
LLMs4OL_OBI_SUB,pred,t cell epitope assay,carboxyfluorescein succinimidyl ester staining assay measuring epitope specific proliferation of t cells,1,is_a,google/gemma-4-31b-it,"The 'carboxyfluorescein succinimidyl ester staining assay measuring epitope specific proliferation of t cells' is a specific type of assay used to evaluate t cell epitopes, making it a subclass of the more general 't cell epitope assay'."
LLMs4OL_OBI_SUB,pred,t cell epitope assay,epitope specific cytokine production by t cells,1,other_related,google/gemma-4-31b-it,"The production of cytokines by T cells is a biological process/phenomenon that is measured by a T cell epitope assay, rather than being a type of assay itself."
LLMs4OL_OBI_SUB,pred,t cell epitope assay,epitope specific interleukin-3 production by t cells,1,other_related,google/gemma-4-31b-it,"The child term describes a biological process (cytokine production), whereas the parent term describes a laboratory procedure (an assay) used to measure such processes."
LLMs4OL_OBI_SUB,pred,lymphocyte assay,t cell epitope assay,1,is_a,google/gemma-4-31b-it,"A T cell epitope assay is a specific type of assay performed on lymphocytes (specifically T cells) to identify antigenic determinants, making it a specialized kind of lymphocyte assay."
LLMs4OL_OBI_SUB,pred,lymphocyte assay,lymphocyte count assay,0,is_a,google/gemma-4-31b-it,"A lymphocyte count assay is a specific type of lymphocyte assay designed to quantify the cells, meaning every instance of a count assay is necessarily an instance of a lymphocyte assay."
LLMs4OL_OBI_SUB,pred,lymphocyte assay,assay measuring epitope specific interferon-alpha production by t cells,1,is_a,google/gemma-4-31b-it,An assay measuring interferon-alpha production by T cells is a specific type of assay performed on lymphocytes.
LLMs4OL_OBI_SUB,pred,lymphocyte assay,epitope specific cytokine production by t cells,1,is_a,google/gemma-4-31b-it,The measurement of epitope-specific cytokine production by T cells is a specific type of lymphocyte assay used to evaluate immune response.
LLMs4OL_OBI_SUB,pred,lymphocyte assay,carboxyfluorescein succinimidyl ester staining assay measuring epitope specific proliferation of t cells,1,is_a,google/gemma-4-31b-it,"The 'carboxyfluorescein succinimidyl ester staining assay measuring epitope specific proliferation of t cells' is a specific type of assay performed on T cells, which are a type of lymphocyte, making it a specialized instance of a lymphocyte assay."
LLMs4OL_OBI_SUB,pred,lymphocyte assay,epitope specific interleukin-3 production by t cells,1,other_related,google/gemma-4-31b-it,"The production of interleukin-3 by T cells is a biological process or a measured phenomenon, whereas a lymphocyte assay is the experimental procedure used to measure such a process."
LLMs4OL_OBI_SUB,pred,protein expression profiling assay,nanodroplet processing in one pot for trace samples assay,0,is_a,google/gemma-4-31b-it,The 'nanodroplet processing in one pot for trace samples assay' is a specific type of 'protein expression profiling assay' designed for trace samples using a particular processing method.
LLMs4OL_OBI_SUB,pred,protein expression profiling assay,proximity extension assay,1,is_a,google/gemma-4-31b-it,"A proximity extension assay (PEA) is a specific method used to measure the expression levels of proteins, making it a type of protein expression profiling assay."
LLMs4OL_OBI_SUB,pred,analyte assay,protein expression profiling assay,1,is_a,google/gemma-4-31b-it,"A protein expression profiling assay is a specific type of assay designed to measure the levels of protein analytes, meaning every instance of the former is necessarily an instance of the latter."
LLMs4OL_OBI_SUB,pred,analyte assay,lymphocyte assay,1,is_a,google/gemma-4-31b-it,"A lymphocyte assay is a specific type of assay designed to measure a particular analyte (lymphocytes), making it a proper subclass of analyte assays."
LLMs4OL_OBI_SUB,pred,analyte assay,albumin assay,1,is_a,google/gemma-4-31b-it,"An albumin assay is a specific type of analyte assay, as it is a procedure designed to measure a particular analyte (albumin)."
LLMs4OL_OBI_SUB,pred,analyte assay,parasite detection assay,1,is_a,google/gemma-4-31b-it,A parasite detection assay is a specific type of analyte assay because the parasite (or its markers) serves as the analyte being measured.
LLMs4OL_OBI_SUB,pred,analyte assay,proximity extension assay,0,is_a,google/gemma-4-31b-it,"A proximity extension assay is a specific type of assay used to measure analytes, meaning every instance of a proximity extension assay is necessarily an instance of an analyte assay."
LLMs4OL_OBI_SUB,pred,analyte assay,manual differential bodily fluid monocyte count assay,1,is_a,google/gemma-4-31b-it,"A manual differential bodily fluid monocyte count assay is a specific type of assay designed to measure a particular analyte (monocytes), making it a subclass of analyte assays."
LLMs4OL_OBI_SUB,pred,analyte assay,comprehensive metabolic panel venous blood albumin assay,1,is_a,google/gemma-4-31b-it,"A 'comprehensive metabolic panel venous blood albumin assay' is a specific type of assay designed to measure a particular analyte (albumin), making it a subset of the general category of 'analyte assay'."
LLMs4OL_OBI_SUB,pred,analyte assay,5-nucleotidase activity level assay,1,is_a,google/gemma-4-31b-it,A 5-nucleotidase activity level assay is a specific type of analyte assay because it measures the concentration or activity of a specific analyte (the 5-nucleotidase enzyme).
LLMs4OL_OBI_SUB,pred,analyte assay,thyroid stimulating hormone assay,1,is_a,google/gemma-4-31b-it,"A thyroid stimulating hormone assay is a specific type of assay designed to measure a particular analyte (TSH), making it a proper subclass of analyte assays."
LLMs4OL_OBI_SUB,pred,analyte assay,enzymatic activity level assay,1,is_a,google/gemma-4-31b-it,An enzymatic activity level assay is a specific type of analyte assay because it measures the concentration or activity of a specific biological analyte (the enzyme).
LLMs4OL_OBI_SUB,pred,analyte assay,insecticide resistance by detecting enzyme activity assay,1,is_a,google/gemma-4-31b-it,"An assay that detects enzyme activity to determine insecticide resistance is a specific type of assay used to measure a particular analyte (the enzyme), making it a subset of analyte assays."
LLMs4OL_OBI_SUB,pred,analyte assay,insecticide resistance by detecting glutathione s-transferase activity assay,1,is_a,google/gemma-4-31b-it,"The 'insecticide resistance by detecting glutathione s-transferase activity assay' is a specific type of assay that measures a particular analyte (glutathione s-transferase activity), making it a specialized instance of an analyte assay."
LLMs4OL_OBI_SUB,pred,analyte assay,lymphocyte count assay,1,is_a,google/gemma-4-31b-it,"A lymphocyte count assay is a specific type of assay designed to measure a particular analyte (lymphocytes), meaning every instance of a lymphocyte count assay is necessarily an instance of an analyte assay."
LLMs4OL_OBI_SUB,pred,analyte assay,monocyte assay,1,is_a,google/gemma-4-31b-it,"A monocyte assay is a specific type of assay designed to measure or analyze monocytes, which are the analytes being measured, thus making it a kind of analyte assay."
LLMs4OL_OBI_SUB,pred,analyte assay,organism detection assay,1,is_a,google/gemma-4-31b-it,An organism detection assay is a specific type of analyte assay where the analyte being measured is the organism (or a marker of it).
LLMs4OL_OBI_SUB,pred,analyte assay,venous blood thyroid stimulating hormone assay,1,is_a,google/gemma-4-31b-it,"A 'venous blood thyroid stimulating hormone assay' is a specific type of assay that measures a particular analyte (TSH), making it a subset of the general category of 'analyte assays'."
LLMs4OL_OBI_SUB,pred,analyte assay,polymerase chain reaction assay,1,is_a,google/gemma-4-31b-it,"A polymerase chain reaction (PCR) assay is a specific type of assay used to detect and quantify a particular analyte (such as DNA or RNA), making it a subset of analyte assays."
LLMs4OL_OBI_SUB,pred,test tube,anticoagulant-containing test tube,0,is_a,google/gemma-4-31b-it,"An anticoagulant-containing test tube is a specific type of test tube that possesses a particular characteristic (the presence of an anticoagulant), meaning every instance of the former is necessarily an instance of the latter."
LLMs4OL_OBI_SUB,pred,albumin assay,comprehensive metabolic panel venous blood albumin assay,0,is_a,google/gemma-4-31b-it,A 'comprehensive metabolic panel venous blood albumin assay' is a specific type of 'albumin assay' performed as part of a larger panel on a venous blood sample.
LLMs4OL_OBI_SUB,pred,family clinical history of cancer,brother clinical history of cancer,0,is_a,google/gemma-4-31b-it,"A brother's clinical history of cancer is a specific type of family clinical history of cancer, as any instance of the former necessarily satisfies the definition of the latter."
LLMs4OL_OBI_SUB,pred,clinical history,family clinical history of cancer,0,is_a,google/gemma-4-31b-it,A family clinical history of cancer is a specific type of clinical history.
LLMs4OL_OBI_SUB,pred,clinical history,brother clinical history of cancer,0,is_a,google/gemma-4-31b-it,A brother's clinical history of cancer is a specific type of clinical history.
LLMs4OL_OBI_SUB,pred,data item,family clinical history of cancer,1,is_a,google/gemma-4-31b-it,A 'family clinical history of cancer' is a specific type of 'data item' (similar to how a dose or measurement is a data item) used in a clinical or research context.
LLMs4OL_OBI_SUB,pred,data item,clinical history,1,is_a,google/gemma-4-31b-it,A clinical history is a specific type of data item (alongside doses and measurements) used in a medical record.
LLMs4OL_OBI_SUB,pred,data item,brother clinical history of cancer,1,is_a,google/gemma-4-31b-it,'Brother clinical history of cancer' is a specific type of information element that fits the general definition of a 'data item'.
LLMs4OL_OBI_SUB,pred,data item,measurement datum,0,is_a,google/gemma-4-31b-it,"A measurement datum is a specific type of data item, as any single piece of measured data is by definition an instance of a data item."
LLMs4OL_OBI_SUB,pred,data item,dose,0,is_a,google/gemma-4-31b-it,A dose is a specific type of data item (specifically a measurement datum) used in clinical or scientific recording.
LLMs4OL_OBI_SUB,pred,cytometer,lsrfortessa x-20,0,instance_of,google/gemma-4-31b-it,"The 'lsrfortessa x-20' is a specific model/product of a cytometer, making it an individual instance of that general class."
LLMs4OL_OBI_SUB,pred,cytometer,flow cytometer analyzer,0,is_a,google/gemma-4-31b-it,"A flow cytometer analyzer is a specific type of cytometer used for analyzing cells in a fluid stream, meaning every instance of the analyzer is also an instance of a cytometer."
LLMs4OL_OBI_SUB,pred,cytometer,flow cytometer,0,is_a,google/gemma-4-31b-it,A flow cytometer is a specific type of cytometer used to measure the physical and chemical characteristics of cells in a fluid stream.
LLMs4OL_OBI_SUB,pred,flow cytometer,lsrfortessa x-20,0,instance_of,google/gemma-4-31b-it,"The 'lsrfortessa x-20' is a specific model/product of a flow cytometer, making it an individual instance of that general class."
LLMs4OL_OBI_SUB,pred,flow cytometer,flow cytometer analyzer,0,synonym,google/gemma-4-31b-it,"In the context of laboratory instrumentation, a ""flow cytometer analyzer"" is simply a more specific name for the same device known as a ""flow cytometer,"" as the primary function of a flow cytometer is to analyze cells."
LLMs4OL_OBI_SUB,pred,flow cytometer analyzer,lsrfortessa x-20,0,instance_of,google/gemma-4-31b-it,"The 'lsrfortessa x-20' is a specific model/product of a flow cytometer analyzer, making it an individual instance of that general class."
LLMs4OL_OBI_SUB,pred,protein,ceruloplasmin,0,is_a,google/gemma-4-31b-it,"Ceruloplasmin is a specific type of protein (specifically a ferroxidase), meaning every instance of ceruloplasmin is necessarily an instance of a protein."
LLMs4OL_OBI_SUB,pred,molecular entity,ceruloplasmin,1,is_a,google/gemma-4-31b-it,"Ceruloplasmin is a specific type of protein, and since all proteins are molecular entities, every instance of ceruloplasmin is necessarily an instance of a molecular entity."
LLMs4OL_OBI_SUB,pred,molecular entity,tobramycin,0,instance_of,google/gemma-4-31b-it,"Tobramycin is a specific chemical substance (a specific molecule), making it an instance of the general class of molecular entities."
LLMs4OL_OBI_SUB,pred,molecular entity,protein,1,is_a,google/gemma-4-31b-it,Every protein is by definition a type of molecular entity.
LLMs4OL_OBI_SUB,pred,epitope protection experiment,epitope protection experiment based on survival,0,is_a,google/gemma-4-31b-it,An 'epitope protection experiment based on survival' is a specific type of 'epitope protection experiment' defined by its measurement criteria.
LLMs4OL_OBI_SUB,pred,epitope protection experiment,in vivo assay measuring b cell epitope specific protection based on survival,0,is_a,google/gemma-4-31b-it,"An 'in vivo assay measuring b cell epitope specific protection based on survival' is a specific type of 'epitope protection experiment', meaning every instance of the former is necessarily an instance of the latter."
LLMs4OL_OBI_SUB,pred,epitope protection experiment based on survival,in vivo assay measuring b cell epitope specific protection based on survival,0,is_a,google/gemma-4-31b-it,"An 'in vivo assay measuring b cell epitope specific protection based on survival' is a specific type of 'epitope protection experiment based on survival', as it narrows the scope to a particular cell type (B cell) and a specific method (in vivo assay)."
LLMs4OL_OBI_SUB,pred,organization,organization of specimen collector,0,is_a,google/gemma-4-31b-it,An organization of a specimen collector is a specific type of organization.
LLMs4OL_OBI_SUB,pred,organism detection assay,parasite detection assay,0,is_a,google/gemma-4-31b-it,"A parasite detection assay is a specific type of organism detection assay, as parasites are a subset of organisms."
LLMs4OL_OBI_SUB,pred,dna microarray,affymetrix rhesus macaque genome array,0,is_a,google/gemma-4-31b-it,"The 'affymetrix rhesus macaque genome array' is a specific type of 'dna microarray' designed for a particular species, meaning every instance of this specific array is necessarily an instance of the broader category of DNA microarrays."
LLMs4OL_OBI_SUB,pred,microarray,dna microarray,0,is_a,google/gemma-4-31b-it,"A DNA microarray is a specific type of microarray designed to detect DNA sequences, meaning every DNA microarray is by definition a microarray."
LLMs4OL_OBI_SUB,pred,microarray,affymetrix rhesus macaque genome array,0,instance_of,google/gemma-4-31b-it,"The 'affymetrix rhesus macaque genome array' is a specific commercial product/model of a microarray, making it a specific instance of the general class 'microarray'."
LLMs4OL_OBI_SUB,pred,assay array,dna microarray,0,is_a,google/gemma-4-31b-it,A DNA microarray is a specific type of assay array used to measure the expression of large numbers of genes simultaneously.
LLMs4OL_OBI_SUB,pred,assay array,microarray,0,is_a,google/gemma-4-31b-it,"A microarray is a specific type of assay array used to detect the expression of genes or other molecules, meaning every microarray is by definition an assay array."
LLMs4OL_OBI_SUB,pred,assay array,affymetrix rhesus macaque genome array,0,is_a,google/gemma-4-31b-it,The 'affymetrix rhesus macaque genome array' is a specific product/model of a tool that belongs to the general class of 'assay array'.
LLMs4OL_OBI_SUB,pred,material separation device,filter paper,0,is_a,google/gemma-4-31b-it,"Filter paper is a specific type of device used for the separation of materials, meaning every instance of filter paper is a material separation device."
LLMs4OL_OBI_SUB,pred,carboxyfluorescein succinimidyl ester staining assay,carboxyfluorescein succinimidyl ester staining assay measuring epitope specific proliferation of t cells,0,is_a,google/gemma-4-31b-it,"The child term describes a specific application or version of the parent assay (specifically one measuring epitope-specific T cell proliferation), meaning every instance of the specific assay is necessarily an instance of the general assay."
LLMs4OL_OBI_SUB,pred,thyroid stimulating hormone assay,venous blood thyroid stimulating hormone assay,0,is_a,google/gemma-4-31b-it,"A venous blood thyroid stimulating hormone assay is a specific type of thyroid stimulating hormone assay, defined by the specific specimen source (venous blood)."
LLMs4OL_OBI_SUB,pred,blood assay,comprehensive metabolic panel venous blood albumin assay,0,is_a,google/gemma-4-31b-it,"A 'comprehensive metabolic panel venous blood albumin assay' is a specific type of 'blood assay', meaning every instance of the former is necessarily an instance of the latter."
LLMs4OL_OBI_SUB,pred,blood assay,venous blood thyroid stimulating hormone assay,0,is_a,google/gemma-4-31b-it,"A 'venous blood thyroid stimulating hormone assay' is a specific type of 'blood assay', as every instance of the former is necessarily an instance of the latter."
LLMs4OL_OBI_SUB,pred,cytometry assay,carboxyfluorescein succinimidyl ester staining assay,1,is_a,google/gemma-4-31b-it,"A carboxyfluorescein succinimidyl ester (CFSE) staining assay is a specific type of assay used to label cells for subsequent analysis via flow cytometry, making it a specialized kind of cytometry assay."
LLMs4OL_OBI_SUB,pred,cytometry assay,carboxyfluorescein succinimidyl ester staining assay measuring epitope specific proliferation of t cells,1,is_a,google/gemma-4-31b-it,"A carboxyfluorescein succinimidyl ester (CFSE) staining assay for T cell proliferation is a specific type of assay that is typically analyzed using flow cytometry, making it a specialized kind of cytometry assay."
LLMs4OL_OBI_SUB,pred,monocyte assay,manual differential bodily fluid monocyte count assay,0,is_a,google/gemma-4-31b-it,A 'manual differential bodily fluid monocyte count assay' is a specific type of 'monocyte assay' characterized by its manual method and the specific sample type (bodily fluid).
LLMs4OL_OBI_SUB,pred,arthropod specimen collection by aspiration,daytime arthropod specimen collection by aspiration,0,is_a,google/gemma-4-31b-it,"Any instance of 'daytime arthropod specimen collection by aspiration' is by definition an instance of 'arthropod specimen collection by aspiration', with the former being a more specific case defined by the time of day."
LLMs4OL_OBI_SUB,pred,arthropod specimen collection process,daytime arthropod specimen collection by aspiration,0,is_a,google/gemma-4-31b-it,Any instance of 'daytime arthropod specimen collection by aspiration' is by definition a specific type of 'arthropod specimen collection process'.
LLMs4OL_OBI_SUB,pred,arthropod specimen collection process,live arthropod specimen collection process,0,is_a,google/gemma-4-31b-it,A 'live arthropod specimen collection process' is a specific type of 'arthropod specimen collection process' characterized by the requirement that the specimen remains alive.
LLMs4OL_OBI_SUB,pred,arthropod specimen collection process,arthropod specimen collection by aspiration,0,is_a,google/gemma-4-31b-it,Collecting an arthropod specimen by aspiration is a specific method (a kind) of the general arthropod specimen collection process.
LLMs4OL_OBI_SUB,pred,arthropod specimen collection process,adult arthropod specimen collection process,0,is_a,google/gemma-4-31b-it,"Collecting an adult arthropod specimen is a specific type of arthropod specimen collection process, as the former is a subset of the latter defined by the life stage of the subject."
LLMs4OL_OBI_SUB,pred,specimen collection process,daytime arthropod specimen collection by aspiration,0,is_a,google/gemma-4-31b-it,Any instance of 'daytime arthropod specimen collection by aspiration' is by definition a specific type of 'specimen collection process'.
LLMs4OL_OBI_SUB,pred,specimen collection process,live arthropod specimen collection process,0,is_a,google/gemma-4-31b-it,"Any process used to collect a live arthropod specimen is, by definition, a type of specimen collection process."
LLMs4OL_OBI_SUB,pred,specimen collection process,arthropod specimen collection by aspiration,0,is_a,google/gemma-4-31b-it,Collecting an arthropod specimen by aspiration is a specific type of specimen collection process.
LLMs4OL_OBI_SUB,pred,specimen collection process,adult arthropod specimen collection process,0,is_a,google/gemma-4-31b-it,"Any process used to collect an adult arthropod specimen is, by definition, a type of specimen collection process."
LLMs4OL_OBI_SUB,pred,specimen collection process,arthropod specimen collection process,0,is_a,google/gemma-4-31b-it,"An 'arthropod specimen collection process' is a specific type of 'specimen collection process', as it inherits all the characteristics of the general process but is restricted to a specific subject."
LLMs4OL_OBI_SUB,pred,function,connection function,0,is_a,google/gemma-4-31b-it,A 'connection function' is a specific type of 'function' designed to establish or maintain a connection.
LLMs4OL_OBI_SUB,pred,epitope specific cytokine production by t cells,assay measuring epitope specific interferon-alpha production by t cells,1,attribute_of,google/gemma-4-31b-it,"The child term describes a method of measurement (an assay), whereas the parent term describes the biological process being measured."
LLMs4OL_OBI_SUB,pred,epitope specific cytokine production by t cells,epitope specific interleukin-3 production by t cells,0,is_a,google/gemma-4-31b-it,"Since Interleukin-3 is a specific type of cytokine, any instance of epitope-specific Interleukin-3 production by T cells is necessarily an instance of epitope-specific cytokine production by T cells."
LLMs4OL_OBI_SUB,pred,live arthropod specimen collection process,arthropod specimen collection by aspiration,0,is_a,google/gemma-4-31b-it,Collecting an arthropod specimen by aspiration is a specific method (a kind) of the broader process of collecting live arthropod specimens.
LLMs4OL_OBI_SUB,pred,live arthropod specimen collection process,daytime arthropod specimen collection by aspiration,0,is_a,google/gemma-4-31b-it,Any instance of 'daytime arthropod specimen collection by aspiration' is necessarily a specific type of 'live arthropod specimen collection process'.
LLMs4OL_OBI_SUB,pred,adult arthropod specimen collection process,arthropod specimen collection by aspiration,0,is_a,google/gemma-4-31b-it,Collecting an arthropod specimen by aspiration is a specific method (a kind) of the broader process of collecting adult arthropod specimens.
LLMs4OL_OBI_SUB,pred,adult arthropod specimen collection process,daytime arthropod specimen collection by aspiration,0,is_a,google/gemma-4-31b-it,"Any instance of 'daytime arthropod specimen collection by aspiration' is necessarily a specific type of 'adult arthropod specimen collection process' (assuming the aspiration is targeting adults), as it adds further constraints (time of day and method) to the parent class."
LLMs4OL_OBI_SUB,pred,functional assessment of individual,nose to finger assessment,0,is_a,google/gemma-4-31b-it,"A 'nose to finger assessment' is a specific type of 'functional assessment of individual', meaning every instance of the former is necessarily an instance of the latter."
LLMs4OL_OBI_SUB,pred,alpha-beta t cell,cd4-positive alpha-beta t cell,0,is_a,google/gemma-4-31b-it,"A CD4-positive alpha-beta T cell is a specific subtype of alpha-beta T cell, meaning every instance of the former is necessarily an instance of the latter."
LLMs4OL_OBI_SUB,pred,measurement datum,dose,0,is_a,google/gemma-4-31b-it,"A dose is a specific type of measurement datum (a value representing the amount of a substance administered), meaning every instance of a dose is necessarily an instance of a measurement datum."
LLMs4OL_OBI_SUB,pred,interleukin-3 production,epitope specific interleukin-3 production by t cells,0,is_a,google/gemma-4-31b-it,Any instance of 'epitope specific interleukin-3 production by t cells' is necessarily an instance of the broader process of 'interleukin-3 production'.
LLMs4OL_OBI_SUB,pred,material component separation,dna subtraction,0,is_a,google/gemma-4-31b-it,"DNA subtraction is a specific type of process used to separate components of genetic material, making it a specialized instance of material component separation."
LLMs4OL_OBI_SUB,pred,material processing,dna subtraction,0,is_a,google/gemma-4-31b-it,DNA subtraction is a specific type of material processing technique used to remove specific genetic sequences.
LLMs4OL_OBI_SUB,pred,material processing,material component separation,0,is_a,google/gemma-4-31b-it,Separating the components of a material is a specific type of material processing.
LLMs4OL_OBI_SUB,pred,material processing,adding a material entity into a target,0,is_a,google/gemma-4-31b-it,Adding a material entity into a target is a specific type of material processing activity.
LLMs4OL_OBI_SUB,pred,material processing,artificially induced dna repair,0,is_a,google/gemma-4-31b-it,"Artificially induced DNA repair is a specific type of process that involves the manipulation and processing of biological material (DNA), making it a subclass of material processing."
LLMs4OL_OBI_SUB,pred,material processing,material combination,0,is_a,google/gemma-4-31b-it,"Combining materials is a specific type of material processing activity, meaning every instance of material combination is necessarily an instance of material processing."
LLMs4OL_OBI_SUB,pred,environmental control device,cryostat,0,is_a,google/gemma-4-31b-it,"A cryostat is a specific type of device used to maintain low temperatures, which is a form of environmental control."
LLMs4OL_OBI_SUB,pred,material combination,adding a material entity into a target,0,is_a,google/gemma-4-31b-it,Adding a material entity into a target is a specific method or type of material combination.
LLMs4OL_PO_SUB,gt,shoot system,po_0000055,,part_of,google/gemma-4-31b-it,"The term 'po_0000055' (which refers to the shoot apex) is a specific anatomical component or region of the overall shoot system, not a type of shoot system."
LLMs4OL_PO_SUB,gt,plant axis differentiation zone,shoot internode differentiation zone,,is_a,google/gemma-4-31b-it,"A 'shoot internode differentiation zone' is a specific type of 'plant axis differentiation zone' located within the shoot system, meaning every instance of the former is necessarily an instance of the latter."
LLMs4OL_PO_SUB,gt,plant structure,multi-tissue plant structure,,is_a,google/gemma-4-31b-it,"A 'multi-tissue plant structure' is a specific type of 'plant structure' characterized by the presence of multiple tissue types, meaning every instance of the former is necessarily an instance of the latter."
LLMs4OL_PO_SUB,gt,plant structure,cardinal part of multi-tissue plant structure,,part_of,google/gemma-4-31b-it,"The term 'cardinal part of multi-tissue plant structure' describes a component (a part) of a plant structure, rather than a type of plant structure itself."
LLMs4OL_PO_SUB,gt,plant structure,portion of plant tissue,,part_of,google/gemma-4-31b-it,"A 'portion of plant tissue' is a physical segment or piece of a 'plant structure', rather than a taxonomic subclass of it."
LLMs4OL_PO_SUB,gt,multi-tissue plant structure,plant organ,,is_a,google/gemma-4-31b-it,"A plant organ is defined as a structure composed of multiple tissues, meaning every plant organ is by definition a multi-tissue plant structure."
LLMs4OL_PO_SUB,gt,multi-tissue plant structure,fruit,,is_a,google/gemma-4-31b-it,"A fruit is a specific type of multi-tissue plant structure, meaning every instance of a fruit is necessarily an instance of a multi-tissue plant structure."
LLMs4OL_PO_SUB,gt,shoot internode differentiation zone,branch internode differentiation zone,,is_a,google/gemma-4-31b-it,"A branch internode differentiation zone is a specific type of shoot internode differentiation zone, as branches are a subset of the shoot system."
LLMs4OL_PO_SUB,gt,root parenchyma,central root cap,,part_of,google/gemma-4-31b-it,"The central root cap is a specific anatomical region or component located within the root parenchyma, rather than a subtype of parenchyma tissue itself."
LLMs4OL_PO_SUB,gt,root parenchyma,lateral root cap,,part_of,google/gemma-4-31b-it,"The lateral root cap is a specific anatomical structure (a region) located within the root system, whereas root parenchyma is a type of tissue; a root cap is composed of various cells but is not a ""kind of"" parenchyma tissue."
LLMs4OL_PO_SUB,gt,vascular leaf,spine leaf,,is_a,google/gemma-4-31b-it,"A spine leaf is a specialized type of vascular leaf modified for protection or water conservation, meaning every spine leaf is inherently a vascular leaf."
LLMs4OL_PO_SUB,gt,vascular leaf,adult vascular leaf,,is_a,google/gemma-4-31b-it,"An adult vascular leaf is a specific type (stage of development) of a vascular leaf, meaning every adult vascular leaf is necessarily a vascular leaf."
LLMs4OL_PO_SUB,gt,portion of meristem tissue,lateral meristem,,is_a,google/gemma-4-31b-it,"A lateral meristem is a specific type of meristem tissue (a kind of portion of meristem tissue), meaning every lateral meristem is by definition a portion of meristem tissue."
LLMs4OL_PO_SUB,gt,plant organ,phyllome,,is_a,google/gemma-4-31b-it,"In botanical terminology, a phyllome is defined as any leaf-like organ (including leaves, bracts, and scales), making it a specific type of plant organ."
LLMs4OL_PO_SUB,gt,seed coat epidermis,coma,,part_of,google/gemma-4-31b-it,"A coma (a tuft of hairs on a seed) is a specialized structure that forms part of the seed coat epidermis, but it is not a type of epidermis itself."
LLMs4OL_PO_SUB,gt,adult vascular leaf,flag leaf,,is_a,google/gemma-4-31b-it,"A flag leaf is a specific type of adult vascular leaf (typically the first leaf of a plant or a specialized leaf in certain species), meaning every flag leaf is by definition an adult vascular leaf."
LLMs4OL_PO_SUB,gt,plant gamete,plant egg cell,,is_a,google/gemma-4-31b-it,"A plant egg cell is a specific type of plant gamete (the female gamete), meaning every instance of a plant egg cell is necessarily an instance of a plant gamete."
LLMs4OL_PO_SUB,gt,plant gamete,plant sperm cell,,is_a,google/gemma-4-31b-it,"A plant sperm cell is a specific type of plant gamete, meaning every instance of a plant sperm cell is necessarily an instance of a plant gamete."
LLMs4OL_PO_SUB,gt,cardinal part of multi-tissue plant structure,cardinal organ part,,is_a,google/gemma-4-31b-it,"A 'cardinal organ part' is a specific type of 'cardinal part of a multi-tissue plant structure', as the latter is a broader category encompassing various cardinal parts of plant organs."
LLMs4OL_PO_SUB,gt,pith,tuber pith,,is_a,google/gemma-4-31b-it,"Tuber pith is a specific type of pith found within a tuber, meaning every instance of tuber pith is necessarily an instance of pith."
LLMs4OL_PO_SUB,gt,shoot-borne internode root,basal root,,is_a,google/gemma-4-31b-it,A basal root is a specific type of shoot-borne internode root that originates from the base of the shoot.
LLMs4OL_PO_SUB,gt,central root cap,central root cap of lateral root,,is_a,google/gemma-4-31b-it,"The 'central root cap of lateral root' is a specific type of 'central root cap' found in a particular root structure, meaning every instance of the former is necessarily an instance of the latter."
LLMs4OL_PO_SUB,gt,chlorenchyma cell,mesophyll cell,,is_a,google/gemma-4-31b-it,"A mesophyll cell is a specific type of chlorenchyma cell (chlorophyll-containing parenchyma), meaning every mesophyll cell is by definition a chlorenchyma cell."
LLMs4OL_PO_SUB,gt,plant epidermis,shoot system epidermis,,is_a,google/gemma-4-31b-it,"The 'shoot system epidermis' is a specific type of 'plant epidermis' (specifically the portion found in the shoot system), meaning every instance of the former is necessarily an instance of the latter."
LLMs4OL_PO_SUB,gt,plant epidermis,seed coat epidermis,,is_a,google/gemma-4-31b-it,"The 'seed coat epidermis' is a specific type of 'plant epidermis' found specifically on the seed coat, meaning every instance of the former is necessarily an instance of the latter."
LLMs4OL_PO_SUB,gt,lateral meristem,cambium,,is_a,google/gemma-4-31b-it,"The cambium is a specific type of lateral meristem (along with the cork cambium), meaning every instance of cambium is by definition a lateral meristem."
LLMs4OL_PO_SUB,gt,shoot procambium,leaf procambium,,part_of,google/gemma-4-31b-it,"The leaf procambium is a specific anatomical region or portion of the shoot procambium, rather than a taxonomic subclass of it."
LLMs4OL_PO_SUB,gt,pistillate flower,ear floret,,part_of,google/gemma-4-31b-it,"An ear floret is a specific type of floret found on an ear (the inflorescence), and while it may be pistillate, it is a structural component (a part) of the overall pistillate flower arrangement or the ear itself, rather than a subclass of the concept ""pistillate flower."""
LLMs4OL_PO_SUB,gt,root development stage,radicle emergence stage,,is_a,google/gemma-4-31b-it,"The 'radicle emergence stage' is a specific type or phase of 'root development stage', meaning every instance of radicle emergence is necessarily an instance of root development."
LLMs4OL_PO_SUB,gt,storage parenchyma,tuber storage parenchyma,,is_a,google/gemma-4-31b-it,"Tuber storage parenchyma is a specific type of storage parenchyma found specifically in tubers, meaning every instance of the former is necessarily an instance of the latter."
LLMs4OL_PO_SUB,gt,reproductive bud,strobilus bud,,is_a,google/gemma-4-31b-it,A strobilus bud (the bud of a cone) is a specific type of reproductive bud.
LLMs4OL_PO_SUB,gt,reproductive bud,terminal reproductive bud,,is_a,google/gemma-4-31b-it,A terminal reproductive bud is a specific type of reproductive bud that is located at the apex (terminal position) of a shoot.
LLMs4OL_PO_SUB,gt,terminal bud,terminal reproductive bud,,is_a,google/gemma-4-31b-it,"A terminal reproductive bud is a specific type of terminal bud that is specialized for reproduction, meaning every instance of the former is necessarily an instance of the latter."
LLMs4OL_PO_SUB,gt,ground tissue cell,parenchyma cell,,is_a,google/gemma-4-31b-it,"A parenchyma cell is a specific type of ground tissue cell, meaning every parenchyma cell is by definition a ground tissue cell."
LLMs4OL_PO_SUB,gt,strobilus bud,terminal strobilus bud,,is_a,google/gemma-4-31b-it,"A terminal strobilus bud is a specific type of strobilus bud that is located at the terminus of a shoot, meaning every terminal strobilus bud is necessarily a strobilus bud."
LLMs4OL_PO_SUB,gt,carpel epidermis,style epidermis,,is_a,google/gemma-4-31b-it,"The style epidermis is a specific type of carpel epidermis (since the style is a part of the carpel, its epidermis is a specialized instance of the carpel's epidermis), making this a proper subsumption."
LLMs4OL_PO_SUB,gt,flower,spikelet floret,,is_a,google/gemma-4-31b-it,"A spikelet floret is a specific type of flower found within a spikelet, meaning every spikelet floret is inherently a flower."
LLMs4OL_PO_SUB,gt,flower,pistillate flower,,is_a,google/gemma-4-31b-it,"A pistillate flower is a specific type of flower (one that possesses pistils but lacks stamens), meaning every pistillate flower is necessarily a flower."
LLMs4OL_PO_SUB,gt,parenchyma,chlorenchyma,,is_a,google/gemma-4-31b-it,"Chlorenchyma is a specialized type of parenchyma tissue that contains chloroplasts, meaning every instance of chlorenchyma is a type of parenchyma."
LLMs4OL_PO_SUB,gt,parenchyma,pith,,made_of,google/gemma-4-31b-it,"The pith is a specific tissue region in the center of a stem or root that is composed of parenchyma cells, meaning it is made of that tissue type rather than being a subclass of it."
LLMs4OL_PO_SUB,gt,parenchyma,root parenchyma,,is_a,google/gemma-4-31b-it,"Root parenchyma is a specific type of parenchyma tissue found specifically in the root, meaning every instance of root parenchyma is necessarily an instance of parenchyma."
LLMs4OL_PO_SUB,gt,phyllome epidermis,bract epidermis,,is_a,google/gemma-4-31b-it,"A bract is a type of phyllome (a leaf-like organ), and therefore the epidermis of a bract is a specific type of phyllome epidermis."
LLMs4OL_PO_SUB,gt,phyllome epidermis,leaf epidermis,,is_a,google/gemma-4-31b-it,"A leaf epidermis is a specific type of phyllome epidermis (since a phyllome is any leaf-like organ, including leaves, bracts, and carpels), meaning every instance of the former is necessarily an instance of the latter."
LLMs4OL_PO_SUB,gt,phyllome epidermis,carpel epidermis,,is_a,google/gemma-4-31b-it,"A carpel is a type of phyllome (a modified leaf), and therefore the epidermis of a carpel is a specific type of phyllome epidermis."
LLMs4OL_PO_SUB,gt,leaf,vascular leaf,,is_a,google/gemma-4-31b-it,"A vascular leaf is a specific type of leaf characterized by the presence of vascular tissue, meaning every vascular leaf is necessarily a leaf."
LLMs4OL_PO_SUB,gt,procambium,shoot procambium,,is_a,google/gemma-4-31b-it,"The shoot procambium is a specific type of procambium located in the shoot system, meaning every instance of shoot procambium is necessarily an instance of procambium."
LLMs4OL_PO_SUB,gt,primordium,root primordium,,is_a,google/gemma-4-31b-it,"A root primordium is a specific type of primordium (the embryonic tissue that gives rise to an organ), meaning every root primordium is necessarily a primordium."
LLMs4OL_PO_SUB,gt,leaf lamina epidermis,leaf lamina adaxial epidermis,,is_a,google/gemma-4-31b-it,"The 'leaf lamina adaxial epidermis' is a specific type of 'leaf lamina epidermis' (specifically the upper surface), meaning every instance of the adaxial epidermis is necessarily an instance of the lamina epidermis."
LLMs4OL_PO_SUB,gt,spikelet floret,ear floret,,is_a,google/gemma-4-31b-it,"In botanical terminology, an ear floret is a specific type of spikelet floret found within the ear (spike) of a plant, meaning every ear floret is by definition a spikelet floret."
LLMs4OL_PO_SUB,gt,shoot system epidermis,phyllome epidermis,,is_a,google/gemma-4-31b-it,"The 'phyllome' refers to the collective leaf-like organs of the shoot system (including leaves, bracts, and sepals), so the epidermis of the phyllome is a specific type of epidermis found within the shoot system epidermis."
LLMs4OL_PO_SUB,gt,stem elongation stage,se07 seven nodes or internodes visible stage,,is_a,google/gemma-4-31b-it,The 'se07 seven nodes or internodes visible stage' is a specific type or sub-stage of the broader 'stem elongation stage'.
LLMs4OL_PO_SUB,gt,stem elongation stage,se05 five nodes or internodes visible stage,,is_a,google/gemma-4-31b-it,"The 'se05 five nodes or internodes visible stage' is a specific, defined phase within the broader 'stem elongation stage' process, meaning every instance of the se05 stage is necessarily an instance of the stem elongation stage."
LLMs4OL_PO_SUB,gt,shoot axis node,inflorescence axis node,,is_a,google/gemma-4-31b-it,An inflorescence axis node is a specific type of shoot axis node specialized for the support of flowers.
LLMs4OL_PO_SUB,gt,plant anatomical entity,plant structure,,is_a,google/gemma-4-31b-it,"A 'plant structure' is a type of 'plant anatomical entity', as any physical structure within a plant is by definition an anatomical entity of that plant."
LLMs4OL_PO_SUB,gt,portion of plant tissue,plant epidermis,,is_a,google/gemma-4-31b-it,"The plant epidermis is a specific type of plant tissue (specifically a dermal tissue), and therefore every instance of plant epidermis is a kind of portion of plant tissue."
LLMs4OL_PO_SUB,gt,portion of plant tissue,portion of meristem tissue,,is_a,google/gemma-4-31b-it,"A 'portion of meristem tissue' is a specific type of 'portion of plant tissue', as any part of meristematic tissue is necessarily a part of plant tissue."
LLMs4OL_PO_SUB,gt,portion of plant tissue,central endosperm,,is_a,google/gemma-4-31b-it,"The 'central endosperm' is a specific type of plant tissue (a region of the endosperm), and therefore every instance of central endosperm is necessarily an instance of a portion of plant tissue."
LLMs4OL_PO_SUB,gt,portion of plant tissue,portion of ground tissue,,is_a,google/gemma-4-31b-it,"A 'portion of ground tissue' is a specific type of 'portion of plant tissue', as ground tissue is a primary category of plant tissue."
LLMs4OL_PO_SUB,gt,portion of plant tissue,abscission zone,,is_a,google/gemma-4-31b-it,"An abscission zone is a specific type of plant tissue region characterized by its function and structure, making it a subclass of the general category of plant tissue portions."
LLMs4OL_PO_SUB,gt,portion of plant tissue,plant callus,,is_a,google/gemma-4-31b-it,"A plant callus is a specific type of unorganized plant tissue mass, making it a kind of portion of plant tissue."
LLMs4OL_PO_SUB,gt,leaf adaxial epidermis,leaf lamina adaxial epidermis,,part_of,google/gemma-4-31b-it,"The 'leaf lamina adaxial epidermis' is the specific portion of the 'leaf adaxial epidermis' that covers the blade (lamina) of the leaf, making it a spatial component rather than a taxonomic subclass."
LLMs4OL_PO_SUB,gt,lateral root cap,lateral root cap of lateral root,,is_a,google/gemma-4-31b-it,"The 'lateral root cap of lateral root' is a specific type of 'lateral root cap', as it is a specialized instance of that anatomical structure occurring specifically on a lateral root."
LLMs4OL_PO_SUB,gt,lateral root cap,lateral root cap of primary root,,is_a,google/gemma-4-31b-it,"The 'lateral root cap of primary root' is a specific type of 'lateral root cap', as it shares all the defining characteristics of a lateral root cap but is distinguished by its location on the primary root."
LLMs4OL_PO_SUB,gt,cardinal organ part,pulvinus,,is_a,google/gemma-4-31b-it,"A pulvinus is a specific type of joint-like organ part (a motor organ) in plants, meaning every pulvinus is a kind of cardinal organ part."
LLMs4OL_PO_SUB,gt,cardinal organ part,plant axis differentiation zone,,is_a,google/gemma-4-31b-it,"A 'plant axis differentiation zone' is a specific type of 'cardinal organ part' (a fundamental structural component of a plant organ), meaning every instance of the differentiation zone is by definition an instance of a cardinal organ part."
LLMs4OL_PO_SUB,gt,reproductive shoot system,flower,,is_a,google/gemma-4-31b-it,"A flower is a specific type of reproductive shoot system, as the shoot system is the broader botanical category that encompasses flowers and their modified structures."
LLMs4OL_PO_SUB,gt,reproductive shoot system,reproductive bud,,part_of,google/gemma-4-31b-it,"A reproductive bud is a structural component or a specific organ located within the reproductive shoot system, rather than a type of shoot system itself."
LLMs4OL_PO_SUB,gt,parenchyma cell,chlorenchyma cell,,is_a,google/gemma-4-31b-it,"Chlorenchyma cells are a specialized type of parenchyma cell that contain chloroplasts, meaning every chlorenchyma cell is by definition a parenchyma cell."
LLMs4OL_PO_SUB,gt,abscission zone,floral organ abscission zone,,is_a,google/gemma-4-31b-it,"A floral organ abscission zone is a specific type of abscission zone located in floral organs, meaning every instance of the former is necessarily an instance of the latter."
LLMs4OL_PO_SUB,gt,chlorenchyma,plant ovary wall middle layer,,part_of,google/gemma-4-31b-it,"The 'plant ovary wall middle layer' is a specific anatomical region that is composed of chlorenchyma tissue, meaning it is a part of the plant's structure made of that tissue rather than a subtype of the tissue itself."
LLMs4OL_PO_SUB,gt,portion of ground tissue,parenchyma,,is_a,google/gemma-4-31b-it,"Parenchyma is a specific type of ground tissue, meaning every instance of parenchyma is a kind of portion of ground tissue."
LLMs4OL_PO_SUB,gt,po_0000055,terminal bud,,is_a,google/gemma-4-31b-it,"A terminal bud is a specific type of bud (po_0000055), meaning every terminal bud is necessarily a bud."
LLMs4OL_PO_SUB,gt,po_0000055,reproductive bud,,is_a,google/gemma-4-31b-it,"A reproductive bud is a specific type of bud (po_0000055), meaning every reproductive bud is necessarily a bud."
LLMs4OL_PO_SUB,gt,leaf epidermis,leaf lamina epidermis,,is_a,google/gemma-4-31b-it,"The 'leaf lamina epidermis' is the specific layer of epidermis covering the blade (lamina) of the leaf, making it a specialized type of 'leaf epidermis'."
LLMs4OL_PO_SUB,gt,leaf epidermis,leaf adaxial epidermis,,is_a,google/gemma-4-31b-it,"The 'leaf adaxial epidermis' is a specific type of 'leaf epidermis' (specifically the upper surface), meaning every instance of the adaxial epidermis is necessarily an instance of the leaf epidermis."
LLMs4OL_PO_SUB,gt,plant egg cell,embryo sac egg cell,,is_a,google/gemma-4-31b-it,"An embryo sac egg cell is a specific type of plant egg cell (specifically the one found within the embryo sac of angiosperms), meaning every instance of the former is an instance of the latter."
LLMs4OL_PO_SUB,gt,cambium,cork cambium,,is_a,google/gemma-4-31b-it,"The cork cambium (phellogen) is a specific type of cambium (a lateral meristem), meaning every instance of cork cambium is necessarily an instance of cambium."
LLMs4OL_PO_SUB,gt,fruit,samara fruit,,is_a,google/gemma-4-31b-it,"A samara is a specific type of winged fruit, meaning every instance of a samara fruit is necessarily an instance of a fruit."
LLMs4OL_PO_SUB,gt,bract epidermis,bract adaxial epidermis,,is_a,google/gemma-4-31b-it,"The 'bract adaxial epidermis' is a specific type of 'bract epidermis' (specifically the one on the upper surface), meaning every instance of the adaxial epidermis is necessarily an instance of the bract epidermis."
LLMs4OL_PO_SUB,gt,upper glume,upper glume of tassel spikelet,,is_a,google/gemma-4-31b-it,"An 'upper glume of tassel spikelet' is a specific type of 'upper glume' found in a particular botanical structure, meaning every instance of the former is necessarily an instance of the latter."
LLMs4OL_PO_SUB,gt,fruit pedicel,infructescence fruit pedicel,,is_a,google/gemma-4-31b-it,"An infructescence fruit pedicel is a specific type of fruit pedicel (specifically one that supports a cluster of fruits), meaning every instance of the former is necessarily an instance of the latter."
LLMs4OL_PO_SUB,gt,terminal reproductive bud,terminal strobilus bud,,is_a,google/gemma-4-31b-it,"A terminal strobilus bud is a specific type of terminal reproductive bud (specifically one that forms a strobilus/cone), meaning every instance of the former is necessarily an instance of the latter."
LLMs4OL_PO_SUB,gt,upper glume of tassel spikelet,upper glume of pedicellate spikelet of tassel,,is_a,google/gemma-4-31b-it,"The 'upper glume of pedicellate spikelet of tassel' is a specific type of 'upper glume of tassel spikelet' (specifically, the one found on the pedicellate variety), meaning every instance of the former is necessarily an instance of the latter."
LLMs4OL_PO_SUB,gt,native plant cell,plant gamete,,is_a,google/gemma-4-31b-it,"A plant gamete is a specialized type of plant cell, meaning every instance of a plant gamete is necessarily an instance of a plant cell."
LLMs4OL_PO_SUB,gt,native plant cell,ground tissue cell,,is_a,google/gemma-4-31b-it,"A ground tissue cell is a specific type of cell found in native plants, meaning every instance of a ground tissue cell is necessarily an instance of a native plant cell."
LLMs4OL_PO_SUB,gt,tuber axillary shoot,subterranean tuber axillary shoot,,is_a,google/gemma-4-31b-it,"A 'subterranean tuber axillary shoot' is a specific type of 'tuber axillary shoot' that is characterized by its location underground, meaning every instance of the former is necessarily an instance of the latter."
LLMs4OL_PO_SUB,gt,phyllome,leaf,,is_a,google/gemma-4-31b-it,"In botanical terminology, a phyllome is the general term for any leaf-like organ (including leaves, bracts, and sporophylls), meaning every leaf is a type of phyllome."
LLMs4OL_PO_SUB,gt,phyllome,sporophyll,,is_a,google/gemma-4-31b-it,"A sporophyll is a specific type of phyllome (a leaf-like organ) that bears sporangia, meaning every sporophyll is by definition a phyllome."
LLMs4OL_PO_SUB,pred,fruit pedicel,infructescence fruit pedicel,0,is_a,google/gemma-4-31b-it,"An infructescence fruit pedicel is a specific type of fruit pedicel (specifically one that supports a cluster of fruits), meaning every instance of the former is necessarily an instance of the latter."
LLMs4OL_PO_SUB,pred,multi-tissue plant structure,infructescence fruit pedicel,1,is_a,google/gemma-4-31b-it,"An infructescence fruit pedicel is a specific type of fruit pedicel, and since a fruit pedicel is a multi-tissue plant structure, the relation is a proper subsumption."
LLMs4OL_PO_SUB,pred,multi-tissue plant structure,shoot system,1,is_a,google/gemma-4-31b-it,"The shoot system is a complex anatomical entity composed of multiple tissues (stems, leaves, etc.), making it a specific type of multi-tissue plant structure."
LLMs4OL_PO_SUB,pred,multi-tissue plant structure,plant axis differentiation zone,1,part_of,google/gemma-4-31b-it,"A 'plant axis differentiation zone' is a specific region or area within a multi-tissue plant structure (such as a shoot or root axis), rather than a type of multi-tissue plant structure itself."
LLMs4OL_PO_SUB,pred,multi-tissue plant structure,shoot internode differentiation zone,1,part_of,google/gemma-4-31b-it,"The 'shoot internode differentiation zone' is a specific anatomical region or component within a larger multi-tissue plant structure, rather than a type of multi-tissue plant structure itself."
LLMs4OL_PO_SUB,pred,multi-tissue plant structure,axil,1,located_in,google/gemma-4-31b-it,"An axil is the angle or region between the upper side of a leaf (or stem) and the supporting stem, making it a specific location or region within the plant's structure rather than a type of multi-tissue structure itself."
LLMs4OL_PO_SUB,pred,multi-tissue plant structure,vascular leaf,0,is_a,google/gemma-4-31b-it,"A vascular leaf is a specific type of plant structure composed of multiple tissues, meaning every instance of a vascular leaf is necessarily an instance of a multi-tissue plant structure."
LLMs4OL_PO_SUB,pred,multi-tissue plant structure,plant organ,0,is_a,google/gemma-4-31b-it,"A plant organ is, by definition, a structure composed of multiple tissues, meaning every plant organ is a multi-tissue plant structure."
LLMs4OL_PO_SUB,pred,multi-tissue plant structure,adult vascular leaf,0,is_a,google/gemma-4-31b-it,"An adult vascular leaf is a specific type of plant structure composed of multiple tissues, meaning every instance of the former is necessarily an instance of the latter."
LLMs4OL_PO_SUB,pred,multi-tissue plant structure,floral organ abscission zone,1,part_of,google/gemma-4-31b-it,"An abscission zone is a specialized region or portion of tissue within a plant organ, not a type of multi-tissue plant structure itself."
LLMs4OL_PO_SUB,pred,multi-tissue plant structure,cardinal part of multi-tissue plant structure,1,part_of,google/gemma-4-31b-it,"The term 'cardinal part of multi-tissue plant structure' describes a component (a part) of a 'multi-tissue plant structure', not a subclass of it."
LLMs4OL_PO_SUB,pred,multi-tissue plant structure,basal root,1,is_a,google/gemma-4-31b-it,"A basal root is a specific type of plant organ composed of multiple tissues, meaning every instance of a basal root is necessarily an instance of a multi-tissue plant structure."
LLMs4OL_PO_SUB,pred,multi-tissue plant structure,subterranean tuber axillary shoot,1,is_a,google/gemma-4-31b-it,"A subterranean tuber axillary shoot is a specific type of multi-tissue plant structure, as it is a complex anatomical entity composed of multiple tissue types."
LLMs4OL_PO_SUB,pred,multi-tissue plant structure,shoot-borne internode root,1,is_a,google/gemma-4-31b-it,"A shoot-borne internode root is a specific type of plant structure composed of multiple tissues, making it a subclass of multi-tissue plant structures."
LLMs4OL_PO_SUB,pred,multi-tissue plant structure,pistillate flower,1,is_a,google/gemma-4-31b-it,"A pistillate flower is a type of plant organ, and since a plant organ is a kind of multi-tissue plant structure, every pistillate flower is necessarily a multi-tissue plant structure."
LLMs4OL_PO_SUB,pred,multi-tissue plant structure,shoot axis apex,1,is_a,google/gemma-4-31b-it,"The shoot axis apex (the growing tip of the shoot) is a specific type of plant structure composed of multiple tissue types (meristem, ground tissue, etc.), making it a subclass of multi-tissue plant structures."
LLMs4OL_PO_SUB,pred,multi-tissue plant structure,branch internode differentiation zone,1,part_of,google/gemma-4-31b-it,A differentiation zone is a specific region or portion of a plant structure rather than a type of multi-tissue plant structure itself.
LLMs4OL_PO_SUB,pred,multi-tissue plant structure,reproductive bud,1,is_a,google/gemma-4-31b-it,"A reproductive bud is a specific type of plant structure composed of multiple tissues, meaning every reproductive bud is necessarily a multi-tissue plant structure."
LLMs4OL_PO_SUB,pred,multi-tissue plant structure,terminal bud,1,is_a,google/gemma-4-31b-it,"A terminal bud is a specific type of complex plant structure composed of multiple tissue types (such as meristem, leaf primordia, and scale leaves), making it a subclass of multi-tissue plant structures."
LLMs4OL_PO_SUB,pred,multi-tissue plant structure,strobilus bud,1,is_a,google/gemma-4-31b-it,"A strobilus bud is a specific type of plant structure composed of multiple tissues, meaning every instance of a strobilus bud is necessarily an instance of a multi-tissue plant structure."
LLMs4OL_PO_SUB,pred,multi-tissue plant structure,flower,1,is_a,google/gemma-4-31b-it,"A flower is a specific type of plant organ composed of multiple tissues, meaning every flower is necessarily a multi-tissue plant structure."
LLMs4OL_PO_SUB,pred,multi-tissue plant structure,leaf,0,is_a,google/gemma-4-31b-it,"A leaf is a specific type of plant structure composed of multiple tissues, meaning every leaf is necessarily a multi-tissue plant structure."
LLMs4OL_PO_SUB,pred,multi-tissue plant structure,terminal strobilus bud,1,is_a,google/gemma-4-31b-it,"A terminal strobilus bud is a specific type of plant structure composed of multiple tissues, meaning every instance of the bud is necessarily an instance of a multi-tissue plant structure."
LLMs4OL_PO_SUB,pred,multi-tissue plant structure,inflorescence axis node,1,part_of,google/gemma-4-31b-it,"An inflorescence axis node is a specific anatomical region (a node) within a plant structure, and while it consists of multiple tissues, it is a component part of the overall multi-tissue plant architecture rather than a taxonomic subtype of it."
LLMs4OL_PO_SUB,pred,multi-tissue plant structure,primordium,1,derives_from,google/gemma-4-31b-it,"A primordium is an early-stage embryonic tissue that develops into a more complex multi-tissue plant structure (such as a leaf or flower), making the relationship developmental rather than a taxonomic subsumption."
LLMs4OL_PO_SUB,pred,multi-tissue plant structure,root primordium,1,derives_from,google/gemma-4-31b-it,"A root primordium is the embryonic tissue that develops into a root, and while it is a primordium, it is not yet a fully differentiated multi-tissue plant structure (like an organ)."
LLMs4OL_PO_SUB,pred,multi-tissue plant structure,spine leaf,0,is_a,google/gemma-4-31b-it,"A spine leaf is a specific type of multi-tissue plant structure, as it is a specialized leaf (which is itself a multi-tissue plant structure)."
LLMs4OL_PO_SUB,pred,multi-tissue plant structure,sporophyll,0,is_a,google/gemma-4-31b-it,"A sporophyll is a specific type of leaf (phyllome) that bears spores, and since it is composed of multiple tissue types, it is a kind of multi-tissue plant structure."
LLMs4OL_PO_SUB,pred,multi-tissue plant structure,spikelet floret,1,is_a,google/gemma-4-31b-it,"A spikelet floret is a specific type of flower, and since a flower is a complex plant organ composed of multiple tissue types, every spikelet floret is necessarily a multi-tissue plant structure."
LLMs4OL_PO_SUB,pred,multi-tissue plant structure,flag leaf,0,is_a,google/gemma-4-31b-it,"A flag leaf is a specific type of leaf, and since a leaf is a multi-tissue plant structure, every instance of a flag leaf is necessarily an instance of a multi-tissue plant structure."
LLMs4OL_PO_SUB,pred,multi-tissue plant structure,shoot axis node,1,is_a,google/gemma-4-31b-it,"A shoot axis node is a specific type of plant structure composed of multiple tissue types, making it a subclass of multi-tissue plant structures."
LLMs4OL_PO_SUB,pred,multi-tissue plant structure,cardinal organ part,1,part_of,google/gemma-4-31b-it,"A 'cardinal organ part' is a component or region of a 'multi-tissue plant structure' (the organ), not a type of the structure itself."
LLMs4OL_PO_SUB,pred,multi-tissue plant structure,reproductive shoot system,1,is_a,google/gemma-4-31b-it,"A reproductive shoot system is a specific type of plant structure composed of multiple tissues, making it a subclass of multi-tissue plant structures."
LLMs4OL_PO_SUB,pred,multi-tissue plant structure,ear floret,1,is_a,google/gemma-4-31b-it,"An ear floret is a type of flower/spikelet floret, and since all flowers are complex plant organs composed of multiple tissue types, every ear floret is necessarily a multi-tissue plant structure."
LLMs4OL_PO_SUB,pred,multi-tissue plant structure,abscission zone,1,part_of,google/gemma-4-31b-it,"An abscission zone is a specialized region or layer of cells within a plant organ (like a leaf or fruit) that facilitates shedding, making it a component part of a multi-tissue structure rather than a type of one."
LLMs4OL_PO_SUB,pred,multi-tissue plant structure,po_0000055,1,is_a,google/gemma-4-31b-it,"The term 'po_0000055' refers to the 'shoot system', and since a shoot system is a complex plant structure composed of multiple tissues (stems, leaves, etc.), it is a specific type of multi-tissue plant structure."
LLMs4OL_PO_SUB,pred,multi-tissue plant structure,upper glume of pedicellate spikelet of tassel,1,is_a,google/gemma-4-31b-it,"An upper glume is a specific type of plant anatomical structure composed of multiple tissues, meaning every instance of this glume is necessarily an instance of a multi-tissue plant structure."
LLMs4OL_PO_SUB,pred,multi-tissue plant structure,fruit,0,is_a,google/gemma-4-31b-it,"A fruit is a specific type of plant structure composed of multiple tissues, meaning every fruit is necessarily a multi-tissue plant structure."
LLMs4OL_PO_SUB,pred,multi-tissue plant structure,upper glume,1,is_a,google/gemma-4-31b-it,An upper glume is a specific type of modified leaf (phyllome) and thus constitutes a multi-tissue plant structure.
LLMs4OL_PO_SUB,pred,multi-tissue plant structure,fruit pedicel,1,is_a,google/gemma-4-31b-it,"A fruit pedicel is a specific type of multi-tissue plant structure (the stalk supporting a fruit), meaning every fruit pedicel is by definition a multi-tissue plant structure."
LLMs4OL_PO_SUB,pred,multi-tissue plant structure,terminal reproductive bud,1,is_a,google/gemma-4-31b-it,"A terminal reproductive bud is a specific type of plant structure composed of multiple tissue types, meaning every instance of the bud is necessarily an instance of a multi-tissue plant structure."
LLMs4OL_PO_SUB,pred,multi-tissue plant structure,samara fruit,0,is_a,google/gemma-4-31b-it,"A samara fruit is a specific type of fruit, and since a fruit is a multi-tissue plant structure, every samara fruit is necessarily a multi-tissue plant structure."
LLMs4OL_PO_SUB,pred,multi-tissue plant structure,pulvinus,1,is_a,google/gemma-4-31b-it,"A pulvinus is a specialized joint-like swelling (a specific type of multi-tissue plant structure) that allows for plant movement, meaning every pulvinus is a multi-tissue plant structure."
LLMs4OL_PO_SUB,pred,multi-tissue plant structure,upper glume of tassel spikelet,1,is_a,google/gemma-4-31b-it,"An upper glume of a tassel spikelet is a specific type of plant structure composed of multiple tissues, meaning every instance of the former is necessarily an instance of the latter."
LLMs4OL_PO_SUB,pred,multi-tissue plant structure,coma,1,part_of,google/gemma-4-31b-it,"A coma (a tuft of hairs on a seed) is a specialized part of the seed coat epidermis, whereas a multi-tissue plant structure refers to complex organs (like leaves or fruits); therefore, a coma is a component of such structures rather than a type of them."
LLMs4OL_PO_SUB,pred,multi-tissue plant structure,tuber axillary shoot,1,is_a,google/gemma-4-31b-it,"A tuber axillary shoot is a specific type of multi-tissue plant structure, as it is a complex anatomical entity composed of multiple tissue types."
LLMs4OL_PO_SUB,pred,multi-tissue plant structure,phyllome,0,is_a,google/gemma-4-31b-it,"A phyllome is defined as any leaf-like organ (including leaves, bracts, and scales), and since these are all multi-tissue plant structures, every instance of a phyllome is necessarily a multi-tissue plant structure."
LLMs4OL_PO_SUB,pred,plant anatomical entity,infructescence fruit pedicel,1,is_a,google/gemma-4-31b-it,"An 'infructescence fruit pedicel' is a specific type of plant anatomical structure, meaning every instance of it is necessarily an instance of a plant anatomical entity."
LLMs4OL_PO_SUB,pred,plant anatomical entity,shoot system,1,is_a,google/gemma-4-31b-it,"A shoot system is a specific type of plant anatomical entity, as it is a biological structure that falls under the general category of plant anatomy."
LLMs4OL_PO_SUB,pred,plant anatomical entity,tuber pith,0,is_a,google/gemma-4-31b-it,"A tuber pith is a specific type of plant anatomical entity, as it is a specialized anatomical structure within a plant."
LLMs4OL_PO_SUB,pred,plant anatomical entity,plant axis differentiation zone,0,is_a,google/gemma-4-31b-it,"A 'plant axis differentiation zone' is a specific type of anatomical entity found in plants, meaning every instance of this zone is necessarily an instance of a plant anatomical entity."
LLMs4OL_PO_SUB,pred,plant anatomical entity,style epidermis,0,is_a,google/gemma-4-31b-it,"The 'style epidermis' is a specific type of plant anatomical entity, as any instance of the epidermis of a style is necessarily an instance of a plant anatomical entity."
LLMs4OL_PO_SUB,pred,plant anatomical entity,plant structure,0,is_a,google/gemma-4-31b-it,"A 'plant structure' is a type of 'plant anatomical entity', as any physical structure within a plant is by definition an anatomical entity of that plant."
LLMs4OL_PO_SUB,pred,plant anatomical entity,multi-tissue plant structure,0,is_a,google/gemma-4-31b-it,"A multi-tissue plant structure is a specific type of plant anatomical entity, as any structure composed of multiple tissues is by definition an anatomical entity of a plant."
LLMs4OL_PO_SUB,pred,plant anatomical entity,lateral root cap of primary root,0,is_a,google/gemma-4-31b-it,"A lateral root cap of a primary root is a specific type of plant anatomical entity, as any instance of this specific structure is necessarily an instance of the broader category of plant anatomical entities."
LLMs4OL_PO_SUB,pred,plant anatomical entity,lateral root cap of lateral root,0,is_a,google/gemma-4-31b-it,"A 'lateral root cap of lateral root' is a specific type of plant anatomical entity, as any instance of this specific structure is necessarily an instance of the broader category of plant anatomical entities."
LLMs4OL_PO_SUB,pred,plant anatomical entity,plant ovary wall middle layer,0,part_of,google/gemma-4-31b-it,"The 'plant ovary wall middle layer' is a specific anatomical region or component of the broader category of plant anatomical entities, but more specifically, it is a physical part of the plant's anatomy rather than a taxonomic subclass of all anatomical entities."
LLMs4OL_PO_SUB,pred,plant anatomical entity,shoot internode differentiation zone,0,is_a,google/gemma-4-31b-it,"A 'shoot internode differentiation zone' is a specific type of plant anatomical entity, meaning every instance of the former is necessarily an instance of the latter."
LLMs4OL_PO_SUB,pred,plant anatomical entity,tuber storage parenchyma,1,is_a,google/gemma-4-31b-it,"Tuber storage parenchyma is a specific type of plant anatomical entity, as it is a specialized tissue within a plant."
LLMs4OL_PO_SUB,pred,plant anatomical entity,axil,1,is_a,google/gemma-4-31b-it,"An axil is a specific type of anatomical structure found in plants, meaning every axil is a plant anatomical entity."
LLMs4OL_PO_SUB,pred,plant anatomical entity,root parenchyma,0,is_a,google/gemma-4-31b-it,"Root parenchyma is a specific type of plant anatomical entity, as any instance of root parenchyma is by definition an instance of a plant anatomical entity."
LLMs4OL_PO_SUB,pred,plant anatomical entity,vascular leaf,0,is_a,google/gemma-4-31b-it,"A vascular leaf is a specific type of plant anatomical entity, meaning every instance of a vascular leaf is necessarily an instance of a plant anatomical entity."
LLMs4OL_PO_SUB,pred,plant anatomical entity,portion of meristem tissue,0,is_a,google/gemma-4-31b-it,"A portion of meristem tissue is a specific type of plant anatomical entity, as any part of a plant's tissue is by definition an anatomical entity of that plant."
LLMs4OL_PO_SUB,pred,plant anatomical entity,mesophyll cell,1,is_a,google/gemma-4-31b-it,"A mesophyll cell is a specific type of cell within a plant, and since any cell of a plant is a type of plant anatomical entity, the subsumption holds."
LLMs4OL_PO_SUB,pred,plant anatomical entity,plant organ,0,is_a,google/gemma-4-31b-it,"A plant organ is a specific type of plant anatomical entity, meaning every instance of a plant organ is necessarily an instance of a plant anatomical entity."
LLMs4OL_PO_SUB,pred,plant anatomical entity,seed coat epidermis,0,is_a,google/gemma-4-31b-it,"The 'seed coat epidermis' is a specific type of plant anatomical entity, meaning every instance of a seed coat epidermis is necessarily an instance of a plant anatomical entity."
LLMs4OL_PO_SUB,pred,plant anatomical entity,adult vascular leaf,0,is_a,google/gemma-4-31b-it,"An adult vascular leaf is a specific type of anatomical entity found in plants, meaning every instance of the former is necessarily an instance of the latter."
LLMs4OL_PO_SUB,pred,plant anatomical entity,floral organ abscission zone,0,is_a,google/gemma-4-31b-it,"A floral organ abscission zone is a specific type of plant anatomical entity, as any instance of this specialized zone is by definition an instance of a plant anatomical entity."
LLMs4OL_PO_SUB,pred,plant anatomical entity,plant gamete,1,is_a,google/gemma-4-31b-it,"A plant gamete is a specific type of plant cell, and since cells are the fundamental building blocks and anatomical units of plants, a gamete is a kind of plant anatomical entity."
LLMs4OL_PO_SUB,pred,plant anatomical entity,plant sperm cell,1,is_a,google/gemma-4-31b-it,"A plant sperm cell is a specific type of plant cell, and since cells are the fundamental structural units (anatomical entities) of plants, every plant sperm cell is necessarily a plant anatomical entity."
LLMs4OL_PO_SUB,pred,plant anatomical entity,cardinal part of multi-tissue plant structure,0,is_a,google/gemma-4-31b-it,"A 'cardinal part of multi-tissue plant structure' is a specific type of 'plant anatomical entity', as any part of a plant structure is itself an anatomical entity of that plant."
LLMs4OL_PO_SUB,pred,plant anatomical entity,basal root,1,is_a,google/gemma-4-31b-it,"A basal root is a specific type of plant anatomical entity, meaning every instance of a basal root is necessarily an instance of a plant anatomical entity."
LLMs4OL_PO_SUB,pred,plant anatomical entity,subterranean tuber axillary shoot,1,is_a,google/gemma-4-31b-it,"A subterranean tuber axillary shoot is a specific type of plant anatomical entity, as it is a biological structure within a plant."
LLMs4OL_PO_SUB,pred,plant anatomical entity,pith,0,is_a,google/gemma-4-31b-it,"The pith is a specific type of plant anatomical entity, meaning every instance of pith is necessarily an instance of a plant anatomical entity."
LLMs4OL_PO_SUB,pred,plant anatomical entity,shoot-borne internode root,1,is_a,google/gemma-4-31b-it,"A 'shoot-borne internode root' is a specific type of anatomical structure found in plants, making it a subclass of the general category 'plant anatomical entity'."
LLMs4OL_PO_SUB,pred,plant anatomical entity,central root cap,0,is_a,google/gemma-4-31b-it,"The central root cap is a specific type of anatomical structure found in plants, meaning every instance of a central root cap is necessarily an instance of a plant anatomical entity."
LLMs4OL_PO_SUB,pred,plant anatomical entity,chlorenchyma cell,1,is_a,google/gemma-4-31b-it,"A chlorenchyma cell is a specific type of plant cell, and since all plant cells are plant anatomical entities, the relation is a proper subsumption."
LLMs4OL_PO_SUB,pred,plant anatomical entity,plant epidermis,0,is_a,google/gemma-4-31b-it,"The plant epidermis is a specific type of anatomical entity found in plants, meaning every instance of a plant epidermis is necessarily an instance of a plant anatomical entity."
LLMs4OL_PO_SUB,pred,plant anatomical entity,lateral meristem,0,is_a,google/gemma-4-31b-it,"A lateral meristem is a specific type of plant anatomical entity, meaning every instance of a lateral meristem is necessarily an instance of a plant anatomical entity."
LLMs4OL_PO_SUB,pred,plant anatomical entity,central endosperm,0,is_a,google/gemma-4-31b-it,"The central endosperm is a specific type of plant anatomical entity, meaning every instance of a central endosperm is necessarily an instance of a plant anatomical entity."
LLMs4OL_PO_SUB,pred,plant anatomical entity,shoot procambium,1,is_a,google/gemma-4-31b-it,"The 'shoot procambium' is a specific type of 'procambium', which in turn is a type of 'plant anatomical entity', making the relationship a proper subsumption."
LLMs4OL_PO_SUB,pred,plant anatomical entity,pistillate flower,1,is_a,google/gemma-4-31b-it,"A pistillate flower is a specific type of plant anatomical entity, as every instance of a pistillate flower is necessarily an instance of a plant anatomical entity."
LLMs4OL_PO_SUB,pred,plant anatomical entity,shoot axis apex,1,is_a,google/gemma-4-31b-it,"A shoot axis apex is a specific type of anatomical entity found in plants, meaning every instance of a shoot axis apex is necessarily an instance of a plant anatomical entity."
LLMs4OL_PO_SUB,pred,plant anatomical entity,branch internode differentiation zone,0,is_a,google/gemma-4-31b-it,"A 'branch internode differentiation zone' is a specific type of 'plant anatomical entity', as any instance of this specialized zone is necessarily an instance of a plant anatomical entity."
LLMs4OL_PO_SUB,pred,plant anatomical entity,storage parenchyma,1,is_a,google/gemma-4-31b-it,"Storage parenchyma is a specific type of plant tissue, and since all plant tissues are plant anatomical entities, it is a proper subsumption."
LLMs4OL_PO_SUB,pred,plant anatomical entity,leaf lamina adaxial epidermis,0,is_a,google/gemma-4-31b-it,"The 'leaf lamina adaxial epidermis' is a specific type of 'plant anatomical entity', as any instance of this specific epidermis is necessarily an instance of a plant anatomical entity."
LLMs4OL_PO_SUB,pred,plant anatomical entity,reproductive bud,1,is_a,google/gemma-4-31b-it,"A reproductive bud is a specific type of anatomical structure found in plants, meaning every reproductive bud is necessarily a plant anatomical entity."
LLMs4OL_PO_SUB,pred,plant anatomical entity,terminal bud,1,is_a,google/gemma-4-31b-it,"A terminal bud is a specific type of plant anatomical entity, meaning every instance of a terminal bud is necessarily an instance of a plant anatomical entity."
LLMs4OL_PO_SUB,pred,plant anatomical entity,cork cambium,0,is_a,google/gemma-4-31b-it,"The cork cambium is a specific type of plant anatomical entity, meaning every instance of a cork cambium is necessarily an instance of a plant anatomical entity."
LLMs4OL_PO_SUB,pred,plant anatomical entity,ground tissue cell,1,is_a,google/gemma-4-31b-it,"A ground tissue cell is a specific type of plant anatomical entity, as any cell within the ground tissue of a plant is by definition an anatomical structure of that plant."
LLMs4OL_PO_SUB,pred,plant anatomical entity,embryo sac egg cell,1,is_a,google/gemma-4-31b-it,"An embryo sac egg cell is a specific type of cell, and since all plant cells are anatomical entities of a plant, every instance of the child is an instance of the parent."
LLMs4OL_PO_SUB,pred,plant anatomical entity,bract adaxial epidermis,0,is_a,google/gemma-4-31b-it,"The 'bract adaxial epidermis' is a specific type of 'plant anatomical entity', as any instance of this specific tissue layer is necessarily an instance of a plant anatomical entity."
LLMs4OL_PO_SUB,pred,plant anatomical entity,strobilus bud,1,is_a,google/gemma-4-31b-it,"A strobilus bud is a specific type of plant anatomical structure, meaning every instance of a strobilus bud is necessarily an instance of a plant anatomical entity."
LLMs4OL_PO_SUB,pred,plant anatomical entity,carpel epidermis,0,is_a,google/gemma-4-31b-it,"The 'carpel epidermis' is a specific type of 'plant anatomical entity', as any instance of a carpel's epidermis is necessarily an instance of an anatomical entity found in plants."
LLMs4OL_PO_SUB,pred,plant anatomical entity,plant callus,0,is_a,google/gemma-4-31b-it,"A plant callus is a specific type of plant anatomical entity (specifically a mass of unorganized parenchyma cells), meaning every instance of a plant callus is necessarily an instance of a plant anatomical entity."
LLMs4OL_PO_SUB,pred,plant anatomical entity,flower,1,is_a,google/gemma-4-31b-it,"A flower is a specific type of plant anatomical entity, as it is a physical structure belonging to the anatomy of a plant."
LLMs4OL_PO_SUB,pred,plant anatomical entity,parenchyma,0,is_a,google/gemma-4-31b-it,"Parenchyma is a specific type of plant tissue, and since all plant tissues are plant anatomical entities, it is a proper subsumption."
LLMs4OL_PO_SUB,pred,plant anatomical entity,central root cap of lateral root,0,is_a,google/gemma-4-31b-it,"A 'central root cap of lateral root' is a specific type of plant anatomical entity, meaning every instance of the former is necessarily an instance of the latter."
LLMs4OL_PO_SUB,pred,plant anatomical entity,leaf procambium,1,is_a,google/gemma-4-31b-it,"The 'leaf procambium' is a specific type of plant anatomical entity, as it is a specialized tissue structure within a plant."
LLMs4OL_PO_SUB,pred,plant anatomical entity,leaf,0,is_a,google/gemma-4-31b-it,"A leaf is a specific type of anatomical entity found in plants, meaning every leaf is necessarily a plant anatomical entity."
LLMs4OL_PO_SUB,pred,plant anatomical entity,terminal strobilus bud,1,is_a,google/gemma-4-31b-it,"A terminal strobilus bud is a specific type of plant anatomical structure, meaning every instance of a terminal strobilus bud is necessarily an instance of a plant anatomical entity."
LLMs4OL_PO_SUB,pred,plant anatomical entity,procambium,1,is_a,google/gemma-4-31b-it,"The procambium is a specific type of plant tissue/anatomical structure, meaning every instance of procambium is necessarily an instance of a plant anatomical entity."
LLMs4OL_PO_SUB,pred,plant anatomical entity,inflorescence axis node,1,is_a,google/gemma-4-31b-it,"An 'inflorescence axis node' is a specific type of plant anatomical entity, as it is a biological structure within a plant."
LLMs4OL_PO_SUB,pred,plant anatomical entity,primordium,1,is_a,google/gemma-4-31b-it,"A primordium is a rudimentary organ or tissue in a developing plant, making it a specific type of plant anatomical entity."
LLMs4OL_PO_SUB,pred,plant anatomical entity,root primordium,1,is_a,google/gemma-4-31b-it,"A root primordium is a specific type of plant anatomical entity, as it is a biological structure within a plant."
LLMs4OL_PO_SUB,pred,plant anatomical entity,spine leaf,0,is_a,google/gemma-4-31b-it,"A spine leaf is a specific type of plant anatomical entity, as it is a specialized leaf structure."
LLMs4OL_PO_SUB,pred,plant anatomical entity,sporophyll,0,is_a,google/gemma-4-31b-it,"A sporophyll is a specific type of leaf (phyllome) that bears spores, making it a kind of plant anatomical entity."
LLMs4OL_PO_SUB,pred,plant anatomical entity,leaf lamina epidermis,0,is_a,google/gemma-4-31b-it,"The 'leaf lamina epidermis' is a specific type of 'plant anatomical entity', as any instance of this specific epidermis is necessarily an instance of a plant anatomical entity."
LLMs4OL_PO_SUB,pred,plant anatomical entity,spikelet floret,1,is_a,google/gemma-4-31b-it,"A spikelet floret is a specific type of plant anatomical entity, as any instance of a floret is necessarily an instance of a plant anatomical structure."
LLMs4OL_PO_SUB,pred,plant anatomical entity,shoot system epidermis,0,is_a,google/gemma-4-31b-it,"The 'shoot system epidermis' is a specific type of 'plant anatomical entity', as any instance of the former is necessarily an instance of the latter."
LLMs4OL_PO_SUB,pred,plant anatomical entity,flag leaf,0,is_a,google/gemma-4-31b-it,"A flag leaf is a specific type of leaf, and since a leaf is a type of plant anatomical entity, every instance of a flag leaf is necessarily an instance of a plant anatomical entity."
LLMs4OL_PO_SUB,pred,plant anatomical entity,shoot axis node,1,is_a,google/gemma-4-31b-it,"A shoot axis node is a specific type of anatomical structure found in plants, meaning every shoot axis node is necessarily a plant anatomical entity."
LLMs4OL_PO_SUB,pred,plant anatomical entity,phyllome epidermis,0,is_a,google/gemma-4-31b-it,"The 'phyllome epidermis' is a specific type of 'plant anatomical entity', as any instance of a phyllome's outer layer is necessarily an instance of a plant's anatomical structures."
LLMs4OL_PO_SUB,pred,plant anatomical entity,portion of plant tissue,0,is_a,google/gemma-4-31b-it,"A 'portion of plant tissue' is a specific type of 'plant anatomical entity', as any segment or piece of plant tissue is by definition an anatomical entity of a plant."
LLMs4OL_PO_SUB,pred,plant anatomical entity,leaf adaxial epidermis,0,is_a,google/gemma-4-31b-it,"The 'leaf adaxial epidermis' is a specific type of 'plant anatomical entity', as any instance of this specific tissue layer is necessarily an instance of a plant anatomical entity."
LLMs4OL_PO_SUB,pred,plant anatomical entity,lateral root cap,0,is_a,google/gemma-4-31b-it,"A lateral root cap is a specific type of anatomical structure found in plants, meaning every instance of a lateral root cap is necessarily an instance of a plant anatomical entity."
LLMs4OL_PO_SUB,pred,plant anatomical entity,cardinal organ part,0,is_a,google/gemma-4-31b-it,"A 'cardinal organ part' is a specific type of 'plant anatomical entity', as any part of a plant organ is by definition an anatomical entity of a plant."
LLMs4OL_PO_SUB,pred,plant anatomical entity,reproductive shoot system,1,is_a,google/gemma-4-31b-it,"A reproductive shoot system is a specific type of anatomical entity found in plants, meaning every instance of a reproductive shoot system is necessarily a plant anatomical entity."
LLMs4OL_PO_SUB,pred,plant anatomical entity,ear floret,1,is_a,google/gemma-4-31b-it,"An ear floret is a specific type of plant anatomical structure, meaning every instance of an ear floret is necessarily an instance of a plant anatomical entity."
LLMs4OL_PO_SUB,pred,plant anatomical entity,parenchyma cell,1,is_a,google/gemma-4-31b-it,"A parenchyma cell is a specific type of plant anatomical entity, as every instance of such a cell is necessarily an instance of a plant anatomical structure."
LLMs4OL_PO_SUB,pred,plant anatomical entity,abscission zone,0,is_a,google/gemma-4-31b-it,"An abscission zone is a specific type of plant anatomical entity, as any instance of an abscission zone is by definition an instance of a plant anatomical entity."
LLMs4OL_PO_SUB,pred,plant anatomical entity,chlorenchyma,0,is_a,google/gemma-4-31b-it,"Chlorenchyma is a specific type of plant tissue, and since all plant tissues are plant anatomical entities, the subsumption holds."
LLMs4OL_PO_SUB,pred,plant anatomical entity,portion of ground tissue,0,is_a,google/gemma-4-31b-it,"A 'portion of ground tissue' is a specific type of plant anatomical entity, as any instance of a portion of ground tissue is necessarily an instance of a plant anatomical entity."
LLMs4OL_PO_SUB,pred,plant anatomical entity,po_0000055,1,is_a,google/gemma-4-31b-it,The term 'po_0000055' (which refers to the 'shoot system' in the Plant Ontology) is a specific type of plant anatomical entity.
LLMs4OL_PO_SUB,pred,plant anatomical entity,leaf epidermis,0,is_a,google/gemma-4-31b-it,"A leaf epidermis is a specific type of plant anatomical entity, meaning every instance of a leaf epidermis is necessarily an instance of a plant anatomical entity."
LLMs4OL_PO_SUB,pred,plant anatomical entity,plant egg cell,1,is_a,google/gemma-4-31b-it,"A plant egg cell is a specific type of plant cell, and all plant cells are types of plant anatomical entities."
LLMs4OL_PO_SUB,pred,plant anatomical entity,upper glume of pedicellate spikelet of tassel,1,is_a,google/gemma-4-31b-it,"The 'upper glume of pedicellate spikelet of tassel' is a specific type of plant anatomical structure, meaning every instance of this specific glume is necessarily an instance of a plant anatomical entity."
LLMs4OL_PO_SUB,pred,plant anatomical entity,cambium,0,is_a,google/gemma-4-31b-it,"The cambium is a specific type of plant anatomical entity, meaning every instance of cambium is necessarily an instance of a plant anatomical entity."
LLMs4OL_PO_SUB,pred,plant anatomical entity,fruit,0,is_a,google/gemma-4-31b-it,"A fruit is a specific type of anatomical entity found in plants, meaning every instance of a fruit is necessarily an instance of a plant anatomical entity."
LLMs4OL_PO_SUB,pred,plant anatomical entity,bract epidermis,0,is_a,google/gemma-4-31b-it,"A bract epidermis is a specific type of plant anatomical entity, as any instance of a bract epidermis is necessarily an instance of a plant anatomical entity."
LLMs4OL_PO_SUB,pred,plant anatomical entity,upper glume,1,is_a,google/gemma-4-31b-it,"An upper glume is a specific type of plant anatomical structure, meaning every instance of an upper glume is necessarily an instance of a plant anatomical entity."
LLMs4OL_PO_SUB,pred,plant anatomical entity,fruit pedicel,1,is_a,google/gemma-4-31b-it,"A fruit pedicel is a specific type of plant anatomical entity, as it is a biological structure within a plant."
LLMs4OL_PO_SUB,pred,plant anatomical entity,terminal reproductive bud,1,is_a,google/gemma-4-31b-it,"A terminal reproductive bud is a specific type of plant anatomical entity, meaning every instance of the bud is necessarily an instance of a plant anatomical entity."
LLMs4OL_PO_SUB,pred,plant anatomical entity,samara fruit,0,is_a,google/gemma-4-31b-it,"A samara fruit is a specific type of plant anatomical entity, as any instance of a samara is necessarily an instance of a plant anatomical structure."
LLMs4OL_PO_SUB,pred,plant anatomical entity,pulvinus,0,is_a,google/gemma-4-31b-it,"A pulvinus is a specific type of plant organ/structure (a joint-like swelling), and therefore every pulvinus is necessarily a plant anatomical entity."
LLMs4OL_PO_SUB,pred,plant anatomical entity,upper glume of tassel spikelet,1,is_a,google/gemma-4-31b-it,"An 'upper glume of tassel spikelet' is a specific type of plant anatomical entity, meaning every instance of the former is necessarily an instance of the latter."
LLMs4OL_PO_SUB,pred,plant anatomical entity,coma,0,is_a,google/gemma-4-31b-it,"A coma (a tuft of hairs on a seed) is a specific type of plant anatomical entity, meaning every instance of a coma is necessarily an instance of a plant anatomical entity."
LLMs4OL_PO_SUB,pred,plant anatomical entity,native plant cell,1,is_a,google/gemma-4-31b-it,"A native plant cell is a specific type of plant anatomical entity, as every instance of such a cell is necessarily an instance of a plant anatomical structure."
LLMs4OL_PO_SUB,pred,plant anatomical entity,tuber axillary shoot,1,is_a,google/gemma-4-31b-it,"A tuber axillary shoot is a specific type of anatomical structure found in plants, making it a subclass of plant anatomical entities."
LLMs4OL_PO_SUB,pred,plant anatomical entity,phyllome,0,is_a,google/gemma-4-31b-it,A phyllome (the collective term for leaves and their homologs) is a specific type of plant anatomical entity.
LLMs4OL_PO_SUB,pred,plant structure,infructescence fruit pedicel,1,is_a,google/gemma-4-31b-it,"An 'infructescence fruit pedicel' is a specific type of plant structure, meaning every instance of this specific pedicel is necessarily an instance of a plant structure."
LLMs4OL_PO_SUB,pred,plant structure,shoot system,1,is_a,google/gemma-4-31b-it,"A shoot system is a specific type of plant structure (comprising stems, leaves, and buds), meaning every shoot system is inherently a plant structure."
LLMs4OL_PO_SUB,pred,plant structure,tuber pith,0,is_a,google/gemma-4-31b-it,"A tuber pith is a specific type of plant structure (specifically a tissue region), meaning every instance of a tuber pith is necessarily an instance of a plant structure."
LLMs4OL_PO_SUB,pred,plant structure,plant axis differentiation zone,0,is_a,google/gemma-4-31b-it,"A 'plant axis differentiation zone' is a specific type of 'plant structure', as any instance of this specialized zone is by definition a plant structure."
LLMs4OL_PO_SUB,pred,plant structure,style epidermis,0,is_a,google/gemma-4-31b-it,"The 'style epidermis' is a specific type of 'plant structure' (specifically a tissue layer of a plant organ), meaning every instance of a style epidermis is necessarily an instance of a plant structure."
LLMs4OL_PO_SUB,pred,plant structure,multi-tissue plant structure,0,is_a,google/gemma-4-31b-it,"A 'multi-tissue plant structure' is a specific type of 'plant structure' characterized by the presence of multiple tissue types, meaning every instance of the former is necessarily an instance of the latter."
LLMs4OL_PO_SUB,pred,plant structure,lateral root cap of primary root,0,is_a,google/gemma-4-31b-it,"A lateral root cap of a primary root is a specific type of plant structure, meaning every instance of this specific cap is necessarily an instance of the broader category of plant structures."
LLMs4OL_PO_SUB,pred,plant structure,lateral root cap of lateral root,0,is_a,google/gemma-4-31b-it,"A lateral root cap of a lateral root is a specific type of plant structure, meaning every instance of the former is necessarily an instance of the latter."
LLMs4OL_PO_SUB,pred,plant structure,plant ovary wall middle layer,0,part_of,google/gemma-4-31b-it,"The 'plant ovary wall middle layer' is a specific anatomical region or component of a plant's overall structure, rather than a type of plant structure itself."
LLMs4OL_PO_SUB,pred,plant structure,shoot internode differentiation zone,0,is_a,google/gemma-4-31b-it,"A 'shoot internode differentiation zone' is a specific type of 'plant structure', as any instance of this specialized zone is necessarily an instance of a plant structure."
LLMs4OL_PO_SUB,pred,plant structure,tuber storage parenchyma,1,is_a,google/gemma-4-31b-it,"Tuber storage parenchyma is a specific type of plant tissue, and since all plant tissues are types of plant structures, the subsumption holds."
LLMs4OL_PO_SUB,pred,plant structure,root parenchyma,0,is_a,google/gemma-4-31b-it,"Root parenchyma is a specific type of plant structure (specifically a tissue type), meaning every instance of root parenchyma is necessarily an instance of a plant structure."
LLMs4OL_PO_SUB,pred,plant structure,vascular leaf,0,is_a,google/gemma-4-31b-it,"A vascular leaf is a specific type of plant structure, meaning every instance of a vascular leaf is necessarily an instance of a plant structure."
LLMs4OL_PO_SUB,pred,plant structure,portion of meristem tissue,0,is_a,google/gemma-4-31b-it,"A 'portion of meristem tissue' is a specific type of 'plant structure', as any part of a plant's tissue is by definition a structure of that plant."
LLMs4OL_PO_SUB,pred,plant structure,mesophyll cell,1,part_of,google/gemma-4-31b-it,"A mesophyll cell is a specific type of cell that constitutes a component of a plant's anatomy, making it a part of the plant structure rather than a subclass of the general concept of a structure."
LLMs4OL_PO_SUB,pred,plant structure,plant organ,0,is_a,google/gemma-4-31b-it,"A plant organ is a specific type of plant structure, meaning every instance of a plant organ is necessarily an instance of a plant structure."
LLMs4OL_PO_SUB,pred,plant structure,seed coat epidermis,0,is_a,google/gemma-4-31b-it,"The 'seed coat epidermis' is a specific type of 'plant structure', as any instance of this specific epidermis is necessarily an instance of a plant structure."
LLMs4OL_PO_SUB,pred,plant structure,adult vascular leaf,0,is_a,google/gemma-4-31b-it,"An adult vascular leaf is a specific type of plant structure, meaning every instance of an adult vascular leaf is necessarily an instance of a plant structure."
LLMs4OL_PO_SUB,pred,plant structure,floral organ abscission zone,0,is_a,google/gemma-4-31b-it,"A floral organ abscission zone is a specific type of plant structure (specifically a specialized region of tissue), meaning every instance of the former is necessarily an instance of the latter."
LLMs4OL_PO_SUB,pred,plant structure,plant gamete,1,part_of,google/gemma-4-31b-it,"A plant gamete is a specialized cell that functions as a component or building block of the plant's overall anatomical structure, rather than being a type of structure itself."
LLMs4OL_PO_SUB,pred,plant structure,plant sperm cell,1,is_a,google/gemma-4-31b-it,"A plant sperm cell is a specific type of plant cell, and since cells are the fundamental structural units of plants, it is a kind of plant structure."
LLMs4OL_PO_SUB,pred,plant structure,cardinal part of multi-tissue plant structure,0,part_of,google/gemma-4-31b-it,"The term 'cardinal part of multi-tissue plant structure' describes a component or region of a plant structure, rather than a type of plant structure itself."
LLMs4OL_PO_SUB,pred,plant structure,basal root,1,is_a,google/gemma-4-31b-it,"A basal root is a specific type of plant structure, meaning every instance of a basal root is necessarily an instance of a plant structure."
LLMs4OL_PO_SUB,pred,plant structure,subterranean tuber axillary shoot,1,is_a,google/gemma-4-31b-it,"A subterranean tuber axillary shoot is a specific type of plant structure, meaning every instance of the shoot is necessarily an instance of a plant structure."
LLMs4OL_PO_SUB,pred,plant structure,pith,0,part_of,google/gemma-4-31b-it,"The pith is a specific tissue region or component located within the center of a stem or root, making it a part of the overall plant structure rather than a type of plant structure."
LLMs4OL_PO_SUB,pred,plant structure,shoot-borne internode root,1,is_a,google/gemma-4-31b-it,"A shoot-borne internode root is a specific type of plant structure, meaning every instance of this root is necessarily an instance of a plant structure."
LLMs4OL_PO_SUB,pred,plant structure,central root cap,0,is_a,google/gemma-4-31b-it,"A central root cap is a specific type of plant structure, meaning every instance of a central root cap is necessarily an instance of a plant structure."
LLMs4OL_PO_SUB,pred,plant structure,chlorenchyma cell,1,part_of,google/gemma-4-31b-it,"A chlorenchyma cell is a specific type of cell (a biological unit) that constitutes a plant structure, but it is not a ""kind of"" structure itself; rather, it is a component part of the plant's anatomical organization."
LLMs4OL_PO_SUB,pred,plant structure,plant epidermis,0,is_a,google/gemma-4-31b-it,"The plant epidermis is a specific type of plant structure, meaning every instance of a plant epidermis is necessarily an instance of a plant structure."
LLMs4OL_PO_SUB,pred,plant structure,lateral meristem,0,is_a,google/gemma-4-31b-it,"A lateral meristem is a specific type of plant structure, meaning every instance of a lateral meristem is necessarily an instance of a plant structure."
LLMs4OL_PO_SUB,pred,plant structure,central endosperm,0,is_a,google/gemma-4-31b-it,"The central endosperm is a specific type of plant structure, meaning every instance of a central endosperm is necessarily an instance of a plant structure."
LLMs4OL_PO_SUB,pred,plant structure,shoot procambium,1,is_a,google/gemma-4-31b-it,"The 'shoot procambium' is a specific type of 'procambium', and since a procambium is a kind of 'plant structure', the relation is a proper subsumption."
LLMs4OL_PO_SUB,pred,plant structure,pistillate flower,1,is_a,google/gemma-4-31b-it,"A pistillate flower is a specific type of plant structure, meaning every instance of a pistillate flower is necessarily an instance of a plant structure."
LLMs4OL_PO_SUB,pred,plant structure,shoot axis apex,1,is_a,google/gemma-4-31b-it,"A shoot axis apex is a specific type of plant structure, meaning every instance of a shoot axis apex is necessarily an instance of a plant structure."
LLMs4OL_PO_SUB,pred,plant structure,branch internode differentiation zone,0,is_a,google/gemma-4-31b-it,"A 'branch internode differentiation zone' is a specific type of 'plant structure', as any instance of this specialized zone is necessarily an instance of a plant structure."
LLMs4OL_PO_SUB,pred,plant structure,storage parenchyma,1,is_a,google/gemma-4-31b-it,"Storage parenchyma is a specific type of plant tissue, and since tissues are a kind of plant structure, every instance of storage parenchyma is an instance of a plant structure."
LLMs4OL_PO_SUB,pred,plant structure,leaf lamina adaxial epidermis,0,is_a,google/gemma-4-31b-it,"The 'leaf lamina adaxial epidermis' is a specific type of 'plant structure', as any instance of this specific epidermis is necessarily an instance of a plant structure."
LLMs4OL_PO_SUB,pred,plant structure,reproductive bud,1,is_a,google/gemma-4-31b-it,"A reproductive bud is a specific type of plant structure, meaning every instance of a reproductive bud is necessarily an instance of a plant structure."
LLMs4OL_PO_SUB,pred,plant structure,terminal bud,1,is_a,google/gemma-4-31b-it,"A terminal bud is a specific type of plant structure, meaning every instance of a terminal bud is necessarily an instance of a plant structure."
LLMs4OL_PO_SUB,pred,plant structure,cork cambium,0,is_a,google/gemma-4-31b-it,"The cork cambium is a specific type of plant structure, meaning every instance of a cork cambium is necessarily an instance of a plant structure."
LLMs4OL_PO_SUB,pred,plant structure,ground tissue cell,1,part_of,google/gemma-4-31b-it,"A ground tissue cell is a cellular component that makes up the ground tissue of a plant structure, rather than being a type of plant structure itself."
LLMs4OL_PO_SUB,pred,plant structure,embryo sac egg cell,1,is_a,google/gemma-4-31b-it,"An embryo sac egg cell is a specific type of cell, and since all plant cells are considered plant structures, every instance of the child is an instance of the parent."
LLMs4OL_PO_SUB,pred,plant structure,bract adaxial epidermis,0,is_a,google/gemma-4-31b-it,"The 'bract adaxial epidermis' is a specific type of plant structure, meaning every instance of this epidermis is necessarily an instance of a plant structure."
LLMs4OL_PO_SUB,pred,plant structure,strobilus bud,1,is_a,google/gemma-4-31b-it,"A strobilus bud is a specific type of plant structure, meaning every instance of a strobilus bud is necessarily an instance of a plant structure."
LLMs4OL_PO_SUB,pred,plant structure,carpel epidermis,0,is_a,google/gemma-4-31b-it,"The 'carpel epidermis' is a specific type of 'plant structure', as any instance of a carpel's outer layer is necessarily an instance of a structure found in a plant."
LLMs4OL_PO_SUB,pred,plant structure,plant callus,0,is_a,google/gemma-4-31b-it,"A plant callus is a specific type of plant structure (an unorganized mass of parenchyma cells), meaning every instance of a plant callus is necessarily an instance of a plant structure."
LLMs4OL_PO_SUB,pred,plant structure,flower,1,is_a,google/gemma-4-31b-it,"A flower is a specific type of plant structure, meaning every instance of a flower is necessarily an instance of a plant structure."
LLMs4OL_PO_SUB,pred,plant structure,parenchyma,0,is_a,google/gemma-4-31b-it,"Parenchyma is a specific type of plant tissue, and since all plant tissues are types of plant structures, it is a proper subsumption."
LLMs4OL_PO_SUB,pred,plant structure,central root cap of lateral root,0,is_a,google/gemma-4-31b-it,"A central root cap of a lateral root is a specific type of plant structure, meaning every instance of the former is necessarily an instance of the latter."
LLMs4OL_PO_SUB,pred,plant structure,phyllome epidermis,0,is_a,google/gemma-4-31b-it,"The 'phyllome epidermis' is a specific type of 'plant structure', as any instance of a phyllome epidermis is necessarily an instance of a plant structure."
LLMs4OL_PO_SUB,pred,plant structure,leaf procambium,1,is_a,google/gemma-4-31b-it,"The leaf procambium is a specific type of plant structure (specifically a meristematic tissue), meaning every instance of a leaf procambium is necessarily an instance of a plant structure."
LLMs4OL_PO_SUB,pred,plant structure,leaf,0,is_a,google/gemma-4-31b-it,"A leaf is a specific type of plant structure, meaning every instance of a leaf is necessarily an instance of a plant structure."
LLMs4OL_PO_SUB,pred,plant structure,terminal strobilus bud,1,is_a,google/gemma-4-31b-it,"A terminal strobilus bud is a specific type of plant structure, meaning every instance of the bud is necessarily an instance of a plant structure."
LLMs4OL_PO_SUB,pred,plant structure,procambium,1,is_a,google/gemma-4-31b-it,"The procambium is a specific type of plant tissue/structure, meaning every instance of procambium is necessarily an instance of a plant structure."
LLMs4OL_PO_SUB,pred,plant structure,inflorescence axis node,1,is_a,google/gemma-4-31b-it,"An 'inflorescence axis node' is a specific type of 'shoot axis node', and since all shoot axis nodes are types of 'plant structure', the relation is a proper subsumption."
LLMs4OL_PO_SUB,pred,plant structure,primordium,1,is_a,google/gemma-4-31b-it,"A primordium is a rudimentary organ or tissue that develops into a specific plant structure, making it a type of plant structure in its own right."
LLMs4OL_PO_SUB,pred,plant structure,root primordium,1,is_a,google/gemma-4-31b-it,"A root primordium is a specific type of plant structure (specifically a primordium), meaning every instance of a root primordium is necessarily an instance of a plant structure."
LLMs4OL_PO_SUB,pred,plant structure,spine leaf,0,is_a,google/gemma-4-31b-it,"A spine leaf is a specific type of plant structure, meaning every instance of a spine leaf is necessarily an instance of a plant structure."
LLMs4OL_PO_SUB,pred,plant structure,sporophyll,0,is_a,google/gemma-4-31b-it,"A sporophyll is a specific type of leaf (phyllome) that bears spores, making it a specialized kind of plant structure."
LLMs4OL_PO_SUB,pred,plant structure,leaf lamina epidermis,0,is_a,google/gemma-4-31b-it,"The 'leaf lamina epidermis' is a specific type of 'plant structure', as any instance of this specific epidermis is necessarily an instance of a plant structure."
LLMs4OL_PO_SUB,pred,plant structure,spikelet floret,1,is_a,google/gemma-4-31b-it,"A spikelet floret is a specific type of plant structure, and since every spikelet floret is necessarily a plant structure, the proper subsumption relation holds."
LLMs4OL_PO_SUB,pred,plant structure,shoot system epidermis,0,is_a,google/gemma-4-31b-it,"The 'shoot system epidermis' is a specific type of 'plant structure', as any instance of this epidermis is necessarily an instance of a plant structure."
LLMs4OL_PO_SUB,pred,plant structure,flag leaf,0,is_a,google/gemma-4-31b-it,"A flag leaf is a specific type of leaf, and since a leaf is a type of plant structure, every instance of a flag leaf is necessarily an instance of a plant structure."
LLMs4OL_PO_SUB,pred,plant structure,shoot axis node,1,is_a,google/gemma-4-31b-it,"A shoot axis node is a specific type of plant structure, meaning every instance of a shoot axis node is necessarily an instance of a plant structure."
LLMs4OL_PO_SUB,pred,plant structure,portion of plant tissue,0,part_of,google/gemma-4-31b-it,"A 'portion of plant tissue' is a physical segment or piece of a 'plant structure', rather than a taxonomic subclass of it."
LLMs4OL_PO_SUB,pred,plant structure,leaf adaxial epidermis,0,is_a,google/gemma-4-31b-it,"The 'leaf adaxial epidermis' is a specific type of 'plant structure', as any instance of this specific epidermal layer is necessarily an instance of a plant structure."
LLMs4OL_PO_SUB,pred,plant structure,lateral root cap,0,is_a,google/gemma-4-31b-it,"A lateral root cap is a specific type of plant structure, meaning every instance of a lateral root cap is necessarily an instance of a plant structure."
LLMs4OL_PO_SUB,pred,plant structure,cardinal organ part,0,is_a,google/gemma-4-31b-it,"A 'cardinal organ part' is a specific type of 'plant structure' (specifically a structural component of a plant organ), meaning every instance of a cardinal organ part is necessarily an instance of a plant structure."
LLMs4OL_PO_SUB,pred,plant structure,reproductive shoot system,1,is_a,google/gemma-4-31b-it,"A reproductive shoot system is a specific type of plant structure, meaning every instance of a reproductive shoot system is necessarily an instance of a plant structure."
LLMs4OL_PO_SUB,pred,plant structure,ear floret,1,is_a,google/gemma-4-31b-it,"An ear floret is a specific type of plant structure, meaning every instance of an ear floret is necessarily an instance of a plant structure."
LLMs4OL_PO_SUB,pred,plant structure,parenchyma cell,1,part_of,google/gemma-4-31b-it,"A parenchyma cell is a specific type of cell that constitutes a plant structure, but it is a component part of the plant's overall anatomy rather than a subclass of the general concept of a ""structure."""
LLMs4OL_PO_SUB,pred,plant structure,abscission zone,0,is_a,google/gemma-4-31b-it,"An abscission zone is a specific type of plant structure (a specialized region of tissue), meaning every abscission zone is by definition a plant structure."
LLMs4OL_PO_SUB,pred,plant structure,chlorenchyma,0,is_a,google/gemma-4-31b-it,"Chlorenchyma is a specific type of plant tissue (a kind of plant structure), meaning every instance of chlorenchyma is necessarily an instance of a plant structure."
LLMs4OL_PO_SUB,pred,plant structure,portion of ground tissue,0,part_of,google/gemma-4-31b-it,"A 'portion of ground tissue' is a physical segment or region of a plant structure, rather than a type of plant structure itself."
LLMs4OL_PO_SUB,pred,plant structure,leaf epidermis,0,is_a,google/gemma-4-31b-it,"The 'leaf epidermis' is a specific type of 'plant structure', as any instance of a leaf's outermost cell layer is necessarily an instance of a structure found in a plant."
LLMs4OL_PO_SUB,pred,plant structure,plant egg cell,1,is_a,google/gemma-4-31b-it,"A plant egg cell is a specific type of plant cell, and since all plant cells are types of plant structures, the relation is a proper subsumption."
LLMs4OL_PO_SUB,pred,plant structure,upper glume of pedicellate spikelet of tassel,1,is_a,google/gemma-4-31b-it,"An upper glume of a pedicellate spikelet of a tassel is a specific type of plant structure, meaning every instance of this specific glume is necessarily an instance of a plant structure."
LLMs4OL_PO_SUB,pred,plant structure,cambium,0,is_a,google/gemma-4-31b-it,"The cambium is a specific type of plant structure (specifically a meristematic tissue), meaning every instance of cambium is necessarily an instance of a plant structure."
LLMs4OL_PO_SUB,pred,plant structure,fruit,0,is_a,google/gemma-4-31b-it,"A fruit is a specific type of plant structure, meaning every instance of a fruit is necessarily an instance of a plant structure."
LLMs4OL_PO_SUB,pred,plant structure,bract epidermis,0,is_a,google/gemma-4-31b-it,"The 'bract epidermis' is a specific type of 'plant structure', as any instance of a bract's outer cellular layer is necessarily an instance of a structure found in a plant."
LLMs4OL_PO_SUB,pred,plant structure,upper glume,1,is_a,google/gemma-4-31b-it,"An upper glume is a specific type of plant structure (specifically a bract), meaning every instance of an upper glume is necessarily an instance of a plant structure."
LLMs4OL_PO_SUB,pred,plant structure,fruit pedicel,1,is_a,google/gemma-4-31b-it,"A fruit pedicel is a specific type of plant structure (the stalk of a fruit), meaning every fruit pedicel is necessarily a plant structure."
LLMs4OL_PO_SUB,pred,plant structure,terminal reproductive bud,1,is_a,google/gemma-4-31b-it,"A terminal reproductive bud is a specific type of plant structure, meaning every instance of the bud is necessarily an instance of a plant structure."
LLMs4OL_PO_SUB,pred,plant structure,samara fruit,0,is_a,google/gemma-4-31b-it,"A samara fruit is a specific type of plant structure, meaning every instance of a samara fruit is necessarily an instance of a plant structure."
LLMs4OL_PO_SUB,pred,plant structure,pulvinus,0,is_a,google/gemma-4-31b-it,"A pulvinus is a specific type of plant structure (a joint-like thickening at the base of a leaf or leaflet), meaning every pulvinus is by definition a plant structure."
LLMs4OL_PO_SUB,pred,plant structure,upper glume of tassel spikelet,1,is_a,google/gemma-4-31b-it,"An 'upper glume of tassel spikelet' is a specific type of plant structure, meaning every instance of this glume is necessarily an instance of a plant structure."
LLMs4OL_PO_SUB,pred,plant structure,coma,0,is_a,google/gemma-4-31b-it,"In botany, a coma (a tuft of hairs on a seed) is a specific type of plant structure, meaning every instance of a coma is necessarily an instance of a plant structure."
LLMs4OL_PO_SUB,pred,plant structure,native plant cell,1,part_of,google/gemma-4-31b-it,"A plant cell is a structural component that makes up a plant structure, rather than being a type of plant structure itself."
LLMs4OL_PO_SUB,pred,plant structure,tuber axillary shoot,1,is_a,google/gemma-4-31b-it,"A tuber axillary shoot is a specific type of plant structure, meaning every instance of a tuber axillary shoot is necessarily an instance of a plant structure."
LLMs4OL_PO_SUB,pred,plant structure,phyllome,0,is_a,google/gemma-4-31b-it,"A phyllome (the collective term for leaves and their homologs) is a specific type of plant structure, meaning every instance of a phyllome is necessarily an instance of a plant structure."
LLMs4OL_PO_SUB,pred,plant structure,po_0000055,1,is_a,google/gemma-4-31b-it,"The term 'po_0000055' (which refers to the 'shoot system' in the Plant Ontology) is a specific type of plant structure, meaning every shoot system is by definition a plant structure."
LLMs4OL_PO_SUB,pred,shoot system,ear floret,1,part_of,google/gemma-4-31b-it,"An ear floret is a specific floral component that is part of the overall shoot system of the plant, rather than being a type of shoot system itself."
LLMs4OL_PO_SUB,pred,shoot system,flower,1,part_of,google/gemma-4-31b-it,"A flower is a specialized structure that is a component of the plant's shoot system, not a type of shoot system itself."
LLMs4OL_PO_SUB,pred,shoot system,pistillate flower,1,part_of,google/gemma-4-31b-it,"A pistillate flower is a specialized organ that is a component of the plant's shoot system, not a type of shoot system itself."
LLMs4OL_PO_SUB,pred,shoot system,po_0000055,0,part_of,google/gemma-4-31b-it,"The term 'po_0000055' (which refers to the shoot apex in the Plant Ontology) is a specific anatomical component of the shoot system, not a type of shoot system."
LLMs4OL_PO_SUB,pred,shoot system,reproductive bud,0,part_of,google/gemma-4-31b-it,"A reproductive bud is a specific anatomical component or organ located within the shoot system, not a type of shoot system itself."
LLMs4OL_PO_SUB,pred,shoot system,reproductive shoot system,1,is_a,google/gemma-4-31b-it,"A reproductive shoot system is a specific type of shoot system specialized for reproduction, meaning every instance of the former is necessarily an instance of the latter."
LLMs4OL_PO_SUB,pred,shoot system,spikelet floret,1,part_of,google/gemma-4-31b-it,"A spikelet floret is a structural component of the shoot system (specifically the reproductive shoot system), not a type of shoot system itself."
LLMs4OL_PO_SUB,pred,shoot system,strobilus bud,0,is_a,google/gemma-4-31b-it,"A strobilus bud is a specific type of shoot system (specifically a reproductive one), meaning every strobilus bud is by definition a shoot system."
LLMs4OL_PO_SUB,pred,shoot system,subterranean tuber axillary shoot,1,is_a,google/gemma-4-31b-it,"A subterranean tuber axillary shoot is a specific type of shoot, and since the shoot system is the collective term for all shoots of a plant, the former is a specialized instance of the latter."
LLMs4OL_PO_SUB,pred,shoot system,terminal bud,0,part_of,google/gemma-4-31b-it,"A terminal bud is a specific anatomical component located at the apex of a shoot system, not a type of shoot system itself."
LLMs4OL_PO_SUB,pred,shoot system,terminal reproductive bud,0,part_of,google/gemma-4-31b-it,"A terminal reproductive bud is a specific anatomical component or organ located within the shoot system, rather than a type of shoot system itself."
LLMs4OL_PO_SUB,pred,shoot system,terminal strobilus bud,0,part_of,google/gemma-4-31b-it,"A terminal strobilus bud is a specific anatomical component of the shoot system, not a type of shoot system itself."
LLMs4OL_PO_SUB,pred,shoot system,tuber axillary shoot,1,part_of,google/gemma-4-31b-it,"A tuber axillary shoot is a specific anatomical component (a shoot) that is part of the overall shoot system of the plant, rather than a type of shoot system itself."
LLMs4OL_PO_SUB,pred,flower,pistillate flower,0,is_a,google/gemma-4-31b-it,"A pistillate flower is a specific type of flower (one that possesses pistils but lacks stamens), meaning every pistillate flower is necessarily a flower."
LLMs4OL_PO_SUB,pred,flower,spikelet floret,0,is_a,google/gemma-4-31b-it,"A spikelet floret is a specific type of flower found within a spikelet, meaning every spikelet floret is inherently a flower."
LLMs4OL_PO_SUB,pred,flower,ear floret,0,is_a,google/gemma-4-31b-it,"An ear floret is a specific type of flower found on an ear (such as in maize), meaning every ear floret is by definition a flower."
LLMs4OL_PO_SUB,pred,pistillate flower,ear floret,0,part_of,google/gemma-4-31b-it,"An ear floret is a specific type of floret found on an ear (the inflorescence), and while it may be pistillate, it is a structural component of the ear's floral arrangement rather than a subclass of the general concept of a pistillate flower."
LLMs4OL_PO_SUB,pred,po_0000055,branch internode differentiation zone,1,part_of,google/gemma-4-31b-it,"The 'branch internode differentiation zone' is a specific anatomical region located within the 'po_0000055' (shoot system), making it a component rather than a type of shoot system."
LLMs4OL_PO_SUB,pred,po_0000055,reproductive bud,0,is_a,google/gemma-4-31b-it,"The term 'po_0000055' refers to a 'shoot apical meristem' (or a general bud/meristematic region), and a 'reproductive bud' is a specific type of bud specialized for reproduction, making it a subclass of the general bud category."
LLMs4OL_PO_SUB,pred,po_0000055,terminal bud,0,is_a,google/gemma-4-31b-it,"The term 'po_0000055' (which corresponds to 'shoot apical meristem' or 'bud' in the Plant Ontology) represents the general class of buds, and a 'terminal bud' is a specific type of bud located at the apex of a shoot."
LLMs4OL_PO_SUB,pred,po_0000055,strobilus bud,0,is_a,google/gemma-4-31b-it,"A strobilus bud is a specific type of bud (po_0000055), meaning every instance of a strobilus bud is necessarily an instance of a bud."
LLMs4OL_PO_SUB,pred,po_0000055,terminal strobilus bud,0,part_of,google/gemma-4-31b-it,"The term 'po_0000055' refers to the 'shoot system' (as indicated by its parentage and the containment of various bud types), and a 'terminal strobilus bud' is a specific anatomical component of that system rather than a type of shoot system."
LLMs4OL_PO_SUB,pred,po_0000055,stem elongation stage,1,attribute_of,google/gemma-4-31b-it,"'stem elongation stage' refers to a developmental phase (a time period/process), whereas 'po_0000055' (shoot apical meristem) refers to a physical anatomical structure."
LLMs4OL_PO_SUB,pred,po_0000055,terminal reproductive bud,0,is_a,google/gemma-4-31b-it,"Based on the provided context, 'po_0000055' (which corresponds to the Plant Ontology term for 'shoot apical meristem' or a similar apical structure) acts as a general category for various types of buds, and a 'terminal reproductive bud' is a specific type of such a bud."
LLMs4OL_PO_SUB,pred,reproductive bud,strobilus bud,0,is_a,google/gemma-4-31b-it,"A strobilus bud is a specific type of reproductive bud found in gymnosperms (cones), meaning every strobilus bud is by definition a reproductive bud."
LLMs4OL_PO_SUB,pred,reproductive bud,terminal reproductive bud,0,is_a,google/gemma-4-31b-it,A terminal reproductive bud is a specific type of reproductive bud that is located at the apex (terminal position) of a shoot.
LLMs4OL_PO_SUB,pred,reproductive bud,terminal strobilus bud,0,is_a,google/gemma-4-31b-it,A terminal strobilus bud is a specific type of reproductive bud that is located at the terminus of a shoot and develops into a strobilus.
LLMs4OL_PO_SUB,pred,reproductive shoot system,pistillate flower,0,part_of,google/gemma-4-31b-it,"A pistillate flower is a specific component or organ within the broader reproductive shoot system, rather than a type of shoot system itself."
LLMs4OL_PO_SUB,pred,reproductive shoot system,reproductive bud,0,part_of,google/gemma-4-31b-it,"A reproductive bud is a structural component or a specific developmental stage located within the reproductive shoot system, rather than a type of shoot system itself."
LLMs4OL_PO_SUB,pred,reproductive shoot system,strobilus bud,0,is_a,google/gemma-4-31b-it,"A strobilus bud is a specific type of reproductive shoot system (or a component of one), but in botanical terminology, a bud is a specialized shoot; therefore, a strobilus bud is a kind of reproductive shoot system."
LLMs4OL_PO_SUB,pred,reproductive shoot system,flower,0,is_a,google/gemma-4-31b-it,"A flower is a specific type of reproductive shoot system, as it is the specialized shoot that bears the reproductive organs."
LLMs4OL_PO_SUB,pred,reproductive shoot system,terminal strobilus bud,0,part_of,google/gemma-4-31b-it,"A terminal strobilus bud is a specific anatomical component (a bud) that is part of the overall reproductive shoot system, rather than being a type of shoot system itself."
LLMs4OL_PO_SUB,pred,reproductive shoot system,spikelet floret,0,part_of,google/gemma-4-31b-it,"A spikelet floret is a specific component or individual flower within the larger reproductive shoot system of a plant, rather than a type of shoot system itself."
LLMs4OL_PO_SUB,pred,reproductive shoot system,ear floret,0,part_of,google/gemma-4-31b-it,"An ear floret is a structural component of the reproductive shoot system of a plant, not a type of shoot system itself."
LLMs4OL_PO_SUB,pred,reproductive shoot system,terminal reproductive bud,0,part_of,google/gemma-4-31b-it,"A terminal reproductive bud is a specific anatomical component of the reproductive shoot system, not a type of shoot system itself."
LLMs4OL_PO_SUB,pred,spikelet floret,ear floret,0,is_a,google/gemma-4-31b-it,"An ear floret is a specific type of spikelet floret found on an ear (the inflorescence), meaning every ear floret is by definition a spikelet floret."
LLMs4OL_PO_SUB,pred,strobilus bud,terminal strobilus bud,0,is_a,google/gemma-4-31b-it,"A terminal strobilus bud is a specific type of strobilus bud that is located at the terminus of a shoot, meaning every terminal strobilus bud is necessarily a strobilus bud."
LLMs4OL_PO_SUB,pred,terminal bud,terminal strobilus bud,0,is_a,google/gemma-4-31b-it,"A terminal strobilus bud is a specific type of terminal bud that is specialized for the development of a strobilus (cone), meaning every instance of the former is necessarily an instance of the latter."
LLMs4OL_PO_SUB,pred,terminal bud,terminal reproductive bud,0,is_a,google/gemma-4-31b-it,"A terminal reproductive bud is a specific type of terminal bud that is specialized for reproduction, meaning every instance of the former is necessarily an instance of the latter."
LLMs4OL_PO_SUB,pred,terminal reproductive bud,terminal strobilus bud,0,is_a,google/gemma-4-31b-it,"A terminal strobilus bud is a specific type of terminal reproductive bud (specifically one that forms a strobilus/cone), meaning every instance of the former is necessarily an instance of the latter."
LLMs4OL_PO_SUB,pred,tuber axillary shoot,subterranean tuber axillary shoot,0,is_a,google/gemma-4-31b-it,"A 'subterranean tuber axillary shoot' is a specific type of 'tuber axillary shoot' that is characterized by its location underground, meaning every instance of the former is necessarily an instance of the latter."
LLMs4OL_PO_SUB,pred,pith,tuber pith,0,is_a,google/gemma-4-31b-it,"Tuber pith is a specific type of pith found within a tuber, meaning every instance of tuber pith is necessarily an instance of pith."
LLMs4OL_PO_SUB,pred,portion of ground tissue,tuber pith,0,is_a,google/gemma-4-31b-it,"The 'tuber pith' is a specific type of pith, and since 'pith' is a kind of 'portion of ground tissue', the tuber pith is by definition a type of portion of ground tissue."
LLMs4OL_PO_SUB,pred,portion of ground tissue,plant ovary wall middle layer,0,part_of,google/gemma-4-31b-it,"The 'plant ovary wall middle layer' is a specific anatomical region or component of the ground tissue within the ovary wall, rather than a taxonomic subclass of ground tissue itself."
LLMs4OL_PO_SUB,pred,portion of ground tissue,tuber storage parenchyma,1,is_a,google/gemma-4-31b-it,"Tuber storage parenchyma is a specific type of storage parenchyma, which is a specialized form of ground tissue, making it a subclass of a portion of ground tissue."
LLMs4OL_PO_SUB,pred,portion of ground tissue,root parenchyma,0,is_a,google/gemma-4-31b-it,"Root parenchyma is a specific type of ground tissue found in the root, meaning every instance of root parenchyma is a type of portion of ground tissue."
LLMs4OL_PO_SUB,pred,portion of ground tissue,pith,0,part_of,google/gemma-4-31b-it,"The pith is a specific region or component of the ground tissue in a plant stem or root, rather than a taxonomic subclass of the concept ""portion of ground tissue."""
LLMs4OL_PO_SUB,pred,portion of ground tissue,storage parenchyma,1,is_a,google/gemma-4-31b-it,"Storage parenchyma is a specific type of parenchyma (which is a kind of ground tissue), meaning every instance of storage parenchyma is by definition a type of portion of ground tissue."
LLMs4OL_PO_SUB,pred,portion of ground tissue,parenchyma,0,is_a,google/gemma-4-31b-it,"Parenchyma is a specific type of ground tissue, meaning every instance of parenchyma is by definition a portion of ground tissue."
LLMs4OL_PO_SUB,pred,portion of ground tissue,chlorenchyma,0,is_a,google/gemma-4-31b-it,"Chlorenchyma is a specific type of parenchyma tissue that constitutes a portion of the ground tissue system, making it a kind of ground tissue."
LLMs4OL_PO_SUB,pred,portion of plant tissue,tuber pith,0,is_a,google/gemma-4-31b-it,"A 'tuber pith' is a specific type of plant tissue (specifically a type of parenchyma/pith), and therefore every instance of a tuber pith is necessarily an instance of a portion of plant tissue."
LLMs4OL_PO_SUB,pred,portion of plant tissue,style epidermis,0,is_a,google/gemma-4-31b-it,"The 'style epidermis' is a specific type of plant tissue (specifically a dermal tissue), and therefore every instance of style epidermis is necessarily an instance of a portion of plant tissue."
LLMs4OL_PO_SUB,pred,portion of plant tissue,lateral root cap of primary root,0,is_a,google/gemma-4-31b-it,"The 'lateral root cap of primary root' is a specific type of plant tissue portion, meaning every instance of this specific root cap is necessarily an instance of a portion of plant tissue."
LLMs4OL_PO_SUB,pred,portion of plant tissue,lateral root cap of lateral root,0,is_a,google/gemma-4-31b-it,"The 'lateral root cap of lateral root' is a specific type of plant tissue portion, meaning every instance of this specific cap is necessarily an instance of a portion of plant tissue."
LLMs4OL_PO_SUB,pred,portion of plant tissue,plant ovary wall middle layer,0,part_of,google/gemma-4-31b-it,"The 'plant ovary wall middle layer' is a specific anatomical region or component of the broader 'portion of plant tissue', rather than a subclass of it."
LLMs4OL_PO_SUB,pred,portion of plant tissue,tuber storage parenchyma,1,is_a,google/gemma-4-31b-it,"Tuber storage parenchyma is a specific type of plant tissue, and since 'portion of plant tissue' serves as a general category for various tissue types and regions, the relationship is one of proper subsumption."
LLMs4OL_PO_SUB,pred,portion of plant tissue,root parenchyma,0,is_a,google/gemma-4-31b-it,"Root parenchyma is a specific type of plant tissue, and therefore every instance of root parenchyma is necessarily an instance of a portion of plant tissue."
LLMs4OL_PO_SUB,pred,portion of plant tissue,portion of meristem tissue,0,is_a,google/gemma-4-31b-it,"A 'portion of meristem tissue' is a specific type of 'portion of plant tissue', as meristem tissue is a subset of plant tissue."
LLMs4OL_PO_SUB,pred,portion of plant tissue,seed coat epidermis,0,is_a,google/gemma-4-31b-it,"The 'seed coat epidermis' is a specific type of plant tissue (specifically an epidermal tissue), making it a subclass of 'portion of plant tissue'."
LLMs4OL_PO_SUB,pred,portion of plant tissue,floral organ abscission zone,0,is_a,google/gemma-4-31b-it,"A floral organ abscission zone is a specific type of abscission zone, and since an abscission zone is a kind of portion of plant tissue, the relation is a proper subsumption."
LLMs4OL_PO_SUB,pred,portion of plant tissue,pith,0,is_a,google/gemma-4-31b-it,"The pith is a specific type of plant tissue (specifically a region of ground tissue), making it a subclass of the general category 'portion of plant tissue'."
LLMs4OL_PO_SUB,pred,portion of plant tissue,central root cap,0,part_of,google/gemma-4-31b-it,The 'central root cap' is a specific anatomical region or component of the plant's tissue rather than a taxonomic subclass of the general concept 'portion of plant tissue'.
LLMs4OL_PO_SUB,pred,portion of plant tissue,plant epidermis,0,is_a,google/gemma-4-31b-it,"The plant epidermis is a specific type of plant tissue (specifically a dermal tissue), making it a kind of portion of plant tissue."
LLMs4OL_PO_SUB,pred,portion of plant tissue,lateral meristem,0,is_a,google/gemma-4-31b-it,"A lateral meristem is a specific type of plant tissue (specifically a meristematic tissue), making it a subclass of the general category of plant tissue portions."
LLMs4OL_PO_SUB,pred,portion of plant tissue,central endosperm,0,is_a,google/gemma-4-31b-it,"The 'central endosperm' is a specific type of plant tissue portion, meaning every instance of central endosperm is necessarily an instance of a portion of plant tissue."
LLMs4OL_PO_SUB,pred,portion of plant tissue,shoot procambium,1,is_a,google/gemma-4-31b-it,"The 'shoot procambium' is a specific type of 'procambium', which in turn is a type of 'portion of plant tissue', making the relationship a proper taxonomic subsumption."
LLMs4OL_PO_SUB,pred,portion of plant tissue,storage parenchyma,1,is_a,google/gemma-4-31b-it,"Storage parenchyma is a specific type of plant tissue (a kind of parenchyma specialized for storage), making it a subclass of a portion of plant tissue."
LLMs4OL_PO_SUB,pred,portion of plant tissue,leaf lamina adaxial epidermis,0,is_a,google/gemma-4-31b-it,"The 'leaf lamina adaxial epidermis' is a specific type of plant tissue portion, meaning every instance of this specific epidermis is necessarily an instance of a portion of plant tissue."
LLMs4OL_PO_SUB,pred,portion of plant tissue,cork cambium,0,is_a,google/gemma-4-31b-it,"The cork cambium is a specific type of plant tissue (specifically a lateral meristem), making it a subclass of the general category of plant tissue portions."
LLMs4OL_PO_SUB,pred,portion of plant tissue,bract adaxial epidermis,0,is_a,google/gemma-4-31b-it,"The 'bract adaxial epidermis' is a specific type of plant tissue, and therefore every instance of it is necessarily an instance of a 'portion of plant tissue'."
LLMs4OL_PO_SUB,pred,portion of plant tissue,carpel epidermis,0,is_a,google/gemma-4-31b-it,"The 'carpel epidermis' is a specific type of plant tissue (specifically an epidermal tissue), making it a subclass of 'portion of plant tissue'."
LLMs4OL_PO_SUB,pred,portion of plant tissue,plant callus,0,is_a,google/gemma-4-31b-it,"A plant callus is a specific type of unorganized plant tissue mass, making it a subclass of the general category of plant tissue portions."
LLMs4OL_PO_SUB,pred,portion of plant tissue,parenchyma,0,is_a,google/gemma-4-31b-it,"Parenchyma is a specific type of plant tissue, making it a subclass of the general category of plant tissue portions."
LLMs4OL_PO_SUB,pred,portion of plant tissue,central root cap of lateral root,0,is_a,google/gemma-4-31b-it,"The 'central root cap of lateral root' is a specific type of plant tissue portion, meaning every instance of this specific root cap is necessarily an instance of a portion of plant tissue."
LLMs4OL_PO_SUB,pred,portion of plant tissue,leaf procambium,1,is_a,google/gemma-4-31b-it,"The 'leaf procambium' is a specific type of 'procambium', and since 'procambium' is a kind of 'portion of plant tissue', the relation is a proper subsumption."
LLMs4OL_PO_SUB,pred,portion of plant tissue,procambium,1,is_a,google/gemma-4-31b-it,"The procambium is a specific type of plant tissue (a primary meristem), making it a subclass of the general category 'portion of plant tissue'."
LLMs4OL_PO_SUB,pred,portion of plant tissue,leaf lamina epidermis,0,is_a,google/gemma-4-31b-it,"The 'leaf lamina epidermis' is a specific type of plant tissue, and therefore every instance of it is necessarily an instance of a 'portion of plant tissue'."
LLMs4OL_PO_SUB,pred,portion of plant tissue,shoot system epidermis,0,is_a,google/gemma-4-31b-it,"The 'shoot system epidermis' is a specific type of plant tissue (specifically, a dermal tissue), and therefore every instance of it is necessarily an instance of a 'portion of plant tissue'."
LLMs4OL_PO_SUB,pred,portion of plant tissue,plant axis differentiation zone,1,part_of,google/gemma-4-31b-it,"A 'plant axis differentiation zone' is a specific region or area within plant tissues where cells differentiate, making it a component or portion of the plant tissue rather than a taxonomic subclass of the general concept of a tissue portion."
LLMs4OL_PO_SUB,pred,portion of plant tissue,shoot internode differentiation zone,1,part_of,google/gemma-4-31b-it,"The 'shoot internode differentiation zone' is a specific anatomical region or area within plant tissue, making it a part of the tissue rather than a type of tissue itself."
LLMs4OL_PO_SUB,pred,portion of plant tissue,branch internode differentiation zone,1,part_of,google/gemma-4-31b-it,"The 'branch internode differentiation zone' is a specific anatomical region or area within plant tissue, making it a part of the tissue rather than a type of tissue itself."
LLMs4OL_PO_SUB,pred,portion of plant tissue,phyllome epidermis,0,is_a,google/gemma-4-31b-it,"The 'phyllome epidermis' is a specific type of plant tissue (the outermost layer of the phyllome), making it a subclass of 'portion of plant tissue'."
LLMs4OL_PO_SUB,pred,portion of plant tissue,leaf adaxial epidermis,0,is_a,google/gemma-4-31b-it,"The 'leaf adaxial epidermis' is a specific type of plant tissue portion, meaning every instance of the former is necessarily an instance of the latter."
LLMs4OL_PO_SUB,pred,portion of plant tissue,lateral root cap,0,part_of,google/gemma-4-31b-it,"The 'lateral root cap' is a specific anatomical region or component of the plant's tissue system, rather than a taxonomic subclass of the general concept of a 'portion of plant tissue'."
LLMs4OL_PO_SUB,pred,portion of plant tissue,abscission zone,0,is_a,google/gemma-4-31b-it,"An abscission zone is a specific type of plant tissue region characterized by its function and structure, making it a subclass of the general category of plant tissue portions."
LLMs4OL_PO_SUB,pred,portion of plant tissue,chlorenchyma,0,is_a,google/gemma-4-31b-it,"Chlorenchyma is a specific type of plant tissue (specifically a type of parenchyma containing chloroplasts), making it a subclass of the general category of plant tissue portions."
LLMs4OL_PO_SUB,pred,portion of plant tissue,portion of ground tissue,0,is_a,google/gemma-4-31b-it,"A 'portion of ground tissue' is a specific type of 'portion of plant tissue', as ground tissue is a primary category of plant tissue."
LLMs4OL_PO_SUB,pred,portion of plant tissue,leaf epidermis,0,is_a,google/gemma-4-31b-it,"The 'leaf epidermis' is a specific type of plant tissue, and therefore every instance of a leaf epidermis is necessarily an instance of a portion of plant tissue."
LLMs4OL_PO_SUB,pred,portion of plant tissue,cambium,0,is_a,google/gemma-4-31b-it,"The cambium is a specific type of plant tissue, meaning every instance of cambium is necessarily an instance of a portion of plant tissue."
LLMs4OL_PO_SUB,pred,portion of plant tissue,bract epidermis,0,is_a,google/gemma-4-31b-it,"The 'bract epidermis' is a specific type of plant tissue, and therefore every instance of a bract epidermis is necessarily an instance of a portion of plant tissue."
LLMs4OL_PO_SUB,pred,portion of plant tissue,coma,0,is_a,google/gemma-4-31b-it,"A coma (a tuft of hairs on a seed) is a specific type of plant tissue structure, meaning every instance of a coma is necessarily an instance of a portion of plant tissue."
LLMs4OL_PO_SUB,pred,cardinal part of multi-tissue plant structure,plant axis differentiation zone,0,is_a,google/gemma-4-31b-it,"A 'plant axis differentiation zone' is a specific type of 'cardinal part of multi-tissue plant structure', as it represents a specialized region (a kind of cardinal part) within the plant's axis."
LLMs4OL_PO_SUB,pred,cardinal part of multi-tissue plant structure,shoot internode differentiation zone,0,is_a,google/gemma-4-31b-it,"The 'shoot internode differentiation zone' is a specific type of 'cardinal part of multi-tissue plant structure', as it fits the definition of a specialized region (part) within a multi-tissue plant axis."
LLMs4OL_PO_SUB,pred,cardinal part of multi-tissue plant structure,axil,1,part_of,google/gemma-4-31b-it,"An axil is the angle between the upper side of a leaf or branch and the stem from which it grows, making it a specific region or component of a plant's multi-tissue structure rather than a type of structure itself."
LLMs4OL_PO_SUB,pred,cardinal part of multi-tissue plant structure,floral organ abscission zone,1,is_a,google/gemma-4-31b-it,"A floral organ abscission zone is a specific type of cardinal part (a functionally distinct region) within a multi-tissue plant structure, meaning every instance of the former is an instance of the latter."
LLMs4OL_PO_SUB,pred,cardinal part of multi-tissue plant structure,shoot axis apex,1,is_a,google/gemma-4-31b-it,"The 'shoot axis apex' is a specific type of cardinal part of a multi-tissue plant structure, meaning every shoot axis apex is by definition a cardinal part of such a structure."
LLMs4OL_PO_SUB,pred,cardinal part of multi-tissue plant structure,branch internode differentiation zone,0,is_a,google/gemma-4-31b-it,"The 'branch internode differentiation zone' is a specific type of 'cardinal part of multi-tissue plant structure', as it fits the definition of a cardinal part within the plant's anatomical hierarchy."
LLMs4OL_PO_SUB,pred,cardinal part of multi-tissue plant structure,inflorescence axis node,1,is_a,google/gemma-4-31b-it,"An 'inflorescence axis node' is a specific type of node (a structural component) within a plant axis, and since it is a fundamental structural unit of a multi-tissue plant structure, it is a kind of cardinal part."
LLMs4OL_PO_SUB,pred,cardinal part of multi-tissue plant structure,shoot axis node,1,is_a,google/gemma-4-31b-it,"A shoot axis node is a specific type of cardinal part of a multi-tissue plant structure, as it represents a primary structural division point within the plant's axis."
LLMs4OL_PO_SUB,pred,cardinal part of multi-tissue plant structure,cardinal organ part,0,is_a,google/gemma-4-31b-it,"A 'cardinal organ part' is a specific type of 'cardinal part of a multi-tissue plant structure', as the latter is a broader category encompassing various cardinal parts of plant anatomy."
LLMs4OL_PO_SUB,pred,cardinal part of multi-tissue plant structure,abscission zone,1,is_a,google/gemma-4-31b-it,"An abscission zone is a specific type of cardinal part (a functionally distinct region) within a multi-tissue plant structure, meaning every abscission zone is a cardinal part of such a structure."
LLMs4OL_PO_SUB,pred,cardinal part of multi-tissue plant structure,po_0000055,1,is_a,google/gemma-4-31b-it,"The term 'po_0000055' (which refers to the shoot apex) is a specific type of cardinal part of a multi-tissue plant structure, meaning every shoot apex is an instance of that general category."
LLMs4OL_PO_SUB,pred,cardinal part of multi-tissue plant structure,pulvinus,0,is_a,google/gemma-4-31b-it,A pulvinus is a specific type of specialized plant structure (a joint-like swelling) that fits the definition of being a cardinal part of a multi-tissue plant structure.
LLMs4OL_PO_SUB,pred,cardinal part of multi-tissue plant structure,coma,1,part_of,google/gemma-4-31b-it,"A coma (a tuft of hairs on a seed) is a specific anatomical component or part of a larger plant structure, rather than a type of ""cardinal part of multi-tissue plant structure."""
LLMs4OL_PO_SUB,pred,cardinal part of multi-tissue plant structure,central root cap of lateral root,1,part_of,google/gemma-4-31b-it,"The 'central root cap of lateral root' is a specific anatomical component (a part) of a larger multi-tissue plant structure, rather than a type of 'cardinal part' itself."
LLMs4OL_PO_SUB,pred,cardinal part of multi-tissue plant structure,fruit pedicel,1,is_a,google/gemma-4-31b-it,"A fruit pedicel is a specific type of cardinal part of a multi-tissue plant structure (specifically the stalk supporting a fruit), meaning every fruit pedicel is an instance of that broader category."
LLMs4OL_PO_SUB,pred,plant axis differentiation zone,branch internode differentiation zone,0,is_a,google/gemma-4-31b-it,A 'branch internode differentiation zone' is a specific type of 'plant axis differentiation zone' located specifically within a branch internode.
LLMs4OL_PO_SUB,pred,plant axis differentiation zone,shoot internode differentiation zone,0,is_a,google/gemma-4-31b-it,"A 'shoot internode differentiation zone' is a specific type of 'plant axis differentiation zone' (specifically one located in the shoot), meaning every instance of the former is necessarily an instance of the latter."
LLMs4OL_PO_SUB,pred,shoot internode differentiation zone,branch internode differentiation zone,0,is_a,google/gemma-4-31b-it,"A branch internode differentiation zone is a specific type of shoot internode differentiation zone, as branches are a subset of the shoot system."
LLMs4OL_PO_SUB,pred,plant epidermis,style epidermis,0,is_a,google/gemma-4-31b-it,"The style epidermis is a specific type of plant epidermis, as it is the epidermal tissue specifically located on the style of a flower."
LLMs4OL_PO_SUB,pred,plant epidermis,seed coat epidermis,0,is_a,google/gemma-4-31b-it,"The 'seed coat epidermis' is a specific type of 'plant epidermis' found specifically on the seed coat, just as 'leaf epidermis' is a type of plant epidermis."
LLMs4OL_PO_SUB,pred,plant epidermis,leaf lamina adaxial epidermis,0,is_a,google/gemma-4-31b-it,"The 'leaf lamina adaxial epidermis' is a specific type of 'plant epidermis', as any instance of the former is necessarily an instance of the latter."
LLMs4OL_PO_SUB,pred,plant epidermis,bract adaxial epidermis,0,is_a,google/gemma-4-31b-it,"The 'bract adaxial epidermis' is a specific type of 'plant epidermis', as any instance of the epidermis on the adaxial side of a bract is necessarily an instance of plant epidermis."
LLMs4OL_PO_SUB,pred,plant epidermis,carpel epidermis,0,is_a,google/gemma-4-31b-it,"The carpel epidermis is a specific type of plant epidermis, meaning every instance of carpel epidermis is necessarily an instance of plant epidermis."
LLMs4OL_PO_SUB,pred,plant epidermis,phyllome epidermis,0,is_a,google/gemma-4-31b-it,"The 'phyllome epidermis' (the epidermis of leaves and related structures) is a specific type of 'plant epidermis', meaning every instance of the former is necessarily an instance of the latter."
LLMs4OL_PO_SUB,pred,plant epidermis,leaf lamina epidermis,0,is_a,google/gemma-4-31b-it,"The 'leaf lamina epidermis' is a specific type of 'plant epidermis', as any instance of the epidermis of a leaf lamina is necessarily an instance of the general category of plant epidermis."
LLMs4OL_PO_SUB,pred,plant epidermis,shoot system epidermis,0,is_a,google/gemma-4-31b-it,"The 'shoot system epidermis' is a specific type of 'plant epidermis' (specifically the portion found in the shoot system), meaning every instance of the former is necessarily an instance of the latter."
LLMs4OL_PO_SUB,pred,plant epidermis,leaf adaxial epidermis,0,is_a,google/gemma-4-31b-it,"The 'leaf adaxial epidermis' is a specific type of 'plant epidermis', as any instance of the former is necessarily an instance of the latter."
LLMs4OL_PO_SUB,pred,plant epidermis,leaf epidermis,0,is_a,google/gemma-4-31b-it,"The 'leaf epidermis' is a specific type of 'plant epidermis', as any instance of epidermis found on a leaf is by definition an instance of epidermis found on a plant."
LLMs4OL_PO_SUB,pred,plant epidermis,bract epidermis,0,is_a,google/gemma-4-31b-it,"The 'bract epidermis' is a specific type of 'plant epidermis' (specifically the epidermis of a bract), meaning every instance of a bract epidermis is necessarily an instance of plant epidermis."
LLMs4OL_PO_SUB,pred,carpel epidermis,style epidermis,0,part_of,google/gemma-4-31b-it,"The style is a specific part of the carpel, and therefore the epidermis of the style is a specific region or component of the overall carpel epidermis."
LLMs4OL_PO_SUB,pred,phyllome epidermis,style epidermis,0,is_a,google/gemma-4-31b-it,"The style is a modified leaf-like organ (phyllome), and therefore the epidermis of the style is a specific type of phyllome epidermis."
LLMs4OL_PO_SUB,pred,phyllome epidermis,leaf lamina adaxial epidermis,0,is_a,google/gemma-4-31b-it,"The 'leaf lamina adaxial epidermis' is a specific type of 'phyllome epidermis' (since a leaf lamina is a type of phyllome), meaning every instance of the former is necessarily an instance of the latter."
LLMs4OL_PO_SUB,pred,phyllome epidermis,bract adaxial epidermis,0,is_a,google/gemma-4-31b-it,"The 'bract adaxial epidermis' is a specific type of 'phyllome epidermis' (since a bract is a type of phyllome), meaning every instance of the former is necessarily an instance of the latter."
LLMs4OL_PO_SUB,pred,phyllome epidermis,carpel epidermis,0,is_a,google/gemma-4-31b-it,"A carpel is a type of phyllome (a modified leaf), and therefore the epidermis of a carpel is a specific type of phyllome epidermis."
LLMs4OL_PO_SUB,pred,phyllome epidermis,leaf lamina epidermis,0,is_a,google/gemma-4-31b-it,"The 'leaf lamina epidermis' is a specific type of 'phyllome epidermis' (since a phyllome is a general term for leaf-like organs, including leaves and bracts), meaning every instance of the former is necessarily an instance of the latter."
LLMs4OL_PO_SUB,pred,phyllome epidermis,leaf adaxial epidermis,0,is_a,google/gemma-4-31b-it,"The 'leaf adaxial epidermis' is a specific type of 'phyllome epidermis' (since a leaf is a type of phyllome), meaning every instance of the former is necessarily an instance of the latter."
LLMs4OL_PO_SUB,pred,phyllome epidermis,leaf epidermis,0,is_a,google/gemma-4-31b-it,"A leaf is a type of phyllome (a leaf-like organ), therefore the epidermis of a leaf is a specific type of phyllome epidermis."
LLMs4OL_PO_SUB,pred,phyllome epidermis,bract epidermis,0,is_a,google/gemma-4-31b-it,"A bract is a type of phyllome (a leaf-like organ), therefore the epidermis of a bract is a specific type of phyllome epidermis."
LLMs4OL_PO_SUB,pred,shoot system epidermis,style epidermis,0,is_a,google/gemma-4-31b-it,"The style epidermis is a specific type of epidermis found within the shoot system, meaning every instance of style epidermis is necessarily an instance of shoot system epidermis."
LLMs4OL_PO_SUB,pred,shoot system epidermis,seed coat epidermis,1,unrelated,google/gemma-4-31b-it,"The seed coat is part of the seed, which is a product of the reproductive system and is not a component of the shoot system (which consists of stems, leaves, and flowers)."
LLMs4OL_PO_SUB,pred,shoot system epidermis,leaf lamina adaxial epidermis,0,is_a,google/gemma-4-31b-it,"The 'leaf lamina adaxial epidermis' is a specific type of epidermis found within the shoot system, meaning every instance of the former is necessarily an instance of the latter."
LLMs4OL_PO_SUB,pred,shoot system epidermis,bract adaxial epidermis,0,is_a,google/gemma-4-31b-it,"The 'bract adaxial epidermis' is a specific type of 'shoot system epidermis', as any instance of the epidermis on the adaxial side of a bract is necessarily an instance of the epidermis found within the shoot system."
LLMs4OL_PO_SUB,pred,shoot system epidermis,carpel epidermis,0,is_a,google/gemma-4-31b-it,"The carpel epidermis is a specific type of epidermis found within the shoot system, meaning every instance of carpel epidermis is necessarily an instance of shoot system epidermis."
LLMs4OL_PO_SUB,pred,shoot system epidermis,leaf lamina epidermis,0,is_a,google/gemma-4-31b-it,"The 'leaf lamina epidermis' is a specific type of epidermis found within the shoot system, meaning every instance of the former is necessarily an instance of the latter."
LLMs4OL_PO_SUB,pred,shoot system epidermis,bract epidermis,0,is_a,google/gemma-4-31b-it,"The 'bract epidermis' is a specific type of epidermis found within the shoot system, meaning every instance of a bract epidermis is necessarily an instance of shoot system epidermis."
LLMs4OL_PO_SUB,pred,shoot system epidermis,leaf adaxial epidermis,0,is_a,google/gemma-4-31b-it,"The 'leaf adaxial epidermis' is a specific type of 'shoot system epidermis', as any instance of the epidermis on the upper surface of a leaf is necessarily an instance of the epidermis found within the shoot system."
LLMs4OL_PO_SUB,pred,shoot system epidermis,leaf epidermis,0,is_a,google/gemma-4-31b-it,"The leaf epidermis is a specific type of epidermis found within the shoot system, meaning every instance of leaf epidermis is necessarily an instance of shoot system epidermis."
LLMs4OL_PO_SUB,pred,shoot system epidermis,phyllome epidermis,0,is_a,google/gemma-4-31b-it,"In botanical anatomy, the phyllome (leaves, bracts, etc.) is the primary component of the shoot system, and therefore the epidermis of the phyllome is a specific type of epidermis found within the shoot system."
LLMs4OL_PO_SUB,pred,vascular leaf,adult vascular leaf,0,is_a,google/gemma-4-31b-it,"An adult vascular leaf is a specific type (developmental stage) of vascular leaf, meaning every adult vascular leaf is necessarily a vascular leaf."
LLMs4OL_PO_SUB,pred,vascular leaf,spine leaf,0,is_a,google/gemma-4-31b-it,"A spine leaf is a specialized type of vascular leaf modified for protection or water conservation, meaning every spine leaf is inherently a vascular leaf."
LLMs4OL_PO_SUB,pred,vascular leaf,sporophyll,1,is_a,google/gemma-4-31b-it,"A sporophyll is a specialized type of leaf (specifically a phyllome) that bears sporangia, and in vascular plants, it is a specific kind of vascular leaf."
LLMs4OL_PO_SUB,pred,vascular leaf,flag leaf,0,is_a,google/gemma-4-31b-it,"A flag leaf is a specific type of vascular leaf (typically the first leaf of a seedling or a specialized leaf in certain plants), meaning every flag leaf is by definition a vascular leaf."
LLMs4OL_PO_SUB,pred,vascular leaf,upper glume,1,is_a,google/gemma-4-31b-it,"An upper glume is a specialized type of bract (a modified leaf) found in grasses, meaning every upper glume is a kind of vascular leaf."
LLMs4OL_PO_SUB,pred,vascular leaf,upper glume of tassel spikelet,1,is_a,google/gemma-4-31b-it,"A glume is a specialized bract (a modified leaf), and since a vascular leaf is a general category of leaves, an upper glume of a tassel spikelet is a specific type of vascular leaf."
LLMs4OL_PO_SUB,pred,vascular leaf,upper glume of pedicellate spikelet of tassel,1,is_a,google/gemma-4-31b-it,"A glume is a specialized bract (a modified leaf), and since it is a type of leaf found in vascular plants, every instance of an upper glume is also an instance of a vascular leaf."
LLMs4OL_PO_SUB,pred,portion of meristem tissue,lateral meristem,0,is_a,google/gemma-4-31b-it,"A lateral meristem is a specific type (kind) of meristem tissue portion, meaning every lateral meristem is by definition a portion of meristem tissue."
LLMs4OL_PO_SUB,pred,portion of meristem tissue,shoot procambium,1,is_a,google/gemma-4-31b-it,"The shoot procambium is a specific type of meristematic tissue, meaning every instance of shoot procambium is necessarily an instance of a portion of meristem tissue."
LLMs4OL_PO_SUB,pred,portion of meristem tissue,cork cambium,0,is_a,google/gemma-4-31b-it,"The cork cambium is a specific type of meristematic tissue, meaning every instance of cork cambium is by definition an instance of meristem tissue."
LLMs4OL_PO_SUB,pred,portion of meristem tissue,leaf procambium,1,is_a,google/gemma-4-31b-it,"The leaf procambium is a specific type of meristematic tissue, and since every instance of leaf procambium is by definition a portion of meristem tissue, the subsumption holds."
LLMs4OL_PO_SUB,pred,portion of meristem tissue,procambium,1,is_a,google/gemma-4-31b-it,"The procambium is a specific type of meristematic tissue, meaning every instance of procambium is by definition a portion of meristem tissue."
LLMs4OL_PO_SUB,pred,portion of meristem tissue,cambium,0,is_a,google/gemma-4-31b-it,"The term 'cambium' refers to a specific type of meristematic tissue, making it a kind of (subsumption) portion of meristem tissue."
LLMs4OL_PO_SUB,pred,plant organ,vascular leaf,0,is_a,google/gemma-4-31b-it,"A vascular leaf is a specific type of plant organ, meaning every instance of a vascular leaf is necessarily an instance of a plant organ."
LLMs4OL_PO_SUB,pred,plant organ,infructescence fruit pedicel,1,part_of,google/gemma-4-31b-it,"An infructescence fruit pedicel is a specific stalk that supports a fruit within a collective fruit cluster, making it a component part of the overall plant organ rather than a type of plant organ itself."
LLMs4OL_PO_SUB,pred,plant organ,adult vascular leaf,0,is_a,google/gemma-4-31b-it,"An adult vascular leaf is a specific type of plant organ, meaning every instance of an adult vascular leaf is necessarily an instance of a plant organ."
LLMs4OL_PO_SUB,pred,plant organ,basal root,1,is_a,google/gemma-4-31b-it,"A basal root is a specific type of plant organ, meaning every instance of a basal root is necessarily an instance of a plant organ."
LLMs4OL_PO_SUB,pred,plant organ,shoot-borne internode root,1,is_a,google/gemma-4-31b-it,"A shoot-borne internode root is a specific type of plant organ (specifically a root that originates from the shoot system), meaning every instance of the child is an instance of the parent."
LLMs4OL_PO_SUB,pred,plant organ,leaf,0,is_a,google/gemma-4-31b-it,"A leaf is a specific type of plant organ, meaning every instance of a leaf is necessarily an instance of a plant organ."
LLMs4OL_PO_SUB,pred,plant organ,spine leaf,0,is_a,google/gemma-4-31b-it,"A spine leaf is a specialized type of leaf, and since a leaf is a type of plant organ, every spine leaf is necessarily a plant organ."
LLMs4OL_PO_SUB,pred,plant organ,sporophyll,0,is_a,google/gemma-4-31b-it,"A sporophyll is a specialized type of leaf (a plant organ) that bears sporangia, meaning every sporophyll is by definition a plant organ."
LLMs4OL_PO_SUB,pred,plant organ,flag leaf,0,is_a,google/gemma-4-31b-it,"A flag leaf is a specific type of leaf, and since a leaf is a type of plant organ, every instance of a flag leaf is necessarily an instance of a plant organ."
LLMs4OL_PO_SUB,pred,plant organ,upper glume of pedicellate spikelet of tassel,1,part_of,google/gemma-4-31b-it,"The 'upper glume of pedicellate spikelet of tassel' is a specific anatomical component (a bract) of a larger plant structure, rather than a type of plant organ itself."
LLMs4OL_PO_SUB,pred,plant organ,fruit,1,is_a,google/gemma-4-31b-it,"In botanical terms, a fruit is a specialized ripened ovary and is classified as a type of plant organ."
LLMs4OL_PO_SUB,pred,plant organ,upper glume,1,is_a,google/gemma-4-31b-it,"An upper glume is a specific type of bract (a modified leaf), and since leaves are plant organs, an upper glume is a kind of plant organ."
LLMs4OL_PO_SUB,pred,plant organ,fruit pedicel,1,part_of,google/gemma-4-31b-it,"A fruit pedicel is a specific stalk that supports a fruit, making it a component part of the plant's organ system rather than a type of plant organ itself."
LLMs4OL_PO_SUB,pred,plant organ,samara fruit,1,is_a,google/gemma-4-31b-it,"A samara fruit is a type of fruit, and in botanical taxonomy, the fruit (the ripened ovary) is considered a specialized plant organ."
LLMs4OL_PO_SUB,pred,plant organ,upper glume of tassel spikelet,1,part_of,google/gemma-4-31b-it,"The 'upper glume of tassel spikelet' is a specific anatomical component of a plant organ (the spikelet/flower), not a type of plant organ itself."
LLMs4OL_PO_SUB,pred,plant organ,phyllome,0,is_a,google/gemma-4-31b-it,"In botanical terminology, a phyllome is defined as any leaf-like organ (including leaves, bracts, and scales), making it a specific type of plant organ."
LLMs4OL_PO_SUB,pred,adult vascular leaf,flag leaf,0,is_a,google/gemma-4-31b-it,"A flag leaf is a specific type of adult vascular leaf (typically the first leaf produced by certain plants), meaning every instance of a flag leaf is necessarily an instance of an adult vascular leaf."
LLMs4OL_PO_SUB,pred,plant gamete,plant sperm cell,0,is_a,google/gemma-4-31b-it,"A plant sperm cell is a specific type of plant gamete, meaning every instance of a plant sperm cell is necessarily an instance of a plant gamete."
LLMs4OL_PO_SUB,pred,plant gamete,embryo sac egg cell,0,is_a,google/gemma-4-31b-it,"An embryo sac egg cell is a specific type of plant gamete, meaning every instance of the former is necessarily an instance of the latter."
LLMs4OL_PO_SUB,pred,plant gamete,plant egg cell,0,is_a,google/gemma-4-31b-it,"A plant egg cell is a specific type of plant gamete (the female gamete), meaning every instance of a plant egg cell is necessarily an instance of a plant gamete."
LLMs4OL_PO_SUB,pred,central root cap,central root cap of lateral root,0,is_a,google/gemma-4-31b-it,"The 'central root cap of lateral root' is a specific type of 'central root cap' found in a particular root structure, meaning every instance of the former is necessarily an instance of the latter."
LLMs4OL_PO_SUB,pred,chlorenchyma cell,mesophyll cell,0,is_a,google/gemma-4-31b-it,"A mesophyll cell is a specific type of chlorenchyma cell (chlorophyll-containing parenchyma), meaning every mesophyll cell is by definition a chlorenchyma cell."
LLMs4OL_PO_SUB,pred,lateral meristem,cambium,0,is_a,google/gemma-4-31b-it,"The cambium is a specific type of lateral meristem (along with the cork cambium), meaning every instance of cambium is by definition a lateral meristem."
LLMs4OL_PO_SUB,pred,lateral meristem,cork cambium,0,is_a,google/gemma-4-31b-it,"The cork cambium is a specific type of lateral meristem (specifically the phellogen), meaning every instance of cork cambium is necessarily an instance of lateral meristem."
LLMs4OL_PO_SUB,pred,shoot procambium,leaf procambium,0,part_of,google/gemma-4-31b-it,"The leaf procambium is a specific anatomical region or portion of the shoot procambium, rather than a subclass of it."
LLMs4OL_PO_SUB,pred,storage parenchyma,tuber storage parenchyma,0,is_a,google/gemma-4-31b-it,"Tuber storage parenchyma is a specific type of storage parenchyma found specifically in tubers, meaning every instance of the former is necessarily an instance of the latter."
LLMs4OL_PO_SUB,pred,ground tissue cell,mesophyll cell,0,is_a,google/gemma-4-31b-it,"A mesophyll cell is a specific type of ground tissue cell (specifically a specialized parenchyma cell), meaning every mesophyll cell is by definition a ground tissue cell."
LLMs4OL_PO_SUB,pred,ground tissue cell,chlorenchyma cell,0,is_a,google/gemma-4-31b-it,"Chlorenchyma cells are a specialized type of parenchyma cell found within the ground tissue of plants, meaning every chlorenchyma cell is a type of ground tissue cell."
LLMs4OL_PO_SUB,pred,ground tissue cell,parenchyma cell,0,is_a,google/gemma-4-31b-it,"A parenchyma cell is a specific type of ground tissue cell, meaning every parenchyma cell is by definition a ground tissue cell."
LLMs4OL_PO_SUB,pred,parenchyma,tuber storage parenchyma,1,is_a,google/gemma-4-31b-it,"Tuber storage parenchyma is a specialized type of parenchyma tissue found in tubers, meaning every instance of tuber storage parenchyma is necessarily an instance of parenchyma."
LLMs4OL_PO_SUB,pred,parenchyma,root parenchyma,0,is_a,google/gemma-4-31b-it,"Root parenchyma is a specific type of parenchyma tissue found in the root, meaning every instance of root parenchyma is necessarily an instance of parenchyma."
LLMs4OL_PO_SUB,pred,parenchyma,storage parenchyma,1,is_a,google/gemma-4-31b-it,"Storage parenchyma is a specialized type of parenchyma tissue characterized by its function in storing nutrients, meaning every instance of storage parenchyma is a type of parenchyma."
LLMs4OL_PO_SUB,pred,parenchyma,chlorenchyma,0,is_a,google/gemma-4-31b-it,"Chlorenchyma is a specialized type of parenchyma tissue that contains chloroplasts, meaning every instance of chlorenchyma is by definition a type of parenchyma."
LLMs4OL_PO_SUB,pred,leaf,vascular leaf,0,is_a,google/gemma-4-31b-it,"A vascular leaf is a specific type of leaf characterized by the presence of vascular tissue, meaning every vascular leaf is necessarily a leaf."
LLMs4OL_PO_SUB,pred,leaf,adult vascular leaf,0,is_a,google/gemma-4-31b-it,"An adult vascular leaf is a specific type of leaf, meaning every instance of an adult vascular leaf is necessarily an instance of a leaf."
LLMs4OL_PO_SUB,pred,leaf,spine leaf,0,is_a,google/gemma-4-31b-it,"A spine leaf is a specific type of leaf that has been modified into a spine, meaning every instance of a spine leaf is necessarily an instance of a leaf."
LLMs4OL_PO_SUB,pred,leaf,sporophyll,1,is_a,google/gemma-4-31b-it,"A sporophyll is a specialized leaf that bears sporangia, meaning every sporophyll is a type of leaf."
LLMs4OL_PO_SUB,pred,leaf,flag leaf,0,is_a,google/gemma-4-31b-it,"A flag leaf is a specific type of leaf (typically characterized by a narrow, blade-like shape), meaning every instance of a flag leaf is necessarily an instance of a leaf."
LLMs4OL_PO_SUB,pred,leaf,upper glume,1,is_a,google/gemma-4-31b-it,"In botany, a glume is a specialized bract (a modified leaf), meaning every upper glume is a type of leaf."
LLMs4OL_PO_SUB,pred,procambium,shoot procambium,0,is_a,google/gemma-4-31b-it,"The shoot procambium is a specific type of procambium located in the shoot system, meaning every instance of shoot procambium is necessarily an instance of procambium."
LLMs4OL_PO_SUB,pred,procambium,leaf procambium,0,is_a,google/gemma-4-31b-it,"The leaf procambium is a specific type of procambium located in the leaf, meaning every instance of leaf procambium is necessarily an instance of procambium."
LLMs4OL_PO_SUB,pred,primordium,root primordium,0,is_a,google/gemma-4-31b-it,"A root primordium is a specific type of primordium (the embryonic tissue that gives rise to an organ), meaning every root primordium is by definition a primordium."
LLMs4OL_PO_SUB,pred,leaf lamina epidermis,leaf lamina adaxial epidermis,0,is_a,google/gemma-4-31b-it,"The 'leaf lamina adaxial epidermis' is a specific type of 'leaf lamina epidermis' (specifically the upper surface), meaning every instance of the adaxial epidermis is necessarily an instance of the lamina epidermis."
LLMs4OL_PO_SUB,pred,shoot axis node,inflorescence axis node,0,is_a,google/gemma-4-31b-it,"An inflorescence axis node is a specific type of shoot axis node, as the inflorescence axis is a specialized form of a shoot axis."
LLMs4OL_PO_SUB,pred,leaf adaxial epidermis,leaf lamina adaxial epidermis,0,part_of,google/gemma-4-31b-it,"The 'leaf lamina adaxial epidermis' is the specific portion of the 'leaf adaxial epidermis' that covers the blade (lamina) of the leaf, making it a spatial component rather than a taxonomic subclass."
LLMs4OL_PO_SUB,pred,lateral root cap,lateral root cap of primary root,0,is_a,google/gemma-4-31b-it,"The 'lateral root cap of primary root' is a specific type of 'lateral root cap', meaning every instance of the former is necessarily an instance of the latter."
LLMs4OL_PO_SUB,pred,lateral root cap,lateral root cap of lateral root,0,is_a,google/gemma-4-31b-it,"The 'lateral root cap of lateral root' is a specific type of 'lateral root cap', meaning every instance of the former is necessarily an instance of the latter."
LLMs4OL_PO_SUB,pred,cardinal organ part,central root cap of lateral root,1,part_of,google/gemma-4-31b-it,"The 'central root cap of lateral root' is a specific anatomical component (a part) of the root system's structure, whereas a 'cardinal organ part' refers to a primary structural region or axis component; the root cap is a part of the organ, not a type of cardinal organ part."
LLMs4OL_PO_SUB,pred,cardinal organ part,inflorescence axis node,1,part_of,google/gemma-4-31b-it,"An 'inflorescence axis node' is a specific type of node located on a cardinal organ (the inflorescence axis), making it a component part of that organ rather than a subclass of the general concept of a cardinal organ part."
LLMs4OL_PO_SUB,pred,cardinal organ part,shoot axis node,1,is_a,google/gemma-4-31b-it,"A shoot axis node is a specific type of cardinal organ part (a primary structural unit of the plant axis), meaning every shoot axis node is by definition a cardinal organ part."
LLMs4OL_PO_SUB,pred,cardinal organ part,lateral root cap of primary root,1,part_of,google/gemma-4-31b-it,"The 'lateral root cap of primary root' is a specific anatomical component or region of a cardinal organ (the primary root), rather than a type of 'cardinal organ part' in a taxonomic sense."
LLMs4OL_PO_SUB,pred,cardinal organ part,lateral root cap of lateral root,1,part_of,google/gemma-4-31b-it,"The 'lateral root cap of lateral root' is a specific anatomical component (a part) of the lateral root's structure, whereas a 'cardinal organ part' refers to a broader category of primary structural components of a plant organ; however, the root cap is a constituent part of the organ's architecture "
LLMs4OL_PO_SUB,pred,cardinal organ part,central root cap,1,part_of,google/gemma-4-31b-it,"The 'central root cap' is a specific anatomical component or region of a root (a cardinal organ), making it a part of the organ rather than a type of 'cardinal organ part' (which refers to the general category of primary structural divisions)."
LLMs4OL_PO_SUB,pred,cardinal organ part,lateral root cap,1,part_of,google/gemma-4-31b-it,"The 'lateral root cap' is a specific anatomical component or region of a root (a cardinal organ), making it a part of the organ rather than a type of 'cardinal organ part' (which typically refers to structural zones or specialized organs like the pulvinus)."
LLMs4OL_PO_SUB,pred,cardinal organ part,abscission zone,1,is_a,google/gemma-4-31b-it,"An abscission zone is a specific type of specialized region (a cardinal organ part) where organs detach from the plant body, fitting the definition of a subclass."
LLMs4OL_PO_SUB,pred,cardinal organ part,floral organ abscission zone,1,part_of,google/gemma-4-31b-it,"The 'floral organ abscission zone' is a specific region or component within a cardinal organ (such as a petal or sepal), making it a part of that organ rather than a type of cardinal organ part."
LLMs4OL_PO_SUB,pred,cardinal organ part,pulvinus,0,is_a,google/gemma-4-31b-it,"A pulvinus is a specific type of organ part (a joint-like thickening at the base of a leaf or leaflet) in plants, meaning every pulvinus is a cardinal organ part."
LLMs4OL_PO_SUB,pred,cardinal organ part,coma,1,part_of,google/gemma-4-31b-it,"The 'coma' (a tuft of hairs on a seed) is a specific anatomical structure that constitutes a part of a cardinal organ (like a seed), rather than being a type of 'cardinal organ part' in a taxonomic sense."
LLMs4OL_PO_SUB,pred,parenchyma cell,mesophyll cell,0,is_a,google/gemma-4-31b-it,A mesophyll cell is a specialized type of parenchyma cell found in the interior of a leaf.
LLMs4OL_PO_SUB,pred,parenchyma cell,chlorenchyma cell,0,is_a,google/gemma-4-31b-it,"Chlorenchyma cells are a specialized type of parenchyma cell that contain chloroplasts, meaning every chlorenchyma cell is by definition a parenchyma cell."
LLMs4OL_PO_SUB,pred,abscission zone,floral organ abscission zone,0,is_a,google/gemma-4-31b-it,"A floral organ abscission zone is a specific type of abscission zone specialized for the shedding of floral organs, meaning every instance of the former is necessarily an instance of the latter."
LLMs4OL_PO_SUB,pred,leaf epidermis,leaf lamina adaxial epidermis,0,is_a,google/gemma-4-31b-it,"The 'leaf lamina adaxial epidermis' is a specific type of 'leaf epidermis' (specifically the one located on the upper surface of the blade), meaning every instance of the former is necessarily an instance of the latter."
LLMs4OL_PO_SUB,pred,leaf epidermis,leaf lamina epidermis,0,part_of,google/gemma-4-31b-it,"The 'leaf lamina epidermis' is the specific portion of the 'leaf epidermis' that covers the blade (lamina) of the leaf, making it a regional component rather than a subclass."
LLMs4OL_PO_SUB,pred,leaf epidermis,leaf adaxial epidermis,0,is_a,google/gemma-4-31b-it,"The 'leaf adaxial epidermis' is a specific type of 'leaf epidermis' (specifically the upper surface), meaning every instance of the adaxial epidermis is necessarily an instance of the leaf epidermis."
LLMs4OL_PO_SUB,pred,plant egg cell,embryo sac egg cell,0,is_a,google/gemma-4-31b-it,"An embryo sac egg cell is a specific type of plant egg cell (specifically the one found within the embryo sac of angiosperms), meaning every instance of the former is an instance of the latter."
LLMs4OL_PO_SUB,pred,cambium,cork cambium,0,is_a,google/gemma-4-31b-it,"The cork cambium (phellogen) is a specific type of cambium (a lateral meristem), meaning every instance of cork cambium is necessarily an instance of cambium."
LLMs4OL_PO_SUB,pred,fruit,samara fruit,0,is_a,google/gemma-4-31b-it,"A samara fruit is a specific type of fruit (a winged achene or samara), meaning every instance of a samara fruit is necessarily an instance of a fruit."
LLMs4OL_PO_SUB,pred,bract epidermis,bract adaxial epidermis,0,is_a,google/gemma-4-31b-it,"The 'bract adaxial epidermis' is a specific type of 'bract epidermis' (specifically the one on the upper surface), meaning every instance of the adaxial epidermis is necessarily an instance of the bract epidermis."
LLMs4OL_PO_SUB,pred,upper glume,upper glume of pedicellate spikelet of tassel,0,is_a,google/gemma-4-31b-it,"The 'upper glume of pedicellate spikelet of tassel' is a specific type of 'upper glume', meaning every instance of the former is necessarily an instance of the latter."
LLMs4OL_PO_SUB,pred,upper glume,upper glume of tassel spikelet,0,is_a,google/gemma-4-31b-it,"An 'upper glume of tassel spikelet' is a specific type of 'upper glume' found in a particular botanical location, meaning every instance of the former is necessarily an instance of the latter."
LLMs4OL_PO_SUB,pred,upper glume of tassel spikelet,upper glume of pedicellate spikelet of tassel,0,is_a,google/gemma-4-31b-it,"The 'upper glume of pedicellate spikelet of tassel' is a specific type of 'upper glume of tassel spikelet' (since a pedicellate spikelet is a kind of tassel spikelet), meaning every instance of the former is necessarily an instance of the latter."
LLMs4OL_PO_SUB,pred,native plant cell,mesophyll cell,0,is_a,google/gemma-4-31b-it,"A mesophyll cell is a specific type of plant cell found in the leaves of native plants, meaning every mesophyll cell is necessarily a plant cell."
LLMs4OL_PO_SUB,pred,native plant cell,plant gamete,0,is_a,google/gemma-4-31b-it,"A plant gamete is a specialized type of plant cell, meaning every instance of a plant gamete is necessarily an instance of a plant cell."
LLMs4OL_PO_SUB,pred,native plant cell,plant sperm cell,0,is_a,google/gemma-4-31b-it,"A plant sperm cell is a specific type of native plant cell, meaning every instance of the former is necessarily an instance of the latter."
LLMs4OL_PO_SUB,pred,native plant cell,chlorenchyma cell,0,is_a,google/gemma-4-31b-it,"A chlorenchyma cell is a specialized type of plant cell, meaning every instance of a chlorenchyma cell is necessarily an instance of a native plant cell."
LLMs4OL_PO_SUB,pred,native plant cell,ground tissue cell,0,is_a,google/gemma-4-31b-it,"A ground tissue cell is a specific type of cell found in native plants, meaning every instance of a ground tissue cell is necessarily an instance of a native plant cell."
LLMs4OL_PO_SUB,pred,native plant cell,embryo sac egg cell,0,is_a,google/gemma-4-31b-it,"An embryo sac egg cell is a specific type of plant cell found in native plants, meaning every instance of the former is necessarily an instance of the latter."
LLMs4OL_PO_SUB,pred,native plant cell,parenchyma cell,0,is_a,google/gemma-4-31b-it,"A parenchyma cell is a specific type of plant cell found in native plants, meaning every parenchyma cell is necessarily a plant cell."
LLMs4OL_PO_SUB,pred,native plant cell,plant egg cell,0,is_a,google/gemma-4-31b-it,"A plant egg cell is a specific type of native plant cell, meaning every instance of a plant egg cell is necessarily an instance of a native plant cell."
LLMs4OL_PO_SUB,pred,phyllome,vascular leaf,0,is_a,google/gemma-4-31b-it,"In botany, a phyllome is defined as any leaf-like organ (including leaves, scales, and spines), making a vascular leaf a specific type of phyllome."
LLMs4OL_PO_SUB,pred,phyllome,adult vascular leaf,0,is_a,google/gemma-4-31b-it,"An adult vascular leaf is a specific type of phyllome (a leaf-like organ), meaning every instance of the former is necessarily an instance of the latter."
LLMs4OL_PO_SUB,pred,phyllome,leaf,0,is_a,google/gemma-4-31b-it,"In botanical terminology, a phyllome is defined as any leaf-like organ (including leaves, scales, and spines), meaning every leaf is by definition a type of phyllome."
LLMs4OL_PO_SUB,pred,phyllome,spine leaf,0,is_a,google/gemma-4-31b-it,"A spine leaf is a specialized type of phyllome (a leaf-like organ), meaning every spine leaf is by definition a phyllome."
LLMs4OL_PO_SUB,pred,phyllome,sporophyll,0,is_a,google/gemma-4-31b-it,"A sporophyll is a specific type of phyllome (a leaf-like organ) that bears sporangia, meaning every sporophyll is by definition a phyllome."
LLMs4OL_PO_SUB,pred,phyllome,flag leaf,0,is_a,google/gemma-4-31b-it,"A flag leaf is a specific type of phyllome (a leaf-like organ), meaning every instance of a flag leaf is necessarily an instance of a phyllome."
LLMs4OL_PO_SUB,pred,phyllome,upper glume of pedicellate spikelet of tassel,1,is_a,google/gemma-4-31b-it,"A glume is a specialized bract (a modified leaf), and since a phyllome is the general botanical term for any leaf-like organ, every upper glume is a type of phyllome."
LLMs4OL_PO_SUB,pred,phyllome,upper glume,1,is_a,google/gemma-4-31b-it,"A glume is a specialized bract (a modified leaf), and since a phyllome is the general botanical term for any leaf-like organ, an upper glume is a specific type of phyllome."
LLMs4OL_PO_SUB,pred,phyllome,upper glume of tassel spikelet,1,is_a,google/gemma-4-31b-it,"A glume is a specialized bract (a modified leaf), and since a phyllome is the general botanical term for any leaf-like organ, an upper glume is a specific type of phyllome."
LLMs4OL_PO_SUB,pred,stem elongation stage,se05 five nodes or internodes visible stage,0,is_a,google/gemma-4-31b-it,The 'se05 five nodes or internodes visible stage' is a specific type or sub-stage of the broader 'stem elongation stage'.
LLMs4OL_PO_SUB,pred,stem elongation stage,se07 seven nodes or internodes visible stage,0,is_a,google/gemma-4-31b-it,The 'se07 seven nodes or internodes visible stage' is a specific type or sub-stage of the broader 'stem elongation stage'.
LLMs4OL_SchemaOrg_SUB,gt,clip,movieclip,,is_a,google/gemma-4-31b-it,"A movieclip is a specific type of clip, meaning every instance of a movieclip is necessarily an instance of a clip."
LLMs4OL_SchemaOrg_SUB,gt,measurementtypeenumeration,wearablemeasurementtypeenumeration,,is_a,google/gemma-4-31b-it,"A wearable measurement type enumeration is a specific kind of measurement type enumeration, meaning every instance of the former is necessarily an instance of the latter."
LLMs4OL_SchemaOrg_SUB,gt,creativework,conversation,,is_a,google/gemma-4-31b-it,A conversation is a form of intellectual or artistic expression that can be documented or treated as a creative work.
LLMs4OL_SchemaOrg_SUB,gt,creativework,howtostep,,part_of,google/gemma-4-31b-it,"A 'howtostep' (a single step within a how-to guide) is a component part of a 'creativework' (the overall guide or instructional document), rather than a type of creative work itself."
LLMs4OL_SchemaOrg_SUB,gt,creativework,shortstory,,is_a,google/gemma-4-31b-it,"A short story is a specific type of creative work, meaning every instance of a short story is necessarily an instance of a creative work."
LLMs4OL_SchemaOrg_SUB,gt,creativework,article,,is_a,google/gemma-4-31b-it,"An article is a specific type of creative work, meaning every instance of an article is necessarily an instance of a creative work."
LLMs4OL_SchemaOrg_SUB,gt,creativework,sheetmusic,,is_a,google/gemma-4-31b-it,"Sheet music is a specific type of creative work, meaning every instance of sheet music is by definition a creative work."
LLMs4OL_SchemaOrg_SUB,gt,creativework,creativeworkseries,,is_a,google/gemma-4-31b-it,A creative work series is a specific type of creative work that consists of multiple related works.
LLMs4OL_SchemaOrg_SUB,gt,creativework,collection,,is_a,google/gemma-4-31b-it,"A collection is a specific type of creative work (such as an anthology or a curated set) that organizes other works, meaning every collection is itself a creative work."
LLMs4OL_SchemaOrg_SUB,gt,creativework,ampstory,,is_a,google/gemma-4-31b-it,An AMPstory (Accelerated Mobile Pages story) is a specific type of digital creative work designed for mobile storytelling.
LLMs4OL_SchemaOrg_SUB,gt,creativework,sculpture,,is_a,google/gemma-4-31b-it,"Every sculpture is, by definition, a type of creative work."
LLMs4OL_SchemaOrg_SUB,gt,lodgingbusiness,motel,,is_a,google/gemma-4-31b-it,"A motel is a specific type of lodging business, meaning every instance of a motel is necessarily an instance of a lodging business."
LLMs4OL_SchemaOrg_SUB,gt,enumeration,measurementmethodenum,,instance_of,google/gemma-4-31b-it,"'measurementmethodenum' is a specific named enumeration (an individual instance) used to define a set of measurement methods, while 'enumeration' is the general class of such data structures."
LLMs4OL_SchemaOrg_SUB,gt,enumeration,governmentbenefitstype,,instance_of,google/gemma-4-31b-it,"'governmentbenefitstype' is a specific instance of an enumeration (a defined list of values), rather than a subclass of the general concept of enumerations."
LLMs4OL_SchemaOrg_SUB,gt,enumeration,physicalactivitycategory,,instance_of,google/gemma-4-31b-it,'physicalactivitycategory' is a specific instance of a data structure type known as an 'enumeration'.
LLMs4OL_SchemaOrg_SUB,gt,enumeration,certificationstatusenumeration,,instance_of,google/gemma-4-31b-it,"'certificationstatusenumeration' is a specific instance or definition of an enumeration type used for a particular purpose, rather than a general subclass of all enumerations."
LLMs4OL_SchemaOrg_SUB,gt,enumeration,adultorientedenumeration,,is_a,google/gemma-4-31b-it,"An 'adultorientedenumeration' is a specific type of 'enumeration' used to categorize adult-oriented content, meaning every instance of the former is necessarily an instance of the latter."
LLMs4OL_SchemaOrg_SUB,gt,enumeration,measurementtypeenumeration,,is_a,google/gemma-4-31b-it,A 'measurementtypeenumeration' is a specific kind of 'enumeration' used to define a set of measurement types.
LLMs4OL_SchemaOrg_SUB,gt,enumeration,itemlistordertype,,is_a,google/gemma-4-31b-it,"'itemlistordertype' is a specific type of 'enumeration' (a defined list of possible values), meaning every instance of an item list order type is an instance of an enumeration."
LLMs4OL_SchemaOrg_SUB,gt,enumeration,sizegroupenumeration,,is_a,google/gemma-4-31b-it,"A 'sizegroupenumeration' is a specific type of 'enumeration' used to categorize size groups, meaning every instance of the former is necessarily an instance of the latter."
LLMs4OL_SchemaOrg_SUB,gt,localbusiness,foodestablishment,,is_a,google/gemma-4-31b-it,"Every food establishment is, by definition, a type of local business."
LLMs4OL_SchemaOrg_SUB,gt,localbusiness,entertainmentbusiness,,is_a,google/gemma-4-31b-it,"An entertainment business is a specific type of local business, meaning every instance of an entertainment business is also an instance of a local business."
LLMs4OL_SchemaOrg_SUB,gt,localbusiness,legalservice,,is_a,google/gemma-4-31b-it,A legal service provided as a local business is a specific type of local business.
LLMs4OL_SchemaOrg_SUB,gt,localbusiness,lodgingbusiness,,is_a,google/gemma-4-31b-it,A lodging business (such as a hotel or motel) is a specific type of local business.
LLMs4OL_SchemaOrg_SUB,gt,localbusiness,sportsactivitylocation,,is_a,google/gemma-4-31b-it,A sports activity location (such as a gym or stadium) that operates as a commercial entity is a specific type of local business.
LLMs4OL_SchemaOrg_SUB,gt,localbusiness,emergencyservice,,is_a,google/gemma-4-31b-it,An emergency service (such as a fire station or ambulance service) is a specific type of local business in the context of organizational and commercial classification.
LLMs4OL_SchemaOrg_SUB,gt,article,techarticle,,is_a,google/gemma-4-31b-it,"A technical article is a specific type of article, meaning every instance of a technical article is necessarily an instance of an article."
LLMs4OL_SchemaOrg_SUB,gt,article,socialmediaposting,,is_a,google/gemma-4-31b-it,"A social media posting is a specific type of article (a short-form written work), meaning every social media posting is a kind of article."
LLMs4OL_SchemaOrg_SUB,gt,socialmediaposting,blogposting,,is_a,google/gemma-4-31b-it,"A blog posting is a specific type of social media posting (or a digital post shared on a social platform), meaning every blog posting is a social media posting."
LLMs4OL_SchemaOrg_SUB,gt,periodical,comicseries,,is_a,google/gemma-4-31b-it,A comic series is a specific type of periodical publication.
LLMs4OL_SchemaOrg_SUB,gt,therapeuticprocedure,medicaltherapy,,is_a,google/gemma-4-31b-it,"Medical therapy is a specific type of therapeutic procedure, meaning every instance of a medical therapy is by definition a therapeutic procedure."
LLMs4OL_SchemaOrg_SUB,gt,review,recommendation,,is_a,google/gemma-4-31b-it,"A recommendation is a specific type of review that includes a positive endorsement, meaning every recommendation is a review."
LLMs4OL_SchemaOrg_SUB,gt,consumeaction,eataction,,is_a,google/gemma-4-31b-it,"Eating is a specific type of consuming, meaning every instance of an eating action is necessarily an instance of a consuming action."
LLMs4OL_SchemaOrg_SUB,gt,allocateaction,assignaction,,is_a,google/gemma-4-31b-it,Assigning a specific resource or task to a person or entity is a specific type of allocation action.
LLMs4OL_SchemaOrg_SUB,gt,allocateaction,authorizeaction,,is_a,google/gemma-4-31b-it,"Authorizing an action is a specific way of allocating authority or permissions, making it a specialized type of allocation action."
LLMs4OL_SchemaOrg_SUB,gt,achieveaction,tieaction,,is_a,google/gemma-4-31b-it,A 'tieaction' (the act of creating a tie or draw) is a specific type of 'achieveaction' (an action that results in a specific state or outcome).
LLMs4OL_SchemaOrg_SUB,gt,product,vehicle,,is_a,google/gemma-4-31b-it,Every vehicle is a type of product.
LLMs4OL_SchemaOrg_SUB,gt,action,achieveaction,,is_a,google/gemma-4-31b-it,"An 'achieveaction' is a specific type of 'action' characterized by the goal of accomplishment, meaning every instance of an achieveaction is necessarily an instance of an action."
LLMs4OL_SchemaOrg_SUB,gt,action,organizeaction,,is_a,google/gemma-4-31b-it,"An organizing action is a specific type of action, meaning every instance of an organizeaction is necessarily an instance of an action."
LLMs4OL_SchemaOrg_SUB,gt,action,transferaction,,is_a,google/gemma-4-31b-it,"A transfer action is a specific type of action, meaning every instance of a transfer action is necessarily an instance of an action."
LLMs4OL_SchemaOrg_SUB,gt,action,consumeaction,,is_a,google/gemma-4-31b-it,"A 'consumeaction' is a specific type of 'action', meaning every instance of consuming is an instance of performing an action."
LLMs4OL_SchemaOrg_SUB,gt,action,findaction,,is_a,google/gemma-4-31b-it,"A 'findaction' is a specific type of 'action', just as 'createaction' or 'assignaction' are types of actions."
LLMs4OL_SchemaOrg_SUB,gt,action,createaction,,is_a,google/gemma-4-31b-it,"A 'createaction' is a specific type of 'action', meaning every instance of creating something is fundamentally an action."
LLMs4OL_SchemaOrg_SUB,gt,medicalintangible,medicalcode,,is_a,google/gemma-4-31b-it,"A medical code is a specific type of medical intangible entity, as it is a conceptual representation rather than a physical object."
LLMs4OL_SchemaOrg_SUB,gt,foodestablishment,bakery,,is_a,google/gemma-4-31b-it,"Every bakery is, by definition, a type of food establishment."
LLMs4OL_SchemaOrg_SUB,gt,intangible,audience,,is_a,google/gemma-4-31b-it,"An audience is a conceptual entity that lacks physical substance, making it a type of intangible thing."
LLMs4OL_SchemaOrg_SUB,gt,intangible,listitem,,is_a,google/gemma-4-31b-it,"A list item is a type of intangible entity (a conceptual element of a list), meaning every instance of a list item is also an instance of an intangible."
LLMs4OL_SchemaOrg_SUB,gt,intangible,constraintnode,,is_a,google/gemma-4-31b-it,"A 'constraintnode' is a conceptual or logical entity used to define restrictions, making it a type of 'intangible' object."
LLMs4OL_SchemaOrg_SUB,gt,intangible,entrypoint,,is_a,google/gemma-4-31b-it,An entrypoint (such as a URL or a specific access point to a digital resource) is a type of intangible entity.
LLMs4OL_SchemaOrg_SUB,gt,intangible,service,,is_a,google/gemma-4-31b-it,"A service is a type of intangible offering or entity, meaning every instance of a service is necessarily an instance of something intangible."
LLMs4OL_SchemaOrg_SUB,gt,intangible,series,,is_a,google/gemma-4-31b-it,"A series is a type of intangible entity (a conceptual grouping or sequence), meaning every instance of a series is also an instance of an intangible."
LLMs4OL_SchemaOrg_SUB,gt,intangible,seat,,unrelated,google/gemma-4-31b-it,"A seat is a physical object, whereas an intangible is something that lacks physical substance, making the claim that a seat is a kind of intangible logically contradictory."
LLMs4OL_SchemaOrg_SUB,gt,intangible,observation,,is_a,google/gemma-4-31b-it,"An observation is a conceptual entity that lacks physical substance, making it a type of intangible thing."
LLMs4OL_SchemaOrg_SUB,gt,intangible,speakablespecification,,is_a,google/gemma-4-31b-it,"A speakable specification is a type of intangible entity (a set of rules or descriptions), fitting the definition of a proper subsumption."
LLMs4OL_SchemaOrg_SUB,gt,intangible,ticket,,is_a,google/gemma-4-31b-it,"A ticket is a type of intangible asset or document, meaning every instance of a ticket is an instance of an intangible entity."
LLMs4OL_SchemaOrg_SUB,gt,intangible,invoice,,is_a,google/gemma-4-31b-it,"An invoice is a type of intangible asset or document, meaning every instance of an invoice is an instance of an intangible entity."
LLMs4OL_SchemaOrg_SUB,gt,medicalentity,medicalintangible,,is_a,google/gemma-4-31b-it,A medical intangible (such as a diagnosis or a medical concept) is a specific type of medical entity.
LLMs4OL_SchemaOrg_SUB,gt,medicalentity,medicalprocedure,,is_a,google/gemma-4-31b-it,"A medical procedure is a specific type of medical entity, meaning every instance of a procedure is necessarily an instance of a medical entity."
LLMs4OL_SchemaOrg_SUB,gt,creativeworkseries,movieseries,,is_a,google/gemma-4-31b-it,"Every movie series is, by definition, a type of creative work series."
LLMs4OL_SchemaOrg_SUB,gt,creativeworkseries,radioseries,,is_a,google/gemma-4-31b-it,"A radio series is a specific type of creative work series, meaning every instance of a radio series is necessarily an instance of a creative work series."
LLMs4OL_SchemaOrg_SUB,gt,medicalprocedure,therapeuticprocedure,,is_a,google/gemma-4-31b-it,"A therapeutic procedure is a specific type of medical procedure intended to treat a condition, meaning every therapeutic procedure is by definition a medical procedure."
LLMs4OL_SchemaOrg_SUB,gt,medicalprocedure,surgicalprocedure,,is_a,google/gemma-4-31b-it,"Every surgical procedure is, by definition, a type of medical procedure."
LLMs4OL_SchemaOrg_SUB,gt,audience,peopleaudience,,is_a,google/gemma-4-31b-it,"A 'peopleaudience' is a specific type of 'audience' consisting of people, meaning every instance of a peopleaudience is necessarily an instance of an audience."
LLMs4OL_SchemaOrg_SUB,gt,organizeaction,bookmarkaction,,is_a,google/gemma-4-31b-it,"Bookmarking a piece of information is a specific way of organizing it, meaning every bookmark action is a type of organize action."
LLMs4OL_SchemaOrg_SUB,gt,organizeaction,allocateaction,,is_a,google/gemma-4-31b-it,"Allocating resources or tasks is a specific way of organizing them, meaning every instance of an allocate action is inherently an instance of an organize action."
LLMs4OL_SchemaOrg_SUB,gt,createaction,cookaction,,is_a,google/gemma-4-31b-it,"Cooking is a specific type of creating action, as every instance of cooking is inherently an instance of creating something (e.g., a meal)."
LLMs4OL_SchemaOrg_SUB,gt,imageobject,imageobjectsnapshot,,is_a,google/gemma-4-31b-it,A snapshot of an image object is a specific type or instance of an image object.
LLMs4OL_SchemaOrg_SUB,gt,listitem,howtostep,,is_a,google/gemma-4-31b-it,"A 'howtostep' is a specific type of 'listitem' (a step within a sequence), meaning every instance of a how-to step is inherently an instance of a list item."
LLMs4OL_SchemaOrg_SUB,gt,service,taxiservice,,is_a,google/gemma-4-31b-it,"A taxi service is a specific type of service, meaning every instance of a taxi service is necessarily an instance of a service."
LLMs4OL_SchemaOrg_SUB,gt,service,broadcastservice,,is_a,google/gemma-4-31b-it,"A broadcast service is a specific type of service, meaning every instance of a broadcast service is necessarily an instance of a service."
LLMs4OL_SchemaOrg_SUB,gt,paymentmethod,paymentservice,,other_related,google/gemma-4-31b-it,"A payment service (like PayPal or Stripe) is a provider or platform that facilitates a payment method, but it is not a type of payment method itself."
LLMs4OL_SchemaOrg_SUB,gt,itemlist,howtostep,,part_of,google/gemma-4-31b-it,"A 'howtostep' is a specific type of item within a list, but it is not a kind of 'itemlist' itself; rather, it is a component part of such a list."
LLMs4OL_SchemaOrg_SUB,gt,organization,localbusiness,,is_a,google/gemma-4-31b-it,"Every local business is, by definition, a type of organization."
LLMs4OL_SchemaOrg_SUB,gt,organization,researchorganization,,is_a,google/gemma-4-31b-it,"A research organization is a specific type of organization, meaning every instance of a research organization is necessarily an instance of an organization."
LLMs4OL_SchemaOrg_SUB,gt,organization,medicalorganization,,is_a,google/gemma-4-31b-it,"A medical organization is a specific type of organization, meaning every instance of a medical organization is necessarily an instance of an organization."
LLMs4OL_SchemaOrg_SUB,gt,datatype,time,,is_a,google/gemma-4-31b-it,A 'time' value is a specific kind of 'datatype' used in computing and data modeling.
LLMs4OL_SchemaOrg_SUB,gt,transferaction,takeaction,,synonym,google/gemma-4-31b-it,"The terms 'takeaction' and 'transferaction' both describe the general act of performing or transferring an action, and in this context, they are used interchangeably to denote the same conceptual operation."
LLMs4OL_SchemaOrg_SUB,gt,civicstructure,zoo,,is_a,google/gemma-4-31b-it,"A zoo is a specific type of civic structure (a public facility managed by a municipality or government), meaning every zoo is a civic structure."
LLMs4OL_SchemaOrg_SUB,gt,place,localbusiness,,is_a,google/gemma-4-31b-it,"A local business is a type of place (specifically a physical location where business is conducted), meaning every instance of a local business is also an instance of a place."
LLMs4OL_SchemaOrg_SUB,gt,series,creativeworkseries,,is_a,google/gemma-4-31b-it,"A creative work series is a specific type of series, meaning every instance of a creative work series is necessarily an instance of a series."
LLMs4OL_SchemaOrg_SUB,gt,sportsactivitylocation,exercisegym,,is_a,google/gemma-4-31b-it,"An exercise gym is a specific type of location dedicated to sports and physical activity, meaning every exercise gym is necessarily a sports activity location."
LLMs4OL_SchemaOrg_SUB,gt,sportsactivitylocation,tenniscomplex,,is_a,google/gemma-4-31b-it,"A tennis complex is a specific type of sports activity location, meaning every instance of a tennis complex is necessarily an instance of a sports activity location."
LLMs4OL_SchemaOrg_SUB,gt,medicalorganization,pharmacy,,is_a,google/gemma-4-31b-it,"A pharmacy is a specific type of medical organization, meaning every pharmacy is by definition a medical organization."
LLMs4OL_SchemaOrg_SUB,gt,vehicle,busorcoach,,is_a,google/gemma-4-31b-it,"Every bus or coach is, by definition, a type of vehicle."
LLMs4OL_SchemaOrg_SUB,gt,broadcastservice,radiobroadcastservice,,is_a,google/gemma-4-31b-it,"A radio broadcast service is a specific type of broadcast service, meaning every instance of the former is necessarily an instance of the latter."
LLMs4OL_SchemaOrg_SUB,pred,socialmediaposting,blogposting,0,other_related,google/gemma-4-31b-it,"While some blogs are shared on social media, a blog post is a distinct form of long-form content that is not inherently a type of social media post."
LLMs4OL_SchemaOrg_SUB,pred,article,blogposting,0,is_a,google/gemma-4-31b-it,"A blog posting is a specific type of article, meaning every instance of a blog posting is also an instance of an article."
LLMs4OL_SchemaOrg_SUB,pred,article,socialmediaposting,0,other_related,google/gemma-4-31b-it,"While a social media posting is a type of creative work, it is not a type of article, as articles typically imply a level of length, structure, and editorial intent that social media posts lack."
LLMs4OL_SchemaOrg_SUB,pred,article,techarticle,0,is_a,google/gemma-4-31b-it,"A technical article is a specific type of article, meaning every instance of a 'techarticle' is necessarily an instance of an 'article'."
LLMs4OL_SchemaOrg_SUB,pred,article,ampstory,1,is_a,google/gemma-4-31b-it,"An AMPstory (Accelerated Mobile Pages story) is a specific format of a web-based article designed for mobile storytelling, meaning every AMPstory is a type of article."
LLMs4OL_SchemaOrg_SUB,pred,creativework,blogposting,0,is_a,google/gemma-4-31b-it,"Every blog posting is, by definition, a type of creative work."
LLMs4OL_SchemaOrg_SUB,pred,creativework,clip,1,is_a,google/gemma-4-31b-it,"A clip is a short excerpt or a specific type of audiovisual work, making it a specialized kind of creative work."
LLMs4OL_SchemaOrg_SUB,pred,creativework,movieseries,0,is_a,google/gemma-4-31b-it,"Every movie series is, by definition, a type of creative work."
LLMs4OL_SchemaOrg_SUB,pred,creativework,article,0,is_a,google/gemma-4-31b-it,"An article is a specific type of creative work, meaning every instance of an article is necessarily an instance of a creative work."
LLMs4OL_SchemaOrg_SUB,pred,creativework,socialmediaposting,0,is_a,google/gemma-4-31b-it,"A social media posting is a specific type of creative work, as it is an expression fixed in a tangible medium."
LLMs4OL_SchemaOrg_SUB,pred,creativework,periodical,1,is_a,google/gemma-4-31b-it,A periodical (such as a magazine or journal) is a specific type of creative work.
LLMs4OL_SchemaOrg_SUB,pred,creativework,review,1,is_a,google/gemma-4-31b-it,"A review is a specific type of creative work, as it is a written or spoken composition created by an author."
LLMs4OL_SchemaOrg_SUB,pred,creativework,radioseries,0,is_a,google/gemma-4-31b-it,"A radio series is a specific type of creative work, meaning every instance of a radio series is necessarily an instance of a creative work."
LLMs4OL_SchemaOrg_SUB,pred,creativework,howtostep,0,part_of,google/gemma-4-31b-it,"A 'howtostep' (a single step within a how-to guide) is a component part of a 'creativework' (the overall guide or instructional piece), rather than a type of creative work itself."
LLMs4OL_SchemaOrg_SUB,pred,creativework,movieclip,1,is_a,google/gemma-4-31b-it,"A movieclip is a specific type of creative work, meaning every instance of a movieclip is necessarily an instance of a creative work."
LLMs4OL_SchemaOrg_SUB,pred,creativework,creativeworkseries,0,is_a,google/gemma-4-31b-it,"A creative work series is a specific type of creative work, meaning every instance of a series is also an instance of a creative work."
LLMs4OL_SchemaOrg_SUB,pred,creativework,shortstory,0,is_a,google/gemma-4-31b-it,"Every short story is, by definition, a type of creative work."
LLMs4OL_SchemaOrg_SUB,pred,creativework,sheetmusic,0,is_a,google/gemma-4-31b-it,"Sheet music is a specific type of creative work, meaning every instance of sheet music is necessarily an instance of a creative work."
LLMs4OL_SchemaOrg_SUB,pred,creativework,game,1,is_a,google/gemma-4-31b-it,"A game is a specific type of creative work, meaning every instance of a game is also an instance of a creative work."
LLMs4OL_SchemaOrg_SUB,pred,creativework,recommendation,1,is_a,google/gemma-4-31b-it,"A recommendation is a specific type of communicative expression or document, which falls under the broader category of a creative work."
LLMs4OL_SchemaOrg_SUB,pred,creativework,imageobject,1,is_a,google/gemma-4-31b-it,"An image object is a specific type of creative work, meaning every instance of an image object is necessarily an instance of a creative work."
LLMs4OL_SchemaOrg_SUB,pred,creativework,techarticle,0,is_a,google/gemma-4-31b-it,"A technical article is a specific type of creative work, meaning every instance of a techarticle is necessarily an instance of a creativework."
LLMs4OL_SchemaOrg_SUB,pred,creativework,collection,0,has_part,google/gemma-4-31b-it,"A collection is not a type of creative work itself, but rather a grouping that contains multiple creative works."
LLMs4OL_SchemaOrg_SUB,pred,creativework,sculpture,0,is_a,google/gemma-4-31b-it,"Every sculpture is, by definition, a type of creative work."
LLMs4OL_SchemaOrg_SUB,pred,creativework,imageobjectsnapshot,1,is_a,google/gemma-4-31b-it,"An image object snapshot is a specific type of image object, and since image objects are a subclass of creative works, every instance of an image object snapshot is also a creative work."
LLMs4OL_SchemaOrg_SUB,pred,creativework,conversation,0,is_a,google/gemma-4-31b-it,A conversation is a form of intellectual or artistic expression that can be documented or analyzed as a creative work.
LLMs4OL_SchemaOrg_SUB,pred,creativework,ampstory,0,is_a,google/gemma-4-31b-it,An AMPstory (Accelerated Mobile Pages story) is a specific type of digital creative work.
LLMs4OL_SchemaOrg_SUB,pred,creativework,comicseries,1,is_a,google/gemma-4-31b-it,"A comic series is a specific type of creative work, meaning every instance of a comic series is necessarily an instance of a creative work."
LLMs4OL_SchemaOrg_SUB,pred,datatype,time,0,is_a,google/gemma-4-31b-it,A 'time' type is a specific kind of 'datatype' used in computing and data modeling.
LLMs4OL_SchemaOrg_SUB,pred,enumeration,sizegroupenumeration,0,is_a,google/gemma-4-31b-it,"A 'sizegroupenumeration' is a specific type of 'enumeration' used to categorize size groups, meaning every instance of the former is necessarily an instance of the latter."
LLMs4OL_SchemaOrg_SUB,pred,enumeration,adultorientedenumeration,0,is_a,google/gemma-4-31b-it,"An 'adultorientedenumeration' is a specific type of 'enumeration' (likely a data type or schema element), meaning every instance of the former is necessarily an instance of the latter."
LLMs4OL_SchemaOrg_SUB,pred,enumeration,measurementtypeenumeration,0,is_a,google/gemma-4-31b-it,A 'measurementtypeenumeration' is a specific kind of 'enumeration' used to define a set of measurement types.
LLMs4OL_SchemaOrg_SUB,pred,enumeration,governmentbenefitstype,0,instance_of,google/gemma-4-31b-it,"'governmentbenefitstype' is a specific instance of a data type (an enumeration) used in a schema, rather than a subclass of the general concept of an enumeration."
LLMs4OL_SchemaOrg_SUB,pred,enumeration,certificationstatusenumeration,0,instance_of,google/gemma-4-31b-it,"'certificationstatusenumeration' is a specific named instance of a data type (an enumeration) used to define a particular set of values, rather than a general category of enumerations."
LLMs4OL_SchemaOrg_SUB,pred,enumeration,itemlistordertype,0,instance_of,google/gemma-4-31b-it,"'itemlistordertype' is a specific named enumeration (a data type) used in a schema, making it an instance of the general concept of an 'enumeration'."
LLMs4OL_SchemaOrg_SUB,pred,enumeration,measurementmethodenum,0,instance_of,google/gemma-4-31b-it,'measurementmethodenum' is a specific named enumeration (a data type or object) rather than a general category of enumerations.
LLMs4OL_SchemaOrg_SUB,pred,enumeration,sizesystemenumeration,1,is_a,google/gemma-4-31b-it,"A 'sizesystemenumeration' is a specific type of 'enumeration' used to define a set of size systems, fitting the definition of a proper subsumption."
LLMs4OL_SchemaOrg_SUB,pred,enumeration,paymentmethod,1,instance_of,google/gemma-4-31b-it,"'paymentmethod' is a specific example of a data type or category defined as an 'enumeration' in a technical schema, rather than a subclass of it."
LLMs4OL_SchemaOrg_SUB,pred,enumeration,wearablemeasurementtypeenumeration,0,is_a,google/gemma-4-31b-it,A 'wearablemeasurementtypeenumeration' is a specific kind of 'enumeration' used to categorize types of measurements for wearables.
LLMs4OL_SchemaOrg_SUB,pred,enumeration,physicalactivitycategory,0,instance_of,google/gemma-4-31b-it,"'physicalactivitycategory' is a specific instance of an enumeration (a defined list of values), rather than a subclass of the general concept of enumerations."
LLMs4OL_SchemaOrg_SUB,pred,intangible,sizegroupenumeration,1,is_a,google/gemma-4-31b-it,"A 'sizegroupenumeration' is a type of 'enumeration', and an enumeration is a conceptual/abstract entity, making it a kind of 'intangible' object."
LLMs4OL_SchemaOrg_SUB,pred,intangible,adultorientedenumeration,1,is_a,google/gemma-4-31b-it,"An 'adultorientedenumeration' is a specific type of 'enumeration', and since enumerations are conceptual/digital structures, they are a kind of 'intangible' entity."
LLMs4OL_SchemaOrg_SUB,pred,intangible,paymentservice,1,is_a,google/gemma-4-31b-it,"A payment service is a type of intangible offering or service, meaning every instance of a payment service is inherently an intangible entity."
LLMs4OL_SchemaOrg_SUB,pred,intangible,measurementtypeenumeration,1,is_a,google/gemma-4-31b-it,"An enumeration is a conceptual data structure and therefore an intangible entity, making a measurement type enumeration a specific kind of intangible thing."
LLMs4OL_SchemaOrg_SUB,pred,intangible,movieseries,0,is_a,google/gemma-4-31b-it,"A movie series is a type of conceptual entity that lacks physical substance, making it a specific kind of intangible thing."
LLMs4OL_SchemaOrg_SUB,pred,intangible,enumeration,1,is_a,google/gemma-4-31b-it,"An enumeration is a conceptual list or a way of counting/listing items, which is a type of non-physical or intangible entity."
LLMs4OL_SchemaOrg_SUB,pred,intangible,invoice,0,is_a,google/gemma-4-31b-it,"An invoice is a type of intangible asset or document, meaning every instance of an invoice is an instance of an intangible entity."
LLMs4OL_SchemaOrg_SUB,pred,intangible,periodical,1,is_a,google/gemma-4-31b-it,"A periodical (such as a magazine or journal) is a type of creative work or publication, which is conceptually categorized as an intangible asset or entity."
LLMs4OL_SchemaOrg_SUB,pred,intangible,offer,1,is_a,google/gemma-4-31b-it,"An offer is a type of intangible entity (such as a proposal or a contract), meaning every instance of an offer is also an instance of an intangible."
LLMs4OL_SchemaOrg_SUB,pred,intangible,speakablespecification,0,is_a,google/gemma-4-31b-it,"A speakable specification is a type of intangible entity (a set of rules or descriptions), meaning every instance of a speakable specification is necessarily an intangible."
LLMs4OL_SchemaOrg_SUB,pred,intangible,observation,0,is_a,google/gemma-4-31b-it,"An observation is a conceptual entity that lacks physical substance, making it a type of intangible thing."
LLMs4OL_SchemaOrg_SUB,pred,intangible,radioseries,0,is_a,google/gemma-4-31b-it,"A radio series is a type of intangible entity (a conceptual creative work), meaning every instance of a radio series is necessarily an instance of an intangible."
LLMs4OL_SchemaOrg_SUB,pred,intangible,governmentbenefitstype,1,attribute_of,google/gemma-4-31b-it,"A 'governmentbenefitstype' is a category or classification (an enumeration) used to describe a benefit, and while it is conceptually non-physical, it is not a ""kind of"" intangible entity in a taxonomic sense, but rather a metadata attribute used to describe one."
LLMs4OL_SchemaOrg_SUB,pred,intangible,howtostep,0,is_a,google/gemma-4-31b-it,"A 'howtostep' (a step in a how-to process) is a conceptual entity that lacks physical substance, making it a type of 'intangible' entity."
LLMs4OL_SchemaOrg_SUB,pred,intangible,entrypoint,0,is_a,google/gemma-4-31b-it,An entrypoint (such as a URL or a specific access point to a digital resource) is a type of intangible entity.
LLMs4OL_SchemaOrg_SUB,pred,intangible,peopleaudience,0,unrelated,google/gemma-4-31b-it,"A 'peopleaudience' (a group of people) is a concrete entity composed of human beings, whereas 'intangible' refers to things that lack physical substance, making the subsumption logically incorrect."
LLMs4OL_SchemaOrg_SUB,pred,intangible,certificationstatusenumeration,1,is_a,google/gemma-4-31b-it,"An enumeration (a defined list of possible values) is a conceptual, non-physical entity, making it a type of intangible thing."
LLMs4OL_SchemaOrg_SUB,pred,intangible,radiobroadcastservice,0,is_a,google/gemma-4-31b-it,"A radio broadcast service is a type of service, and services are conceptually intangible entities."
LLMs4OL_SchemaOrg_SUB,pred,intangible,audience,0,is_a,google/gemma-4-31b-it,"An audience is a conceptual entity that lacks physical substance, making it a type of intangible thing."
LLMs4OL_SchemaOrg_SUB,pred,intangible,constraintnode,0,is_a,google/gemma-4-31b-it,"A 'constraintnode' is a conceptual or logical entity that lacks physical substance, making it a type of 'intangible' object."
LLMs4OL_SchemaOrg_SUB,pred,intangible,listitem,0,is_a,google/gemma-4-31b-it,"A list item is a conceptual entity that lacks physical substance, making it a type of intangible thing."
LLMs4OL_SchemaOrg_SUB,pred,intangible,itemlistordertype,1,is_a,google/gemma-4-31b-it,"An 'itemlistordertype' is a specific type of enumeration (a conceptual category), and since enumerations are intangible concepts, it is correctly classified as a kind of intangible entity."
LLMs4OL_SchemaOrg_SUB,pred,intangible,service,0,is_a,google/gemma-4-31b-it,"A service is a type of intangible offering or entity, meaning every instance of a service is necessarily an instance of something intangible."
LLMs4OL_SchemaOrg_SUB,pred,intangible,measurementmethodenum,1,is_a,google/gemma-4-31b-it,"A measurement method enumeration is a type of enumeration (and thus an intangible concept), but 'intangible' serves as a broad category for various non-physical entities rather than a direct taxonomic parent for a specific enumeration type."
LLMs4OL_SchemaOrg_SUB,pred,intangible,sizesystemenumeration,1,is_a,google/gemma-4-31b-it,"A size system enumeration is a conceptual list or classification scheme, which is a type of intangible entity."
LLMs4OL_SchemaOrg_SUB,pred,intangible,paymentmethod,1,is_a,google/gemma-4-31b-it,"A payment method is a type of intangible concept or mechanism, as it is not a physical object but a defined way of transferring value."
LLMs4OL_SchemaOrg_SUB,pred,intangible,itemlist,1,is_a,google/gemma-4-31b-it,"An item list is a conceptual organization of items rather than a physical object, making it a type of intangible entity."
LLMs4OL_SchemaOrg_SUB,pred,intangible,wearablemeasurementtypeenumeration,1,is_a,google/gemma-4-31b-it,An enumeration is a conceptual data structure and therefore falls under the broad category of intangible entities.
LLMs4OL_SchemaOrg_SUB,pred,intangible,physicalactivitycategory,1,is_a,google/gemma-4-31b-it,"A 'physicalactivitycategory' is a conceptual classification (an intangible entity), meaning every instance of such a category is by definition an intangible thing."
LLMs4OL_SchemaOrg_SUB,pred,intangible,seat,0,unrelated,google/gemma-4-31b-it,"A seat is a physical object, whereas an intangible is something that lacks physical substance, making the claim that a seat is a kind of intangible logically incorrect and the two concepts fundamentally incompatible."
LLMs4OL_SchemaOrg_SUB,pred,intangible,comicseries,1,is_a,google/gemma-4-31b-it,"A comic series is a type of creative work or intellectual property, which is fundamentally an intangible entity."
LLMs4OL_SchemaOrg_SUB,pred,intangible,series,0,is_a,google/gemma-4-31b-it,"A series is a type of intangible entity (such as a conceptual sequence or a creative work), meaning every instance of a series is also an instance of an intangible."
LLMs4OL_SchemaOrg_SUB,pred,intangible,broadcastservice,0,is_a,google/gemma-4-31b-it,"A broadcast service is a type of intangible entity, as it is a service rather than a physical object."
LLMs4OL_SchemaOrg_SUB,pred,intangible,taxiservice,0,is_a,google/gemma-4-31b-it,"A taxi service is a specific type of intangible offering (a service), meaning every instance of a taxi service is necessarily an instance of an intangible."
LLMs4OL_SchemaOrg_SUB,pred,intangible,ticket,0,is_a,google/gemma-4-31b-it,"A ticket is a type of intangible asset or entity (such as a digital right or a contractual claim), meaning every ticket is an instance of an intangible."
LLMs4OL_SchemaOrg_SUB,pred,intangible,creativeworkseries,0,is_a,google/gemma-4-31b-it,"A creative work series is a type of intangible entity, as it exists as a conceptual or intellectual creation rather than a physical object."
LLMs4OL_SchemaOrg_SUB,pred,intangible,medicalcode,1,is_a,google/gemma-4-31b-it,"A medical code is a specific type of intangible entity (a conceptual identifier), meaning every instance of a medical code is necessarily an instance of an intangible."
LLMs4OL_SchemaOrg_SUB,pred,intangible,organizeaction,1,is_a,google/gemma-4-31b-it,"An action is a conceptual, non-physical entity, making it a type of intangible thing."
LLMs4OL_SchemaOrg_SUB,pred,intangible,findaction,1,is_a,google/gemma-4-31b-it,"An action is a conceptual, non-physical entity, making it a type of intangible thing."
LLMs4OL_SchemaOrg_SUB,pred,service,paymentservice,1,is_a,google/gemma-4-31b-it,"A payment service is a specific type of service, meaning every instance of a payment service is necessarily an instance of a service."
LLMs4OL_SchemaOrg_SUB,pred,service,taxiservice,0,is_a,google/gemma-4-31b-it,"A taxi service is a specific type of service, meaning every instance of a taxi service is necessarily an instance of a service."
LLMs4OL_SchemaOrg_SUB,pred,service,radiobroadcastservice,0,is_a,google/gemma-4-31b-it,"A radio broadcast service is a specific type of service, meaning every instance of a radio broadcast service is necessarily an instance of a service."
LLMs4OL_SchemaOrg_SUB,pred,service,broadcastservice,0,is_a,google/gemma-4-31b-it,"A broadcast service is a specific type of service, meaning every instance of a broadcast service is necessarily an instance of a service."
LLMs4OL_SchemaOrg_SUB,pred,organizeaction,bookmarkaction,0,is_a,google/gemma-4-31b-it,"Bookmarking is a specific way of organizing information, meaning every bookmark action is a type of organize action."
LLMs4OL_SchemaOrg_SUB,pred,organizeaction,authorizeaction,0,is_a,google/gemma-4-31b-it,"Authorizing an action is a specific type of organizing action, as it involves the administrative process of granting permission within an organizational framework."
LLMs4OL_SchemaOrg_SUB,pred,organizeaction,allocateaction,0,is_a,google/gemma-4-31b-it,"Allocating resources or tasks is a specific way of organizing them, meaning every instance of an allocate action is inherently an instance of an organize action."
LLMs4OL_SchemaOrg_SUB,pred,organizeaction,assignaction,0,is_a,google/gemma-4-31b-it,"Assigning a task or resource is a specific way of organizing, meaning every instance of an 'assignaction' is inherently a type of 'organizeaction'."
LLMs4OL_SchemaOrg_SUB,pred,action,bookmarkaction,0,is_a,google/gemma-4-31b-it,"A bookmark action is a specific type of action, meaning every instance of a bookmark action is necessarily an instance of an action."
LLMs4OL_SchemaOrg_SUB,pred,action,authorizeaction,0,is_a,google/gemma-4-31b-it,Authorizing an action is a specific type of action.
LLMs4OL_SchemaOrg_SUB,pred,action,takeaction,0,is_a,google/gemma-4-31b-it,"'takeaction' is a specific type of 'action', meaning every instance of taking an action is an instance of an action."
LLMs4OL_SchemaOrg_SUB,pred,action,tieaction,0,is_a,google/gemma-4-31b-it,A 'tieaction' (an action that ties something) is a specific type of 'action'.
LLMs4OL_SchemaOrg_SUB,pred,action,consumeaction,0,is_a,google/gemma-4-31b-it,"A 'consumeaction' is a specific type of 'action', meaning every instance of consuming is an instance of acting."
LLMs4OL_SchemaOrg_SUB,pred,action,allocateaction,0,is_a,google/gemma-4-31b-it,An 'allocateaction' (the act of allocating) is a specific type of 'action'.
LLMs4OL_SchemaOrg_SUB,pred,action,achieveaction,0,is_a,google/gemma-4-31b-it,"An 'achieveaction' is a specific type of 'action', meaning every instance of achieving something is fundamentally an action."
LLMs4OL_SchemaOrg_SUB,pred,action,organizeaction,0,is_a,google/gemma-4-31b-it,"An 'organizeaction' is a specific type of 'action', meaning every instance of organizing is inherently an instance of acting."
LLMs4OL_SchemaOrg_SUB,pred,action,createaction,0,is_a,google/gemma-4-31b-it,"A 'createaction' is a specific type of 'action', meaning every instance of creating something is fundamentally an action."
LLMs4OL_SchemaOrg_SUB,pred,action,findaction,0,is_a,google/gemma-4-31b-it,"A 'findaction' is a specific type of 'action', meaning every instance of a findaction is necessarily an instance of an action."
LLMs4OL_SchemaOrg_SUB,pred,action,eataction,0,is_a,google/gemma-4-31b-it,"Eating is a specific type of action, meaning every instance of an 'eataction' is necessarily an instance of an 'action'."
LLMs4OL_SchemaOrg_SUB,pred,action,transferaction,0,is_a,google/gemma-4-31b-it,"A transfer action is a specific type of action, meaning every instance of a transfer action is necessarily an instance of an action."
LLMs4OL_SchemaOrg_SUB,pred,action,assignaction,0,is_a,google/gemma-4-31b-it,An 'assignaction' (the act of assigning) is a specific type of 'action'.
LLMs4OL_SchemaOrg_SUB,pred,action,cookaction,0,is_a,google/gemma-4-31b-it,"Cooking is a specific type of action, meaning every instance of a cookaction is necessarily an instance of an action."
LLMs4OL_SchemaOrg_SUB,pred,clip,movieclip,0,is_a,google/gemma-4-31b-it,"A movieclip is a specific type of clip, meaning every instance of a movieclip is necessarily an instance of a clip."
LLMs4OL_SchemaOrg_SUB,pred,allocateaction,authorizeaction,0,is_a,google/gemma-4-31b-it,"Authorizing an action is a specific way of allocating authority or permissions, making it a specialized type of allocation action."
LLMs4OL_SchemaOrg_SUB,pred,allocateaction,assignaction,0,is_a,google/gemma-4-31b-it,"Assigning a task or resource is a specific way of allocating it, meaning every instance of an 'assignaction' is necessarily an instance of an 'allocateaction'."
LLMs4OL_SchemaOrg_SUB,pred,measurementtypeenumeration,wearablemeasurementtypeenumeration,0,is_a,google/gemma-4-31b-it,"A 'wearablemeasurementtypeenumeration' is a specific kind of 'measurementtypeenumeration' tailored for wearable devices, meaning every instance of the former is necessarily an instance of the latter."
LLMs4OL_SchemaOrg_SUB,pred,periodical,comicseries,0,is_a,google/gemma-4-31b-it,A comic series is a specific type of periodical publication.
LLMs4OL_SchemaOrg_SUB,pred,review,recommendation,0,is_a,google/gemma-4-31b-it,"A recommendation is a specific type of review that includes a positive endorsement, meaning every recommendation is a review."
LLMs4OL_SchemaOrg_SUB,pred,creativeworkseries,movieseries,0,is_a,google/gemma-4-31b-it,"Every movie series is, by definition, a type of creative work series."
LLMs4OL_SchemaOrg_SUB,pred,creativeworkseries,periodical,1,is_a,google/gemma-4-31b-it,"A periodical (such as a magazine or journal) is a specific type of creative work series, as it consists of a sequence of publications issued at regular intervals."
LLMs4OL_SchemaOrg_SUB,pred,creativeworkseries,radioseries,0,is_a,google/gemma-4-31b-it,"Every radio series is, by definition, a type of creative work series."
LLMs4OL_SchemaOrg_SUB,pred,creativeworkseries,comicseries,1,is_a,google/gemma-4-31b-it,"Every comic series is, by definition, a series of creative works, making it a specific subtype of a creative work series."
LLMs4OL_SchemaOrg_SUB,pred,imageobject,imageobjectsnapshot,0,is_a,google/gemma-4-31b-it,A snapshot of an image object is a specific type or instance of an image object.
LLMs4OL_SchemaOrg_SUB,pred,transferaction,takeaction,0,synonym,google/gemma-4-31b-it,"The terms 'takeaction' and 'transferaction' both describe the general act of performing an action, and in this context, they are used interchangeably to denote the same conceptual operation."
LLMs4OL_SchemaOrg_SUB,pred,series,movieseries,0,is_a,google/gemma-4-31b-it,"Every movie series is, by definition, a type of series."
LLMs4OL_SchemaOrg_SUB,pred,series,periodical,1,is_a,google/gemma-4-31b-it,"A periodical (such as a magazine or journal) is a specific type of series, as it consists of a sequence of publications issued at regular intervals."
LLMs4OL_SchemaOrg_SUB,pred,series,radioseries,0,is_a,google/gemma-4-31b-it,"Every radio series is, by definition, a type of series."
LLMs4OL_SchemaOrg_SUB,pred,series,creativeworkseries,0,is_a,google/gemma-4-31b-it,"A creative work series is a specific type of series, meaning every instance of a creative work series is necessarily an instance of a series."
LLMs4OL_SchemaOrg_SUB,pred,series,comicseries,1,is_a,google/gemma-4-31b-it,"Every comic series is a specific type of series, fitting the definition of proper subsumption."
LLMs4OL_SchemaOrg_SUB,pred,medicalprocedure,surgicalprocedure,0,is_a,google/gemma-4-31b-it,"Every surgical procedure is, by definition, a type of medical procedure."
LLMs4OL_SchemaOrg_SUB,pred,medicalprocedure,therapeuticprocedure,0,is_a,google/gemma-4-31b-it,"A therapeutic procedure is a specific type of medical procedure intended to treat or cure a condition, meaning every therapeutic procedure is by definition a medical procedure."
LLMs4OL_SchemaOrg_SUB,pred,medicalprocedure,medicaltherapy,0,is_a,google/gemma-4-31b-it,"A medical therapy is a specific type of medical procedure intended to treat a condition, meaning every instance of a therapy is also a medical procedure."
LLMs4OL_SchemaOrg_SUB,pred,medicalentity,surgicalprocedure,0,is_a,google/gemma-4-31b-it,"Every surgical procedure is, by definition, a type of medical entity."
LLMs4OL_SchemaOrg_SUB,pred,medicalentity,therapeuticprocedure,0,is_a,google/gemma-4-31b-it,"A therapeutic procedure is a specific type of medical entity, meaning every instance of a therapeutic procedure is necessarily an instance of a medical entity."
LLMs4OL_SchemaOrg_SUB,pred,medicalentity,medicalintangible,0,is_a,google/gemma-4-31b-it,A medical intangible (such as a diagnosis or a medical concept) is a specific type of medical entity.
LLMs4OL_SchemaOrg_SUB,pred,medicalentity,medicalcode,0,is_a,google/gemma-4-31b-it,A medical code is a specific type of medical entity used for classification and identification.
LLMs4OL_SchemaOrg_SUB,pred,medicalentity,medicalprocedure,0,is_a,google/gemma-4-31b-it,"A medical procedure is a specific type of medical entity, meaning every instance of a procedure is necessarily an instance of a medical entity."
LLMs4OL_SchemaOrg_SUB,pred,medicalentity,medicaltherapy,0,is_a,google/gemma-4-31b-it,"A medical therapy is a specific type of medical entity, meaning every instance of a therapy is necessarily an instance of a medical entity."
LLMs4OL_SchemaOrg_SUB,pred,localbusiness,lodgingbusiness,0,is_a,google/gemma-4-31b-it,Every lodging business (such as a hotel or motel) is by definition a type of local business.
LLMs4OL_SchemaOrg_SUB,pred,localbusiness,pharmacy,1,is_a,google/gemma-4-31b-it,Every pharmacy that operates as a physical storefront is a type of local business.
LLMs4OL_SchemaOrg_SUB,pred,localbusiness,bakery,0,is_a,google/gemma-4-31b-it,Every bakery is by definition a type of local business.
LLMs4OL_SchemaOrg_SUB,pred,localbusiness,foodestablishment,0,is_a,google/gemma-4-31b-it,Every food establishment is by definition a type of local business.
LLMs4OL_SchemaOrg_SUB,pred,localbusiness,entertainmentbusiness,0,is_a,google/gemma-4-31b-it,"An entertainment business is a specific type of local business, meaning every instance of the former is necessarily an instance of the latter."
LLMs4OL_SchemaOrg_SUB,pred,localbusiness,legalservice,0,is_a,google/gemma-4-31b-it,"A legal service provider is a specific type of local business, meaning every instance of a legal service is also an instance of a local business."
LLMs4OL_SchemaOrg_SUB,pred,localbusiness,motel,0,is_a,google/gemma-4-31b-it,Every motel is by definition a type of local business.
LLMs4OL_SchemaOrg_SUB,pred,localbusiness,emergencyservice,0,is_a,google/gemma-4-31b-it,An emergency service (such as a fire station or ambulance service) is a specific type of local business in the context of organizational classification.
LLMs4OL_SchemaOrg_SUB,pred,localbusiness,exercisegym,0,is_a,google/gemma-4-31b-it,"An exercise gym is a specific type of local business, meaning every instance of an exercise gym is necessarily an instance of a local business."
LLMs4OL_SchemaOrg_SUB,pred,localbusiness,tenniscomplex,0,is_a,google/gemma-4-31b-it,"A tennis complex is a specific type of local business, meaning every instance of a tennis complex is also an instance of a local business."
LLMs4OL_SchemaOrg_SUB,pred,localbusiness,sportsactivitylocation,0,is_a,google/gemma-4-31b-it,A sports activity location (such as a stadium or a gym) is a specific type of local business.
LLMs4OL_SchemaOrg_SUB,pred,localbusiness,medicalorganization,1,other_related,google/gemma-4-31b-it,"While many medical organizations are local businesses (like a private clinic), not all medical organizations (such as a national health ministry or a global research institute) are local businesses."
LLMs4OL_SchemaOrg_SUB,pred,lodgingbusiness,motel,0,is_a,google/gemma-4-31b-it,Every motel is by definition a type of lodging business.
LLMs4OL_SchemaOrg_SUB,pred,organization,lodgingbusiness,0,is_a,google/gemma-4-31b-it,"Every lodging business is, by definition, a type of organization."
LLMs4OL_SchemaOrg_SUB,pred,organization,localbusiness,0,is_a,google/gemma-4-31b-it,"Every local business is, by definition, a type of organization."
LLMs4OL_SchemaOrg_SUB,pred,organization,pharmacy,0,is_a,google/gemma-4-31b-it,"Every pharmacy is, by definition, a type of organization."
LLMs4OL_SchemaOrg_SUB,pred,organization,tenniscomplex,0,is_a,google/gemma-4-31b-it,"A tennis complex is a type of organization (specifically a business or facility), meaning every instance of a tennis complex is also an instance of an organization."
LLMs4OL_SchemaOrg_SUB,pred,organization,bakery,0,is_a,google/gemma-4-31b-it,"A bakery is a specific type of organization (specifically a business organization), meaning every bakery is necessarily an organization."
LLMs4OL_SchemaOrg_SUB,pred,organization,foodestablishment,0,is_a,google/gemma-4-31b-it,"Every food establishment is, by definition, a type of organization."
LLMs4OL_SchemaOrg_SUB,pred,organization,researchorganization,0,is_a,google/gemma-4-31b-it,"A research organization is a specific type of organization, meaning every instance of a research organization is necessarily an instance of an organization."
LLMs4OL_SchemaOrg_SUB,pred,organization,entertainmentbusiness,0,is_a,google/gemma-4-31b-it,"Every entertainment business is, by definition, a type of organization."
LLMs4OL_SchemaOrg_SUB,pred,organization,legalservice,0,is_a,google/gemma-4-31b-it,A legal service is a specific type of organization that provides legal assistance.
LLMs4OL_SchemaOrg_SUB,pred,organization,motel,0,is_a,google/gemma-4-31b-it,"A motel is a type of business entity, and all business entities are types of organizations."
LLMs4OL_SchemaOrg_SUB,pred,organization,emergencyservice,0,is_a,google/gemma-4-31b-it,"An emergency service is a specific type of organization, meaning every instance of an emergency service is necessarily an instance of an organization."
LLMs4OL_SchemaOrg_SUB,pred,organization,exercisegym,0,is_a,google/gemma-4-31b-it,"An exercise gym is a specific type of organization, as every instance of a gym is also an instance of an organization."
LLMs4OL_SchemaOrg_SUB,pred,organization,medicalorganization,0,is_a,google/gemma-4-31b-it,"Every medical organization is, by definition, a type of organization."
LLMs4OL_SchemaOrg_SUB,pred,organization,sportsactivitylocation,0,other_related,google/gemma-4-31b-it,"A sports activity location is a physical place where sports occur, whereas an organization is a social entity; while a business managing a location is an organization, the location itself is not a kind of organization."
LLMs4OL_SchemaOrg_SUB,pred,place,lodgingbusiness,0,is_a,google/gemma-4-31b-it,"A lodging business is a specific type of place (a physical location where people stay), meaning every instance of a lodging business is also an instance of a place."
LLMs4OL_SchemaOrg_SUB,pred,place,localbusiness,0,is_a,google/gemma-4-31b-it,"A local business is a specific type of place (a physical location where business is conducted), meaning every instance of a local business is also an instance of a place."
LLMs4OL_SchemaOrg_SUB,pred,place,pharmacy,1,is_a,google/gemma-4-31b-it,"A pharmacy is a specific type of place, meaning every instance of a pharmacy is necessarily an instance of a place."
LLMs4OL_SchemaOrg_SUB,pred,place,tenniscomplex,0,is_a,google/gemma-4-31b-it,"A tennis complex is a specific type of place, meaning every instance of a tennis complex is necessarily an instance of a place."
LLMs4OL_SchemaOrg_SUB,pred,place,bakery,0,is_a,google/gemma-4-31b-it,"Every bakery is, by definition, a type of place."
LLMs4OL_SchemaOrg_SUB,pred,place,foodestablishment,0,is_a,google/gemma-4-31b-it,"Every food establishment is, by definition, a type of place."
LLMs4OL_SchemaOrg_SUB,pred,place,entertainmentbusiness,0,is_a,google/gemma-4-31b-it,"An entertainment business is a specific type of place (a physical location where business is conducted), meaning every instance of an entertainment business is also an instance of a place."
LLMs4OL_SchemaOrg_SUB,pred,place,legalservice,0,located_in,google/gemma-4-31b-it,"A legal service is a type of business or organization that operates from a physical location, but it is not a ""kind of"" place itself."
LLMs4OL_SchemaOrg_SUB,pred,place,motel,0,is_a,google/gemma-4-31b-it,"Every motel is, by definition, a type of place."
LLMs4OL_SchemaOrg_SUB,pred,place,emergencyservice,0,located_in,google/gemma-4-31b-it,"An emergency service is a type of organization or business that operates from a physical location, but it is not a ""kind of"" place itself."
LLMs4OL_SchemaOrg_SUB,pred,place,zoo,1,is_a,google/gemma-4-31b-it,"A zoo is a specific type of place, meaning every instance of a zoo is necessarily an instance of a place."
LLMs4OL_SchemaOrg_SUB,pred,place,civicstructure,1,is_a,google/gemma-4-31b-it,"A civic structure is a specific type of place, just as a bakery or a gym is a type of place."
LLMs4OL_SchemaOrg_SUB,pred,place,exercisegym,0,is_a,google/gemma-4-31b-it,"An exercise gym is a specific type of place, meaning every instance of an exercise gym is necessarily an instance of a place."
LLMs4OL_SchemaOrg_SUB,pred,place,sportsactivitylocation,0,is_a,google/gemma-4-31b-it,"A sports activity location is a specific type of place, meaning every instance of a sports activity location is necessarily an instance of a place."
LLMs4OL_SchemaOrg_SUB,pred,place,governmentbuilding,1,is_a,google/gemma-4-31b-it,"Every government building is, by definition, a type of place."
LLMs4OL_SchemaOrg_SUB,pred,place,medicalorganization,1,located_in,google/gemma-4-31b-it,"A medical organization is an entity (organization) that may operate out of a physical location, but it is not a type of place itself."
LLMs4OL_SchemaOrg_SUB,pred,foodestablishment,bakery,0,is_a,google/gemma-4-31b-it,"Every bakery is, by definition, a type of food establishment."
LLMs4OL_SchemaOrg_SUB,pred,sportsactivitylocation,tenniscomplex,0,is_a,google/gemma-4-31b-it,"A tennis complex is a specific type of sports activity location, meaning every instance of a tennis complex is necessarily an instance of a sports activity location."
LLMs4OL_SchemaOrg_SUB,pred,sportsactivitylocation,exercisegym,0,is_a,google/gemma-4-31b-it,"An exercise gym is a specific type of location used for sports and physical activities, meaning every exercise gym is by definition a sports activity location."
LLMs4OL_SchemaOrg_SUB,pred,therapeuticprocedure,medicaltherapy,0,is_a,google/gemma-4-31b-it,"Medical therapy is a specific type of therapeutic procedure, meaning every instance of a medical therapy is by definition a therapeutic procedure."
LLMs4OL_SchemaOrg_SUB,pred,achieveaction,tieaction,0,is_a,google/gemma-4-31b-it,"Tying a game or a score is a specific way of achieving a result, making 'tieaction' a subtype of 'achieveaction'."
LLMs4OL_SchemaOrg_SUB,pred,consumeaction,eataction,0,is_a,google/gemma-4-31b-it,"Eating is a specific type of consuming, meaning every instance of an eating action is necessarily an instance of a consuming action."
LLMs4OL_SchemaOrg_SUB,pred,medicalorganization,pharmacy,0,is_a,google/gemma-4-31b-it,"Every pharmacy is, by definition, a type of medical organization."
LLMs4OL_SchemaOrg_SUB,pred,listitem,howtostep,0,is_a,google/gemma-4-31b-it,"A 'howtostep' is a specific type of 'listitem' used within a sequence of instructions, meaning every instance of a how-to step is fundamentally a list item."
LLMs4OL_SchemaOrg_SUB,pred,itemlist,howtostep,0,part_of,google/gemma-4-31b-it,"A 'howtostep' is a specific type of item within a list, making it a component or element of an 'itemlist' rather than a subclass of the list itself."
LLMs4OL_SchemaOrg_SUB,pred,product,busorcoach,0,is_a,google/gemma-4-31b-it,A bus or coach is a specific type of product.
LLMs4OL_SchemaOrg_SUB,pred,product,vehicle,0,is_a,google/gemma-4-31b-it,"Every vehicle is, by definition, a type of product."
LLMs4OL_SchemaOrg_SUB,pred,vehicle,busorcoach,0,is_a,google/gemma-4-31b-it,Every bus or coach is by definition a type of vehicle.
LLMs4OL_SchemaOrg_SUB,pred,audience,peopleaudience,0,is_a,google/gemma-4-31b-it,"The term 'peopleaudience' is a specific type of 'audience' (one consisting of people), meaning every instance of a peopleaudience is necessarily an instance of an audience."
LLMs4OL_SchemaOrg_SUB,pred,createaction,cookaction,0,is_a,google/gemma-4-31b-it,"Cooking is a specific way of creating (food), so every instance of a cookaction is necessarily an instance of a createaction."
LLMs4OL_SchemaOrg_SUB,pred,medicalintangible,medicalcode,0,is_a,google/gemma-4-31b-it,"A medical code is a specific type of medical intangible entity, as it is a conceptual representation rather than a physical object."
LLMs4OL_SchemaOrg_SUB,pred,broadcastservice,radiobroadcastservice,0,is_a,google/gemma-4-31b-it,"A radio broadcast service is a specific type of broadcast service, meaning every instance of the former is necessarily an instance of the latter."
LLMs4OL_SchemaOrg_SUB,pred,civicstructure,zoo,0,is_a,google/gemma-4-31b-it,"A zoo is a specific type of civic structure (a public facility managed by a municipality or government), meaning every zoo is a civic structure."
LLMs4OL_SchemaOrg_SUB,pred,civicstructure,governmentbuilding,1,is_a,google/gemma-4-31b-it,"Every government building is, by definition, a type of civic structure."
SemEvalFood_SUB,gt,jelly,apple jelly,,is_a,google/gemma-4-31b-it,"Apple jelly is a specific type of jelly, meaning every instance of apple jelly is necessarily an instance of jelly."
SemEvalFood_SUB,gt,appetizer,crudites,,is_a,google/gemma-4-31b-it,Crudités are a specific type of appetizer consisting of raw vegetables.
SemEvalFood_SUB,gt,appetizer,antipasto,,is_a,google/gemma-4-31b-it,"An antipasto is a specific type of appetizer, meaning every instance of an antipasto is necessarily an instance of an appetizer."
SemEvalFood_SUB,gt,appetizer,cocktail,,other_related,google/gemma-4-31b-it,"A cocktail is a type of drink often served as an appetizer, but it is not a kind of appetizer itself; rather, it is a component or a specific item served during the appetizer course."
SemEvalFood_SUB,gt,meatball,porcupine ball,,is_a,google/gemma-4-31b-it,A 'porcupine ball' (a specific type of meatball shaped with protruding pieces of meat or ingredients) is a specific kind of 'meatball'.
SemEvalFood_SUB,gt,dressing,mayonnaise,,is_a,google/gemma-4-31b-it,"Mayonnaise is a specific type of dressing, meaning every instance of mayonnaise is also an instance of a dressing."
SemEvalFood_SUB,gt,dressing,blue cheese dressing,,is_a,google/gemma-4-31b-it,"Blue cheese dressing is a specific type of dressing, meaning every instance of blue cheese dressing is necessarily an instance of dressing."
SemEvalFood_SUB,gt,herb,tea,,made_of,google/gemma-4-31b-it,"While some teas are herbal, true tea (from the *Camellia sinensis* plant) is not a kind of herb, and herbs are not a kind of tea; rather, tea is made from the leaves of a plant, which is the defining characteristic of an herb in a culinary context."
SemEvalFood_SUB,gt,sweet,center,,part_of,google/gemma-4-31b-it,"In the context of sweets and candies, a 'center' (such as the filling of a chocolate or a bonbon) is a component part of a 'sweet', not a type of sweet itself."
SemEvalFood_SUB,gt,sweet,candy,,is_a,google/gemma-4-31b-it,"Every piece of candy is, by definition, a type of sweet."
SemEvalFood_SUB,gt,sweet,confiture,,is_a,google/gemma-4-31b-it,"A 'confiture' (jam/preserve) is a specific type of 'sweet' (confectionery/sweet food), meaning every instance of confiture is also an instance of a sweet."
SemEvalFood_SUB,gt,potato,mashed potato,,made_of,google/gemma-4-31b-it,"Mashed potato is not a type of potato (the tuber), but rather a food product created from potatoes as the primary ingredient."
SemEvalFood_SUB,gt,potato,home fries,,made_of,google/gemma-4-31b-it,"Home fries are not a type of potato (the tuber), but are a food product made from potatoes."
SemEvalFood_SUB,gt,ingredient,flavorer,,is_a,google/gemma-4-31b-it,"A flavorer is a specific type of ingredient used to impart taste to food, meaning every flavorer is necessarily an ingredient."
SemEvalFood_SUB,gt,dairy product,curd,,is_a,google/gemma-4-31b-it,"Curd is a specific type of dairy product, meaning every instance of curd is necessarily an instance of a dairy product."
SemEvalFood_SUB,gt,corn,popcorn,,is_a,google/gemma-4-31b-it,"Popcorn is a specific type of corn that has been processed or is genetically predisposed to pop, meaning every instance of popcorn is a kind of corn."
SemEvalFood_SUB,gt,sauce,hard sauce,,is_a,google/gemma-4-31b-it,"A hard sauce is a specific type of sauce (typically a thickened, butter-based sauce), meaning every instance of a hard sauce is necessarily an instance of a sauce."
SemEvalFood_SUB,gt,sauce,dressing,,is_a,google/gemma-4-31b-it,"Every dressing is a type of sauce, as dressings are essentially cold sauces used to flavor salads or other foods."
SemEvalFood_SUB,gt,sauce,ravigote,,is_a,google/gemma-4-31b-it,"A ravigote is a specific type of sauce, meaning every instance of ravigote is necessarily an instance of a sauce."
SemEvalFood_SUB,gt,spread,nut butter,,is_a,google/gemma-4-31b-it,Every instance of nut butter is a type of spread.
SemEvalFood_SUB,gt,grain,groats,,is_a,google/gemma-4-31b-it,"Groats are hulled grains (grains that have had their husks removed), meaning every instance of groats is a type of grain."
SemEvalFood_SUB,gt,grain,buckwheat,,is_a,google/gemma-4-31b-it,"Buckwheat is a specific type of grain (specifically a pseudocereal), meaning every instance of buckwheat is an instance of a grain."
SemEvalFood_SUB,gt,grain,corn,,is_a,google/gemma-4-31b-it,"Corn is a specific type of grain, meaning every instance of corn is also an instance of a grain."
SemEvalFood_SUB,gt,tea,herb tea,,is_a,google/gemma-4-31b-it,"In common usage and culinary taxonomy, an 'herb tea' (tisane) is a specific type of 'tea' (broadly defined as an infusion), meaning every herb tea is a kind of tea."
SemEvalFood_SUB,gt,tea,sun tea,,is_a,google/gemma-4-31b-it,"Sun tea is a specific type of tea prepared by steeping tea leaves in cold water exposed to sunlight, meaning every instance of sun tea is also an instance of tea."
SemEvalFood_SUB,gt,tea,oolong,,is_a,google/gemma-4-31b-it,"Oolong is a specific variety of tea, meaning every instance of oolong is necessarily an instance of tea."
SemEvalFood_SUB,gt,dainty,sweet,,attribute_of,google/gemma-4-31b-it,"In this context, 'dainty' refers to a small, delicate food item (like a candy), and 'sweet' describes the taste or quality of such items, making it a property rather than a category of food."
SemEvalFood_SUB,gt,fare,diet,,is_a,google/gemma-4-31b-it,"In the context of food and dining, 'fare' is a general term for a range of food provided, and a 'diet' (as in a specific regime or type of food eaten) is a specific kind of fare."
SemEvalFood_SUB,gt,fare,chow,,synonym,google/gemma-4-31b-it,"In this context, 'chow' and 'fare' are both informal or formal terms for food, denoting the same general concept."
SemEvalFood_SUB,gt,bread,flatbread,,is_a,google/gemma-4-31b-it,Every instance of a flatbread is by definition a type of bread.
SemEvalFood_SUB,gt,bread,white bread,,is_a,google/gemma-4-31b-it,Every instance of white bread is by definition a type of bread.
SemEvalFood_SUB,gt,bread,bap,,is_a,google/gemma-4-31b-it,"A bap is a specific type of bread roll, meaning every instance of a bap is also an instance of bread."
SemEvalFood_SUB,gt,meal,tea,,part_of,google/gemma-4-31b-it,"Tea is a beverage that is typically consumed as part of a meal, but it is not a type of meal itself."
SemEvalFood_SUB,gt,flavorer,garlic,,is_a,google/gemma-4-31b-it,Garlic is a type of flavorer because it is a substance used specifically to impart flavor to food.
SemEvalFood_SUB,gt,flavorer,herb,,is_a,google/gemma-4-31b-it,"An herb is a type of substance used to flavor food, meaning every herb is a flavorer."
SemEvalFood_SUB,gt,flavorer,fennel seed,,is_a,google/gemma-4-31b-it,"A fennel seed is a type of flavorer (a substance used to add flavor to food), meaning every instance of a fennel seed used in this context is an instance of a flavorer."
SemEvalFood_SUB,gt,flavorer,caraway seed,,is_a,google/gemma-4-31b-it,"A caraway seed is a type of flavorer (a substance used to add flavor), meaning every instance of a caraway seed functions as a flavorer."
SemEvalFood_SUB,gt,flavorer,condiment,,is_a,google/gemma-4-31b-it,"A condiment is a specific type of flavorer used to enhance the taste of food, meaning every condiment is by definition a flavorer."
SemEvalFood_SUB,gt,condiment,taco sauce,,is_a,google/gemma-4-31b-it,"Taco sauce is a specific type of condiment, meaning every instance of taco sauce is also an instance of a condiment."
SemEvalFood_SUB,gt,condiment,spread,,is_a,google/gemma-4-31b-it,"A spread is a specific type of condiment used to enhance the flavor of food, meaning every spread is a condiment."
SemEvalFood_SUB,gt,condiment,relish,,is_a,google/gemma-4-31b-it,A relish is a specific type of condiment used to add flavor to food.
SemEvalFood_SUB,gt,condiment,steak sauce,,is_a,google/gemma-4-31b-it,"Every steak sauce is a type of condiment, as it is a substance added to food to enhance its flavor."
SemEvalFood_SUB,gt,condiment,sauce,,is_a,google/gemma-4-31b-it,Every sauce is a type of condiment used to enhance the flavor of food.
SemEvalFood_SUB,gt,french bread,baguet,,is_a,google/gemma-4-31b-it,"A baguette is a specific type of French bread, meaning every baguette is necessarily a French bread."
SemEvalFood_SUB,gt,flatbread,flatbrod,,is_a,google/gemma-4-31b-it,"'Flatbrod' is a specific Norwegian variety of flatbread, meaning every instance of flatbrod is necessarily an instance of flatbread."
SemEvalFood_SUB,gt,flatbread,bannock,,is_a,google/gemma-4-31b-it,"Bannock is a specific type of flatbread, meaning every instance of bannock is necessarily an instance of flatbread."
SemEvalFood_SUB,gt,relish,pickle relish,,is_a,google/gemma-4-31b-it,"Every instance of pickle relish is, by definition, a type of relish."
SemEvalFood_SUB,gt,vitamin,water soluble vitamin,,is_a,google/gemma-4-31b-it,"Every water soluble vitamin is, by definition, a type of vitamin."
SemEvalFood_SUB,gt,dish,succotash,,is_a,google/gemma-4-31b-it,"Succotash is a specific type of dish, meaning every instance of succotash is necessarily an instance of a dish."
SemEvalFood_SUB,gt,dish,tamale pie,,is_a,google/gemma-4-31b-it,"A tamale pie is a specific type of dish, meaning every instance of a tamale pie is necessarily an instance of a dish."
SemEvalFood_SUB,gt,dish,soup,,is_a,google/gemma-4-31b-it,Every instance of soup is a type of dish.
SemEvalFood_SUB,gt,dish,meatball,,is_a,google/gemma-4-31b-it,"A meatball is a specific type of dish, meaning every instance of a meatball is also an instance of a dish."
SemEvalFood_SUB,gt,dish,scampi,,is_a,google/gemma-4-31b-it,"Scampi is a specific type of prepared culinary dish, meaning every instance of scampi is also an instance of a dish."
SemEvalFood_SUB,gt,dish,moo goo gai pan,,is_a,google/gemma-4-31b-it,"Moo goo gai pan is a specific type of dish, meaning every instance of moo goo gai pan is necessarily an instance of a dish."
SemEvalFood_SUB,gt,water soluble vitamin,b complex vitamin,,is_a,google/gemma-4-31b-it,"The 'b complex vitamin' is a group of vitamins that are all categorized as water-soluble vitamins, meaning every instance of a B complex vitamin is a water-soluble vitamin."
SemEvalFood_SUB,gt,feed,fodder,,is_a,google/gemma-4-31b-it,"Fodder is a specific type of animal feed, meaning every instance of fodder is necessarily an instance of feed."
SemEvalFood_SUB,gt,fodder,eatage,,synonym,google/gemma-4-31b-it,"'Eatage' is an archaic or dialectal term for food or fodder, and since both terms refer to the same concept of animal feed, they are interchangeable."
SemEvalFood_SUB,gt,fodder,alfalfa,,is_a,google/gemma-4-31b-it,"Alfalfa is a specific type of plant used as fodder, meaning every instance of alfalfa used in this context is a kind of fodder."
SemEvalFood_SUB,gt,apple jelly,crabapple jelly,,is_a,google/gemma-4-31b-it,"Crabapple jelly is a specific type of apple jelly, as crabapples are a variety of apple used to make this kind of preserve."
SemEvalFood_SUB,gt,conserve,jelly,,is_a,google/gemma-4-31b-it,"A jelly is a specific type of fruit preserve or conserve, meaning every instance of jelly is also an instance of a conserve."
SemEvalFood_SUB,gt,drinking water,sugar water,,made_of,google/gemma-4-31b-it,"Sugar water is not a type of drinking water, but rather a mixture where drinking water serves as a primary ingredient."
SemEvalFood_SUB,gt,drinking water,soda water,,is_a,google/gemma-4-31b-it,"Soda water is a specific type of drinking water, meaning every instance of soda water is also an instance of drinking water."
SemEvalFood_SUB,gt,liquor,gin,,is_a,google/gemma-4-31b-it,"Gin is a specific type of liquor, meaning every instance of gin is necessarily an instance of liquor."
SemEvalFood_SUB,gt,course,entree,,is_a,google/gemma-4-31b-it,"An entree is a specific type of course in a meal, meaning every instance of an entree is necessarily an instance of a course."
SemEvalFood_SUB,gt,course,appetizer,,is_a,google/gemma-4-31b-it,"An appetizer is a specific type of course in a meal, meaning every appetizer is by definition a course."
SemEvalFood_SUB,gt,course,dessert,,is_a,google/gemma-4-31b-it,"A dessert is a specific type of course in a meal, meaning every instance of a dessert is also an instance of a course."
SemEvalFood_SUB,gt,starches,potato,,made_of,google/gemma-4-31b-it,"A potato is not a type of starch, but rather a vegetable that is rich in starch (and the other items listed under 'starches', like bread, are also foods made from starchy ingredients)."
SemEvalFood_SUB,gt,starches,bread,,made_of,google/gemma-4-31b-it,"Bread is not a type of starch (a carbohydrate molecule), but is rather a food product made from ingredients that contain starch."
SemEvalFood_SUB,gt,candy,hard candy,,is_a,google/gemma-4-31b-it,Every instance of hard candy is by definition a type of candy.
SemEvalFood_SUB,gt,foodstuff,meal,,made_of,google/gemma-4-31b-it,"A meal is not a type of foodstuff (which refers to raw materials or ingredients like buckwheat or caraway seed), but rather is composed of various foodstuffs."
SemEvalFood_SUB,gt,foodstuff,grain,,is_a,google/gemma-4-31b-it,"Every grain is a type of foodstuff, as grains are a category of raw materials used for food."
SemEvalFood_SUB,gt,foodstuff,starches,,is_a,google/gemma-4-31b-it,"The provided examples (baguette, blue cheese dressing, camomile tea) indicate that 'foodstuff' is being used as a general category for food items, and since starches are a type of food item, the relation is a proper subsumption."
SemEvalFood_SUB,gt,foodstuff,dairy product,,is_a,google/gemma-4-31b-it,"Every dairy product is a type of foodstuff, as foodstuff is a general category for any substance used as food."
SemEvalFood_SUB,gt,foodstuff,curd,,is_a,google/gemma-4-31b-it,"Curd is a type of foodstuff, as every instance of curd is by definition a kind of foodstuff."
SemEvalFood_SUB,gt,foodstuff,ingredient,,attribute_of,google/gemma-4-31b-it,"An ingredient is a specific role that a foodstuff plays within a recipe, rather than a taxonomic subclass of foodstuff itself."
SemEvalFood_SUB,gt,confiture,conserve,,is_a,google/gemma-4-31b-it,"In culinary terminology, a conserve is a specific type of fruit preserve (confiture) that typically contains pieces of fruit or nuts, making it a sub-category of the broader term."
SemEvalFood_SUB,gt,soup,gazpacho,,is_a,google/gemma-4-31b-it,"Gazpacho is a specific type of soup (specifically a cold soup), meaning every instance of gazpacho is necessarily an instance of soup."
SemEvalFood_SUB,gt,soup,broth,,is_a,google/gemma-4-31b-it,"A broth is a specific type of soup characterized by being a clear liquid made by simmering meat, fish, or vegetables."
SemEvalFood_SUB,gt,dessert,tiramisu,,is_a,google/gemma-4-31b-it,Every instance of tiramisu is by definition a type of dessert.
SemEvalFood_SUB,gt,cocktail,gin and it,,is_a,google/gemma-4-31b-it,"A 'gin and it' is a specific type of cocktail, meaning every instance of a 'gin and it' is necessarily an instance of a 'cocktail'."
SemEvalFood_SUB,gt,cocktail,bullshot,,is_a,google/gemma-4-31b-it,"A bullshot is a specific type of cocktail made with beef bouillon and vodka, meaning every bullshot is a cocktail."
SemEvalFood_SUB,gt,nutriment,vitamin,,is_a,google/gemma-4-31b-it,"A vitamin is a specific type of nutriment (a substance that provides nourishment), meaning every vitamin is by definition a nutriment."
SemEvalFood_SUB,gt,nutriment,course,,part_of,google/gemma-4-31b-it,"A 'course' (as in a meal course) is a structural part or a stage of a meal consisting of nutriment, rather than a type of nutriment itself."
SemEvalFood_SUB,gt,nutriment,dish,,is_a,google/gemma-4-31b-it,"A dish is a specific kind of nutriment (anything that provides nourishment), meaning every instance of a dish is also an instance of a nutriment."
SemEvalFood_SUB,gt,nutriment,dainty,,is_a,google/gemma-4-31b-it,"A 'dainty' (defined as a small, delicate piece of food) is a specific kind of 'nutriment' (anything that provides nourishment)."
SemEvalFood_SUB,gt,nutriment,meal,,is_a,google/gemma-4-31b-it,"A meal is a specific occasion or collection of food items consumed at once, whereas nutriment refers to any substance that provides nourishment; therefore, every meal is a form of nutriment."
SemEvalFood_SUB,gt,tisane,camomile tea,,is_a,google/gemma-4-31b-it,"Camomile tea is a specific type of tisane (herbal infusion), meaning every instance of camomile tea is necessarily an instance of a tisane."
SemEvalFood_SUB,gt,crudites,celery stick,,is_a,google/gemma-4-31b-it,"A celery stick is a specific type of crudité (raw vegetable served as an appetizer), meaning every celery stick served in this context is a member of the crudités category."
SemEvalFood_SUB,gt,white bread,french bread,,is_a,google/gemma-4-31b-it,Every instance of french bread is a specific type of white bread.
SemEvalFood_SUB,gt,mayonnaise,green mayonnaise,,is_a,google/gemma-4-31b-it,"Every instance of green mayonnaise is, by definition, a type of mayonnaise."
SemEvalFood_SUB,gt,diet,diabetic diet,,is_a,google/gemma-4-31b-it,"A diabetic diet is a specific type of diet tailored for people with diabetes, meaning every instance of a diabetic diet is necessarily an instance of a diet."
SemEvalFood_SUB,gt,b complex vitamin,niacin,,is_a,google/gemma-4-31b-it,"Niacin is a specific type of B complex vitamin, meaning every instance of niacin is necessarily an instance of a B complex vitamin."
SemEvalFood_SUB,gt,b complex vitamin,vitamin b2,,is_a,google/gemma-4-31b-it,"Vitamin B2 (riboflavin) is a specific type of B complex vitamin, meaning every instance of vitamin B2 is necessarily an instance of the B complex vitamin group."
SemEvalFood_SUB,gt,b complex vitamin,pantothenic acid,,is_a,google/gemma-4-31b-it,"Pantothenic acid (Vitamin B5) is a specific type of B complex vitamin, meaning every instance of pantothenic acid is necessarily an instance of a B complex vitamin."
SemEvalFood_SUB,gt,food,feed,,is_a,google/gemma-4-31b-it,"Feed is a specific category of food intended for animals, meaning every instance of feed is also an instance of food."
SemEvalFood_SUB,gt,food,fare,,synonym,google/gemma-4-31b-it,"In this context, 'fare' is a synonym for 'food' (specifically referring to a range of food of a particular type), and the other children listed under 'food' are specific types of food."
SemEvalFood_SUB,gt,food,foodstuff,,synonym,google/gemma-4-31b-it,'Foodstuff' and 'food' are used interchangeably to refer to any substance that can be used as food.
SemEvalFood_SUB,gt,food,water,,is_a,google/gemma-4-31b-it,"Water is a type of sustenance or nourishment, and in many taxonomic contexts (including dietary and nutritional classifications), it is categorized as a kind of food."
SemEvalFood_SUB,gt,food,nutriment,,synonym,google/gemma-4-31b-it,"Nutriment refers to any substance that provides nourishment, and food is the primary source of such substances, making every nutriment a type of food (or vice versa, as they are often used interchangeably in a taxonomic sense to describe nourishing substances)."
SemEvalFood_SUB,gt,broth,liquor,,synonym,google/gemma-4-31b-it,"In this culinary context, 'liquor' refers to the liquid cooking medium (like a stock or broth) rather than alcoholic spirits, making it a synonym for 'broth'."
SemEvalFood_SUB,gt,water,drinking water,,is_a,google/gemma-4-31b-it,"Drinking water is a specific type of water that is safe for human consumption, meaning every instance of drinking water is necessarily an instance of water."
SemEvalFood_SUB,gt,herb tea,tisane,,synonym,google/gemma-4-31b-it,"In common usage and botanical terminology, 'tisane' and 'herb tea' both refer to an infusion made from plants other than the tea plant (*Camellia sinensis*), making them interchangeable terms for the same concept."
SemEvalFood_SUB,pred,"dessert (dessert, sweet)",tiramisu,0,is_a,google/gemma-4-31b-it,"Tiramisu is a specific type of dessert, meaning every instance of tiramisu is necessarily an instance of a dessert."
SemEvalFood_SUB,pred,"dessert (dessert, sweet)",jelly,0,other_related,google/gemma-4-31b-it,"While jelly is often served as a dessert, not every instance of jelly is a dessert (e.g., savory jellies used as condiments), and not every dessert is a jelly."
SemEvalFood_SUB,pred,"dessert (dessert, sweet)",apple jelly,0,is_a,google/gemma-4-31b-it,"Apple jelly is a specific type of food that is served as a dessert, meaning every instance of apple jelly can be categorized as a dessert."
SemEvalFood_SUB,pred,"dessert (dessert, sweet)",candy,0,other_related,google/gemma-4-31b-it,"While candy is often eaten as a dessert, not all candy is served as a dessert course (e.g., a peppermint during a meal or a piece of hard candy as a snack), and not all desserts are candy."
SemEvalFood_SUB,pred,"dessert (dessert, sweet)",center,0,part_of,google/gemma-4-31b-it,"In the context of sweets and desserts, a 'center' (such as the filling of a chocolate or candy) is a component part of the dessert, not a type of dessert itself."
SemEvalFood_SUB,pred,"dessert (dessert, sweet)",confiture,0,other_related,google/gemma-4-31b-it,"While confiture (jam) is often served as part of a dessert course, it is a type of preserve that can be eaten at breakfast or as a condiment, meaning not every instance of confiture is a dessert."
SemEvalFood_SUB,pred,"dessert (dessert, sweet)",conserve,0,is_a,google/gemma-4-31b-it,"A conserve is a type of jam or preserve, which is a specific kind of sweet food typically served as a dessert."
SemEvalFood_SUB,pred,"dessert (dessert, sweet)",crabapple jelly,0,is_a,google/gemma-4-31b-it,"Crabapple jelly is a specific type of food that is categorized as a dessert, meaning every instance of crabapple jelly is also an instance of a dessert."
SemEvalFood_SUB,pred,"dessert (dessert, sweet)",hard candy,0,other_related,google/gemma-4-31b-it,"While hard candy is often served as a dessert, it is a type of confectionery that can be eaten independently of a meal course, meaning not every instance of hard candy is a dessert."
SemEvalFood_SUB,pred,dish,tiramisu,1,is_a,google/gemma-4-31b-it,"Tiramisu is a specific type of dish, meaning every instance of tiramisu is necessarily an instance of a dish."
SemEvalFood_SUB,pred,dish,jelly,1,other_related,google/gemma-4-31b-it,"While jelly is a type of food, it is a specific food product or preserve rather than a ""dish"" (which typically refers to a prepared culinary preparation or a specific recipe)."
SemEvalFood_SUB,pred,dish,meatball,0,is_a,google/gemma-4-31b-it,"A meatball is a specific type of dish, meaning every instance of a meatball is also an instance of a dish."
SemEvalFood_SUB,pred,dish,entree,1,is_a,google/gemma-4-31b-it,"An entree is a specific type of dish served as a course in a meal, meaning every entree is necessarily a dish."
SemEvalFood_SUB,pred,dish,scampi,0,is_a,google/gemma-4-31b-it,"Scampi is a specific type of prepared culinary dish, meaning every instance of scampi is also an instance of a dish."
SemEvalFood_SUB,pred,dish,succotash,0,is_a,google/gemma-4-31b-it,"Succotash is a specific type of dish, meaning every instance of succotash is necessarily an instance of a dish."
SemEvalFood_SUB,pred,dish,gazpacho,0,is_a,google/gemma-4-31b-it,"Gazpacho is a specific type of dish, meaning every instance of gazpacho is necessarily an instance of a dish."
SemEvalFood_SUB,pred,dish,appetizer,1,is_a,google/gemma-4-31b-it,"An appetizer is a specific kind of dish served before a main meal, meaning every appetizer is by definition a dish."
SemEvalFood_SUB,pred,dish,antipasto,1,is_a,google/gemma-4-31b-it,"An antipasto is a specific type of dish (specifically a first course of appetizers), meaning every instance of an antipasto is also an instance of a dish."
SemEvalFood_SUB,pred,dish,porcupine ball,0,is_a,google/gemma-4-31b-it,"A porcupine ball is a specific type of culinary dish (specifically a meatball), meaning every instance of a porcupine ball is also an instance of a dish."
SemEvalFood_SUB,pred,dish,soup,0,is_a,google/gemma-4-31b-it,Every instance of soup is a type of dish.
SemEvalFood_SUB,pred,dish,home fries,1,is_a,google/gemma-4-31b-it,Home fries are a specific type of prepared culinary dish.
SemEvalFood_SUB,pred,dish,mashed potato,1,is_a,google/gemma-4-31b-it,"Mashed potato is a specific type of prepared food item, which fits the definition of a dish."
SemEvalFood_SUB,pred,dish,"dessert (dessert, sweet)",1,is_a,google/gemma-4-31b-it,"A dessert is a specific kind of dish (a prepared food item), meaning every instance of a dessert is also an instance of a dish."
SemEvalFood_SUB,pred,dish,tamale pie,0,is_a,google/gemma-4-31b-it,"A tamale pie is a specific type of dish, meaning every instance of a tamale pie is necessarily an instance of a dish."
SemEvalFood_SUB,pred,dish,moo goo gai pan,0,is_a,google/gemma-4-31b-it,"Moo goo gai pan is a specific type of dish, meaning every instance of moo goo gai pan is necessarily an instance of a dish."
SemEvalFood_SUB,pred,dish,crudites,1,is_a,google/gemma-4-31b-it,Crudités (raw vegetables served as an appetizer) are a specific type of dish.
SemEvalFood_SUB,pred,dish,broth,0,is_a,google/gemma-4-31b-it,"A broth is a specific type of dish, meaning every instance of a broth is also an instance of a dish."
SemEvalFood_SUB,pred,dish,popcorn,1,other_related,google/gemma-4-31b-it,"Popcorn is a type of food or snack, but it is not a ""dish"" in the culinary sense of a prepared meal or a specific recipe like gazpacho or scampi."
SemEvalFood_SUB,pred,nutriment,tiramisu,0,is_a,google/gemma-4-31b-it,"Tiramisu is a type of food/nourishment, and since every instance of tiramisu is necessarily an instance of nutriment, the subsumption holds."
SemEvalFood_SUB,pred,nutriment,jelly,0,is_a,google/gemma-4-31b-it,"Jelly is a type of substance that provides nourishment, making it a specific kind of nutriment."
SemEvalFood_SUB,pred,nutriment,appetizer,0,is_a,google/gemma-4-31b-it,"An appetizer is a type of food or substance that provides nourishment, meaning every appetizer is a form of nutriment."
SemEvalFood_SUB,pred,nutriment,meatball,0,is_a,google/gemma-4-31b-it,"A meatball is a type of nutriment, as any instance of a meatball is by definition a substance that provides nourishment."
SemEvalFood_SUB,pred,nutriment,entree,0,is_a,google/gemma-4-31b-it,"An entree is a type of food or nourishment, and since nutriment is defined as anything that provides nourishment, every entree is by definition a nutriment."
SemEvalFood_SUB,pred,nutriment,"dessert (dessert, sweet)",0,is_a,google/gemma-4-31b-it,"Since a dessert is a type of food or substance that provides nourishment, every instance of a dessert is necessarily an instance of a nutriment."
SemEvalFood_SUB,pred,nutriment,scampi,0,is_a,google/gemma-4-31b-it,"Scampi is a type of food/nutriment, meaning every instance of scampi is necessarily an instance of nutriment."
SemEvalFood_SUB,pred,nutriment,antipasto,0,is_a,google/gemma-4-31b-it,"An antipasto is a type of food/nourishment, and since every antipasto is by definition a nutriment, the subsumption holds."
SemEvalFood_SUB,pred,nutriment,succotash,0,is_a,google/gemma-4-31b-it,"Succotash is a type of food/dish, and since nutriment is a synonym or broad category for food, every instance of succotash is also an instance of nutriment."
SemEvalFood_SUB,pred,nutriment,dainty,0,is_a,google/gemma-4-31b-it,"A 'dainty' (a small, delicate cake or savory snack) is a specific type of 'nutriment' (anything that provides nourishment)."
SemEvalFood_SUB,pred,nutriment,meal,0,made_of,google/gemma-4-31b-it,"A meal is a specific occasion or collection of food items consumed at once, whereas nutriment refers to the nourishing substance itself; therefore, a meal is composed of nutriment rather than being a type of nutriment."
SemEvalFood_SUB,pred,nutriment,french bread,1,is_a,google/gemma-4-31b-it,"Since 'nutriment' is a synonym for nourishment or food, and 'french bread' is a type of food, every instance of french bread is necessarily an instance of nutriment."
SemEvalFood_SUB,pred,nutriment,gazpacho,0,is_a,google/gemma-4-31b-it,"Gazpacho is a type of food/nourishment, and since every instance of gazpacho is necessarily a form of nutriment, the subsumption holds."
SemEvalFood_SUB,pred,nutriment,dish,0,is_a,google/gemma-4-31b-it,"A dish is a specific kind of nutriment (something that provides nourishment), meaning every instance of a dish is also an instance of nutriment."
SemEvalFood_SUB,pred,nutriment,pickle relish,1,is_a,google/gemma-4-31b-it,"Since 'nutriment' is a synonym for food or nourishment, and 'pickle relish' is a type of food, every instance of pickle relish is necessarily an instance of nutriment."
SemEvalFood_SUB,pred,nutriment,popcorn,1,is_a,google/gemma-4-31b-it,"Popcorn is a type of food or substance that provides nourishment, making it a specific kind of nutriment."
SemEvalFood_SUB,pred,nutriment,course,0,part_of,google/gemma-4-31b-it,"A 'course' (as in a meal course) is a structural division or portion of a meal consisting of nutriment, rather than a type of nutriment itself."
SemEvalFood_SUB,pred,nutriment,porcupine ball,0,is_a,google/gemma-4-31b-it,"A 'porcupine ball' (a type of meatball/dish) is a kind of nutriment, as any instance of this food item is by definition a source of nourishment."
SemEvalFood_SUB,pred,nutriment,starches,1,is_a,google/gemma-4-31b-it,"Since starches are a type of nutrient (nutriment) used by the body for energy, every instance of a starch is also an instance of a nutriment."
SemEvalFood_SUB,pred,nutriment,candy,0,is_a,google/gemma-4-31b-it,"Candy is a type of nutriment, as any item of candy is by definition a substance that provides nourishment (however minimal)."
SemEvalFood_SUB,pred,nutriment,soup,0,is_a,google/gemma-4-31b-it,"Since 'nutriment' refers to any substance that provides nourishment (food), and every soup is a substance that provides nourishment, the relation is a proper subsumption."
SemEvalFood_SUB,pred,nutriment,home fries,1,is_a,google/gemma-4-31b-it,"Since 'nutriment' is a formal term for any substance that provides nourishment (food), and 'home fries' are a type of food, every instance of home fries is necessarily an instance of nutriment."
SemEvalFood_SUB,pred,nutriment,mashed potato,1,is_a,google/gemma-4-31b-it,"Since 'nutriment' is a synonym or broad hypernym for 'food' (anything that provides nourishment), and mashed potato is a type of food, every instance of mashed potato is also an instance of nutriment."
SemEvalFood_SUB,pred,nutriment,vitamin b2,0,is_a,google/gemma-4-31b-it,"Vitamin B2 is a specific type of nutrient (nutriment), meaning every instance of vitamin B2 is necessarily an instance of a nutriment."
SemEvalFood_SUB,pred,nutriment,cocktail,0,is_a,google/gemma-4-31b-it,"A cocktail is a type of nutriment (anything that provides nourishment or sustenance), meaning every instance of a cocktail is also an instance of a nutriment."
SemEvalFood_SUB,pred,nutriment,diabetic diet,1,other_related,google/gemma-4-31b-it,"A 'diabetic diet' is a specific regimen or system of eating, whereas 'nutriment' refers to the actual nourishing substance or food itself; a diet is not a kind of nutrient."
SemEvalFood_SUB,pred,nutriment,fare,1,synonym,google/gemma-4-31b-it,"Both 'fare' and 'nutriment' are synonyms for food or sustenance, as evidenced by their shared parent 'food' and the list of food items under 'nutriment'."
SemEvalFood_SUB,pred,nutriment,eatage,1,synonym,google/gemma-4-31b-it,"'Eatage' is an archaic or rare term for food or things to be eaten, making it a synonym for 'nutriment' (which refers to nourishment or food)."
SemEvalFood_SUB,pred,nutriment,feed,1,is_a,google/gemma-4-31b-it,"Feed is a specific type of nutriment (substance providing nourishment), specifically intended for animals."
SemEvalFood_SUB,pred,nutriment,fodder,1,is_a,google/gemma-4-31b-it,"Fodder is a specific type of nutriment (nourishment), as any substance used as fodder is by definition a form of nutriment."
SemEvalFood_SUB,pred,nutriment,chow,1,is_a,google/gemma-4-31b-it,"'Chow' is a colloquial term for food or nourishment, and 'nutriment' refers to anything that provides nourishment, making 'chow' a specific kind of 'nutriment'."
SemEvalFood_SUB,pred,nutriment,alfalfa,1,is_a,google/gemma-4-31b-it,"Alfalfa is a type of plant used as a nutrient source, and since every instance of alfalfa (when used in this context) is a type of nutriment, the subsumption holds."
SemEvalFood_SUB,pred,nutriment,tamale pie,0,is_a,google/gemma-4-31b-it,"A tamale pie is a specific type of food or nourishment, and since 'nutriment' is a synonym for nourishment, every tamale pie is a kind of nutriment."
SemEvalFood_SUB,pred,nutriment,celery stick,0,is_a,google/gemma-4-31b-it,"A celery stick is a type of nutriment, as any instance of a celery stick is by definition a substance that provides nourishment."
SemEvalFood_SUB,pred,nutriment,moo goo gai pan,0,is_a,google/gemma-4-31b-it,"Moo goo gai pan is a specific type of dish, and every dish is a form of nutriment."
SemEvalFood_SUB,pred,nutriment,crudites,0,is_a,google/gemma-4-31b-it,"Crudités are a type of raw vegetable preparation served as food, and since nutriment refers to any substance that provides nourishment, every instance of crudités is also an instance of nutriment."
SemEvalFood_SUB,pred,nutriment,diet,1,made_of,google/gemma-4-31b-it,"A diet is a specific regime or selection of nutriment (food/nourishment) consumed, rather than a type of nutriment itself."
SemEvalFood_SUB,pred,nutriment,broth,0,is_a,google/gemma-4-31b-it,"Broth is a type of substance that provides nourishment, making it a specific kind of nutriment."
SemEvalFood_SUB,pred,nutriment,pantothenic acid,0,is_a,google/gemma-4-31b-it,"Pantothenic acid is a specific type of nutrient (nutriment), meaning every instance of pantothenic acid is necessarily an instance of a nutriment."
SemEvalFood_SUB,pred,nutriment,"herb tea (herb tea, tisane)",0,is_a,google/gemma-4-31b-it,"Herb tea is a type of nutriment because any instance of herb tea is, by definition, a substance that provides nourishment or sustenance."
SemEvalFood_SUB,pred,nutriment,white bread,1,is_a,google/gemma-4-31b-it,"White bread is a type of food that provides nourishment, and since nutriment is defined as anything that provides nourishment, every instance of white bread is also an instance of nutriment."
SemEvalFood_SUB,pred,nutriment,mayonnaise,1,is_a,google/gemma-4-31b-it,"Mayonnaise is a type of food that provides nourishment, and since nutriment is a synonym or broad category for nourishing food, every instance of mayonnaise is an instance of nutriment."
SemEvalFood_SUB,pred,food,tiramisu,0,is_a,google/gemma-4-31b-it,"Tiramisu is a specific type of food, meaning every instance of tiramisu is necessarily an instance of food."
SemEvalFood_SUB,pred,food,jelly,0,is_a,google/gemma-4-31b-it,Every instance of jelly is a type of food.
SemEvalFood_SUB,pred,food,green mayonnaise,0,is_a,google/gemma-4-31b-it,"Every instance of green mayonnaise is, by definition, a type of food."
SemEvalFood_SUB,pred,food,appetizer,0,is_a,google/gemma-4-31b-it,"An appetizer is a specific type of food, meaning every instance of an appetizer is necessarily an instance of food."
SemEvalFood_SUB,pred,food,meatball,0,is_a,google/gemma-4-31b-it,"Every meatball is, by definition, a type of food."
SemEvalFood_SUB,pred,food,bannock,0,is_a,google/gemma-4-31b-it,"Bannock is a type of bread, and all bread is a type of food, therefore every instance of bannock is also an instance of food."
SemEvalFood_SUB,pred,food,entree,0,is_a,google/gemma-4-31b-it,"An entree is a specific type of food, meaning every instance of an entree is necessarily an instance of food."
SemEvalFood_SUB,pred,food,dressing,0,is_a,google/gemma-4-31b-it,"Every instance of a dressing is, by definition, a type of food."
SemEvalFood_SUB,pred,food,herb,0,is_a,google/gemma-4-31b-it,"An herb is a type of food, as every instance of an herb used in a culinary context is also an instance of food."
SemEvalFood_SUB,pred,food,bullshot,0,is_a,google/gemma-4-31b-it,A bullshot (a cocktail made of beef bouillon and vodka) is a type of food/nutriment in the broad sense of something consumed for sustenance or pleasure.
SemEvalFood_SUB,pred,food,curd,0,is_a,google/gemma-4-31b-it,"Curd is a type of food, meaning every instance of curd is necessarily an instance of food."
SemEvalFood_SUB,pred,food,"dessert (dessert, sweet)",0,is_a,google/gemma-4-31b-it,"Every instance of a dessert is, by definition, a type of food."
SemEvalFood_SUB,pred,food,scampi,0,is_a,google/gemma-4-31b-it,"Scampi is a type of food, meaning every instance of scampi is necessarily an instance of food."
SemEvalFood_SUB,pred,food,hard sauce,0,is_a,google/gemma-4-31b-it,"Every instance of a hard sauce is, by definition, a type of food."
SemEvalFood_SUB,pred,food,potato,0,is_a,google/gemma-4-31b-it,"A potato is a type of food, meaning every instance of a potato is also an instance of food."
SemEvalFood_SUB,pred,food,buckwheat,0,is_a,google/gemma-4-31b-it,"Buckwheat is a type of food, meaning every instance of buckwheat is also an instance of food."
SemEvalFood_SUB,pred,food,fennel seed,0,is_a,google/gemma-4-31b-it,"Fennel seed is a type of food, as any instance of a fennel seed is necessarily an instance of food."
SemEvalFood_SUB,pred,food,center,0,part_of,google/gemma-4-31b-it,"The term 'center' in the context of 'food', 'sweet', and 'dainty' likely refers to the middle part of a confection or food item, making it a component rather than a type of food."
SemEvalFood_SUB,pred,food,antipasto,0,is_a,google/gemma-4-31b-it,"An antipasto is a type of food, as every instance of an antipasto is necessarily an instance of food."
SemEvalFood_SUB,pred,food,dairy product,0,is_a,google/gemma-4-31b-it,"Every dairy product is, by definition, a type of food."
SemEvalFood_SUB,pred,food,sun tea,0,is_a,google/gemma-4-31b-it,"Sun tea is a specific type of beverage, and all beverages are categorized as food in a broad taxonomic sense."
SemEvalFood_SUB,pred,food,corn,0,is_a,google/gemma-4-31b-it,"Corn is a type of food, meaning every instance of corn is also an instance of food."
SemEvalFood_SUB,pred,food,diabetic diet,0,other_related,google/gemma-4-31b-it,"A diabetic diet is a specific regimen or set of guidelines for consuming food, rather than being a type of food itself."
SemEvalFood_SUB,pred,food,nut butter,0,is_a,google/gemma-4-31b-it,Every instance of nut butter is fundamentally a type of food.
SemEvalFood_SUB,pred,food,grain,0,is_a,google/gemma-4-31b-it,Every instance of a grain is fundamentally a type of food.
SemEvalFood_SUB,pred,food,succotash,0,is_a,google/gemma-4-31b-it,"Succotash is a specific type of food, meaning every instance of succotash is necessarily an instance of food."
SemEvalFood_SUB,pred,food,crabapple jelly,0,is_a,google/gemma-4-31b-it,"Crabapple jelly is a specific type of food, meaning every instance of crabapple jelly is necessarily an instance of food."
SemEvalFood_SUB,pred,food,tea,0,is_a,google/gemma-4-31b-it,"Tea is a type of food (specifically a beverage), meaning every instance of tea is also an instance of food."
SemEvalFood_SUB,pred,food,ravigote,0,is_a,google/gemma-4-31b-it,"A ravigote (a type of sauce) is a specific kind of food, meaning every instance of ravigote is necessarily an instance of food."
SemEvalFood_SUB,pred,food,dainty,0,is_a,google/gemma-4-31b-it,"In this context, 'dainty' refers to a small, delicate piece of food, meaning every dainty is a type of food."
SemEvalFood_SUB,pred,food,taco sauce,0,is_a,google/gemma-4-31b-it,Every instance of taco sauce is a type of food.
SemEvalFood_SUB,pred,food,fare,0,synonym,google/gemma-4-31b-it,"In this context, 'fare' is a synonym for food or a range of food provided, meaning the two terms denote the same general concept."
SemEvalFood_SUB,pred,food,groats,0,is_a,google/gemma-4-31b-it,"Groats are a type of food, meaning every instance of groats is necessarily an instance of food."
SemEvalFood_SUB,pred,food,bread,0,is_a,google/gemma-4-31b-it,"Bread is a type of food, meaning every instance of bread is necessarily an instance of food."
SemEvalFood_SUB,pred,food,eatage,0,synonym,google/gemma-4-31b-it,"'Eatage' is an archaic or rare term for food or the act of eating, making it a synonym for 'food' in the context of sustenance."
SemEvalFood_SUB,pred,food,meal,0,is_a,google/gemma-4-31b-it,"A meal is a specific occasion or collection of food items consumed at once, meaning every meal is fundamentally a type of food (or a food-event), fitting the definition of proper subsumption."
SemEvalFood_SUB,pred,food,condiment,0,is_a,google/gemma-4-31b-it,"Every condiment is, by definition, a type of food."
SemEvalFood_SUB,pred,food,french bread,0,is_a,google/gemma-4-31b-it,Every instance of french bread is by definition a type of food.
SemEvalFood_SUB,pred,food,gazpacho,0,is_a,google/gemma-4-31b-it,"Gazpacho is a specific type of food, meaning every instance of gazpacho is necessarily an instance of food."
SemEvalFood_SUB,pred,food,flatbread,0,is_a,google/gemma-4-31b-it,Every instance of a flatbread is by definition a type of food.
SemEvalFood_SUB,pred,food,relish,0,is_a,google/gemma-4-31b-it,Every instance of relish is a type of food.
SemEvalFood_SUB,pred,food,hard candy,0,is_a,google/gemma-4-31b-it,Every instance of hard candy is a type of food.
SemEvalFood_SUB,pred,food,dish,0,is_a,google/gemma-4-31b-it,"A dish is a specific kind of food (a prepared culinary preparation), meaning every instance of a dish is necessarily an instance of food."
SemEvalFood_SUB,pred,food,feed,0,is_a,google/gemma-4-31b-it,"Feed is a specific type of food intended for animals, meaning every instance of feed is also an instance of food."
SemEvalFood_SUB,pred,food,camomile tea,0,is_a,google/gemma-4-31b-it,"Camomile tea is a specific type of food (specifically a beverage), meaning every instance of camomile tea is also an instance of food."
SemEvalFood_SUB,pred,food,pickle relish,0,is_a,google/gemma-4-31b-it,Every instance of pickle relish is fundamentally a type of food.
SemEvalFood_SUB,pred,food,popcorn,0,is_a,google/gemma-4-31b-it,"Popcorn is a specific type of food, meaning every instance of popcorn is necessarily an instance of food."
SemEvalFood_SUB,pred,food,fodder,0,is_a,google/gemma-4-31b-it,"Fodder is a specific type of food intended for livestock, meaning every instance of fodder is also an instance of food."
SemEvalFood_SUB,pred,food,apple jelly,0,is_a,google/gemma-4-31b-it,Every instance of apple jelly is a type of food.
SemEvalFood_SUB,pred,food,conserve,0,is_a,google/gemma-4-31b-it,"A conserve is a type of jam or preserve, and since all preserves are types of food, every instance of a conserve is also an instance of food."
SemEvalFood_SUB,pred,food,liquor,0,is_a,google/gemma-4-31b-it,"Liquor is a type of food (specifically a liquid food or beverage), meaning every instance of liquor is also an instance of food."
SemEvalFood_SUB,pred,food,course,0,part_of,google/gemma-4-31b-it,"A course (such as an appetizer or main course) is a structural part of a meal or a sequence of food service, not a type of food itself."
SemEvalFood_SUB,pred,food,porcupine ball,0,is_a,google/gemma-4-31b-it,A 'porcupine ball' (a type of meatball dish) is a specific kind of food.
SemEvalFood_SUB,pred,food,starches,0,is_a,google/gemma-4-31b-it,"Starches are a category of food, meaning every instance of a starch is also an instance of food."
SemEvalFood_SUB,pred,food,blue cheese dressing,0,is_a,google/gemma-4-31b-it,"Every instance of blue cheese dressing is, by definition, a type of food."
SemEvalFood_SUB,pred,food,candy,0,is_a,google/gemma-4-31b-it,Every instance of candy is a type of food.
SemEvalFood_SUB,pred,food,foodstuff,0,synonym,google/gemma-4-31b-it,'Foodstuff' and 'food' are used interchangeably to refer to any substance that can be used as food.
SemEvalFood_SUB,pred,food,confiture,0,is_a,google/gemma-4-31b-it,"Confiture (jam) is a specific type of food, meaning every instance of confiture is necessarily an instance of food."
SemEvalFood_SUB,pred,food,soup,0,is_a,google/gemma-4-31b-it,Every instance of soup is fundamentally a type of food.
SemEvalFood_SUB,pred,food,home fries,0,is_a,google/gemma-4-31b-it,Every instance of home fries is a type of food.
SemEvalFood_SUB,pred,food,chow,0,is_a,google/gemma-4-31b-it,"'Chow' is a colloquial or informal term for food, meaning every instance of chow is an instance of food."
SemEvalFood_SUB,pred,food,mashed potato,0,is_a,google/gemma-4-31b-it,Every instance of mashed potato is fundamentally a type of food.
SemEvalFood_SUB,pred,food,vitamin b2,0,part_of,google/gemma-4-31b-it,"Vitamin B2 is a nutrient found within food, but it is not a type of food itself."
SemEvalFood_SUB,pred,food,alfalfa,0,is_a,google/gemma-4-31b-it,"Alfalfa is a type of food (specifically animal feed/fodder), meaning every instance of alfalfa used in this context is an instance of food."
SemEvalFood_SUB,pred,food,cocktail,0,is_a,google/gemma-4-31b-it,"A cocktail is a type of food (specifically a beverage/nutriment), meaning every instance of a cocktail is also an instance of food."
SemEvalFood_SUB,pred,food,nutriment,0,synonym,google/gemma-4-31b-it,"'Nutriment' refers to any substance that provides nourishment, which is the defining characteristic and essence of 'food'."
SemEvalFood_SUB,pred,food,tamale pie,0,is_a,google/gemma-4-31b-it,Every instance of a tamale pie is fundamentally a type of food.
SemEvalFood_SUB,pred,food,pantothenic acid,0,part_of,google/gemma-4-31b-it,"Pantothenic acid is a nutrient found within food, but it is not a type of food itself."
SemEvalFood_SUB,pred,food,celery stick,0,is_a,google/gemma-4-31b-it,"A celery stick is a specific type of food, meaning every instance of a celery stick is necessarily an instance of food."
SemEvalFood_SUB,pred,food,moo goo gai pan,0,is_a,google/gemma-4-31b-it,"Moo goo gai pan is a specific type of food, meaning every instance of this dish is necessarily an instance of food."
SemEvalFood_SUB,pred,food,"herb tea (herb tea, tisane)",0,is_a,google/gemma-4-31b-it,Every instance of herb tea is a type of food.
SemEvalFood_SUB,pred,food,caraway seed,0,is_a,google/gemma-4-31b-it,Every instance of a caraway seed is a type of food.
SemEvalFood_SUB,pred,food,steak sauce,0,is_a,google/gemma-4-31b-it,Every instance of steak sauce is a type of food.
SemEvalFood_SUB,pred,food,baguet,0,is_a,google/gemma-4-31b-it,"A baguette is a specific type of food, meaning every instance of a baguette is necessarily an instance of food."
SemEvalFood_SUB,pred,food,garlic,0,is_a,google/gemma-4-31b-it,"Garlic is a type of food, meaning every instance of garlic is also an instance of food."
SemEvalFood_SUB,pred,food,crudites,0,is_a,google/gemma-4-31b-it,Every instance of crudités (raw vegetables served as an appetizer) is by definition a type of food.
SemEvalFood_SUB,pred,food,white bread,0,is_a,google/gemma-4-31b-it,Every instance of white bread is fundamentally a type of food.
SemEvalFood_SUB,pred,food,mayonnaise,0,is_a,google/gemma-4-31b-it,Every instance of mayonnaise is by definition a type of food.
SemEvalFood_SUB,pred,food,diet,0,other_related,google/gemma-4-31b-it,"A diet is a specific regime or pattern of food consumption, not a type of food itself."
SemEvalFood_SUB,pred,food,ingredient,0,is_a,google/gemma-4-31b-it,"An ingredient is a specific kind of food (or foodstuff) used in the preparation of a dish, meaning every ingredient is inherently a type of food."
SemEvalFood_SUB,pred,food,sauce,0,is_a,google/gemma-4-31b-it,"Every sauce is a type of food, as it is an edible substance consumed for nutrition or pleasure."
SemEvalFood_SUB,pred,food,spread,0,is_a,google/gemma-4-31b-it,Every spread (such as jam or butter) is by definition a type of food.
SemEvalFood_SUB,pred,food,oolong,0,is_a,google/gemma-4-31b-it,"Oolong is a type of tea, and tea is a type of food (in the broad sense of edible/consumable substances), so every instance of oolong is also an instance of food."
SemEvalFood_SUB,pred,food,gin and it,0,is_a,google/gemma-4-31b-it,"'Gin and it' (likely a misspelling or specific dish/drink) is a type of food/nutriment, meaning every instance of it is also an instance of food."
SemEvalFood_SUB,pred,food,flavorer,0,is_a,google/gemma-4-31b-it,"A flavorer (such as a spice or additive) is a type of food or foodstuff used to enhance taste, meaning every flavorer is a kind of food."
SemEvalFood_SUB,pred,food,gin,0,is_a,google/gemma-4-31b-it,"Gin is a type of beverage, and beverages are categorized as a kind of food in a broad nutritional sense."
SemEvalFood_SUB,pred,food,vitamin,0,part_of,google/gemma-4-31b-it,"A vitamin is a nutrient found within food, but it is not a type of food itself."
SemEvalFood_SUB,pred,food,water soluble vitamin,0,part_of,google/gemma-4-31b-it,"A water soluble vitamin is a nutrient found within food, but it is not a type of food itself."
SemEvalFood_SUB,pred,food,niacin,0,part_of,google/gemma-4-31b-it,"Niacin is a nutrient found within food, but it is not a type of food itself."
SemEvalFood_SUB,pred,food,sugar water,0,is_a,google/gemma-4-31b-it,"Sugar water is a type of food (in the broad sense of something consumed for nutrition), so every instance of sugar water is also an instance of food."
SemEvalFood_SUB,pred,food,soda water,0,is_a,google/gemma-4-31b-it,"Soda water is a type of beverage, and beverages are a subcategory of food in a broad taxonomic sense."
SemEvalFood_SUB,pred,food,b complex vitamin,0,part_of,google/gemma-4-31b-it,"A B complex vitamin is a nutrient found within food or used as a supplement, but it is not a type of food itself."
SemEvalFood_SUB,pred,food,broth,0,is_a,google/gemma-4-31b-it,Every instance of broth is a type of food.
SemEvalFood_SUB,pred,food,bap,0,is_a,google/gemma-4-31b-it,"A bap is a type of bread roll, and since all bread rolls are types of food, every instance of a bap is also an instance of food."
SemEvalFood_SUB,pred,food,flatbrod,0,is_a,google/gemma-4-31b-it,"Flatbrod is a type of bread, and all bread is a type of food, therefore every instance of flatbrod is also an instance of food."
SemEvalFood_SUB,pred,jelly,crabapple jelly,0,is_a,google/gemma-4-31b-it,"Crabapple jelly is a specific type of jelly, meaning every instance of crabapple jelly is necessarily an instance of jelly."
SemEvalFood_SUB,pred,jelly,apple jelly,0,is_a,google/gemma-4-31b-it,"Apple jelly is a specific type of jelly, meaning every instance of apple jelly is necessarily an instance of jelly."
SemEvalFood_SUB,pred,apple jelly,crabapple jelly,0,is_a,google/gemma-4-31b-it,"Crabapple jelly is a specific type of apple jelly, as crabapples are a variety of apple used to make this kind of preserve."
SemEvalFood_SUB,pred,conserve,jelly,0,is_a,google/gemma-4-31b-it,"A jelly is a specific type of fruit preserve or conserve, meaning every instance of jelly is also an instance of a conserve."
SemEvalFood_SUB,pred,conserve,crabapple jelly,0,is_a,google/gemma-4-31b-it,"A crabapple jelly is a specific type of conserve (a jam-like preserve of fruit), meaning every instance of the former is an instance of the latter."
SemEvalFood_SUB,pred,conserve,apple jelly,0,is_a,google/gemma-4-31b-it,"Apple jelly is a specific type of conserve (a jam-like preserve of fruit), meaning every instance of apple jelly is also an instance of a conserve."
SemEvalFood_SUB,pred,spread,jelly,1,is_a,google/gemma-4-31b-it,"Every instance of jelly is a type of spread, as it is a food product intended to be spread on other foods."
SemEvalFood_SUB,pred,spread,nut butter,0,is_a,google/gemma-4-31b-it,Every instance of nut butter is by definition a type of spread.
SemEvalFood_SUB,pred,spread,crabapple jelly,1,is_a,google/gemma-4-31b-it,"Crabapple jelly is a specific type of spread, as every instance of crabapple jelly fits the definition of a spread."
SemEvalFood_SUB,pred,spread,apple jelly,1,is_a,google/gemma-4-31b-it,"Apple jelly is a specific type of spread, as every instance of apple jelly functions as a spread."
SemEvalFood_SUB,pred,spread,conserve,1,is_a,google/gemma-4-31b-it,"In this context, 'conserve' refers to a type of jam or fruit preserve, which is a specific kind of 'spread'."
SemEvalFood_SUB,pred,spread,confiture,1,is_a,google/gemma-4-31b-it,"A 'confiture' (jam/preserve) is a specific type of 'spread', as every instance of confiture is by definition a spread."
SemEvalFood_SUB,pred,condiment,jelly,1,other_related,google/gemma-4-31b-it,"While jelly is often used as a condiment, not all jellies are condiments (e.g., dessert jellies) and not all condiments are jellies, making it a functional usage rather than a strict taxonomic subsumption."
SemEvalFood_SUB,pred,condiment,green mayonnaise,0,is_a,google/gemma-4-31b-it,"Green mayonnaise is a specific type of condiment, meaning every instance of green mayonnaise is necessarily an instance of a condiment."
SemEvalFood_SUB,pred,condiment,dressing,0,is_a,google/gemma-4-31b-it,Every dressing is a type of condiment used to enhance the flavor of food.
SemEvalFood_SUB,pred,condiment,hard sauce,0,is_a,google/gemma-4-31b-it,A hard sauce is a specific type of condiment used to add flavor to food.
SemEvalFood_SUB,pred,condiment,nut butter,0,is_a,google/gemma-4-31b-it,"Nut butter is a type of condiment because it is a food used to enhance the flavor of other foods, typically used as a spread."
SemEvalFood_SUB,pred,condiment,ravigote,0,is_a,google/gemma-4-31b-it,"A ravigote is a specific type of sauce used as a condiment, meaning every instance of ravigote is also an instance of a condiment."
SemEvalFood_SUB,pred,condiment,taco sauce,0,is_a,google/gemma-4-31b-it,"Taco sauce is a specific type of condiment, meaning every instance of taco sauce is necessarily an instance of a condiment."
SemEvalFood_SUB,pred,condiment,sauce,0,is_a,google/gemma-4-31b-it,Every sauce is a type of condiment used to enhance the flavor of food.
SemEvalFood_SUB,pred,condiment,spread,0,is_a,google/gemma-4-31b-it,"A spread is a type of condiment used to enhance the flavor of food, meaning every spread is also a condiment."
SemEvalFood_SUB,pred,condiment,relish,0,is_a,google/gemma-4-31b-it,Every relish is by definition a type of condiment used to enhance the flavor of food.
SemEvalFood_SUB,pred,condiment,pickle relish,0,is_a,google/gemma-4-31b-it,"Pickle relish is a specific type of condiment, meaning every instance of pickle relish is necessarily an instance of a condiment."
SemEvalFood_SUB,pred,condiment,blue cheese dressing,0,is_a,google/gemma-4-31b-it,"Blue cheese dressing is a specific type of condiment, meaning every instance of blue cheese dressing is necessarily an instance of a condiment."
SemEvalFood_SUB,pred,condiment,steak sauce,0,is_a,google/gemma-4-31b-it,"Steak sauce is a specific type of condiment, meaning every instance of steak sauce is necessarily an instance of a condiment."
SemEvalFood_SUB,pred,condiment,mayonnaise,0,is_a,google/gemma-4-31b-it,"Mayonnaise is a specific type of condiment, meaning every instance of mayonnaise is necessarily an instance of a condiment."
SemEvalFood_SUB,pred,flavorer,jelly,1,other_related,google/gemma-4-31b-it,"Jelly is a food product that can be used as a flavorer or ingredient, but it is not a type of flavorer in a taxonomic sense."
SemEvalFood_SUB,pred,flavorer,green mayonnaise,0,is_a,google/gemma-4-31b-it,"Green mayonnaise is a type of condiment or sauce used to flavor food, making it a specific kind of flavorer."
SemEvalFood_SUB,pred,flavorer,dressing,0,is_a,google/gemma-4-31b-it,"A dressing is a specific type of substance used to flavor food, meaning every dressing is a flavorer."
SemEvalFood_SUB,pred,flavorer,herb,0,is_a,google/gemma-4-31b-it,"An herb is a type of substance used to flavor food, meaning every herb is a flavorer."
SemEvalFood_SUB,pred,flavorer,hard sauce,0,is_a,google/gemma-4-31b-it,"A hard sauce is a type of condiment used to add flavor to food, making it a specific kind of flavorer."
SemEvalFood_SUB,pred,flavorer,fennel seed,0,is_a,google/gemma-4-31b-it,A fennel seed is a type of flavorer because it is used specifically to provide flavor to food.
SemEvalFood_SUB,pred,flavorer,nut butter,0,other_related,google/gemma-4-31b-it,"While nut butter can be used to flavor other foods, it is a type of spread or condiment rather than a subclass of flavorers (which typically refers to seasonings or additives)."
SemEvalFood_SUB,pred,flavorer,ravigote,0,is_a,google/gemma-4-31b-it,A ravigote (a type of sauce) is a specific kind of flavorer used to enhance the taste of food.
SemEvalFood_SUB,pred,flavorer,taco sauce,0,is_a,google/gemma-4-31b-it,"Taco sauce is a specific type of flavorer, as any instance of taco sauce functions as a substance used to add flavor to food."
SemEvalFood_SUB,pred,flavorer,sauce,0,is_a,google/gemma-4-31b-it,"A sauce is a specific type of substance used to flavor food, meaning every sauce is by definition a flavorer."
SemEvalFood_SUB,pred,flavorer,spread,0,is_a,google/gemma-4-31b-it,"A spread is a type of food used to add flavor to other foods, making it a specific kind of flavorer."
SemEvalFood_SUB,pred,flavorer,condiment,0,is_a,google/gemma-4-31b-it,"A condiment is a specific type of flavorer used to enhance the taste of food, meaning every condiment is by definition a flavorer."
SemEvalFood_SUB,pred,flavorer,relish,0,is_a,google/gemma-4-31b-it,"A relish is a type of food used to add flavor to other dishes, making it a specific kind of flavorer."
SemEvalFood_SUB,pred,flavorer,pickle relish,0,is_a,google/gemma-4-31b-it,"Pickle relish is a type of substance used to add flavor to food, making it a specific kind of flavorer."
SemEvalFood_SUB,pred,flavorer,blue cheese dressing,0,is_a,google/gemma-4-31b-it,"Blue cheese dressing is a type of substance used to add flavor to food, making it a specific kind of flavorer."
SemEvalFood_SUB,pred,flavorer,caraway seed,0,is_a,google/gemma-4-31b-it,"A caraway seed is a type of flavorer (a substance used to add flavor), meaning every instance of a caraway seed functions as a flavorer."
SemEvalFood_SUB,pred,flavorer,steak sauce,0,is_a,google/gemma-4-31b-it,"A steak sauce is a specific type of flavorer, as any instance of steak sauce functions as a substance used to enhance the flavor of food."
SemEvalFood_SUB,pred,flavorer,garlic,0,is_a,google/gemma-4-31b-it,Garlic is a type of flavorer because any instance of garlic used in a culinary context functions as a flavorer.
SemEvalFood_SUB,pred,flavorer,mayonnaise,0,is_a,google/gemma-4-31b-it,"Mayonnaise is a type of substance used to add flavor to food, meaning every instance of mayonnaise is also an instance of a flavorer."
SemEvalFood_SUB,pred,ingredient,jelly,1,other_related,google/gemma-4-31b-it,"While jelly can be used as an ingredient, it is a specific type of food product, and not every jelly is an ingredient (it can be a standalone dish), nor is every ingredient a jelly."
SemEvalFood_SUB,pred,ingredient,green mayonnaise,0,other_related,google/gemma-4-31b-it,"Green mayonnaise is a type of food that can function as an ingredient in a recipe, but it is not a subclass of the general concept of an ingredient."
SemEvalFood_SUB,pred,ingredient,dressing,0,is_a,google/gemma-4-31b-it,"A dressing is a type of ingredient used in food preparation, meaning every instance of a dressing is also an instance of an ingredient."
SemEvalFood_SUB,pred,ingredient,herb,0,is_a,google/gemma-4-31b-it,Every herb used in a culinary context is a type of ingredient.
SemEvalFood_SUB,pred,ingredient,hard sauce,0,other_related,google/gemma-4-31b-it,"A hard sauce is a type of condiment or sauce that can be used as an ingredient in a recipe, but it is not a subclass of the general concept of an ingredient."
SemEvalFood_SUB,pred,ingredient,fennel seed,0,is_a,google/gemma-4-31b-it,"Fennel seed is a type of ingredient used in cooking, meaning every instance of a fennel seed (in this context) is an instance of an ingredient."
SemEvalFood_SUB,pred,ingredient,sauce,0,is_a,google/gemma-4-31b-it,"A sauce is a type of ingredient used in cooking and food preparation, meaning every sauce is an ingredient."
SemEvalFood_SUB,pred,ingredient,nut butter,0,is_a,google/gemma-4-31b-it,"Nut butter is a type of ingredient used in cooking and food preparation, meaning every instance of nut butter is also an instance of an ingredient."
SemEvalFood_SUB,pred,ingredient,spread,0,other_related,google/gemma-4-31b-it,"A spread is a type of food that can function as an ingredient in a recipe, but not every spread is inherently an ingredient, nor is every ingredient a spread."
SemEvalFood_SUB,pred,ingredient,ravigote,0,is_a,google/gemma-4-31b-it,"A ravigote (sauce) is a type of ingredient used in cooking, meaning every instance of ravigote is also an instance of an ingredient."
SemEvalFood_SUB,pred,ingredient,taco sauce,0,is_a,google/gemma-4-31b-it,"Taco sauce is a type of ingredient used in cooking, meaning every instance of taco sauce is also an instance of an ingredient."
SemEvalFood_SUB,pred,ingredient,flavorer,0,is_a,google/gemma-4-31b-it,"A flavorer is a specific type of ingredient used to impart taste to food, meaning every flavorer is necessarily an ingredient."
SemEvalFood_SUB,pred,ingredient,condiment,0,is_a,google/gemma-4-31b-it,"A condiment is a specific type of ingredient used to enhance flavor, meaning every condiment is necessarily an ingredient."
SemEvalFood_SUB,pred,ingredient,relish,0,is_a,google/gemma-4-31b-it,"Relish is a type of ingredient used in cooking or food preparation, meaning every relish is an ingredient."
SemEvalFood_SUB,pred,ingredient,pickle relish,0,is_a,google/gemma-4-31b-it,"Pickle relish is a type of ingredient used in cooking or food preparation, meaning every instance of pickle relish is also an instance of an ingredient."
SemEvalFood_SUB,pred,ingredient,blue cheese dressing,0,is_a,google/gemma-4-31b-it,"Blue cheese dressing is a type of ingredient used in cooking or food preparation, meaning every instance of blue cheese dressing is also an instance of an ingredient."
SemEvalFood_SUB,pred,ingredient,caraway seed,0,is_a,google/gemma-4-31b-it,"A caraway seed is a type of ingredient used in cooking, meaning every instance of a caraway seed is also an instance of an ingredient."
SemEvalFood_SUB,pred,ingredient,steak sauce,0,is_a,google/gemma-4-31b-it,Steak sauce is a type of ingredient used in cooking and food preparation.
SemEvalFood_SUB,pred,ingredient,garlic,0,is_a,google/gemma-4-31b-it,"Garlic is a type of ingredient, as any instance of garlic used in a culinary context is by definition an ingredient."
SemEvalFood_SUB,pred,ingredient,mayonnaise,0,is_a,google/gemma-4-31b-it,"Mayonnaise is a type of ingredient used in cooking and food preparation, meaning every instance of mayonnaise is also an instance of an ingredient."
SemEvalFood_SUB,pred,ingredient,starches,1,other_related,google/gemma-4-31b-it,"While starches are often used as ingredients, not every starch is an ingredient (e.g., starch in a biological cell) and not every ingredient is a starch, making this a functional role rather than a taxonomic subsumption."
SemEvalFood_SUB,pred,foodstuff,jelly,1,is_a,google/gemma-4-31b-it,"Jelly is a specific type of foodstuff, meaning every instance of jelly is necessarily an instance of a foodstuff."
SemEvalFood_SUB,pred,foodstuff,green mayonnaise,0,is_a,google/gemma-4-31b-it,"Green mayonnaise is a specific type of foodstuff, meaning every instance of green mayonnaise is necessarily an instance of a foodstuff."
SemEvalFood_SUB,pred,foodstuff,dressing,0,is_a,google/gemma-4-31b-it,"A dressing is a type of foodstuff, as any instance of a dressing is necessarily an instance of a foodstuff."
SemEvalFood_SUB,pred,foodstuff,herb,0,is_a,google/gemma-4-31b-it,"An herb is a type of foodstuff, as any instance of an herb used in a culinary context is by definition a substance used as food."
SemEvalFood_SUB,pred,foodstuff,curd,0,is_a,google/gemma-4-31b-it,"Curd is a type of foodstuff, as any instance of curd is by definition an instance of a substance used as food."
SemEvalFood_SUB,pred,foodstuff,hard sauce,0,is_a,google/gemma-4-31b-it,"A hard sauce is a specific type of foodstuff, as any instance of a hard sauce is necessarily an instance of a foodstuff."
SemEvalFood_SUB,pred,foodstuff,buckwheat,0,is_a,google/gemma-4-31b-it,"Buckwheat is a type of foodstuff, as any instance of buckwheat is necessarily an instance of a foodstuff."
SemEvalFood_SUB,pred,foodstuff,fennel seed,0,is_a,google/gemma-4-31b-it,"Fennel seed is a type of foodstuff, as any instance of a fennel seed is by definition an instance of a foodstuff."
SemEvalFood_SUB,pred,foodstuff,dairy product,0,is_a,google/gemma-4-31b-it,Every dairy product is by definition a type of foodstuff.
SemEvalFood_SUB,pred,foodstuff,corn,0,is_a,google/gemma-4-31b-it,"Corn is a type of foodstuff, as any instance of corn is by definition an instance of a foodstuff."
SemEvalFood_SUB,pred,foodstuff,nut butter,0,is_a,google/gemma-4-31b-it,"Nut butter is a type of foodstuff, as any instance of nut butter is necessarily an instance of a foodstuff."
SemEvalFood_SUB,pred,foodstuff,grain,0,is_a,google/gemma-4-31b-it,"Every grain is a type of foodstuff, as grains are a category of raw materials used for food."
SemEvalFood_SUB,pred,foodstuff,ravigote,0,is_a,google/gemma-4-31b-it,"A ravigote (a type of sauce) is a specific kind of foodstuff, meaning every instance of ravigote is necessarily an instance of a foodstuff."
SemEvalFood_SUB,pred,foodstuff,taco sauce,0,is_a,google/gemma-4-31b-it,"Taco sauce is a specific type of foodstuff, meaning every instance of taco sauce is necessarily an instance of a foodstuff."
SemEvalFood_SUB,pred,foodstuff,groats,0,is_a,google/gemma-4-31b-it,"Groats are a type of foodstuff, as any instance of groats is necessarily an instance of a foodstuff."
SemEvalFood_SUB,pred,foodstuff,condiment,0,is_a,google/gemma-4-31b-it,"Every condiment is a type of foodstuff, as condiments are substances used as food to enhance flavor."
SemEvalFood_SUB,pred,foodstuff,relish,0,is_a,google/gemma-4-31b-it,"A relish is a type of foodstuff, as any instance of a relish is necessarily an instance of a foodstuff."
SemEvalFood_SUB,pred,foodstuff,pickle relish,0,is_a,google/gemma-4-31b-it,"Every instance of pickle relish is a type of foodstuff, as foodstuff is a broad category for any substance used as food."
SemEvalFood_SUB,pred,foodstuff,popcorn,0,is_a,google/gemma-4-31b-it,"Popcorn is a specific type of foodstuff, meaning every instance of popcorn is necessarily an instance of a foodstuff."
SemEvalFood_SUB,pred,foodstuff,starches,0,is_a,google/gemma-4-31b-it,"Starches are a category of food substances, meaning every instance of a starch is also an instance of a foodstuff."
SemEvalFood_SUB,pred,foodstuff,blue cheese dressing,0,is_a,google/gemma-4-31b-it,Every instance of blue cheese dressing is a type of foodstuff.
SemEvalFood_SUB,pred,foodstuff,bannock,0,is_a,google/gemma-4-31b-it,"Bannock is a specific type of foodstuff, meaning every instance of bannock is necessarily an instance of a foodstuff."
SemEvalFood_SUB,pred,foodstuff,potato,0,is_a,google/gemma-4-31b-it,"A potato is a type of foodstuff, as every instance of a potato is necessarily an instance of a foodstuff."
SemEvalFood_SUB,pred,foodstuff,ingredient,0,other_related,google/gemma-4-31b-it,"An ingredient is a functional role that a foodstuff plays within a recipe, rather than a taxonomic subclass of foodstuff (since not all foodstuffs are ingredients and not all ingredients are necessarily foodstuffs, though they overlap)."
SemEvalFood_SUB,pred,foodstuff,sauce,0,is_a,google/gemma-4-31b-it,"A sauce is a type of foodstuff, as any instance of a sauce is necessarily an instance of a foodstuff."
SemEvalFood_SUB,pred,foodstuff,spread,0,is_a,google/gemma-4-31b-it,"A spread is a specific type of foodstuff, meaning every instance of a spread is necessarily an instance of a foodstuff."
SemEvalFood_SUB,pred,foodstuff,bread,0,is_a,google/gemma-4-31b-it,"Bread is a type of foodstuff, meaning every instance of bread is necessarily an instance of a foodstuff."
SemEvalFood_SUB,pred,foodstuff,flavorer,0,is_a,google/gemma-4-31b-it,"A flavorer is a type of foodstuff used to impart taste, meaning every instance of a flavorer is also an instance of a foodstuff."
SemEvalFood_SUB,pred,foodstuff,french bread,0,is_a,google/gemma-4-31b-it,"French bread is a specific type of foodstuff, meaning every instance of french bread is necessarily an instance of a foodstuff."
SemEvalFood_SUB,pred,foodstuff,flatbread,0,is_a,google/gemma-4-31b-it,Every instance of flatbread is a type of foodstuff.
SemEvalFood_SUB,pred,foodstuff,caraway seed,0,is_a,google/gemma-4-31b-it,"A caraway seed is a type of foodstuff, as any instance of a caraway seed is necessarily an instance of a substance used as food."
SemEvalFood_SUB,pred,foodstuff,steak sauce,0,is_a,google/gemma-4-31b-it,"Every instance of steak sauce is a type of foodstuff, as it is a substance used as food."
SemEvalFood_SUB,pred,foodstuff,baguet,0,is_a,google/gemma-4-31b-it,"A baguette is a specific type of foodstuff, meaning every instance of a baguette is necessarily an instance of a foodstuff."
SemEvalFood_SUB,pred,foodstuff,garlic,0,is_a,google/gemma-4-31b-it,"Garlic is a type of foodstuff, as any instance of garlic is necessarily an instance of a substance used as food."
SemEvalFood_SUB,pred,foodstuff,white bread,0,is_a,google/gemma-4-31b-it,"White bread is a specific type of foodstuff, meaning every instance of white bread is necessarily an instance of a foodstuff."
SemEvalFood_SUB,pred,foodstuff,mayonnaise,0,is_a,google/gemma-4-31b-it,"Mayonnaise is a type of foodstuff, as any instance of mayonnaise is necessarily an instance of a foodstuff."
SemEvalFood_SUB,pred,foodstuff,bap,0,is_a,google/gemma-4-31b-it,"A bap is a type of bread, and bread is a type of foodstuff, therefore every bap is necessarily a foodstuff."
SemEvalFood_SUB,pred,foodstuff,flatbrod,0,is_a,google/gemma-4-31b-it,"Flatbrod is a type of flatbread, and since flatbread is a type of foodstuff, every instance of flatbrod is necessarily an instance of foodstuff."
SemEvalFood_SUB,pred,foodstuff,celery stick,1,is_a,google/gemma-4-31b-it,"A celery stick is a specific type of foodstuff, as every instance of a celery stick is necessarily an instance of a foodstuff."
SemEvalFood_SUB,pred,foodstuff,broth,1,is_a,google/gemma-4-31b-it,"Broth is a type of foodstuff, as any instance of broth is by definition a substance used as food."
SemEvalFood_SUB,pred,mayonnaise,green mayonnaise,0,is_a,google/gemma-4-31b-it,"Green mayonnaise is a specific type of mayonnaise, meaning every instance of green mayonnaise is necessarily an instance of mayonnaise."
SemEvalFood_SUB,pred,dressing,green mayonnaise,0,is_a,google/gemma-4-31b-it,"Green mayonnaise is a specific type of dressing, meaning every instance of green mayonnaise is also an instance of a dressing."
SemEvalFood_SUB,pred,dressing,blue cheese dressing,0,is_a,google/gemma-4-31b-it,"Blue cheese dressing is a specific type of dressing, meaning every instance of blue cheese dressing is necessarily an instance of dressing."
SemEvalFood_SUB,pred,dressing,mayonnaise,0,is_a,google/gemma-4-31b-it,"Mayonnaise is a specific type of dressing (or can be used as one), meaning every instance of mayonnaise is a type of dressing."
SemEvalFood_SUB,pred,sauce,green mayonnaise,0,is_a,google/gemma-4-31b-it,"Green mayonnaise is a specific type of sauce, meaning every instance of green mayonnaise is necessarily an instance of a sauce."
SemEvalFood_SUB,pred,sauce,dressing,0,is_a,google/gemma-4-31b-it,"A dressing is a specific type of sauce used to flavor salads or other foods, meaning every dressing is a sauce."
SemEvalFood_SUB,pred,sauce,hard sauce,0,is_a,google/gemma-4-31b-it,"A hard sauce is a specific type of sauce (typically a thickened sauce made with butter and sugar), meaning every instance of a hard sauce is necessarily an instance of a sauce."
SemEvalFood_SUB,pred,sauce,ravigote,0,is_a,google/gemma-4-31b-it,"A ravigote is a specific type of sauce, meaning every instance of ravigote is necessarily an instance of a sauce."
SemEvalFood_SUB,pred,sauce,taco sauce,1,is_a,google/gemma-4-31b-it,"Taco sauce is a specific type of sauce, meaning every instance of taco sauce is necessarily an instance of sauce."
SemEvalFood_SUB,pred,sauce,blue cheese dressing,0,is_a,google/gemma-4-31b-it,"Blue cheese dressing is a specific type of sauce, meaning every instance of blue cheese dressing is also an instance of a sauce."
SemEvalFood_SUB,pred,sauce,steak sauce,1,is_a,google/gemma-4-31b-it,"Every steak sauce is, by definition, a type of sauce."
SemEvalFood_SUB,pred,sauce,mayonnaise,0,is_a,google/gemma-4-31b-it,"Mayonnaise is a specific type of sauce, meaning every instance of mayonnaise is also an instance of a sauce."
SemEvalFood_SUB,pred,appetizer,antipasto,0,is_a,google/gemma-4-31b-it,"An antipasto is a specific type of appetizer, meaning every instance of an antipasto is necessarily an instance of an appetizer."
SemEvalFood_SUB,pred,appetizer,cocktail,0,other_related,google/gemma-4-31b-it,"A cocktail is a type of drink often served as an appetizer, but it is not a kind of appetizer itself; rather, it is a specific item that can fulfill the role of an appetizer in a meal sequence."
SemEvalFood_SUB,pred,appetizer,celery stick,0,other_related,google/gemma-4-31b-it,"A celery stick is a specific type of food item that can serve the role of an appetizer, but it is not inherently a subclass of appetizer (as a celery stick remains a celery stick even when eaten as a snack or ingredient)."
SemEvalFood_SUB,pred,appetizer,crudites,0,is_a,google/gemma-4-31b-it,Crudités are a specific type of appetizer consisting of raw vegetables.
SemEvalFood_SUB,pred,cocktail,bullshot,0,is_a,google/gemma-4-31b-it,"A bullshot is a specific type of cocktail (typically beef bouillon and vodka), meaning every instance of a bullshot is necessarily an instance of a cocktail."
SemEvalFood_SUB,pred,cocktail,gin and it,0,is_a,google/gemma-4-31b-it,"A 'gin and it' is a specific type of cocktail, meaning every instance of a 'gin and it' is necessarily an instance of a 'cocktail'."
SemEvalFood_SUB,pred,crudites,celery stick,0,is_a,google/gemma-4-31b-it,"A celery stick is a specific type of crudité (raw vegetable served as an appetizer), meaning every celery stick used in this context is a member of the crudités category."
SemEvalFood_SUB,pred,course,appetizer,0,is_a,google/gemma-4-31b-it,"An appetizer is a specific type of course in a meal, meaning every appetizer is by definition a course."
SemEvalFood_SUB,pred,course,entree,0,is_a,google/gemma-4-31b-it,"An entree is a specific type of course in a meal, meaning every instance of an entree is necessarily an instance of a course."
SemEvalFood_SUB,pred,course,"dessert (dessert, sweet)",0,is_a,google/gemma-4-31b-it,"A dessert is a specific type of course in a meal, meaning every instance of a dessert is also an instance of a course."
SemEvalFood_SUB,pred,course,antipasto,0,is_a,google/gemma-4-31b-it,"An antipasto is a specific type of course served during a meal, meaning every instance of an antipasto is also an instance of a course."
SemEvalFood_SUB,pred,course,tiramisu,0,part_of,google/gemma-4-31b-it,"Tiramisu is a specific type of dessert, and a dessert is a type of course, but a tiramisu itself is a dish that serves as a course rather than being a subclass of the concept of a course."
SemEvalFood_SUB,pred,course,cocktail,0,part_of,google/gemma-4-31b-it,"A cocktail is not a type of course, but rather a specific item or drink that can be served as part of a meal course."
SemEvalFood_SUB,pred,course,crudites,0,part_of,google/gemma-4-31b-it,"Crudités are a specific type of appetizer or dish served during a meal, whereas a course is a stage of a meal; therefore, crudités are a component or a specific offering within a course rather than a kind of course itself."
SemEvalFood_SUB,pred,course,celery stick,0,part_of,google/gemma-4-31b-it,"A celery stick is a food item that can be served as part of a course, but it is not a type of course itself."
SemEvalFood_SUB,pred,meal,appetizer,1,part_of,google/gemma-4-31b-it,"An appetizer is not a type of meal, but rather a specific course or component that makes up a meal."
SemEvalFood_SUB,pred,meal,chow,1,synonym,google/gemma-4-31b-it,"'Chow' is a colloquial term for food or a meal, making it a synonym for 'meal' in this context."
SemEvalFood_SUB,pred,meal,celery stick,1,part_of,google/gemma-4-31b-it,"A celery stick is an item that can be eaten as part of a meal, but it is not a type of meal itself."
SemEvalFood_SUB,pred,meal,crudites,1,part_of,google/gemma-4-31b-it,"Crudités are a type of appetizer or food item that can be served as part of a meal, but they are not a kind of meal themselves."
SemEvalFood_SUB,pred,meatball,porcupine ball,0,is_a,google/gemma-4-31b-it,"A porcupine ball is a specific type of meatball (typically characterized by protruding pieces of meat or ingredients), meaning every porcupine ball is a meatball."
SemEvalFood_SUB,pred,flatbread,bannock,0,is_a,google/gemma-4-31b-it,"Bannock is a specific type of flatbread, meaning every instance of bannock is necessarily an instance of flatbread."
SemEvalFood_SUB,pred,flatbread,flatbrod,0,is_a,google/gemma-4-31b-it,"'Flatbrod' is a specific Norwegian variety of flatbread, meaning every instance of flatbrod is necessarily an instance of flatbread."
SemEvalFood_SUB,pred,bread,bannock,0,is_a,google/gemma-4-31b-it,"Bannock is a specific type of bread, meaning every instance of bannock is necessarily an instance of bread."
SemEvalFood_SUB,pred,bread,french bread,0,is_a,google/gemma-4-31b-it,Every instance of french bread is by definition a type of bread.
SemEvalFood_SUB,pred,bread,flatbread,0,is_a,google/gemma-4-31b-it,Every instance of a flatbread is by definition a type of bread.
SemEvalFood_SUB,pred,bread,baguet,0,is_a,google/gemma-4-31b-it,"A baguette is a specific type of bread, meaning every instance of a baguette is necessarily an instance of bread."
SemEvalFood_SUB,pred,bread,white bread,0,is_a,google/gemma-4-31b-it,Every instance of white bread is by definition a type of bread.
SemEvalFood_SUB,pred,bread,bap,0,is_a,google/gemma-4-31b-it,"A bap is a specific type of bread roll, meaning every instance of a bap is necessarily an instance of bread."
SemEvalFood_SUB,pred,bread,flatbrod,0,is_a,google/gemma-4-31b-it,"'Flatbrod' is a variant spelling or specific term for flatbread, which is a type of bread."
SemEvalFood_SUB,pred,starches,bannock,0,made_of,google/gemma-4-31b-it,"Bannock is a type of bread made from flour, and while it contains starch, it is not a ""kind of"" starch (which is a chemical compound or a category of nutrient)."
SemEvalFood_SUB,pred,starches,french bread,0,made_of,google/gemma-4-31b-it,"French bread is not a type of starch, but is rather composed of starches as a primary nutritional component or ingredient."
SemEvalFood_SUB,pred,herb,alfalfa,1,other_related,google/gemma-4-31b-it,"Alfalfa is a legume used as forage, whereas the taxonomy's definition of 'herb' (containing teas and flavorers) refers to culinary or medicinal herbs, making the relationship a loose association rather than a strict taxonomic subsumption."
SemEvalFood_SUB,pred,herb,buckwheat,1,unrelated,google/gemma-4-31b-it,"Buckwheat is a pseudocereal grain, not a type of herb, although both are used as food ingredients."
SemEvalFood_SUB,pred,herb,corn,1,unrelated,google/gemma-4-31b-it,"Corn is a cereal grain, whereas an herb is typically a leafy plant used for flavoring or medicine; corn is not a type of herb."
SemEvalFood_SUB,pred,herb,garlic,1,other_related,google/gemma-4-31b-it,"While garlic is used as a culinary herb, botanically it is a bulbous vegetable (allium), and the taxonomy's inclusion of teas under 'herb' suggests a functional/culinary grouping rather than a strict taxonomic subsumption."
SemEvalFood_SUB,pred,herb,potato,1,unrelated,google/gemma-4-31b-it,"A potato is a root vegetable and not a type of herb, and while both are food, there is no direct subsumption or compositional relationship between them."
SemEvalFood_SUB,pred,corn,popcorn,0,is_a,google/gemma-4-31b-it,"Popcorn is a specific variety or type of corn, meaning every instance of popcorn is necessarily an instance of corn."
SemEvalFood_SUB,pred,potato,mashed potato,0,made_of,google/gemma-4-31b-it,"Mashed potato is not a type of potato (the tuber), but rather a food product created by processing potatoes as the primary ingredient."
SemEvalFood_SUB,pred,potato,home fries,0,made_of,google/gemma-4-31b-it,"Home fries are not a type of potato (the plant or the tuber), but are rather a food product made from potatoes as the primary ingredient."
SemEvalFood_SUB,pred,dairy product,curd,0,is_a,google/gemma-4-31b-it,"Curd is a specific type of dairy product, meaning every instance of curd is necessarily an instance of a dairy product."
SemEvalFood_SUB,pred,candy,hard candy,0,is_a,google/gemma-4-31b-it,Every instance of hard candy is by definition a type of candy.
SemEvalFood_SUB,pred,candy,center,1,part_of,google/gemma-4-31b-it,"In the context of confectionery, a 'center' (such as the filling of a truffle or bonbon) is a component part of a piece of 'candy', not a type of candy itself."
SemEvalFood_SUB,pred,dainty,"dessert (dessert, sweet)",0,is_a,google/gemma-4-31b-it,"A 'dainty' is defined as a small, delicate, or choice piece of food (often a sweet), making a 'dessert' a specific kind of dainty."
SemEvalFood_SUB,pred,dainty,hard candy,0,is_a,google/gemma-4-31b-it,"A 'dainty' is a small, delicate food item (often a sweet), and since every hard candy fits this description, hard candy is a specific kind of dainty."
SemEvalFood_SUB,pred,dainty,candy,0,is_a,google/gemma-4-31b-it,"A 'dainty' is defined as a small, delicate, or choice piece of food, and since candy fits this description, every instance of candy is a kind of dainty."
SemEvalFood_SUB,pred,grain,buckwheat,0,is_a,google/gemma-4-31b-it,"Buckwheat is a specific type of grain (specifically a pseudocereal), meaning every instance of buckwheat is also an instance of a grain."
SemEvalFood_SUB,pred,grain,corn,0,is_a,google/gemma-4-31b-it,"Corn is a specific type of grain, meaning every instance of corn is also an instance of a grain."
SemEvalFood_SUB,pred,grain,groats,0,is_a,google/gemma-4-31b-it,"Groats are the hulled kernels of grains, meaning they are a specific type of processed grain."
SemEvalFood_SUB,pred,grain,popcorn,0,is_a,google/gemma-4-31b-it,"Popcorn is a specific type of grain (specifically a variety of corn), meaning every instance of popcorn is also an instance of a grain."
SemEvalFood_SUB,pred,relish,pickle relish,0,is_a,google/gemma-4-31b-it,Every instance of pickle relish is by definition a type of relish.
SemEvalFood_SUB,pred,tea,sun tea,0,is_a,google/gemma-4-31b-it,"Sun tea is a specific type of tea defined by its brewing method, meaning every instance of sun tea is necessarily an instance of tea."
SemEvalFood_SUB,pred,tea,oolong,0,is_a,google/gemma-4-31b-it,"Oolong is a specific variety of tea, meaning every instance of oolong is necessarily an instance of tea."
SemEvalFood_SUB,pred,tea,camomile tea,0,is_a,google/gemma-4-31b-it,"Camomile tea is a specific type of tea (specifically a herbal tea), meaning every instance of camomile tea is also an instance of tea."
SemEvalFood_SUB,pred,tea,"herb tea (herb tea, tisane)",0,is_a,google/gemma-4-31b-it,"In common usage and culinary taxonomy, an herbal tea (tisane) is considered a type of tea, as every instance of herb tea is categorized as a tea."
SemEvalFood_SUB,pred,diet,diabetic diet,0,is_a,google/gemma-4-31b-it,"A diabetic diet is a specific type of diet tailored for people with diabetes, meaning every instance of a diabetic diet is necessarily an instance of a diet."
SemEvalFood_SUB,pred,diet,starches,1,part_of,google/gemma-4-31b-it,"Starches are a type of nutrient or food component that can be a part of a diet, but a starch is not a kind of diet."
SemEvalFood_SUB,pred,fare,diabetic diet,0,is_a,google/gemma-4-31b-it,"A 'diabetic diet' is a specific type of 'fare' (meaning food or range of food), as any instance of a diabetic diet is necessarily a type of fare."
SemEvalFood_SUB,pred,fare,diet,0,is_a,google/gemma-4-31b-it,"In this context, 'fare' is a synonym for 'food' or 'sustenance', and a 'diet' is a specific kind of fare (the food habitually eaten by a person)."
SemEvalFood_SUB,pred,fare,starches,1,is_a,google/gemma-4-31b-it,"'Fare' is a synonym for food or a range of food provided, and since starches are a type of food, they are a kind of fare."
SemEvalFood_SUB,pred,fare,chow,0,synonym,google/gemma-4-31b-it,"Both 'chow' and 'fare' are informal or formal terms for food, and in this context, they denote the same general concept."
SemEvalFood_SUB,pred,fare,celery stick,1,is_a,google/gemma-4-31b-it,"'Fare' is a synonym for food or a range of food provided, and since a celery stick is a type of food, it is a proper subsumption."
SemEvalFood_SUB,pred,"herb tea (herb tea, tisane)",camomile tea,0,is_a,google/gemma-4-31b-it,"Camomile tea is a specific type of herb tea, meaning every instance of camomile tea is necessarily an instance of herb tea."
SemEvalFood_SUB,pred,french bread,baguet,0,is_a,google/gemma-4-31b-it,"'Baguet' (likely a misspelling of baguette) is a specific type of French bread, meaning every baguette is a French bread."
SemEvalFood_SUB,pred,white bread,french bread,0,is_a,google/gemma-4-31b-it,"French bread is a specific type of white bread, meaning every instance of french bread is necessarily an instance of white bread."
SemEvalFood_SUB,pred,white bread,baguet,0,is_a,google/gemma-4-31b-it,"A baguette is a specific type of white bread, meaning every baguette is necessarily an instance of white bread."
SemEvalFood_SUB,pred,white bread,bap,1,is_a,google/gemma-4-31b-it,"A bap is a specific type of bread roll that is typically made from white flour, meaning every bap is a kind of white bread."
SemEvalFood_SUB,pred,feed,eatage,0,synonym,google/gemma-4-31b-it,"'Eatage' is an archaic or rare term for food or fodder, making it a direct synonym for 'feed' in the context of animal nutrition."
SemEvalFood_SUB,pred,feed,meal,1,other_related,google/gemma-4-31b-it,"A meal is an occasion or a specific serving of food, whereas feed refers to food given to domestic animals; a meal is not a type of animal feed."
SemEvalFood_SUB,pred,feed,fodder,0,is_a,google/gemma-4-31b-it,"Fodder is a specific type of animal feed, meaning every instance of fodder is necessarily an instance of feed."
SemEvalFood_SUB,pred,feed,alfalfa,0,is_a,google/gemma-4-31b-it,"Alfalfa is a specific type of animal feed, meaning every instance of alfalfa used in this context is a kind of feed."
SemEvalFood_SUB,pred,eatage,starches,1,is_a,google/gemma-4-31b-it,"'Eatage' is an archaic or rare synonym for food or things to be eaten, and since starches are a type of food, the subsumption holds."
SemEvalFood_SUB,pred,eatage,alfalfa,1,synonym,google/gemma-4-31b-it,"'Eatage' is an archaic or rare term for food or fodder, making it a synonym for the categories that both 'alfalfa' and 'eatage' belong to."
SemEvalFood_SUB,pred,soup,gazpacho,0,is_a,google/gemma-4-31b-it,"Gazpacho is a specific type of soup, meaning every instance of gazpacho is necessarily an instance of soup."
SemEvalFood_SUB,pred,soup,broth,0,is_a,google/gemma-4-31b-it,"A broth is a specific type of soup characterized by its clear liquid base, meaning every broth is a soup."
SemEvalFood_SUB,pred,liquor,gin,0,is_a,google/gemma-4-31b-it,"Gin is a specific type of liquor, meaning every instance of gin is necessarily an instance of liquor."
SemEvalFood_SUB,pred,vitamin,water soluble vitamin,0,is_a,google/gemma-4-31b-it,"Every water soluble vitamin is, by definition, a type of vitamin."
SemEvalFood_SUB,pred,vitamin,niacin,0,is_a,google/gemma-4-31b-it,"Niacin is a specific type of vitamin, meaning every instance of niacin is necessarily an instance of a vitamin."
SemEvalFood_SUB,pred,vitamin,vitamin b2,0,is_a,google/gemma-4-31b-it,"Vitamin B2 is a specific type of vitamin, meaning every instance of vitamin B2 is necessarily an instance of the broader category of vitamins."
SemEvalFood_SUB,pred,vitamin,pantothenic acid,0,is_a,google/gemma-4-31b-it,"Pantothenic acid is a specific type of vitamin (specifically Vitamin B5), meaning every instance of pantothenic acid is necessarily an instance of a vitamin."
SemEvalFood_SUB,pred,vitamin,b complex vitamin,0,is_a,google/gemma-4-31b-it,"A B complex vitamin is a specific type of vitamin, meaning every instance of a B complex vitamin is necessarily an instance of a vitamin."
SemEvalFood_SUB,pred,water soluble vitamin,niacin,0,is_a,google/gemma-4-31b-it,"Niacin is a specific type of water-soluble vitamin, meaning every instance of niacin is necessarily an instance of a water-soluble vitamin."
SemEvalFood_SUB,pred,water soluble vitamin,vitamin b2,0,is_a,google/gemma-4-31b-it,"Vitamin B2 (riboflavin) is a specific type of water-soluble vitamin, meaning every instance of vitamin B2 is necessarily an instance of a water-soluble vitamin."
SemEvalFood_SUB,pred,water soluble vitamin,pantothenic acid,0,is_a,google/gemma-4-31b-it,"Pantothenic acid is a specific type of water-soluble vitamin, meaning every instance of pantothenic acid is necessarily an instance of a water-soluble vitamin."
SemEvalFood_SUB,pred,water soluble vitamin,b complex vitamin,0,is_a,google/gemma-4-31b-it,"A B complex vitamin is a specific type of water-soluble vitamin, meaning every instance of the former is necessarily an instance of the latter."
SemEvalFood_SUB,pred,b complex vitamin,niacin,0,is_a,google/gemma-4-31b-it,"Niacin is a specific type of B complex vitamin, meaning every instance of niacin is necessarily an instance of a B complex vitamin."
SemEvalFood_SUB,pred,b complex vitamin,vitamin b2,0,is_a,google/gemma-4-31b-it,"Vitamin B2 (riboflavin) is a specific type of B complex vitamin, meaning every instance of vitamin B2 is necessarily an instance of the B complex vitamin group."
SemEvalFood_SUB,pred,b complex vitamin,pantothenic acid,0,is_a,google/gemma-4-31b-it,"Pantothenic acid (Vitamin B5) is a specific type of B complex vitamin, meaning every instance of pantothenic acid is necessarily an instance of a B complex vitamin."
SemEvalFood_SUB,pred,water,sugar water,0,made_of,google/gemma-4-31b-it,"Sugar water is not a type of water, but rather a mixture that uses water as a primary ingredient."
SemEvalFood_SUB,pred,water,drinking water,0,is_a,google/gemma-4-31b-it,"Drinking water is a specific type of water that is safe for human consumption, meaning every instance of drinking water is necessarily an instance of water."
SemEvalFood_SUB,pred,water,soda water,0,is_a,google/gemma-4-31b-it,"Soda water is a specific type of water (carbonated water), meaning every instance of soda water is necessarily an instance of water."
SemEvalFood_SUB,pred,drinking water,soda water,0,is_a,google/gemma-4-31b-it,"Soda water is a specific type of drinking water, meaning every instance of soda water is also an instance of drinking water."
SemEvalFood_SUB,pred,chow,starches,1,is_a,google/gemma-4-31b-it,"'Chow' is a colloquial synonym for 'food', and since 'starches' are a type of food, they are also a type of 'chow'."
WordNetFood_SUB,gt,rice,brown rice,,is_a,google/gemma-4-31b-it,"Brown rice is a specific variety or type of rice, meaning every instance of brown rice is necessarily an instance of rice."
WordNetFood_SUB,gt,legume,pea,,is_a,google/gemma-4-31b-it,"A pea is a specific type of legume, meaning every instance of a pea is necessarily an instance of a legume."
WordNetFood_SUB,gt,sweet roll,bear claw,,is_a,google/gemma-4-31b-it,"A bear claw is a specific type of sweet roll characterized by its shape and almond filling, meaning every bear claw is a sweet roll."
WordNetFood_SUB,gt,chowder,clam chowder,,is_a,google/gemma-4-31b-it,Every instance of clam chowder is by definition a type of chowder.
WordNetFood_SUB,gt,herb,marjoram,,is_a,google/gemma-4-31b-it,"Marjoram is a specific type of herb, meaning every instance of marjoram is necessarily an instance of an herb."
WordNetFood_SUB,gt,salad green,lettuce,,is_a,google/gemma-4-31b-it,Every instance of lettuce is a type of salad green.
WordNetFood_SUB,gt,beer,ale,,is_a,google/gemma-4-31b-it,Every instance of ale is by definition a type of beer.
WordNetFood_SUB,gt,sandwich,gyro,,is_a,google/gemma-4-31b-it,"A gyro is a specific type of sandwich consisting of meat wrapped in a pita, meaning every gyro is a sandwich."
WordNetFood_SUB,gt,greens,salad green,,is_a,google/gemma-4-31b-it,"A 'salad green' is a specific type of 'greens', meaning every instance of a salad green is necessarily an instance of greens."
WordNetFood_SUB,gt,ingredient,flavorer,,is_a,google/gemma-4-31b-it,"A flavorer is a specific type of ingredient used to impart taste, meaning every flavorer is necessarily an ingredient."
WordNetFood_SUB,gt,meat,cut,,part_of,google/gemma-4-31b-it,"A 'cut' of meat is a specific portion or piece taken from a larger carcass of meat, rather than a type of meat itself."
WordNetFood_SUB,gt,meat,jerky,,is_a,google/gemma-4-31b-it,"Jerky is a type of meat that has been processed and dried, meaning every instance of jerky is also an instance of meat."
WordNetFood_SUB,gt,meat,pork,,is_a,google/gemma-4-31b-it,"Pork is a specific type of meat, meaning every instance of pork is necessarily an instance of meat."
WordNetFood_SUB,gt,water-soluble vitamin,b-complex vitamin,,is_a,google/gemma-4-31b-it,"The B-complex vitamin is a group of vitamins that are all characterized by being water-soluble, meaning every B-complex vitamin is a type of water-soluble vitamin."
WordNetFood_SUB,gt,produce,edible fruit,,is_a,google/gemma-4-31b-it,Every edible fruit is a type of produce.
WordNetFood_SUB,gt,produce,vegetable,,is_a,google/gemma-4-31b-it,"While 'produce' is a broad category of agricultural products (including fruits and vegetables), every vegetable is by definition a type of produce."
WordNetFood_SUB,gt,pork,cochon de lait,,is_a,google/gemma-4-31b-it,"'Cochon de lait' (suckling pig) is a specific type of pork product/animal, meaning every instance of suckling pig is necessarily an instance of pork."
WordNetFood_SUB,gt,vegetable,greens,,is_a,google/gemma-4-31b-it,"Leafy greens are a specific category of vegetables, meaning every instance of a green is also an instance of a vegetable."
WordNetFood_SUB,gt,vegetable,legume,,is_a,google/gemma-4-31b-it,"In culinary and common usage, a legume is considered a type of vegetable."
WordNetFood_SUB,gt,dairy product,cheese,,is_a,google/gemma-4-31b-it,Every instance of cheese is by definition a type of dairy product.
WordNetFood_SUB,gt,orange,sweet orange,,is_a,google/gemma-4-31b-it,"A sweet orange is a specific type or variety of orange, meaning every instance of a sweet orange is necessarily an instance of an orange."
WordNetFood_SUB,gt,cheese,camembert,,is_a,google/gemma-4-31b-it,Every instance of camembert is by definition a type of cheese.
WordNetFood_SUB,gt,tart,lobster tart,,is_a,google/gemma-4-31b-it,"A lobster tart is a specific type of tart, meaning every instance of a lobster tart is necessarily an instance of a tart."
WordNetFood_SUB,gt,sauce,anchovy sauce,,is_a,google/gemma-4-31b-it,"Every instance of anchovy sauce is, by definition, a type of sauce."
WordNetFood_SUB,gt,grain,rice,,is_a,google/gemma-4-31b-it,"Rice is a specific type of grain, meaning every instance of rice is necessarily an instance of a grain."
WordNetFood_SUB,gt,jerky,beef jerky,,is_a,google/gemma-4-31b-it,"Every instance of beef jerky is, by definition, a type of jerky."
WordNetFood_SUB,gt,berry,raspberry,,is_a,google/gemma-4-31b-it,"A raspberry is a specific type of berry, meaning every instance of a raspberry is also an instance of a berry."
WordNetFood_SUB,gt,berry,boysenberry,,is_a,google/gemma-4-31b-it,"A boysenberry is a specific type of berry, meaning every instance of a boysenberry is also an instance of a berry."
WordNetFood_SUB,gt,concoction,dough,,is_a,google/gemma-4-31b-it,"Dough is a specific type of concoction (a mixture of ingredients), meaning every instance of dough is also an instance of a concoction."
WordNetFood_SUB,gt,fare,diet,,is_a,google/gemma-4-31b-it,A 'diet' (the sum of food consumed) is a specific type of 'fare' (the range of food provided or eaten).
WordNetFood_SUB,gt,bread,bun,,is_a,google/gemma-4-31b-it,"A bun is a specific type of bread, meaning every instance of a bun is also an instance of bread."
WordNetFood_SUB,gt,meal,pea flour,,is_a,google/gemma-4-31b-it,"In the context of food processing, 'meal' refers to coarsely ground grain or legumes, making 'pea flour' (a finely ground version) a specific type of meal."
WordNetFood_SUB,gt,flavorer,herb,,is_a,google/gemma-4-31b-it,"An herb is a type of substance used to flavor food, meaning every herb is a flavorer."
WordNetFood_SUB,gt,flavorer,condiment,,is_a,google/gemma-4-31b-it,"A condiment is a specific type of flavorer used to enhance the taste of food, meaning every condiment is by definition a flavorer."
WordNetFood_SUB,gt,shellfish,lobster,,is_a,google/gemma-4-31b-it,Every lobster is a type of shellfish.
WordNetFood_SUB,gt,condiment,sauce,,is_a,google/gemma-4-31b-it,Every sauce is a type of condiment used to enhance the flavor of food.
WordNetFood_SUB,gt,sweet orange,navel orange,,is_a,google/gemma-4-31b-it,"A navel orange is a specific variety (type) of sweet orange, meaning every navel orange is necessarily a sweet orange."
WordNetFood_SUB,gt,vitamin,water-soluble vitamin,,is_a,google/gemma-4-31b-it,"Every water-soluble vitamin is, by definition, a type of vitamin."
WordNetFood_SUB,gt,edible fruit,elderberry,,is_a,google/gemma-4-31b-it,"An elderberry is a specific type of edible fruit, meaning every instance of an elderberry is also an instance of an edible fruit."
WordNetFood_SUB,gt,edible fruit,citrus,,is_a,google/gemma-4-31b-it,Every instance of citrus is a type of edible fruit.
WordNetFood_SUB,gt,edible fruit,berry,,is_a,google/gemma-4-31b-it,"Every berry is, by definition, a type of edible fruit."
WordNetFood_SUB,gt,cut,cut of beef,,is_a,google/gemma-4-31b-it,"A 'cut of beef' is a specific type of 'cut' (a piece of meat removed from a carcass), meaning every instance of a cut of beef is necessarily an instance of a cut."
WordNetFood_SUB,gt,dish,soup,,is_a,google/gemma-4-31b-it,Every instance of soup is a type of dish.
WordNetFood_SUB,gt,dish,pudding,,is_a,google/gemma-4-31b-it,Every instance of a pudding is a type of dish.
WordNetFood_SUB,gt,dish,snack food,,is_a,google/gemma-4-31b-it,"A snack food is a specific type of dish (a prepared food item), meaning every instance of a snack food is also an instance of a dish."
WordNetFood_SUB,gt,dish,chicken paprika,,is_a,google/gemma-4-31b-it,"Chicken paprika is a specific type of dish, meaning every instance of chicken paprika is necessarily an instance of a dish."
WordNetFood_SUB,gt,dish,scampi,,is_a,google/gemma-4-31b-it,"Scampi is a specific type of prepared culinary dish, meaning every instance of scampi is also an instance of a dish."
WordNetFood_SUB,gt,pie,squash pie,,is_a,google/gemma-4-31b-it,"A squash pie is a specific type of pie, meaning every instance of a squash pie is necessarily an instance of a pie."
WordNetFood_SUB,gt,pie,tart,,is_a,google/gemma-4-31b-it,"While tarts and pies share many characteristics, a tart is a specific type of open-faced pastry that fits the broader definition of a pie."
WordNetFood_SUB,gt,cut of beef,flat bone,,part_of,google/gemma-4-31b-it,"A 'flat bone' is a specific piece or section cut from a beef carcass, making it a portion of the overall category of beef cuts rather than a type of cut in a taxonomic sense."
WordNetFood_SUB,gt,pastry,tart,,is_a,google/gemma-4-31b-it,"A tart is a specific type of pastry, meaning every tart is necessarily a pastry."
WordNetFood_SUB,gt,pastry,pie,,is_a,google/gemma-4-31b-it,"A pie is a specific type of pastry, as it consists of a pastry crust containing a filling."
WordNetFood_SUB,gt,snack food,sandwich,,other_related,google/gemma-4-31b-it,"While some sandwiches are eaten as snacks, not every sandwich is a snack food (e.g., a large sub for lunch), and not every snack food is a sandwich."
WordNetFood_SUB,gt,course,dessert,,is_a,google/gemma-4-31b-it,"A dessert is a specific type of course in a meal, meaning every instance of a dessert is also an instance of a course."
WordNetFood_SUB,gt,starches,bread,,made_of,google/gemma-4-31b-it,"Bread is not a type of starch, but is rather a food product made from ingredients that contain starch."
WordNetFood_SUB,gt,starches,rice,,made_of,google/gemma-4-31b-it,"Rice is a grain that contains starch as a primary component, but it is not a type of starch itself."
WordNetFood_SUB,gt,alcohol,koumiss,,is_a,google/gemma-4-31b-it,"Koumiss is a fermented dairy product that contains alcohol, making it a specific type of alcoholic beverage."
WordNetFood_SUB,gt,alcohol,brew,,is_a,google/gemma-4-31b-it,"A 'brew' (such as a batch of beer or ale) is a type of alcoholic beverage, meaning every instance of a brew is also an instance of alcohol."
WordNetFood_SUB,gt,foodstuff,meal,,made_of,google/gemma-4-31b-it,"A meal is not a type of foodstuff (which refers to raw materials or ingredients like bread or rice), but is rather composed of various foodstuffs."
WordNetFood_SUB,gt,foodstuff,egg,,is_a,google/gemma-4-31b-it,"An egg is a type of foodstuff, as every instance of an egg (when categorized in this context) is a kind of foodstuff."
WordNetFood_SUB,gt,foodstuff,concoction,,is_a,google/gemma-4-31b-it,"A concoction is a type of mixture or preparation, and when categorized under foodstuff, it represents a specific kind of food substance."
WordNetFood_SUB,gt,foodstuff,ingredient,,other_related,google/gemma-4-31b-it,"An ingredient is a functional role that a foodstuff plays within a recipe, rather than a taxonomic subclass of foodstuff (not every foodstuff is an ingredient, and an ingredient is defined by its use)."
WordNetFood_SUB,gt,foodstuff,dairy product,,is_a,google/gemma-4-31b-it,Every dairy product is by definition a type of foodstuff.
WordNetFood_SUB,gt,foodstuff,grain,,is_a,google/gemma-4-31b-it,"Every grain is a type of foodstuff, as grains are a category of raw materials used for food."
WordNetFood_SUB,gt,foodstuff,starches,,is_a,google/gemma-4-31b-it,"Starches are a category of foodstuff, meaning every instance of a starch is also an instance of a foodstuff."
WordNetFood_SUB,gt,pea,marrowfat pea,,is_a,google/gemma-4-31b-it,"A marrowfat pea is a specific variety or type of pea, meaning every instance of a marrowfat pea is necessarily an instance of a pea."
WordNetFood_SUB,gt,pea,field pea,,is_a,google/gemma-4-31b-it,"A field pea is a specific type or variety of pea, meaning every instance of a field pea is necessarily an instance of a pea."
WordNetFood_SUB,gt,soup,chowder,,is_a,google/gemma-4-31b-it,Every instance of a chowder is by definition a type of soup.
WordNetFood_SUB,gt,citrus,orange,,is_a,google/gemma-4-31b-it,"Every orange is a type of citrus fruit, representing a proper taxonomic subsumption."
WordNetFood_SUB,gt,cookie,gingersnap,,is_a,google/gemma-4-31b-it,"Every gingersnap is a type of cookie, meaning the child concept is a specific subclass of the parent concept."
WordNetFood_SUB,gt,dessert,pudding,,is_a,google/gemma-4-31b-it,Every instance of pudding is a type of dessert.
WordNetFood_SUB,gt,lettuce,cos,,is_a,google/gemma-4-31b-it,Cos (also known as Romaine) is a specific variety or type of lettuce.
WordNetFood_SUB,gt,chocolate,chocolate candy,,is_a,google/gemma-4-31b-it,"A chocolate candy is a specific type of chocolate product, meaning every instance of a chocolate candy is also an instance of chocolate."
WordNetFood_SUB,gt,nutriment,meal,,part_of,google/gemma-4-31b-it,"A meal is a specific occasion or structured serving of nutriment, and while it consists of nutriment, it is not a ""kind of"" nutriment itself."
WordNetFood_SUB,gt,nutriment,dish,,is_a,google/gemma-4-31b-it,"A dish is a specific kind of nutriment (something that provides nourishment), meaning every instance of a dish is also an instance of a nutriment."
WordNetFood_SUB,gt,nutriment,course,,part_of,google/gemma-4-31b-it,"A 'course' (such as an appetizer or main course) is a structural part of a meal or a sequence of nutriment, not a type of nutriment itself."
WordNetFood_SUB,gt,nutriment,vitamin,,is_a,google/gemma-4-31b-it,"A vitamin is a specific type of nutriment (a substance that provides nourishment), meaning every vitamin is by definition a nutriment."
WordNetFood_SUB,gt,pudding,corn pudding,,is_a,google/gemma-4-31b-it,"Corn pudding is a specific type of pudding, meaning every instance of corn pudding is necessarily an instance of pudding."
WordNetFood_SUB,gt,ale,pale ale,,is_a,google/gemma-4-31b-it,Every pale ale is by definition a type of ale.
WordNetFood_SUB,gt,brew,beer,,is_a,google/gemma-4-31b-it,"Beer is a specific type of brewed beverage, meaning every instance of beer is also an instance of a brew."
WordNetFood_SUB,gt,brew,spruce beer,,is_a,google/gemma-4-31b-it,"Spruce beer is a specific type of brew, meaning every instance of spruce beer is also an instance of a brew."
WordNetFood_SUB,gt,b-complex vitamin,choline,,other_related,google/gemma-4-31b-it,"Choline is often grouped with B-complex vitamins due to similar functions, but it is chemically distinct and not a member of the B-vitamin family."
WordNetFood_SUB,gt,bun,sweet roll,,is_a,google/gemma-4-31b-it,"A sweet roll is a specific type of bun characterized by its sweetness and often its shape or toppings, meaning every sweet roll is a bun."
WordNetFood_SUB,gt,beverage,alcohol,,is_a,google/gemma-4-31b-it,Every instance of alcohol (when categorized as a drink) is a type of beverage.
WordNetFood_SUB,gt,baked goods,pastry,,is_a,google/gemma-4-31b-it,"Every pastry is a type of baked good, as it is a category of food prepared by baking."
WordNetFood_SUB,gt,baked goods,cake,,is_a,google/gemma-4-31b-it,Every cake is by definition a type of baked good.
WordNetFood_SUB,gt,baked goods,bread,,is_a,google/gemma-4-31b-it,Every instance of bread is a type of baked good.
WordNetFood_SUB,gt,seafood,freshwater fish,,is_a,google/gemma-4-31b-it,"While 'freshwater fish' are biologically fish, in the context of a food taxonomy, 'seafood' refers to edible aquatic animals, and every freshwater fish used as food is a type of seafood."
WordNetFood_SUB,gt,seafood,octopus,,is_a,google/gemma-4-31b-it,An octopus is a type of seafood in the context of food classification.
WordNetFood_SUB,gt,seafood,shellfish,,is_a,google/gemma-4-31b-it,Every instance of shellfish is by definition a type of seafood.
WordNetFood_SUB,gt,cake,cookie,,other_related,google/gemma-4-31b-it,"A cookie is not a type of cake, as they are distinct categories of baked goods with different textures and preparation methods."
WordNetFood_SUB,gt,cake,applesauce cake,,is_a,google/gemma-4-31b-it,"An applesauce cake is a specific type of cake, meaning every instance of an applesauce cake is necessarily an instance of a cake."
WordNetFood_SUB,gt,food,soul food,,is_a,google/gemma-4-31b-it,"Soul food is a specific category or type of food, meaning every instance of soul food is necessarily an instance of food."
WordNetFood_SUB,gt,food,fare,,synonym,google/gemma-4-31b-it,"In this context, 'fare' is a synonym for 'food' (specifically referring to a range of food of a particular type), and the other children of 'food' confirm it is being used as a category for edible items."
WordNetFood_SUB,gt,food,culture medium,,other_related,google/gemma-4-31b-it,"A culture medium is a nutrient-rich substance used to grow microorganisms; while it may be composed of food-grade ingredients, it is not a type of food intended for consumption."
WordNetFood_SUB,gt,food,foodstuff,,synonym,google/gemma-4-31b-it,'Foodstuff' and 'food' are used interchangeably to refer to any substance that can be used as food.
WordNetFood_SUB,gt,food,beverage,,is_a,google/gemma-4-31b-it,"In common usage and dietary classification, a beverage is a type of food (specifically, liquid food)."
WordNetFood_SUB,gt,food,nutriment,,is_a,google/gemma-4-31b-it,"Nutriment refers to any substance that provides nourishment, and food is the primary category of substances consumed to provide that nourishment, making every nutriment a type of food."
WordNetFood_SUB,gt,food,chocolate,,is_a,google/gemma-4-31b-it,"Chocolate is a type of food, meaning every instance of chocolate is also an instance of food."
WordNetFood_SUB,gt,food,baked goods,,is_a,google/gemma-4-31b-it,"Every instance of baked goods is, by definition, a type of food."
WordNetFood_SUB,gt,food,cheese,,is_a,google/gemma-4-31b-it,Every instance of cheese is fundamentally a type of food.
WordNetFood_SUB,gt,food,meat,,is_a,google/gemma-4-31b-it,Every instance of meat is a type of food.
WordNetFood_SUB,gt,food,produce,,is_a,google/gemma-4-31b-it,Produce (referring to agricultural products like fruits and vegetables) is a specific category of food.
WordNetFood_SUB,gt,food,seafood,,is_a,google/gemma-4-31b-it,"Every instance of seafood is, by definition, a type of food."
WordNetFood_SUB,gt,dough,pastry,,made_of,google/gemma-4-31b-it,"A pastry is not a type of dough, but is instead made from dough as its primary constituent material."
WordNetFood_SUB,gt,lobster,lobster tail,,part_of,google/gemma-4-31b-it,"A lobster tail is a physical component or anatomical section of a lobster, not a type of lobster."
WordNetFood_SUB,pred,tart,lobster tart,0,is_a,google/gemma-4-31b-it,"A lobster tart is a specific type of tart, meaning every instance of a lobster tart is necessarily an instance of a tart."
WordNetFood_SUB,pred,pastry,lobster tart,0,is_a,google/gemma-4-31b-it,"A lobster tart is a specific type of pastry, meaning every instance of a lobster tart is necessarily an instance of a pastry."
WordNetFood_SUB,pred,pastry,tart,0,is_a,google/gemma-4-31b-it,"A tart is a specific type of pastry, meaning every tart is necessarily a pastry."
WordNetFood_SUB,pred,pastry,pie,0,is_a,google/gemma-4-31b-it,"A pie is a specific type of pastry, as it consists of a pastry crust containing a filling."
WordNetFood_SUB,pred,pastry,squash pie,0,is_a,google/gemma-4-31b-it,"A squash pie is a specific type of pastry, as every squash pie satisfies the definition of a pastry."
WordNetFood_SUB,pred,pastry,bear claw,1,is_a,google/gemma-4-31b-it,"A bear claw is a specific type of yeast-leavened pastry, meaning every bear claw is necessarily a pastry."
WordNetFood_SUB,pred,baked goods,lobster tart,0,is_a,google/gemma-4-31b-it,"A lobster tart is a specific type of baked good, as it is a pastry product prepared by baking."
WordNetFood_SUB,pred,baked goods,sweet roll,0,is_a,google/gemma-4-31b-it,"Every sweet roll is, by definition, a type of baked good."
WordNetFood_SUB,pred,baked goods,tart,0,is_a,google/gemma-4-31b-it,"A tart is a specific type of baked good, meaning every instance of a tart is necessarily an instance of the category of baked goods."
WordNetFood_SUB,pred,baked goods,gingersnap,0,is_a,google/gemma-4-31b-it,"Every gingersnap is a type of baked good, as it is a specific kind of cookie which falls under the broader category of baked goods."
WordNetFood_SUB,pred,baked goods,applesauce cake,0,is_a,google/gemma-4-31b-it,"Every instance of an applesauce cake is, by definition, a type of baked good."
WordNetFood_SUB,pred,baked goods,bread,0,is_a,google/gemma-4-31b-it,Every instance of bread is by definition a type of baked good.
WordNetFood_SUB,pred,baked goods,bear claw,0,is_a,google/gemma-4-31b-it,"A bear claw is a specific type of pastry, and therefore every bear claw is a member of the category of baked goods."
WordNetFood_SUB,pred,baked goods,pie,0,is_a,google/gemma-4-31b-it,Every pie is by definition a type of baked good.
WordNetFood_SUB,pred,baked goods,pastry,0,is_a,google/gemma-4-31b-it,Every pastry is by definition a type of baked good.
WordNetFood_SUB,pred,baked goods,cookie,0,is_a,google/gemma-4-31b-it,Every cookie is by definition a type of baked good.
WordNetFood_SUB,pred,baked goods,squash pie,0,is_a,google/gemma-4-31b-it,"A squash pie is a specific type of baked good, as every instance of a squash pie is necessarily an instance of the broader category of baked goods."
WordNetFood_SUB,pred,baked goods,bun,0,is_a,google/gemma-4-31b-it,Every bun is by definition a type of baked good.
WordNetFood_SUB,pred,baked goods,cake,0,is_a,google/gemma-4-31b-it,Every cake is by definition a type of baked good.
WordNetFood_SUB,pred,"food (food, nutriment)",lobster tart,0,is_a,google/gemma-4-31b-it,"Every lobster tart is, by definition, a type of food."
WordNetFood_SUB,pred,"food (food, nutriment)",beef jerky,0,is_a,google/gemma-4-31b-it,"Beef jerky is a specific type of food, meaning every instance of beef jerky is necessarily an instance of food."
WordNetFood_SUB,pred,"food (food, nutriment)",lobster tail,0,is_a,google/gemma-4-31b-it,"A lobster tail is a type of food, as every instance of a lobster tail is also an instance of food."
WordNetFood_SUB,pred,"food (food, nutriment)",rice,0,is_a,google/gemma-4-31b-it,"Rice is a type of food, meaning every instance of rice is also an instance of food."
WordNetFood_SUB,pred,"food (food, nutriment)",legume,0,is_a,google/gemma-4-31b-it,Every instance of a legume is considered a type of food.
WordNetFood_SUB,pred,"food (food, nutriment)",sweet roll,0,is_a,google/gemma-4-31b-it,Every sweet roll is by definition a type of food.
WordNetFood_SUB,pred,"food (food, nutriment)",chowder,0,is_a,google/gemma-4-31b-it,Every instance of chowder is a type of food.
WordNetFood_SUB,pred,"food (food, nutriment)",clam chowder,0,is_a,google/gemma-4-31b-it,Every instance of clam chowder is a type of food.
WordNetFood_SUB,pred,"food (food, nutriment)",herb,0,is_a,google/gemma-4-31b-it,"An herb is a type of food (specifically a culinary herb), meaning every instance of an herb is also an instance of food."
WordNetFood_SUB,pred,"food (food, nutriment)",salad green,0,is_a,google/gemma-4-31b-it,Every instance of a salad green is fundamentally a type of food.
WordNetFood_SUB,pred,"food (food, nutriment)",beer,0,is_a,google/gemma-4-31b-it,"Beer is a type of beverage, and beverages are generally categorized as a subset of food in broad taxonomic contexts."
WordNetFood_SUB,pred,"food (food, nutriment)",scampi,0,is_a,google/gemma-4-31b-it,"Scampi is a type of food, meaning every instance of scampi is necessarily an instance of food."
WordNetFood_SUB,pred,"food (food, nutriment)",sandwich,0,is_a,google/gemma-4-31b-it,"Every sandwich is, by definition, a type of food."
WordNetFood_SUB,pred,"food (food, nutriment)",greens,0,is_a,google/gemma-4-31b-it,Every instance of 'greens' (leafy vegetables) is a type of 'food'.
WordNetFood_SUB,pred,"food (food, nutriment)",ingredient,0,is_a,google/gemma-4-31b-it,"An ingredient is a specific kind of food (or foodstuff) used in the preparation of a dish, meaning every ingredient is by definition a type of food."
WordNetFood_SUB,pred,"food (food, nutriment)",field pea,0,is_a,google/gemma-4-31b-it,"A field pea is a type of food, as every instance of a field pea is also an instance of food."
WordNetFood_SUB,pred,"food (food, nutriment)",meat,0,is_a,google/gemma-4-31b-it,"Meat is a type of food, meaning every instance of meat is also an instance of food."
WordNetFood_SUB,pred,"food (food, nutriment)",produce,0,is_a,google/gemma-4-31b-it,"Produce (referring to agricultural products like fruits and vegetables) is a specific category of food, meaning every instance of produce is also an instance of food."
WordNetFood_SUB,pred,"food (food, nutriment)",pork,0,is_a,google/gemma-4-31b-it,"Pork is a type of food, meaning every instance of pork is also an instance of food."
WordNetFood_SUB,pred,"food (food, nutriment)",vegetable,0,is_a,google/gemma-4-31b-it,"Every vegetable is a type of food, meaning the child concept is a subset of the parent concept."
WordNetFood_SUB,pred,"food (food, nutriment)",dairy product,0,is_a,google/gemma-4-31b-it,Every dairy product is by definition a type of food.
WordNetFood_SUB,pred,"food (food, nutriment)",orange,0,is_a,google/gemma-4-31b-it,"An orange is a type of food, meaning every instance of an orange is also an instance of food."
WordNetFood_SUB,pred,"food (food, nutriment)",cheese,0,is_a,google/gemma-4-31b-it,Every instance of cheese is by definition a type of food.
WordNetFood_SUB,pred,"food (food, nutriment)",tart,0,is_a,google/gemma-4-31b-it,"Every tart is a type of food, meaning the child concept is a subset of the parent concept."
WordNetFood_SUB,pred,"food (food, nutriment)",sauce,0,is_a,google/gemma-4-31b-it,"Every instance of a sauce is, by definition, a type of food."
WordNetFood_SUB,pred,"food (food, nutriment)",gingersnap,0,is_a,google/gemma-4-31b-it,"Every gingersnap is a type of food, meaning the child concept is a subset of the parent concept."
WordNetFood_SUB,pred,"food (food, nutriment)",boysenberry,0,is_a,google/gemma-4-31b-it,"A boysenberry is a type of food, meaning every instance of a boysenberry is also an instance of food."
WordNetFood_SUB,pred,"food (food, nutriment)",grain,0,is_a,google/gemma-4-31b-it,Every instance of a grain is fundamentally a type of food.
WordNetFood_SUB,pred,"food (food, nutriment)",jerky,0,is_a,google/gemma-4-31b-it,"Jerky is a specific type of food, meaning every instance of jerky is necessarily an instance of food."
WordNetFood_SUB,pred,"food (food, nutriment)",choline,0,part_of,google/gemma-4-31b-it,"Choline is a nutrient found within food, but it is not a type of food itself."
WordNetFood_SUB,pred,"food (food, nutriment)",berry,0,is_a,google/gemma-4-31b-it,"Every berry is a type of food, as it is an edible substance used for nourishment."
WordNetFood_SUB,pred,"food (food, nutriment)",applesauce cake,0,is_a,google/gemma-4-31b-it,Every instance of an applesauce cake is fundamentally a type of food.
WordNetFood_SUB,pred,"food (food, nutriment)",concoction,0,is_a,google/gemma-4-31b-it,"A concoction is a type of mixture or preparation, and when categorized within a food taxonomy, it represents a specific kind of food."
WordNetFood_SUB,pred,"food (food, nutriment)",pea flour,0,is_a,google/gemma-4-31b-it,"Pea flour is a specific type of food, meaning every instance of pea flour is necessarily an instance of food."
WordNetFood_SUB,pred,"food (food, nutriment)",raspberry,0,is_a,google/gemma-4-31b-it,"Every raspberry is a type of food, meaning the child concept is a subset of the parent concept."
WordNetFood_SUB,pred,"food (food, nutriment)",pale ale,0,is_a,google/gemma-4-31b-it,"Every instance of pale ale is a type of beverage, and beverages are categorized as a broad type of food (nutritional substance)."
WordNetFood_SUB,pred,"food (food, nutriment)",fare,0,synonym,google/gemma-4-31b-it,"In this context, 'fare' is a synonym for 'food' (specifically referring to a range of food provided), meaning they denote the same general concept."
WordNetFood_SUB,pred,"food (food, nutriment)",bread,0,is_a,google/gemma-4-31b-it,Every instance of bread is by definition a type of food.
WordNetFood_SUB,pred,"food (food, nutriment)",meal,0,is_a,google/gemma-4-31b-it,"A meal is a specific occasion or collection of food items consumed at once, meaning every meal is fundamentally a type of food (or a food-event), fitting the definition of proper subsumption."
WordNetFood_SUB,pred,"food (food, nutriment)",flavorer,0,is_a,google/gemma-4-31b-it,"A flavorer (such as a spice or additive) is a type of food substance used to enhance taste, meaning every flavorer is a kind of food."
WordNetFood_SUB,pred,"food (food, nutriment)",shellfish,0,is_a,google/gemma-4-31b-it,Every instance of shellfish is a type of food.
WordNetFood_SUB,pred,"food (food, nutriment)",condiment,0,is_a,google/gemma-4-31b-it,"Every condiment is, by definition, a type of food."
WordNetFood_SUB,pred,"food (food, nutriment)",bear claw,0,is_a,google/gemma-4-31b-it,"A bear claw is a specific type of pastry, and every bear claw is by definition a type of food."
WordNetFood_SUB,pred,"food (food, nutriment)",sweet orange,0,is_a,google/gemma-4-31b-it,"A sweet orange is a type of food, as every instance of a sweet orange is also an instance of food."
WordNetFood_SUB,pred,"food (food, nutriment)",koumiss,0,is_a,google/gemma-4-31b-it,"Koumiss is a fermented dairy drink, and since all beverages and edible substances are categorized as food in a broad taxonomic sense, every instance of koumiss is an instance of food."
WordNetFood_SUB,pred,"food (food, nutriment)",vitamin,0,part_of,google/gemma-4-31b-it,"A vitamin is a nutrient found within food, but it is not a type of food itself."
WordNetFood_SUB,pred,"food (food, nutriment)",edible fruit,0,is_a,google/gemma-4-31b-it,"Every instance of an edible fruit is, by definition, a type of food."
WordNetFood_SUB,pred,"food (food, nutriment)",cut,0,other_related,google/gemma-4-31b-it,"'Cut' is an action or a state performed upon food, not a type of food itself."
WordNetFood_SUB,pred,"food (food, nutriment)",dish,0,is_a,google/gemma-4-31b-it,"A dish is a specific kind of food (a prepared culinary item), meaning every instance of a dish is necessarily an instance of food."
WordNetFood_SUB,pred,"food (food, nutriment)",pie,0,is_a,google/gemma-4-31b-it,Every instance of a pie is fundamentally a type of food.
WordNetFood_SUB,pred,"food (food, nutriment)",octopus,0,other_related,google/gemma-4-31b-it,"An octopus is a type of animal that can be used as food, but not every octopus is food, nor is every instance of food an octopus."
WordNetFood_SUB,pred,"food (food, nutriment)",chocolate candy,0,is_a,google/gemma-4-31b-it,Every instance of chocolate candy is fundamentally a type of food.
WordNetFood_SUB,pred,"food (food, nutriment)",navel orange,0,is_a,google/gemma-4-31b-it,Every navel orange is a type of food.
WordNetFood_SUB,pred,"food (food, nutriment)",cut of beef,0,is_a,google/gemma-4-31b-it,Every cut of beef is a type of food.
WordNetFood_SUB,pred,"food (food, nutriment)",pastry,0,is_a,google/gemma-4-31b-it,Every pastry is by definition a type of food.
WordNetFood_SUB,pred,"food (food, nutriment)",anchovy sauce,0,is_a,google/gemma-4-31b-it,Every instance of anchovy sauce is a type of food.
WordNetFood_SUB,pred,"food (food, nutriment)",cochon de lait,0,is_a,google/gemma-4-31b-it,A 'cochon de lait' (suckling pig) is a specific type of food.
WordNetFood_SUB,pred,"food (food, nutriment)",snack food,0,is_a,google/gemma-4-31b-it,"Every instance of a snack food is, by definition, a type of food."
WordNetFood_SUB,pred,"food (food, nutriment)",gyro,0,is_a,google/gemma-4-31b-it,"A gyro is a specific type of food, meaning every instance of a gyro is necessarily an instance of food."
WordNetFood_SUB,pred,"food (food, nutriment)",culture medium,0,unrelated,google/gemma-4-31b-it,"A culture medium is a nutrient-rich substance used to grow microorganisms; while it may contain ingredients that are also food, it is not a type of food intended for human consumption."
WordNetFood_SUB,pred,"food (food, nutriment)",cos,0,is_a,google/gemma-4-31b-it,Cos (a type of romaine lettuce) is a kind of food.
WordNetFood_SUB,pred,"food (food, nutriment)",course,0,part_of,google/gemma-4-31b-it,"A course (such as an appetizer or main course) is a structural part of a meal or a sequence of food service, not a type of food itself."
WordNetFood_SUB,pred,"food (food, nutriment)",alcohol,0,is_a,google/gemma-4-31b-it,"Alcohol is a type of food (specifically a beverage), as any instance of alcohol consumed as a drink is categorized under the broad umbrella of food/nutrition."
WordNetFood_SUB,pred,"food (food, nutriment)",spruce beer,0,is_a,google/gemma-4-31b-it,"Since spruce beer is a type of beverage, and beverages are a category of food (in a broad taxonomic sense), every instance of spruce beer is also an instance of food."
WordNetFood_SUB,pred,"food (food, nutriment)",foodstuff,0,synonym,google/gemma-4-31b-it,'Foodstuff' and 'food' are different terms for the same general concept of any substance that can be used as food.
WordNetFood_SUB,pred,"food (food, nutriment)",corn pudding,0,is_a,google/gemma-4-31b-it,Every instance of corn pudding is fundamentally a type of food.
WordNetFood_SUB,pred,"food (food, nutriment)",pea,0,is_a,google/gemma-4-31b-it,Every instance of a pea is fundamentally a type of food.
WordNetFood_SUB,pred,"food (food, nutriment)",soup,0,is_a,google/gemma-4-31b-it,Every instance of soup is fundamentally a type of food.
WordNetFood_SUB,pred,"food (food, nutriment)",citrus,0,is_a,google/gemma-4-31b-it,Every instance of citrus is a type of food.
WordNetFood_SUB,pred,"food (food, nutriment)",cookie,0,is_a,google/gemma-4-31b-it,Every cookie is by definition a type of food.
WordNetFood_SUB,pred,"food (food, nutriment)",freshwater fish,0,other_related,google/gemma-4-31b-it,"A freshwater fish is a type of animal that can be used as food, but it is not a subclass of food itself (not every freshwater fish is food, and the category 'food' describes a function/use rather than a biological kind)."
WordNetFood_SUB,pred,"food (food, nutriment)",camembert,0,is_a,google/gemma-4-31b-it,Every instance of camembert is by definition a type of food.
WordNetFood_SUB,pred,"food (food, nutriment)",dessert,0,is_a,google/gemma-4-31b-it,"Every instance of a dessert is, by definition, a type of food."
WordNetFood_SUB,pred,"food (food, nutriment)",egg,0,is_a,google/gemma-4-31b-it,"An egg is a type of food, as every instance of an egg is also an instance of food."
WordNetFood_SUB,pred,"food (food, nutriment)",squash pie,0,is_a,google/gemma-4-31b-it,Every squash pie is by definition a type of food.
WordNetFood_SUB,pred,"food (food, nutriment)",lettuce,0,is_a,google/gemma-4-31b-it,Every instance of lettuce is a type of food.
WordNetFood_SUB,pred,"food (food, nutriment)",chocolate,0,is_a,google/gemma-4-31b-it,"Chocolate is a type of food, meaning every instance of chocolate is also an instance of food."
WordNetFood_SUB,pred,"food (food, nutriment)",marrowfat pea,0,is_a,google/gemma-4-31b-it,"A marrowfat pea is a specific type of food, meaning every instance of a marrowfat pea is also an instance of food."
WordNetFood_SUB,pred,"food (food, nutriment)",pudding,0,is_a,google/gemma-4-31b-it,Every instance of pudding is fundamentally a type of food.
WordNetFood_SUB,pred,"food (food, nutriment)",ale,0,is_a,google/gemma-4-31b-it,"Ale is a type of beverage, and beverages are generally categorized as a subset of food in broad taxonomic contexts."
WordNetFood_SUB,pred,"food (food, nutriment)",brown rice,0,is_a,google/gemma-4-31b-it,"Brown rice is a specific type of food, meaning every instance of brown rice is necessarily an instance of food."
WordNetFood_SUB,pred,"food (food, nutriment)",b-complex vitamin,0,part_of,google/gemma-4-31b-it,"A b-complex vitamin is a nutrient found within food or used as a supplement, but it is not a type of food itself."
WordNetFood_SUB,pred,"food (food, nutriment)",chicken paprika,0,is_a,google/gemma-4-31b-it,"Chicken paprika is a specific type of food, meaning every instance of chicken paprika is necessarily an instance of food."
WordNetFood_SUB,pred,"food (food, nutriment)",bun,0,is_a,google/gemma-4-31b-it,"Every bun is a type of food, meaning the child concept is a subset of the parent concept."
WordNetFood_SUB,pred,"food (food, nutriment)",beverage,0,is_a,google/gemma-4-31b-it,"In common usage and dietary classification, a beverage is a type of food (specifically, liquid nourishment)."
WordNetFood_SUB,pred,"food (food, nutriment)",elderberry,0,is_a,google/gemma-4-31b-it,"An elderberry is a type of food, as every instance of an elderberry is also an instance of food."
WordNetFood_SUB,pred,"food (food, nutriment)",baked goods,0,is_a,google/gemma-4-31b-it,Every instance of baked goods is by definition a type of food.
WordNetFood_SUB,pred,"food (food, nutriment)",seafood,0,is_a,google/gemma-4-31b-it,"Every instance of seafood is, by definition, a type of food."
WordNetFood_SUB,pred,"food (food, nutriment)",soul food,0,is_a,google/gemma-4-31b-it,"Soul food is a specific category or type of food, meaning every instance of soul food is necessarily an instance of food."
WordNetFood_SUB,pred,"food (food, nutriment)",cake,0,is_a,google/gemma-4-31b-it,"Every cake is a type of food, meaning the child concept is a subset of the parent concept."
WordNetFood_SUB,pred,"food (food, nutriment)",diet,0,other_related,google/gemma-4-31b-it,"A diet is a specific regime or selection of food, not a type of food itself."
WordNetFood_SUB,pred,"food (food, nutriment)",brew,0,is_a,google/gemma-4-31b-it,A brew (beverage) is a type of food in the broad sense that it is a substance consumed for nutritional or pleasurable purposes.
WordNetFood_SUB,pred,"food (food, nutriment)",dough,0,is_a,google/gemma-4-31b-it,"Dough is a type of food, as any instance of dough is by definition an instance of food."
WordNetFood_SUB,pred,"food (food, nutriment)",marjoram,0,is_a,google/gemma-4-31b-it,"Marjoram is a type of herb used as food, meaning every instance of marjoram is also an instance of food."
WordNetFood_SUB,pred,"food (food, nutriment)",lobster,0,is_a,google/gemma-4-31b-it,"A lobster is a type of food (specifically a seafood item), meaning every instance of a lobster used in this context is an instance of food."
WordNetFood_SUB,pred,"food (food, nutriment)",water-soluble vitamin,0,part_of,google/gemma-4-31b-it,"A water-soluble vitamin is a nutrient found within food, but it is not a type of food itself."
WordNetFood_SUB,pred,jerky,beef jerky,0,is_a,google/gemma-4-31b-it,Every instance of beef jerky is by definition a type of jerky.
WordNetFood_SUB,pred,meat,beef jerky,0,made_of,google/gemma-4-31b-it,"Beef jerky is a product created from meat as its primary material, rather than being a taxonomic subtype of meat itself."
WordNetFood_SUB,pred,meat,pork,0,is_a,google/gemma-4-31b-it,"Pork is a specific type of meat, meaning every instance of pork is necessarily an instance of meat."
WordNetFood_SUB,pred,meat,jerky,0,made_of,google/gemma-4-31b-it,"Jerky is not a type of meat, but rather a food product made from meat through a process of drying and curing."
WordNetFood_SUB,pred,meat,cut of beef,0,part_of,google/gemma-4-31b-it,"A 'cut of beef' is a specific portion or piece taken from the larger entity of 'meat', rather than being a type of meat itself."
WordNetFood_SUB,pred,meat,cochon de lait,0,is_a,google/gemma-4-31b-it,'Cochon de lait' (suckling pig) is a specific type of meat.
WordNetFood_SUB,pred,meat,cut,0,part_of,google/gemma-4-31b-it,"A 'cut' (as in a cut of meat) is a specific portion or piece taken from a larger carcass of meat, rather than a type of meat itself."
WordNetFood_SUB,pred,lobster,lobster tail,0,part_of,google/gemma-4-31b-it,"A lobster tail is a physical component or anatomical section of a lobster, not a type of lobster."
WordNetFood_SUB,pred,lobster,scampi,1,made_of,google/gemma-4-31b-it,"Scampi is a culinary dish typically made from langoustines or shrimp, which are types of shellfish similar to but distinct from lobsters, meaning it is made from a related ingredient rather than being a kind of lobster."
WordNetFood_SUB,pred,shellfish,lobster tail,0,part_of,google/gemma-4-31b-it,"A lobster tail is a physical portion or anatomical component of a shellfish, not a type of shellfish itself."
WordNetFood_SUB,pred,shellfish,lobster,0,is_a,google/gemma-4-31b-it,"A lobster is a type of shellfish, meaning every instance of a lobster is necessarily an instance of a shellfish."
WordNetFood_SUB,pred,shellfish,scampi,1,made_of,google/gemma-4-31b-it,"Scampi is a dish made from shellfish (specifically langoustines or prawns), meaning the shellfish is an ingredient of the dish."
WordNetFood_SUB,pred,shellfish,octopus,1,other_related,google/gemma-4-31b-it,"An octopus is a cephalopod and does not possess a shell, whereas shellfish typically refers to crustaceans and mollusks with shells; while both are seafood, an octopus is not a type of shellfish."
WordNetFood_SUB,pred,seafood,lobster tail,0,part_of,google/gemma-4-31b-it,"A lobster tail is a specific anatomical part of a lobster, and while it is sold as seafood, it is a component of the animal rather than a taxonomic subclass of the general category of seafood."
WordNetFood_SUB,pred,seafood,shellfish,0,is_a,google/gemma-4-31b-it,Every instance of shellfish is by definition a type of seafood.
WordNetFood_SUB,pred,seafood,octopus,0,is_a,google/gemma-4-31b-it,"An octopus is a type of seafood, as every instance of an octopus (in a culinary or commercial context) is categorized as seafood."
WordNetFood_SUB,pred,seafood,freshwater fish,0,other_related,google/gemma-4-31b-it,"While 'seafood' is commonly used in culinary contexts to include freshwater fish, biologically and linguistically, 'seafood' refers specifically to food from the sea, making the relationship a general association rather than a strict logical subsumption."
WordNetFood_SUB,pred,seafood,lobster,0,is_a,google/gemma-4-31b-it,Every lobster is a type of seafood.
WordNetFood_SUB,pred,rice,brown rice,0,is_a,google/gemma-4-31b-it,"Brown rice is a specific type or variety of rice, meaning every instance of brown rice is necessarily an instance of rice."
WordNetFood_SUB,pred,grain,rice,0,is_a,google/gemma-4-31b-it,"Rice is a specific type of grain, meaning every instance of rice is necessarily an instance of a grain."
WordNetFood_SUB,pred,grain,brown rice,0,is_a,google/gemma-4-31b-it,"Brown rice is a specific type of grain, meaning every instance of brown rice is necessarily an instance of a grain."
WordNetFood_SUB,pred,foodstuff,rice,0,is_a,google/gemma-4-31b-it,"Rice is a type of foodstuff, as every instance of rice is by definition a foodstuff."
WordNetFood_SUB,pred,foodstuff,chowder,1,is_a,google/gemma-4-31b-it,"A chowder is a type of foodstuff, as any instance of a chowder is necessarily an instance of a foodstuff."
WordNetFood_SUB,pred,foodstuff,clam chowder,1,is_a,google/gemma-4-31b-it,"Clam chowder is a specific type of foodstuff, meaning every instance of clam chowder is necessarily an instance of a foodstuff."
WordNetFood_SUB,pred,foodstuff,herb,0,is_a,google/gemma-4-31b-it,"An herb is a type of foodstuff, as any instance of an herb used in a culinary context is by definition a substance used as food."
WordNetFood_SUB,pred,foodstuff,scampi,1,is_a,google/gemma-4-31b-it,"Scampi is a type of foodstuff, as any instance of scampi is by definition a substance used as food."
WordNetFood_SUB,pred,foodstuff,ingredient,0,attribute_of,google/gemma-4-31b-it,"An ingredient is not a type of foodstuff, but rather a role that a foodstuff plays when it is a component of a larger recipe."
WordNetFood_SUB,pred,foodstuff,field pea,1,is_a,google/gemma-4-31b-it,"A field pea is a type of foodstuff, as any instance of a field pea is necessarily an instance of a foodstuff."
WordNetFood_SUB,pred,foodstuff,pork,1,is_a,google/gemma-4-31b-it,"Pork is a type of foodstuff, as any instance of pork is by definition a substance used as food."
WordNetFood_SUB,pred,foodstuff,dairy product,0,is_a,google/gemma-4-31b-it,Every dairy product is by definition a type of foodstuff.
WordNetFood_SUB,pred,foodstuff,cheese,0,is_a,google/gemma-4-31b-it,"Cheese is a type of foodstuff, as every instance of cheese is by definition a foodstuff."
WordNetFood_SUB,pred,foodstuff,sauce,0,is_a,google/gemma-4-31b-it,"Every sauce is a type of foodstuff, as foodstuff is a broad category for any substance used as food."
WordNetFood_SUB,pred,foodstuff,boysenberry,1,is_a,google/gemma-4-31b-it,"A boysenberry is a type of foodstuff, as any instance of a boysenberry is necessarily an instance of a foodstuff."
WordNetFood_SUB,pred,foodstuff,grain,0,is_a,google/gemma-4-31b-it,"Every grain is a type of foodstuff, as grains are a category of raw materials used for food."
WordNetFood_SUB,pred,foodstuff,jerky,1,is_a,google/gemma-4-31b-it,"Jerky is a specific type of foodstuff, meaning every instance of jerky is necessarily an instance of a foodstuff."
WordNetFood_SUB,pred,foodstuff,concoction,0,is_a,google/gemma-4-31b-it,"A concoction is a type of mixture or preparation, and when categorized within a food taxonomy, it represents a specific kind of foodstuff."
WordNetFood_SUB,pred,foodstuff,pea flour,0,is_a,google/gemma-4-31b-it,"Pea flour is a specific type of foodstuff, meaning every instance of pea flour is necessarily an instance of a foodstuff."
WordNetFood_SUB,pred,foodstuff,meal,0,made_of,google/gemma-4-31b-it,"A meal is not a type of foodstuff (which refers to raw materials or ingredients like brown rice or cheese), but is rather composed of various foodstuffs."
WordNetFood_SUB,pred,foodstuff,flavorer,0,is_a,google/gemma-4-31b-it,"A flavorer is a type of substance used as a foodstuff to impart taste, meaning every flavorer is a kind of foodstuff."
WordNetFood_SUB,pred,foodstuff,condiment,0,is_a,google/gemma-4-31b-it,"Every condiment is, by definition, a type of foodstuff."
WordNetFood_SUB,pred,foodstuff,koumiss,1,is_a,google/gemma-4-31b-it,"Koumiss is a type of fermented dairy drink, and since foodstuff refers to any substance used as food, every instance of koumiss is also an instance of a foodstuff."
WordNetFood_SUB,pred,foodstuff,edible fruit,1,is_a,google/gemma-4-31b-it,"An edible fruit is a type of foodstuff, as any item that is an edible fruit is by definition a substance used as food."
WordNetFood_SUB,pred,foodstuff,cut,1,part_of,google/gemma-4-31b-it,"A 'cut' (such as a cut of meat) is a specific portion or piece of a foodstuff, not a type of foodstuff itself."
WordNetFood_SUB,pred,foodstuff,pastry,0,is_a,google/gemma-4-31b-it,"Every pastry is a type of foodstuff, as foodstuff is a broad category for any substance used as food."
WordNetFood_SUB,pred,foodstuff,anchovy sauce,0,is_a,google/gemma-4-31b-it,"Every instance of anchovy sauce is a type of foodstuff, as foodstuff is a broad category encompassing all materials used as food."
WordNetFood_SUB,pred,foodstuff,lobster tart,0,is_a,google/gemma-4-31b-it,"A lobster tart is a specific type of foodstuff, meaning every instance of a lobster tart is necessarily an instance of a foodstuff."
WordNetFood_SUB,pred,foodstuff,beef jerky,1,is_a,google/gemma-4-31b-it,"Beef jerky is a specific type of foodstuff, meaning every instance of beef jerky is necessarily an instance of a foodstuff."
WordNetFood_SUB,pred,foodstuff,lobster tail,1,is_a,google/gemma-4-31b-it,"A lobster tail is a specific type of foodstuff, as any instance of a lobster tail used in this context is a kind of food item."
WordNetFood_SUB,pred,foodstuff,legume,1,is_a,google/gemma-4-31b-it,"A legume is a type of foodstuff, as any instance of a legume is by definition a substance used as food."
WordNetFood_SUB,pred,foodstuff,sweet roll,0,is_a,google/gemma-4-31b-it,"A sweet roll is a specific type of foodstuff, meaning every instance of a sweet roll is necessarily an instance of a foodstuff."
WordNetFood_SUB,pred,foodstuff,salad green,1,is_a,google/gemma-4-31b-it,"A salad green is a type of foodstuff, as any instance of a salad green is necessarily an instance of a foodstuff."
WordNetFood_SUB,pred,foodstuff,greens,1,is_a,google/gemma-4-31b-it,"Since 'greens' (leafy vegetables) are a type of 'foodstuff' (any substance used as food), every instance of greens is necessarily an instance of foodstuff."
WordNetFood_SUB,pred,foodstuff,meat,1,is_a,google/gemma-4-31b-it,"Meat is a type of foodstuff, as any instance of meat is by definition a substance used as food."
WordNetFood_SUB,pred,foodstuff,produce,1,is_a,google/gemma-4-31b-it,"'Produce' (fruits and vegetables) is a specific category of 'foodstuff', meaning every instance of produce is also a foodstuff."
WordNetFood_SUB,pred,foodstuff,vegetable,1,is_a,google/gemma-4-31b-it,"A vegetable is a type of foodstuff, as any instance of a vegetable is necessarily an instance of a foodstuff."
WordNetFood_SUB,pred,foodstuff,orange,1,is_a,google/gemma-4-31b-it,"An orange is a type of foodstuff, as every instance of an orange is also an instance of a foodstuff."
WordNetFood_SUB,pred,foodstuff,tart,0,is_a,google/gemma-4-31b-it,"A tart is a specific type of foodstuff, meaning every instance of a tart is necessarily an instance of a foodstuff."
WordNetFood_SUB,pred,foodstuff,gingersnap,1,is_a,google/gemma-4-31b-it,"A gingersnap is a type of cookie, and a cookie is a type of foodstuff, meaning every gingersnap is necessarily a foodstuff."
WordNetFood_SUB,pred,foodstuff,berry,1,is_a,google/gemma-4-31b-it,"A berry is a type of foodstuff, as any instance of a berry is necessarily an instance of a foodstuff."
WordNetFood_SUB,pred,foodstuff,applesauce cake,1,is_a,google/gemma-4-31b-it,"An applesauce cake is a specific type of foodstuff, as every instance of an applesauce cake is necessarily an instance of a foodstuff."
WordNetFood_SUB,pred,foodstuff,raspberry,1,is_a,google/gemma-4-31b-it,"A raspberry is a type of foodstuff, as every instance of a raspberry is also an instance of a substance used as food."
WordNetFood_SUB,pred,foodstuff,bread,0,is_a,google/gemma-4-31b-it,"Bread is a type of foodstuff, as any instance of bread is by definition an instance of a foodstuff."
WordNetFood_SUB,pred,foodstuff,shellfish,1,is_a,google/gemma-4-31b-it,"Shellfish is a type of foodstuff, as any instance of shellfish used in this context is a kind of food material."
WordNetFood_SUB,pred,foodstuff,bear claw,0,is_a,google/gemma-4-31b-it,"A bear claw is a specific type of pastry, and every bear claw is by definition a foodstuff."
WordNetFood_SUB,pred,foodstuff,sweet orange,1,is_a,google/gemma-4-31b-it,"A sweet orange is a type of foodstuff, as every instance of a sweet orange is also an instance of a foodstuff."
WordNetFood_SUB,pred,foodstuff,pie,0,is_a,google/gemma-4-31b-it,"Every pie is a type of foodstuff, as foodstuff is a general category for any substance used as food."
WordNetFood_SUB,pred,foodstuff,octopus,1,other_related,google/gemma-4-31b-it,"An octopus is a biological organism that can be used as a foodstuff, but not every octopus is a foodstuff."
WordNetFood_SUB,pred,foodstuff,navel orange,1,is_a,google/gemma-4-31b-it,"A navel orange is a type of foodstuff, as every instance of a navel orange is also an instance of a foodstuff."
WordNetFood_SUB,pred,foodstuff,cut of beef,1,is_a,google/gemma-4-31b-it,"A cut of beef is a specific type of foodstuff, as any instance of a cut of beef is necessarily an instance of a foodstuff."
WordNetFood_SUB,pred,foodstuff,cochon de lait,1,is_a,google/gemma-4-31b-it,"A 'cochon de lait' (suckling pig) is a specific type of foodstuff, meaning every instance of the former is necessarily an instance of the latter."
WordNetFood_SUB,pred,foodstuff,snack food,1,is_a,google/gemma-4-31b-it,"Every snack food is, by definition, a type of foodstuff (a substance used as food)."
WordNetFood_SUB,pred,foodstuff,cos,1,is_a,google/gemma-4-31b-it,"Cos (a type of lettuce) is a kind of foodstuff, as every instance of cos lettuce is also an instance of a foodstuff."
WordNetFood_SUB,pred,foodstuff,starches,0,is_a,google/gemma-4-31b-it,"Starches are a category of food substances, meaning every instance of a starch is also an instance of a foodstuff."
WordNetFood_SUB,pred,foodstuff,pea,1,is_a,google/gemma-4-31b-it,"A pea is a type of foodstuff, as any instance of a pea is necessarily an instance of a substance used as food."
WordNetFood_SUB,pred,foodstuff,citrus,1,is_a,google/gemma-4-31b-it,"Every instance of citrus is a type of foodstuff, as citrus fruits are a category of edible materials used for food."
WordNetFood_SUB,pred,foodstuff,cookie,1,is_a,google/gemma-4-31b-it,"A cookie is a type of foodstuff, as every cookie is by definition a substance used as food."
WordNetFood_SUB,pred,foodstuff,freshwater fish,1,other_related,google/gemma-4-31b-it,"A freshwater fish is a biological organism that can be used as a foodstuff, but not every freshwater fish is a foodstuff (e.g., a pet fish or a poisonous species)."
WordNetFood_SUB,pred,foodstuff,camembert,0,is_a,google/gemma-4-31b-it,"Camembert is a specific type of foodstuff, meaning every instance of camembert is necessarily an instance of a foodstuff."
WordNetFood_SUB,pred,foodstuff,egg,0,is_a,google/gemma-4-31b-it,"An egg is a type of foodstuff, as every instance of an egg (when categorized in this context) is a member of the broader class of food materials."
WordNetFood_SUB,pred,foodstuff,squash pie,0,is_a,google/gemma-4-31b-it,"Every squash pie is a type of foodstuff, as foodstuff is a broad category encompassing all edible substances."
WordNetFood_SUB,pred,foodstuff,lettuce,1,is_a,google/gemma-4-31b-it,"Lettuce is a type of foodstuff, as any instance of lettuce is by definition a substance used as food."
WordNetFood_SUB,pred,foodstuff,chocolate,1,is_a,google/gemma-4-31b-it,"Chocolate is a type of foodstuff, as any instance of chocolate is necessarily an instance of a foodstuff."
WordNetFood_SUB,pred,foodstuff,marrowfat pea,1,is_a,google/gemma-4-31b-it,"A marrowfat pea is a type of foodstuff, as every instance of a marrowfat pea is necessarily an instance of a foodstuff."
WordNetFood_SUB,pred,foodstuff,brown rice,0,is_a,google/gemma-4-31b-it,"Brown rice is a specific type of foodstuff, meaning every instance of brown rice is necessarily an instance of a foodstuff."
WordNetFood_SUB,pred,foodstuff,bun,0,is_a,google/gemma-4-31b-it,"A bun is a specific type of foodstuff, meaning every instance of a bun is necessarily an instance of a foodstuff."
WordNetFood_SUB,pred,foodstuff,elderberry,1,is_a,google/gemma-4-31b-it,"An elderberry is a type of edible fruit, and since all edible fruits are considered foodstuffs, every instance of an elderberry is also an instance of a foodstuff."
WordNetFood_SUB,pred,foodstuff,baked goods,1,is_a,google/gemma-4-31b-it,Every item that is a baked good is by definition a type of foodstuff.
WordNetFood_SUB,pred,foodstuff,seafood,1,is_a,google/gemma-4-31b-it,"Seafood is a specific category of foodstuff, meaning every instance of seafood is also an instance of a foodstuff."
WordNetFood_SUB,pred,foodstuff,cake,1,is_a,google/gemma-4-31b-it,"A cake is a type of foodstuff, as any instance of a cake is necessarily an instance of a foodstuff."
WordNetFood_SUB,pred,foodstuff,dough,0,is_a,google/gemma-4-31b-it,"Dough is a type of foodstuff, as any instance of dough is by definition a substance used as food."
WordNetFood_SUB,pred,foodstuff,lobster,1,is_a,google/gemma-4-31b-it,"A lobster is a type of foodstuff, as any instance of a lobster (when categorized in this context) is a member of the broader class of materials used as food."
WordNetFood_SUB,pred,foodstuff,marjoram,0,is_a,google/gemma-4-31b-it,"Marjoram is a type of foodstuff, as any instance of the herb marjoram is necessarily an instance of a substance used as food."
WordNetFood_SUB,pred,legume,field pea,0,is_a,google/gemma-4-31b-it,"A field pea is a specific type of legume, meaning every instance of a field pea is necessarily an instance of a legume."
WordNetFood_SUB,pred,legume,marrowfat pea,0,is_a,google/gemma-4-31b-it,"A marrowfat pea is a specific type of legume, meaning every instance of a marrowfat pea is necessarily an instance of a legume."
WordNetFood_SUB,pred,legume,pea,0,is_a,google/gemma-4-31b-it,"A pea is a specific type of legume, meaning every instance of a pea is necessarily an instance of a legume."
WordNetFood_SUB,pred,field pea,marrowfat pea,1,is_a,google/gemma-4-31b-it,A marrowfat pea is a specific variety or type of field pea.
WordNetFood_SUB,pred,pea,field pea,0,is_a,google/gemma-4-31b-it,"A field pea is a specific type of pea, meaning every instance of a field pea is necessarily an instance of a pea."
WordNetFood_SUB,pred,pea,marrowfat pea,0,is_a,google/gemma-4-31b-it,"A marrowfat pea is a specific variety or type of pea, meaning every instance of a marrowfat pea is necessarily an instance of a pea."
WordNetFood_SUB,pred,produce,legume,0,is_a,google/gemma-4-31b-it,Every legume (such as a pea or lentil) is a type of produce.
WordNetFood_SUB,pred,produce,salad green,0,is_a,google/gemma-4-31b-it,Every instance of a salad green is a type of produce.
WordNetFood_SUB,pred,produce,greens,0,is_a,google/gemma-4-31b-it,Every instance of 'greens' (such as spinach or kale) is a type of 'produce'.
WordNetFood_SUB,pred,produce,field pea,0,is_a,google/gemma-4-31b-it,"A field pea is a type of agricultural product, meaning every instance of a field pea is also an instance of produce."
WordNetFood_SUB,pred,produce,vegetable,0,is_a,google/gemma-4-31b-it,"Every vegetable is a type of produce, as produce is the general category for agricultural products harvested from plants."
WordNetFood_SUB,pred,produce,orange,0,is_a,google/gemma-4-31b-it,"An orange is a type of produce, as every instance of an orange is necessarily an instance of the category produce."
WordNetFood_SUB,pred,produce,boysenberry,0,is_a,google/gemma-4-31b-it,"A boysenberry is a type of produce, as every instance of a boysenberry is necessarily an instance of produce."
WordNetFood_SUB,pred,produce,berry,0,is_a,google/gemma-4-31b-it,"Every berry is a type of produce, as produce encompasses all harvested fruits and vegetables."
WordNetFood_SUB,pred,produce,raspberry,0,is_a,google/gemma-4-31b-it,"A raspberry is a type of agricultural product, meaning every instance of a raspberry is also an instance of produce."
WordNetFood_SUB,pred,produce,sweet orange,0,is_a,google/gemma-4-31b-it,"A sweet orange is a type of produce, as every instance of a sweet orange is necessarily an instance of the broader category of produce."
WordNetFood_SUB,pred,produce,edible fruit,0,is_a,google/gemma-4-31b-it,"Every edible fruit is a type of produce, as produce encompasses all harvested crops from any plant used for food."
WordNetFood_SUB,pred,produce,navel orange,0,is_a,google/gemma-4-31b-it,"A navel orange is a specific type of produce, meaning every instance of a navel orange is necessarily an instance of produce."
WordNetFood_SUB,pred,produce,cos,0,is_a,google/gemma-4-31b-it,Cos (a type of romaine lettuce) is a specific kind of produce.
WordNetFood_SUB,pred,produce,pea,0,is_a,google/gemma-4-31b-it,"A pea is a type of agricultural product sold as produce, meaning every instance of a pea is an instance of produce."
WordNetFood_SUB,pred,produce,citrus,0,is_a,google/gemma-4-31b-it,Every instance of citrus is a type of produce.
WordNetFood_SUB,pred,produce,lettuce,0,is_a,google/gemma-4-31b-it,"Lettuce is a type of produce, as every instance of lettuce is by definition a piece of produce."
WordNetFood_SUB,pred,produce,marrowfat pea,0,is_a,google/gemma-4-31b-it,A marrowfat pea is a specific type of agricultural produce.
WordNetFood_SUB,pred,produce,elderberry,0,is_a,google/gemma-4-31b-it,"An elderberry is a type of produce, as every instance of an elderberry is necessarily an instance of produce."
WordNetFood_SUB,pred,vegetable,legume,0,is_a,google/gemma-4-31b-it,"In culinary and common usage, legumes are categorized as a type of vegetable."
WordNetFood_SUB,pred,vegetable,salad green,0,is_a,google/gemma-4-31b-it,"Every instance of a salad green is, by definition, a type of vegetable."
WordNetFood_SUB,pred,vegetable,greens,0,is_a,google/gemma-4-31b-it,"Leafy greens are a specific category of vegetables, meaning every instance of a green is also an instance of a vegetable."
WordNetFood_SUB,pred,vegetable,field pea,0,is_a,google/gemma-4-31b-it,"A field pea is a specific type of vegetable, meaning every instance of a field pea is also an instance of a vegetable."
WordNetFood_SUB,pred,vegetable,cos,0,is_a,google/gemma-4-31b-it,Cos (also known as Romaine lettuce) is a specific type of vegetable.
WordNetFood_SUB,pred,vegetable,pea,0,is_a,google/gemma-4-31b-it,Every pea is a type of vegetable.
WordNetFood_SUB,pred,vegetable,lettuce,0,is_a,google/gemma-4-31b-it,Every instance of lettuce is by definition a type of vegetable.
WordNetFood_SUB,pred,vegetable,marrowfat pea,0,is_a,google/gemma-4-31b-it,"A marrowfat pea is a specific type of pea, and all peas are categorized as vegetables in a culinary and botanical taxonomy."
WordNetFood_SUB,pred,sweet roll,bear claw,0,is_a,google/gemma-4-31b-it,"A bear claw is a specific type of sweet roll characterized by its shape and almond filling, meaning every bear claw is a sweet roll."
WordNetFood_SUB,pred,bun,sweet roll,0,is_a,google/gemma-4-31b-it,"A sweet roll is a specific type of bun characterized by its sweetness and often its shape or toppings, meaning every sweet roll is a bun."
WordNetFood_SUB,pred,bun,bear claw,0,is_a,google/gemma-4-31b-it,"A bear claw is a specific type of sweet yeast bread or pastry, which falls under the broader category of a bun."
WordNetFood_SUB,pred,bread,sweet roll,0,is_a,google/gemma-4-31b-it,"A sweet roll is a specific type of bread characterized by its sweetness and shape, meaning every sweet roll is inherently a kind of bread."
WordNetFood_SUB,pred,bread,bear claw,0,other_related,google/gemma-4-31b-it,"A bear claw is a type of sweet pastry or roll, and while it shares ingredients with bread, it is not a sub-type of bread in a culinary or taxonomic sense."
WordNetFood_SUB,pred,bread,bun,0,is_a,google/gemma-4-31b-it,"A bun is a specific type of bread, meaning every instance of a bun is also an instance of bread."
WordNetFood_SUB,pred,chowder,clam chowder,0,is_a,google/gemma-4-31b-it,Every instance of clam chowder is by definition a type of chowder.
WordNetFood_SUB,pred,concoction,chowder,1,is_a,google/gemma-4-31b-it,"A chowder is a specific type of concoction (a mixture of various ingredients), meaning every instance of a chowder is also an instance of a concoction."
WordNetFood_SUB,pred,concoction,clam chowder,1,is_a,google/gemma-4-31b-it,"A clam chowder is a specific type of concoction (a mixture of various ingredients), meaning every instance of clam chowder is also an instance of a concoction."
WordNetFood_SUB,pred,concoction,scampi,1,is_a,google/gemma-4-31b-it,"A scampi dish is a specific type of food preparation or mixture, which fits the definition of a concoction."
WordNetFood_SUB,pred,concoction,ale,1,is_a,google/gemma-4-31b-it,"An ale is a type of mixture or preparation, which fits the definition of a concoction."
WordNetFood_SUB,pred,concoction,beer,1,is_a,google/gemma-4-31b-it,"A beer is a type of concoction, as it is a mixture of various ingredients prepared by a specific process."
WordNetFood_SUB,pred,concoction,brew,1,is_a,google/gemma-4-31b-it,"A brew is a type of concoction, as both refer to a mixture of ingredients, typically liquid, prepared by combining or boiling."
WordNetFood_SUB,pred,concoction,pale ale,1,is_a,google/gemma-4-31b-it,"A pale ale is a type of concoction, as a concoction is broadly defined as a mixture of various ingredients, which encompasses brewed beverages."
WordNetFood_SUB,pred,concoction,spruce beer,1,is_a,google/gemma-4-31b-it,"A spruce beer is a specific type of concoction (a mixture of various ingredients), meaning every instance of spruce beer is also an instance of a concoction."
WordNetFood_SUB,pred,concoction,pastry,0,is_a,google/gemma-4-31b-it,"A pastry is a specific type of concoction (a mixture of various ingredients), meaning every pastry is by definition a concoction."
WordNetFood_SUB,pred,concoction,dough,0,is_a,google/gemma-4-31b-it,"Dough is a specific type of concoction (a mixture of ingredients), meaning every instance of dough is also an instance of a concoction."
WordNetFood_SUB,pred,dish,chowder,0,is_a,google/gemma-4-31b-it,Every instance of chowder is a type of dish.
WordNetFood_SUB,pred,dish,clam chowder,0,is_a,google/gemma-4-31b-it,Every instance of clam chowder is a type of dish.
WordNetFood_SUB,pred,dish,scampi,0,is_a,google/gemma-4-31b-it,"Scampi is a specific type of prepared culinary dish, meaning every instance of scampi is also an instance of a dish."
WordNetFood_SUB,pred,dish,sandwich,0,is_a,google/gemma-4-31b-it,"A sandwich is a specific type of dish, meaning every instance of a sandwich is also an instance of a dish."
WordNetFood_SUB,pred,dish,cochon de lait,1,is_a,google/gemma-4-31b-it,"A 'cochon de lait' (suckling pig) prepared as a meal is a specific type of 'dish', meaning every instance of the former is an instance of the latter."
WordNetFood_SUB,pred,dish,corn pudding,0,is_a,google/gemma-4-31b-it,"Corn pudding is a specific type of dish, meaning every instance of corn pudding is necessarily an instance of a dish."
WordNetFood_SUB,pred,dish,soup,0,is_a,google/gemma-4-31b-it,Every instance of soup is a type of dish.
WordNetFood_SUB,pred,dish,dessert,1,is_a,google/gemma-4-31b-it,"A dessert is a specific kind of dish, as every dessert is by definition a prepared food item served as a dish."
WordNetFood_SUB,pred,dish,pudding,0,is_a,google/gemma-4-31b-it,"A pudding is a specific type of dish, meaning every instance of a pudding is also an instance of a dish."
WordNetFood_SUB,pred,dish,chicken paprika,0,is_a,google/gemma-4-31b-it,"Chicken paprika is a specific type of dish, meaning every instance of chicken paprika is necessarily an instance of a dish."
WordNetFood_SUB,pred,dish,gyro,0,is_a,google/gemma-4-31b-it,"A gyro is a specific type of prepared food item, which fits the definition of a dish."
WordNetFood_SUB,pred,dish,squash pie,1,is_a,google/gemma-4-31b-it,"A squash pie is a specific type of dish, as every instance of a squash pie is also an instance of a dish."
WordNetFood_SUB,pred,soup,chowder,0,is_a,google/gemma-4-31b-it,Every instance of chowder is by definition a type of soup.
WordNetFood_SUB,pred,soup,clam chowder,0,is_a,google/gemma-4-31b-it,Every instance of clam chowder is by definition a type of soup.
WordNetFood_SUB,pred,herb,marjoram,0,is_a,google/gemma-4-31b-it,"Marjoram is a specific type of herb, meaning every instance of marjoram is necessarily an instance of a herb."
WordNetFood_SUB,pred,herb,pea,1,unrelated,google/gemma-4-31b-it,"A pea is a legume and a vegetable, whereas a herb is typically a flavorer or a specific type of plant; a pea is not a kind of herb."
WordNetFood_SUB,pred,herb,lettuce,1,other_related,google/gemma-4-31b-it,"While lettuce is a plant used in cooking, it is botanically and culinarily classified as a vegetable rather than a herb, which is typically used in small quantities for flavoring."
WordNetFood_SUB,pred,flavorer,herb,0,is_a,google/gemma-4-31b-it,"An herb is a type of substance used to flavor food, meaning every herb is a flavorer."
WordNetFood_SUB,pred,flavorer,sauce,0,is_a,google/gemma-4-31b-it,"A sauce is a specific type of substance used to flavor food, meaning every sauce is a flavorer."
WordNetFood_SUB,pred,flavorer,anchovy sauce,0,is_a,google/gemma-4-31b-it,An anchovy sauce is a specific type of flavorer used in cooking to enhance the taste of food.
WordNetFood_SUB,pred,flavorer,condiment,0,is_a,google/gemma-4-31b-it,"A condiment is a specific type of flavorer used to enhance the taste of food, meaning every condiment is by definition a flavorer."
WordNetFood_SUB,pred,flavorer,marjoram,0,is_a,google/gemma-4-31b-it,"Marjoram is a type of herb used as a flavorer, meaning every instance of marjoram is a kind of flavorer."
WordNetFood_SUB,pred,ingredient,herb,0,is_a,google/gemma-4-31b-it,Every herb used in a culinary context is a type of ingredient.
WordNetFood_SUB,pred,ingredient,sauce,0,is_a,google/gemma-4-31b-it,"A sauce is a type of ingredient used in cooking, meaning every instance of a sauce is also an instance of an ingredient."
WordNetFood_SUB,pred,ingredient,flavorer,0,is_a,google/gemma-4-31b-it,"A flavorer is a specific type of ingredient used to impart taste to food, meaning every flavorer is necessarily an ingredient."
WordNetFood_SUB,pred,ingredient,condiment,0,is_a,google/gemma-4-31b-it,"A condiment is a specific type of ingredient used to enhance flavor, meaning every condiment is necessarily an ingredient."
WordNetFood_SUB,pred,ingredient,anchovy sauce,0,is_a,google/gemma-4-31b-it,"An anchovy sauce is a type of ingredient used in cooking, meaning every instance of anchovy sauce is also an instance of an ingredient."
WordNetFood_SUB,pred,ingredient,marjoram,0,is_a,google/gemma-4-31b-it,"Marjoram is a type of herb used as an ingredient in cooking, meaning every instance of marjoram is also an instance of an ingredient."
WordNetFood_SUB,pred,greens,salad green,0,is_a,google/gemma-4-31b-it,"'Salad green' is a specific type of 'greens', meaning every instance of a salad green is necessarily an instance of greens."
WordNetFood_SUB,pred,greens,cos,0,is_a,google/gemma-4-31b-it,"Cos (Romaine lettuce) is a specific type of leafy green vegetable, meaning every instance of cos is also an instance of greens."
WordNetFood_SUB,pred,greens,lettuce,0,is_a,google/gemma-4-31b-it,Every instance of lettuce is a type of leafy green vegetable.
WordNetFood_SUB,pred,salad green,lettuce,0,is_a,google/gemma-4-31b-it,Every instance of lettuce is a type of salad green.
WordNetFood_SUB,pred,salad green,cos,0,is_a,google/gemma-4-31b-it,"Cos (Romaine lettuce) is a specific type of salad green, meaning every instance of cos is necessarily an instance of a salad green."
WordNetFood_SUB,pred,lettuce,cos,0,is_a,google/gemma-4-31b-it,"Cos (also known as Romaine) is a specific variety or type of lettuce, meaning every instance of cos is necessarily an instance of lettuce."
WordNetFood_SUB,pred,beer,pale ale,0,is_a,google/gemma-4-31b-it,Every instance of a pale ale is by definition a type of beer.
WordNetFood_SUB,pred,beer,ale,0,is_a,google/gemma-4-31b-it,Every instance of ale is by definition a type of beer.
WordNetFood_SUB,pred,beer,spruce beer,1,is_a,google/gemma-4-31b-it,"Spruce beer is a specific type of beer flavored with spruce tips, meaning every instance of spruce beer is necessarily an instance of beer."
WordNetFood_SUB,pred,ale,pale ale,0,is_a,google/gemma-4-31b-it,"Every pale ale is by definition a type of ale, representing a proper taxonomic subsumption."
WordNetFood_SUB,pred,alcohol,beer,0,is_a,google/gemma-4-31b-it,"Beer is a type of alcoholic beverage, meaning every instance of beer is necessarily an instance of alcohol."
WordNetFood_SUB,pred,alcohol,pale ale,0,is_a,google/gemma-4-31b-it,"Every instance of a pale ale is, by definition, a type of alcohol."
WordNetFood_SUB,pred,alcohol,koumiss,0,is_a,google/gemma-4-31b-it,"Koumiss is a specific type of fermented dairy drink that contains alcohol, making it a member of the category of alcoholic beverages."
WordNetFood_SUB,pred,alcohol,ale,0,is_a,google/gemma-4-31b-it,"Every instance of ale is a type of alcohol, as alcohol is the broader category of intoxicating substances to which ale belongs."
WordNetFood_SUB,pred,alcohol,brew,0,is_a,google/gemma-4-31b-it,"A 'brew' (such as a batch of beer or ale) is a type of alcoholic beverage, meaning every instance of a brew is also an instance of alcohol."
WordNetFood_SUB,pred,alcohol,spruce beer,0,is_a,google/gemma-4-31b-it,"Spruce beer is a specific type of alcoholic beverage, meaning every instance of spruce beer is also an instance of alcohol."
WordNetFood_SUB,pred,brew,beer,0,is_a,google/gemma-4-31b-it,"A beer is a specific type of brewed beverage, meaning every instance of beer is also an instance of a brew."
WordNetFood_SUB,pred,brew,pale ale,0,is_a,google/gemma-4-31b-it,"A pale ale is a specific type of brew, meaning every instance of a pale ale is necessarily an instance of a brew."
WordNetFood_SUB,pred,brew,spruce beer,0,is_a,google/gemma-4-31b-it,"Spruce beer is a specific type of brew, meaning every instance of spruce beer is necessarily an instance of a brew."
WordNetFood_SUB,pred,brew,ale,0,is_a,google/gemma-4-31b-it,"An ale is a specific type of brew (a fermented beverage), meaning every instance of an ale is also an instance of a brew."
WordNetFood_SUB,pred,beverage,beer,0,is_a,google/gemma-4-31b-it,Every instance of beer is by definition a type of beverage.
WordNetFood_SUB,pred,beverage,pale ale,0,is_a,google/gemma-4-31b-it,Every instance of a pale ale is by definition a type of beverage.
WordNetFood_SUB,pred,beverage,koumiss,0,is_a,google/gemma-4-31b-it,"Koumiss is a type of fermented dairy drink, and therefore every instance of koumiss is also an instance of a beverage."
WordNetFood_SUB,pred,beverage,alcohol,0,is_a,google/gemma-4-31b-it,Every instance of alcohol (when referring to the drink) is a type of beverage.
WordNetFood_SUB,pred,beverage,spruce beer,0,is_a,google/gemma-4-31b-it,Every instance of spruce beer is by definition a type of beverage.
WordNetFood_SUB,pred,beverage,ale,0,is_a,google/gemma-4-31b-it,Every instance of ale is by definition a type of beverage.
WordNetFood_SUB,pred,beverage,brew,0,is_a,google/gemma-4-31b-it,"A brew is a type of beverage, as any instance of a brewed drink is by definition a beverage."
WordNetFood_SUB,pred,fare,scampi,1,is_a,google/gemma-4-31b-it,"'Fare' is a formal or literary synonym for 'food', and since 'scampi' is a kind of food, it is also a kind of fare."
WordNetFood_SUB,pred,fare,field pea,1,other_related,google/gemma-4-31b-it,"'Fare' refers to a range of food or a particular type of diet, and while a 'field pea' is a type of food, it is not a type of 'fare' itself but rather an item that can be part of a fare."
WordNetFood_SUB,pred,fare,diet,0,is_a,google/gemma-4-31b-it,A 'diet' (the sum of food consumed) is a specific type of 'fare' (the range of food provided or eaten).
WordNetFood_SUB,pred,fare,soul food,1,is_a,google/gemma-4-31b-it,"'Fare' is a synonym for 'food' or 'cuisine', and since 'soul food' is a specific type of cuisine, it is a proper subsumption."
WordNetFood_SUB,pred,fare,lobster,1,is_a,google/gemma-4-31b-it,"In this context, 'fare' is a synonym for food or a range of food provided, meaning a lobster is a type of fare."
WordNetFood_SUB,pred,sandwich,gyro,0,is_a,google/gemma-4-31b-it,"A gyro is a specific type of sandwich consisting of meat wrapped in a pita, meaning every gyro is a sandwich."
WordNetFood_SUB,pred,snack food,sandwich,0,other_related,google/gemma-4-31b-it,"While some sandwiches are eaten as snacks, not every sandwich is a snack food (e.g., a large sub for lunch), and not every snack food is a sandwich."
WordNetFood_SUB,pred,snack food,gyro,0,other_related,google/gemma-4-31b-it,"While a gyro can be eaten as a snack, it is fundamentally a type of meal or sandwich, and not every gyro is categorized as a snack food."
WordNetFood_SUB,pred,sauce,anchovy sauce,0,is_a,google/gemma-4-31b-it,"Every instance of anchovy sauce is, by definition, a type of sauce."
WordNetFood_SUB,pred,condiment,sauce,0,is_a,google/gemma-4-31b-it,Every sauce is a type of condiment used to enhance the flavor of food.
WordNetFood_SUB,pred,condiment,anchovy sauce,0,is_a,google/gemma-4-31b-it,"Anchovy sauce is a specific type of condiment, meaning every instance of anchovy sauce is necessarily an instance of a condiment."
WordNetFood_SUB,pred,pork,cochon de lait,0,is_a,google/gemma-4-31b-it,'Cochon de lait' (suckling pig) is a specific type of pork product/meat.
WordNetFood_SUB,pred,water-soluble vitamin,b-complex vitamin,0,is_a,google/gemma-4-31b-it,"A B-complex vitamin is a specific type of water-soluble vitamin, meaning every instance of the former is necessarily an instance of the latter."
WordNetFood_SUB,pred,water-soluble vitamin,choline,0,is_a,google/gemma-4-31b-it,Choline is categorized as a water-soluble vitamin because every instance of choline is a type of water-soluble vitamin.
WordNetFood_SUB,pred,b-complex vitamin,choline,0,other_related,google/gemma-4-31b-it,"While choline is often grouped with B-complex vitamins due to similar functions, it is chemically not a vitamin and does not belong to the B-complex group."
WordNetFood_SUB,pred,vitamin,water-soluble vitamin,0,is_a,google/gemma-4-31b-it,"Every water-soluble vitamin is, by definition, a type of vitamin."
WordNetFood_SUB,pred,vitamin,choline,0,other_related,google/gemma-4-31b-it,"While choline is often grouped with vitamins in nutritional contexts, it is technically a nutrient (specifically a precursor to acetylcholine) and not a vitamin because the body can synthesize it."
WordNetFood_SUB,pred,vitamin,b-complex vitamin,0,is_a,google/gemma-4-31b-it,"A B-complex vitamin is a specific type of vitamin, meaning every instance of a B-complex vitamin is necessarily an instance of a vitamin."
WordNetFood_SUB,pred,orange,sweet orange,0,is_a,google/gemma-4-31b-it,"A sweet orange is a specific variety or type of orange, meaning every instance of a sweet orange is necessarily an instance of an orange."
WordNetFood_SUB,pred,orange,navel orange,0,is_a,google/gemma-4-31b-it,"Every navel orange is a type of orange, representing a proper taxonomic subsumption."
WordNetFood_SUB,pred,berry,boysenberry,0,is_a,google/gemma-4-31b-it,"A boysenberry is a specific type of berry, meaning every instance of a boysenberry is necessarily an instance of a berry."
WordNetFood_SUB,pred,berry,elderberry,1,other_related,google/gemma-4-31b-it,"While elderberries are commonly called berries in a culinary sense, botanically they are drupes and not true berries, making the relationship a common misclassification or a loose association rather than a strict taxonomic subsumption."
WordNetFood_SUB,pred,berry,raspberry,0,is_a,google/gemma-4-31b-it,"A raspberry is a specific type of berry, meaning every instance of a raspberry is also an instance of a berry."
WordNetFood_SUB,pred,sweet orange,navel orange,0,is_a,google/gemma-4-31b-it,"A navel orange is a specific variety (type) of sweet orange, meaning every navel orange is necessarily a sweet orange."
WordNetFood_SUB,pred,edible fruit,orange,0,is_a,google/gemma-4-31b-it,"Every orange is a type of edible fruit, meaning the child concept is a subset of the parent concept."
WordNetFood_SUB,pred,edible fruit,boysenberry,0,is_a,google/gemma-4-31b-it,"Every boysenberry is, by definition, a type of edible fruit."
WordNetFood_SUB,pred,edible fruit,berry,0,is_a,google/gemma-4-31b-it,"Every berry is, by definition, a type of edible fruit."
WordNetFood_SUB,pred,edible fruit,raspberry,0,is_a,google/gemma-4-31b-it,Every raspberry is by definition a type of edible fruit.
WordNetFood_SUB,pred,edible fruit,sweet orange,0,is_a,google/gemma-4-31b-it,"Every sweet orange is, by definition, a type of edible fruit."
WordNetFood_SUB,pred,edible fruit,navel orange,0,is_a,google/gemma-4-31b-it,"Every navel orange is, by definition, a type of edible fruit."
WordNetFood_SUB,pred,edible fruit,citrus,0,is_a,google/gemma-4-31b-it,Every instance of citrus is by definition a type of edible fruit.
WordNetFood_SUB,pred,edible fruit,elderberry,0,is_a,google/gemma-4-31b-it,"An elderberry is a specific type of edible fruit, meaning every instance of an elderberry is also an instance of an edible fruit."
WordNetFood_SUB,pred,citrus,orange,0,is_a,google/gemma-4-31b-it,"Every orange is a type of citrus fruit, representing a proper taxonomic subsumption."
WordNetFood_SUB,pred,citrus,sweet orange,0,is_a,google/gemma-4-31b-it,"Every sweet orange is a type of citrus fruit, representing a proper taxonomic subsumption."
WordNetFood_SUB,pred,citrus,navel orange,0,is_a,google/gemma-4-31b-it,"Every navel orange is a type of citrus fruit, meaning the child is a specific subclass of the parent."
WordNetFood_SUB,pred,dairy product,cheese,0,is_a,google/gemma-4-31b-it,Every instance of cheese is by definition a type of dairy product.
WordNetFood_SUB,pred,dairy product,koumiss,1,is_a,google/gemma-4-31b-it,"Koumiss is a fermented dairy drink, meaning every instance of koumiss is fundamentally a type of dairy product."
WordNetFood_SUB,pred,dairy product,camembert,0,is_a,google/gemma-4-31b-it,Every instance of camembert is by definition a type of dairy product.
WordNetFood_SUB,pred,cheese,camembert,0,is_a,google/gemma-4-31b-it,"Camembert is a specific type of cheese, meaning every instance of camembert is necessarily an instance of cheese."
WordNetFood_SUB,pred,cookie,gingersnap,0,is_a,google/gemma-4-31b-it,Every gingersnap is by definition a type of cookie.
WordNetFood_SUB,pred,cake,gingersnap,0,unrelated,google/gemma-4-31b-it,"A gingersnap is a type of cookie, and while both cookies and cakes are baked goods, a gingersnap is not a kind of cake."
WordNetFood_SUB,pred,cake,applesauce cake,0,is_a,google/gemma-4-31b-it,"An applesauce cake is a specific type of cake, meaning every instance of an applesauce cake is necessarily an instance of a cake."
WordNetFood_SUB,pred,cake,cookie,0,other_related,google/gemma-4-31b-it,A cookie is a distinct type of baked good and is not a subtype or instance of a cake.
WordNetFood_SUB,pred,meal,pea flour,0,is_a,google/gemma-4-31b-it,"In the context of food processing, 'meal' refers to coarsely ground grain or legumes, making 'pea flour' a more finely ground specific type of meal."
WordNetFood_SUB,pred,cut,cut of beef,0,is_a,google/gemma-4-31b-it,"A 'cut of beef' is a specific type of 'cut' (a piece of meat removed from a carcass), meaning every instance of a cut of beef is necessarily an instance of a cut."
WordNetFood_SUB,pred,dessert,pudding,0,is_a,google/gemma-4-31b-it,Every instance of pudding is a type of dessert.
WordNetFood_SUB,pred,pudding,corn pudding,0,is_a,google/gemma-4-31b-it,"Corn pudding is a specific type of pudding, meaning every instance of corn pudding is necessarily an instance of pudding."
WordNetFood_SUB,pred,pie,squash pie,0,is_a,google/gemma-4-31b-it,Every squash pie is by definition a type of pie.
WordNetFood_SUB,pred,pie,tart,0,is_a,google/gemma-4-31b-it,"While tarts and pies share many characteristics, a tart is a specific type of open-faced pastry that fits the broader definition of a pie."
WordNetFood_SUB,pred,pie,lobster tart,0,is_a,google/gemma-4-31b-it,"A lobster tart is a specific type of pie (or a close variant of one), meaning every lobster tart is a kind of pie."
WordNetFood_SUB,pred,chocolate,chocolate candy,0,is_a,google/gemma-4-31b-it,"'Chocolate candy' is a specific type of 'chocolate' product, meaning every instance of chocolate candy is necessarily an instance of chocolate."
WordNetFood_SUB,pred,dough,pastry,0,made_of,google/gemma-4-31b-it,"Pastry is not a type of dough, but rather a baked product made from dough."
WordNetFood_SUB,pred,course,dessert,0,is_a,google/gemma-4-31b-it,"A dessert is a specific type of meal course, meaning every instance of a dessert is also an instance of a course."
